Picked up JAVA_TOOL_OPTIONS: -Dfile.encoding=UTF-8
启动本地服务器：starccm+.bat -server -new 
Serial process 22988

Simcenter STAR-CCM+ 2402 Build 19.02.009 (win64/clang15.0vc14.2-r8)

License build date: 16 February 2023
This version of the code requires license version 2024.02 or greater.
Checking license file: C:\Users\Kogami\license.dat
Checking license file: C:/Users/Kogami/license.dat
Checking license file: D:\STAR CCM\17.04.008-R8\license.dat
Unable to list features for license file D:\STAR CCM\17.04.008-R8\license.dat.
1 copy of ccmpsuite checked out from C:\Users\Kogami\license.dat
Feature ccmpsuite does not expire
Mon Sep 21 17:53:22 2026

Server::start -host Jerry:47827
正在播放宏： C:\Users\Kogami\cb_dl\tmr\run2\allin3.java
allin3.java:35: 警告: [deprecation] star.common.ContinuumManager中的setContinuum(java.util.List<star.common.Region>,star.common.Continuum)已过时
        sim.getContinuumManager().setContinuum(rl, pc);
                                 ^

A3-START
Loading module: Mapping


Importing C:/Users/Kogami/cb_dl/tmr/grid_struct_137x97_vol.cgns
Loading module: CaeIOCgns
Reading C:\Users\Kogami\cb_dl\tmr\grid_struct_137x97_vol.cgns...
Reading faces : 52456
Re-Reading faces : 52456
Number of faces: 26576
   Reading boundary: Base:Zone   1:default
Processing mesh
Finished reading C:\Users\Kogami\cb_dl\tmr\grid_struct_137x97_vol.cgns
Reordering
Finished importing
Imported coordinate extents (m)
X extents: [-0.33333, 2.0]
   Y extents: [-1.0, 0.0]
   Z extents: [0.0, 1.0]

INFO: No CGNS units information found for base node 1
Splitting default into 6 pieces...
Created new boundary default 2 with 96 faces
Created new boundary default 3 with 96 faces
Created new boundary default 4 with 136 faces
Created new boundary default 5 with 136 faces
Created new boundary default 6 with 13056 faces
Boundary default left with 13056 faces.
A3-1-MESH n=6
Reading material property database "C:\Program Files\Siemens\19.02.009-R8\STAR-CCM+19.02.009-R8\star\data\props.mdb"...
Loading module: SegregatedFlowModel
Loading module: SegregatedEnergyModel
Loading module: KwTurbModel
A3-2-PHYSICS
A3-BND default cx=0.833 cz=0.5000
A3-BND default 2 cx=-0.333 cz=0.5000
A3-BND default 3 cx=2.000 cz=0.5000
A3-BND default 4 cx=0.833 cz=0.0000
A3-BND default 5 cx=0.833 cz=1.0000
A3-BND default 6 cx=0.833 cz=0.5000
A3-ID: wall=default 4 top=default 5 in=default 2 out=default 3
Created new boundary default 4 2 with 24 faces
Boundary default 4 left with 112 faces.
A3-3-SPLITX
A3-4-SLIP: default 4 2
A3-5-TYPES
A3-6-VEL: 50.0 m/s
A3-7-SETUP
Initialization of star.flow.EffectiveViscosityModel requires an additional pass...
Initialization of star.flow.EffectiveViscositySolver requires an additional pass...

Error: AMG solver diverged.
AMG exit reason: Diverged due to exceeding divergence tolerance.
Relative residual: 1.296058e+05
     Iteration     Continuity     X-momentum     Y-momentum     Z-momentum         Energy            Tke            Sdr 
             1   1.000000e+00   1.000000e+00   1.000000e+00   1.000000e+00   0.000000e+00   1.000000e+00   1.000000e+00 
             2   1.302506e-01   1.000000e+00   1.000000e+00   1.000000e+00   0.000000e+00   4.795905e-01   1.000000e+00 
             3   4.749750e-02   2.789796e-01   3.816624e-01   6.797189e-01   0.000000e+00   3.640611e-01   4.816213e-01 
             4   3.500456e-02   1.540059e-01   1.833065e-01   4.797952e-01   0.000000e+00   3.278304e-01   1.742298e-01 
             5   2.889986e-02   1.024691e-01   1.135070e-01   3.638961e-01   0.000000e+00   2.332965e-01   4.583797e-02 
             6   2.601699e-02   9.416106e-02   5.709856e-02   2.880102e-01   0.000000e+00   1.944259e-01   1.138119e-02 
             7   2.595221e-02   9.283017e-02   3.814810e-02   2.376518e-01   0.000000e+00   1.577139e-01   2.892898e-03 
             8   2.615454e-02   8.966281e-02   2.365926e-02   2.021446e-01   0.000000e+00   1.361812e-01   7.968557e-04 
             9   2.277251e-02   8.336977e-02   1.514092e-02   1.781368e-01   0.000000e+00   1.215732e-01   2.493121e-04 
            10   1.963124e-02   7.731312e-02   1.139481e-02   1.616287e-01   0.000000e+00   1.107563e-01   8.136968e-05 
     Iteration     Continuity     X-momentum     Y-momentum     Z-momentum         Energy            Tke            Sdr 
            11   1.956089e-02   7.282793e-02   6.461035e-03   1.483924e-01   0.000000e+00   1.028526e-01   3.597026e-05 
            12   2.190135e-02   6.935574e-02   7.665662e-03   1.367727e-01   0.000000e+00   9.747849e-02   1.316319e-04 
            13   2.598391e-02   6.681913e-02   4.904544e-03   1.265510e-01   0.000000e+00   9.504040e-02   5.024720e-04 
            14   3.071957e-02   6.481508e-02   4.250985e-03   1.183259e-01   0.000000e+00   9.661737e-02   1.105215e-03 
            15   3.297155e-02   6.340574e-02   4.986391e-03   1.120999e-01   0.000000e+00   1.040033e-01   7.855968e-03 
            16   3.749560e-02   6.272105e-02   5.761036e-03   1.082867e-01   0.000000e+00   1.180900e-01   1.510244e-02 
            17   3.985572e-02   6.218935e-02   5.226192e-03   1.060702e-01   0.000000e+00   1.395965e-01   8.046750e-03 
            18   2.383879e-02   6.001253e-02   1.028986e-02   1.056542e-01   0.000000e+00   1.682245e-01   3.474737e-03 
            19   2.436942e-02   5.594213e-02   7.304353e-03   1.037326e-01   0.000000e+00   2.023898e-01   1.526377e-03 
            20   2.257256e-02   4.981017e-02   5.204916e-03   9.980052e-02   0.000000e+00   2.408947e-01   7.504484e-04 
     Iteration     Continuity     X-momentum     Y-momentum     Z-momentum         Energy            Tke            Sdr 
            21   2.116551e-02   4.306527e-02   3.859602e-03   9.681854e-02   0.000000e+00   2.877175e-01   4.193185e-04 
            22   2.044949e-02   3.686173e-02   3.568198e-03   8.916311e-02   0.000000e+00   3.358932e-01   2.444246e-04 
            23   1.426355e-02   3.187908e-02   3.398336e-03   8.407885e-02   0.000000e+00   3.825829e-01   3.179547e-04 
            24   1.101032e-02   2.823631e-02   3.091276e-03   7.902653e-02   0.000000e+00   4.262066e-01   1.988006e-03 
            25   8.178945e-03   2.728720e-02   2.140484e-03   7.542203e-02   0.000000e+00   4.654412e-01   1.212000e-03 
            26   5.811919e-03   2.657221e-02   1.743585e-03   7.221730e-02   0.000000e+00   4.995096e-01   5.574478e-04 
            27   4.145973e-03   2.474294e-02   1.661160e-03   6.956353e-02   0.000000e+00   5.287904e-01   2.220370e-04 
            28   3.302809e-03   2.265975e-02   1.420812e-03   6.737849e-02   0.000000e+00   5.531569e-01   1.956389e-04 
            29   2.838023e-03   2.077825e-02   1.114244e-03   6.536752e-02   0.000000e+00   5.734269e-01   4.363358e-04 
            30   2.499765e-03   1.936885e-02   1.048431e-03   6.349574e-02   0.000000e+00   5.918497e-01   1.854173e-04 
     Iteration     Continuity     X-momentum     Y-momentum     Z-momentum         Energy            Tke            Sdr 
            31   2.087198e-03   1.839063e-02   1.059299e-03   6.178374e-02   0.000000e+00   6.096903e-01   9.681837e-05 
            32   1.768175e-03   1.782907e-02   9.211289e-04   6.020263e-02   0.000000e+00   6.246755e-01   2.509161e-04 
            33   1.512719e-03   1.751615e-02   8.955235e-04   5.872114e-02   0.000000e+00   6.347770e-01   2.142184e-04 
            34   1.300901e-03   1.735527e-02   8.675277e-04   5.730581e-02   0.000000e+00   6.427923e-01   1.629952e-04 
            35   1.125463e-03   1.731595e-02   8.474640e-04   5.592939e-02   0.000000e+00   6.487579e-01   1.186658e-04 
            36   9.833374e-04   1.735790e-02   8.249582e-04   5.457466e-02   0.000000e+00   6.560512e-01   2.889002e-04 
            37   8.690853e-04   1.746532e-02   7.939385e-04   5.323160e-02   0.000000e+00   6.590746e-01   2.373125e-04 
            38   7.804919e-04   1.762848e-02   7.627064e-04   5.189675e-02   0.000000e+00   6.609475e-01   4.116275e-04 
            39   7.136576e-04   1.783571e-02   7.523296e-04   5.056377e-02   0.000000e+00   6.620316e-01   1.321662e-03 
            40   6.668740e-04   1.807160e-02   7.565842e-04   4.922594e-02   0.000000e+00   6.625901e-01   5.875437e-04 
     Iteration     Continuity     X-momentum     Y-momentum     Z-momentum         Energy            Tke            Sdr 
            41   6.312630e-04   1.836140e-02   8.334098e-04   4.787324e-02   0.000000e+00   6.626983e-01   7.276025e-04 
            42   6.025154e-04   1.863110e-02   7.701970e-04   4.652246e-02   0.000000e+00   6.625634e-01   6.747517e-04 
            43   5.856681e-04   1.892036e-02   7.100944e-04   4.515044e-02   0.000000e+00   6.622272e-01   8.696975e-04 
            44   5.816458e-04   1.922553e-02   6.922480e-04   4.376949e-02   0.000000e+00   6.617534e-01   1.405403e-03 
            45   5.744396e-04   1.954209e-02   7.266711e-04   4.237787e-02   0.000000e+00   6.612460e-01   1.326431e-03 
            46   5.716517e-04   1.984070e-02   6.897347e-04   4.097603e-02   0.000000e+00   6.607280e-01   1.330768e-03 
            47   5.744845e-04   2.012877e-02   6.776234e-04   3.956840e-02   0.000000e+00   6.602661e-01   2.694527e-03 
            48   5.749826e-04   2.041087e-02   9.383361e-04   3.814861e-02   0.000000e+00   6.598305e-01   5.036144e-03 
            49   5.854768e-04   2.068610e-02   7.942372e-04   3.672163e-02   0.000000e+00   6.595852e-01   2.542525e-03 
            50   5.933993e-04   2.094997e-02   7.181416e-04   3.527429e-02   0.000000e+00   6.594394e-01   1.901461e-03 
     Iteration     Continuity     X-momentum     Y-momentum     Z-momentum         Energy            Tke            Sdr 
            51   6.092932e-04   2.120107e-02   7.517171e-04   3.380941e-02   0.000000e+00   6.595853e-01   1.772557e-03 
            52   6.256983e-04   2.143262e-02   7.123197e-04   3.231951e-02   0.000000e+00   6.601796e-01   2.811413e-03 
            53   6.332120e-04   2.164198e-02   6.246413e-04   3.079093e-02   0.000000e+00   6.613045e-01   2.262233e-03 
            54   6.433417e-04   2.181968e-02   5.832406e-04   2.924077e-02   0.000000e+00   6.631062e-01   1.630959e-03 
            55   6.465783e-04   2.194650e-02   6.356349e-04   2.766781e-02   0.000000e+00   6.657049e-01   2.064571e-03 
            56   6.591922e-04   2.199889e-02   6.721212e-04   2.608383e-02   0.000000e+00   6.693876e-01   2.784576e-03 
            57   6.484358e-04   2.196960e-02   5.828151e-04   2.451088e-02   0.000000e+00   6.742665e-01   5.568270e-03 
            58   6.349935e-04   2.182326e-02   6.290744e-04   2.298720e-02   0.000000e+00   6.805440e-01   7.239906e-03 
            59   6.095657e-04   2.155416e-02   6.418136e-04   2.154280e-02   0.000000e+00   6.882903e-01   8.552060e-03 
            60   5.754406e-04   2.115582e-02   7.192354e-04   2.018595e-02   0.000000e+00   6.979733e-01   9.687136e-03 
     Iteration     Continuity     X-momentum     Y-momentum     Z-momentum         Energy            Tke            Sdr 
            61   5.323306e-04   2.063513e-02   7.366990e-04   1.893079e-02   0.000000e+00   7.098061e-01   3.573450e-03 
            62   4.960735e-04   2.000427e-02   7.707107e-04   1.776619e-02   0.000000e+00   7.239415e-01   1.346976e-03 
            63   4.727039e-04   1.930506e-02   7.627466e-04   1.667201e-02   0.000000e+00   7.407291e-01   6.850826e-04 
            64   4.657122e-04   1.855218e-02   6.914650e-04   1.561662e-02   0.000000e+00   7.604102e-01   3.244620e-04 
            65   4.820307e-04   1.779110e-02   6.527242e-04   1.458306e-02   0.000000e+00   7.826815e-01   1.178469e-04 
            66   5.147821e-04   1.706634e-02   6.367141e-04   1.355408e-02   0.000000e+00   8.077272e-01   3.298730e-05 
            67   5.529943e-04   1.642198e-02   6.364006e-04   1.252532e-02   0.000000e+00   8.355402e-01   8.086121e-06 
            68   6.003377e-04   1.588347e-02   6.283640e-04   1.149132e-02   0.000000e+00   8.624508e-01   2.344672e-06 
            69   6.452264e-04   1.545532e-02   7.195441e-04   1.046573e-02   0.000000e+00   8.913116e-01   1.536619e-06 
            70   6.658971e-04   1.511247e-02   6.366010e-04   9.435597e-03   0.000000e+00   9.208652e-01   1.402778e-06 
     Iteration     Continuity     X-momentum     Y-momentum     Z-momentum         Energy            Tke            Sdr 
            71   6.624233e-04   1.480155e-02   6.752397e-04   8.422123e-03   0.000000e+00   9.512711e-01   1.331477e-06 
            72   6.440659e-04   1.446603e-02   7.211697e-04   7.462439e-03   0.000000e+00   9.817118e-01   1.271852e-06 
            73   6.064708e-04   1.405925e-02   7.481994e-04   6.595668e-03   0.000000e+00   1.011080e+00   1.217208e-06 
            74   5.584462e-04   1.355445e-02   7.832991e-04   5.851756e-03   0.000000e+00   1.038732e+00   1.172534e-06 
            75   4.991221e-04   1.294313e-02   7.170232e-04   5.249149e-03   0.000000e+00   1.063478e+00   1.124739e-06 
            76   4.393841e-04   1.222167e-02   6.413770e-04   4.774158e-03   0.000000e+00   1.084910e+00   1.065574e-06 
            77   3.697037e-04   1.142063e-02   5.105436e-04   4.392530e-03   0.000000e+00   1.103886e+00   1.019698e-06 
            78   3.228100e-04   1.059503e-02   4.264222e-04   4.091780e-03   0.000000e+00   1.122287e+00   9.745132e-07 
            79   3.075873e-04   9.729989e-03   3.877419e-04   3.760824e-03   0.000000e+00   1.133610e+00   9.328351e-07 
            80   3.064418e-04   8.878538e-03   3.791204e-04   3.419366e-03   0.000000e+00   1.140214e+00   8.932851e-07 
     Iteration     Continuity     X-momentum     Y-momentum     Z-momentum         Energy            Tke            Sdr 
            81   3.157974e-04   8.078494e-03   3.816121e-04   3.080957e-03   0.000000e+00   1.142817e+00   8.559912e-07 
            82   3.287489e-04   7.362626e-03   3.893268e-04   2.760338e-03   0.000000e+00   1.142471e+00   8.209554e-07 
            83   3.444756e-04   6.756351e-03   4.039582e-04   2.464479e-03   0.000000e+00   1.140262e+00   7.872206e-07 
            84   3.504089e-04   6.245305e-03   4.138106e-04   2.199724e-03   0.000000e+00   1.136456e+00   7.560279e-07 
            85   3.458713e-04   5.816820e-03   4.206913e-04   1.982747e-03   0.000000e+00   1.132356e+00   7.266611e-07 
            86   3.362510e-04   5.450119e-03   4.394191e-04   1.816665e-03   0.000000e+00   1.126846e+00   6.996327e-07 
            87   3.231506e-04   5.126913e-03   4.468526e-04   1.678173e-03   0.000000e+00   1.120030e+00   6.707072e-07 
            88   3.048072e-04   4.841889e-03   4.622043e-04   1.570075e-03   0.000000e+00   1.111200e+00   6.459752e-07 
            89   2.838083e-04   4.589469e-03   4.790323e-04   1.480752e-03   0.000000e+00   1.100075e+00   6.211349e-07 
            90   2.675293e-04   4.359688e-03   4.865219e-04   1.402206e-03   0.000000e+00   1.087506e+00   5.983600e-07 
     Iteration     Continuity     X-momentum     Y-momentum     Z-momentum         Energy            Tke            Sdr 
            91   2.462753e-04   4.151577e-03   5.018692e-04   1.335167e-03   0.000000e+00   1.072323e+00   5.773814e-07 
            92   2.259495e-04   3.963529e-03   5.166740e-04   1.276408e-03   0.000000e+00   1.056348e+00   5.567909e-07 
            93   2.172786e-04   3.792997e-03   5.278040e-04   1.224634e-03   0.000000e+00   1.039852e+00   5.377511e-07 
            94   2.117532e-04   3.640654e-03   5.416907e-04   1.182225e-03   0.000000e+00   1.022744e+00   5.198010e-07 
            95   2.070166e-04   3.503906e-03   5.549234e-04   1.147767e-03   0.000000e+00   1.006406e+00   5.029137e-07 
            96   2.034635e-04   3.381236e-03   5.691460e-04   1.120038e-03   0.000000e+00   9.901904e-01   4.870255e-07 
            97   1.976195e-04   3.270810e-03   5.830890e-04   1.097802e-03   0.000000e+00   9.740726e-01   4.720865e-07 
            98   1.890387e-04   3.172048e-03   5.974472e-04   1.079570e-03   0.000000e+00   9.587863e-01   4.580449e-07 
            99   1.793436e-04   3.083465e-03   6.119884e-04   1.064088e-03   0.000000e+00   9.435625e-01   4.447930e-07 
           100   1.669711e-04   3.003556e-03   6.261437e-04   1.050681e-03   0.000000e+00   9.290617e-01   4.323813e-07 
     Iteration     Continuity     X-momentum     Y-momentum     Z-momentum         Energy            Tke            Sdr 
           101   1.529133e-04   2.931700e-03   6.406426e-04   1.038583e-03   0.000000e+00   9.153254e-01   4.207877e-07 
           102   1.403944e-04   2.867083e-03   6.551520e-04   1.026781e-03   0.000000e+00   9.022283e-01   4.099399e-07 
           103   1.304438e-04   2.809146e-03   6.680328e-04   1.014272e-03   0.000000e+00   8.904539e-01   3.998294e-07 
           104   1.235110e-04   2.757160e-03   6.810407e-04   1.000406e-03   0.000000e+00   8.794860e-01   3.904253e-07 
           105   1.190373e-04   2.710087e-03   6.951316e-04   9.847688e-04   0.000000e+00   8.694306e-01   3.816963e-07 
           106   1.140164e-04   2.667425e-03   7.100799e-04   9.672588e-04   0.000000e+00   8.601896e-01   3.735998e-07 
           107   1.097823e-04   2.628569e-03   7.255556e-04   9.477034e-04   0.000000e+00   8.514726e-01   3.660974e-07 
           108   1.065694e-04   2.593097e-03   7.414188e-04   9.264176e-04   0.000000e+00   8.436398e-01   3.591747e-07 
           109   1.028099e-04   2.560553e-03   7.576779e-04   9.038184e-04   0.000000e+00   8.366450e-01   3.529359e-07 
           110   9.875377e-05   2.529921e-03   7.721727e-04   8.802306e-04   0.000000e+00   8.300991e-01   3.469497e-07 
     Iteration     Continuity     X-momentum     Y-momentum     Z-momentum         Energy            Tke            Sdr 
           111   9.480796e-05   2.501201e-03   7.884399e-04   8.547646e-04   0.000000e+00   8.240305e-01   3.416154e-07 
           112   9.017181e-05   2.473704e-03   8.045932e-04   8.291118e-04   0.000000e+00   8.185876e-01   3.366628e-07 
           113   8.493532e-05   2.447238e-03   8.198805e-04   8.022004e-04   0.000000e+00   8.135526e-01   3.320897e-07 
           114   7.974912e-05   2.421487e-03   8.193185e-04   7.748177e-04   0.000000e+00   8.089054e-01   3.279667e-07 
           115   7.502970e-05   2.396282e-03   8.172807e-04   7.470874e-04   0.000000e+00   8.046573e-01   3.242591e-07 
           116   7.013369e-05   2.371314e-03   8.144448e-04   7.188959e-04   0.000000e+00   8.006433e-01   3.208756e-07 
           117   6.573446e-05   2.346612e-03   8.119150e-04   6.905309e-04   0.000000e+00   7.968748e-01   3.178293e-07 
           118   6.195619e-05   2.322149e-03   8.085644e-04   6.622644e-04   0.000000e+00   7.933458e-01   3.151281e-07 
           119   5.900169e-05   2.297955e-03   8.044159e-04   6.343298e-04   0.000000e+00   7.900605e-01   3.127473e-07 
           120   5.586976e-05   2.274072e-03   7.990313e-04   6.066129e-04   0.000000e+00   7.870339e-01   3.106622e-07 
     Iteration     Continuity     X-momentum     Y-momentum     Z-momentum         Energy            Tke            Sdr 
           121   5.269290e-05   2.250477e-03   7.928696e-04   5.795035e-04   0.000000e+00   7.841669e-01   3.088452e-07 
           122   4.992599e-05   2.227235e-03   7.859213e-04   5.529786e-04   0.000000e+00   7.814589e-01   3.072735e-07 
           123   4.734043e-05   2.204417e-03   7.779716e-04   5.272158e-04   0.000000e+00   7.788960e-01   3.059329e-07 
           124   4.513674e-05   2.182087e-03   7.691371e-04   5.018429e-04   0.000000e+00   7.764706e-01   3.048094e-07 
           125   4.248177e-05   2.160377e-03   7.599303e-04   4.771717e-04   0.000000e+00   7.741697e-01   3.038680e-07 
           126   3.984351e-05   2.139385e-03   7.501832e-04   4.529544e-04   0.000000e+00   7.719867e-01   3.032162e-07 
           127   3.703546e-05   2.119158e-03   7.412101e-04   4.295369e-04   0.000000e+00   7.699067e-01   3.025493e-07 
           128   3.517489e-05   2.099960e-03   7.300189e-04   4.062502e-04   0.000000e+00   7.679316e-01   3.020270e-07 
           129   3.331615e-05   2.081640e-03   7.185365e-04   3.840802e-04   0.000000e+00   7.660528e-01   3.018195e-07 
           130   3.145631e-05   2.064201e-03   7.097290e-04   3.628852e-04   0.000000e+00   7.642633e-01   3.015397e-07 
     Iteration     Continuity     X-momentum     Y-momentum     Z-momentum         Energy            Tke            Sdr 
           131   3.017766e-05   2.047772e-03   7.001649e-04   3.419346e-04   0.000000e+00   7.625448e-01   3.014681e-07 
           132   2.931356e-05   2.032292e-03   6.896792e-04   3.218987e-04   0.000000e+00   7.608893e-01   3.015243e-07 
           133   2.870853e-05   2.017711e-03   6.796512e-04   3.027566e-04   0.000000e+00   7.592999e-01   3.016933e-07 
           134   2.816883e-05   2.003976e-03   6.702811e-04   2.844743e-04   0.000000e+00   7.577687e-01   3.019636e-07 
           135   2.762730e-05   1.991027e-03   6.617236e-04   2.670419e-04   0.000000e+00   7.562994e-01   3.023278e-07 
           136   2.689554e-05   1.978814e-03   6.540993e-04   2.504767e-04   0.000000e+00   7.548875e-01   3.027803e-07 
           137   2.599212e-05   1.967289e-03   6.477100e-04   2.348202e-04   0.000000e+00   7.535233e-01   3.033109e-07 
           138   2.503465e-05   1.956405e-03   6.427459e-04   2.201078e-04   0.000000e+00   7.521944e-01   3.038947e-07 
           139   2.398617e-05   1.946098e-03   6.392720e-04   2.064009e-04   0.000000e+00   7.509174e-01   3.045506e-07 
           140   2.299144e-05   1.936330e-03   6.377843e-04   1.937468e-04   0.000000e+00   7.496671e-01   3.052363e-07 
     Iteration     Continuity     X-momentum     Y-momentum     Z-momentum         Energy            Tke            Sdr 
           141   2.207928e-05   1.927053e-03   6.384074e-04   1.820764e-04   0.000000e+00   7.484723e-01   3.059876e-07 
           142   2.115441e-05   1.918215e-03   6.412416e-04   1.714074e-04   0.000000e+00   7.473275e-01   3.068031e-07 
           143   2.028015e-05   1.909781e-03   6.466578e-04   1.617426e-04   0.000000e+00   7.462303e-01   3.076768e-07 
           144   1.952722e-05   1.901721e-03   6.546431e-04   1.530827e-04   0.000000e+00   7.451861e-01   3.086038e-07 
           145   1.882711e-05   1.893988e-03   6.654552e-04   1.454289e-04   0.000000e+00   7.441810e-01   3.095668e-07 
           146   1.814556e-05   1.886564e-03   6.792077e-04   1.387396e-04   0.000000e+00   7.432273e-01   3.105751e-07 
           147   1.747865e-05   1.879417e-03   6.958655e-04   1.329624e-04   0.000000e+00   7.423222e-01   3.116265e-07 
           148   1.688825e-05   1.872535e-03   7.155470e-04   1.280365e-04   0.000000e+00   7.414672e-01   3.127163e-07 
           149   1.631756e-05   1.865901e-03   7.383161e-04   1.238966e-04   0.000000e+00   7.406613e-01   3.138385e-07 
           150   1.573599e-05   1.859495e-03   7.638824e-04   1.205004e-04   0.000000e+00   7.399022e-01   3.149904e-07 
     Iteration     Continuity     X-momentum     Y-momentum     Z-momentum         Energy            Tke            Sdr 
           151   1.522451e-05   1.853306e-03   7.924487e-04   1.177708e-04   0.000000e+00   7.391921e-01   3.161740e-07 
           152   1.477698e-05   1.847329e-03   8.237463e-04   1.156290e-04   0.000000e+00   7.385285e-01   3.173796e-07 
           153   1.437843e-05   1.841558e-03   8.578546e-04   1.140054e-04   0.000000e+00   7.379177e-01   3.186001e-07 
           154   1.402234e-05   1.835979e-03   8.946856e-04   1.128012e-04   0.000000e+00   7.373234e-01   3.198255e-07 
           155   1.366790e-05   1.830577e-03   9.340525e-04   1.119312e-04   0.000000e+00   7.367706e-01   3.210764e-07 
           156   1.329405e-05   1.825357e-03   9.757026e-04   1.113333e-04   0.000000e+00   7.362690e-01   3.223518e-07 
           157   1.293382e-05   1.820305e-03   1.019668e-03   1.109336e-04   0.000000e+00   7.357847e-01   3.236205e-07 
           158   1.260333e-05   1.815419e-03   1.065863e-03   1.106799e-04   0.000000e+00   7.353591e-01   3.249170e-07 
           159   1.227409e-05   1.810701e-03   1.114038e-03   1.105415e-04   0.000000e+00   7.350007e-01   3.262411e-07 
           160   1.196964e-05   1.806135e-03   1.164078e-03   1.104865e-04   0.000000e+00   7.347063e-01   3.275884e-07 
     Iteration     Continuity     X-momentum     Y-momentum     Z-momentum         Energy            Tke            Sdr 
           161   1.169138e-05   1.801715e-03   1.216250e-03   1.104566e-04   0.000000e+00   7.344517e-01   3.289408e-07 
           162   1.139549e-05   1.797432e-03   1.270527e-03   1.104199e-04   0.000000e+00   7.342593e-01   3.303149e-07 
           163   1.114625e-05   1.793251e-03   1.325036e-03   1.103499e-04   0.000000e+00   7.340993e-01   3.317039e-07 
           164   1.092059e-05   1.789060e-03   1.349417e-03   1.102474e-04   0.000000e+00   7.339533e-01   3.330971e-07 
           165   1.072244e-05   1.785035e-03   1.274386e-03   1.100907e-04   0.000000e+00   7.339005e-01   3.344917e-07 
           166   1.052530e-05   1.781161e-03   1.221217e-03   1.098677e-04   0.000000e+00   7.339285e-01   3.358955e-07 
           167   1.033125e-05   1.777420e-03   1.189277e-03   1.095759e-04   0.000000e+00   7.340220e-01   3.373079e-07 
           168   1.009931e-05   1.773799e-03   1.172239e-03   1.092150e-04   0.000000e+00   7.341884e-01   3.387359e-07 
           169   9.935365e-06   1.770285e-03   1.163787e-03   1.087828e-04   0.000000e+00   7.344190e-01   3.401768e-07 
           170   9.796781e-06   1.766873e-03   1.160042e-03   1.082683e-04   0.000000e+00   7.347112e-01   3.416294e-07 
     Iteration     Continuity     X-momentum     Y-momentum     Z-momentum         Energy            Tke            Sdr 
           171   9.623578e-06   1.763564e-03   1.158663e-03   1.076755e-04   0.000000e+00   7.350629e-01   3.430928e-07 
           172   9.468198e-06   1.760353e-03   1.158105e-03   1.070121e-04   0.000000e+00   7.354768e-01   3.445664e-07 
           173   9.338717e-06   1.757225e-03   1.157508e-03   1.062755e-04   0.000000e+00   7.359457e-01   3.460495e-07 
           174   9.239593e-06   1.754174e-03   1.157005e-03   1.054710e-04   0.000000e+00   7.364796e-01   3.475410e-07 
           175   9.138246e-06   1.751187e-03   1.157194e-03   1.046043e-04   0.000000e+00   7.370060e-01   3.490259e-07 
           176   9.034310e-06   1.748278e-03   1.155881e-03   1.036731e-04   0.000000e+00   7.376278e-01   3.505238e-07 
           177   8.898215e-06   1.745436e-03   1.154880e-03   1.026841e-04   0.000000e+00   7.382987e-01   3.520239e-07 
           178   8.771117e-06   1.742672e-03   1.153024e-03   1.016456e-04   0.000000e+00   7.390524e-01   3.535313e-07 
           179   8.648175e-06   1.739976e-03   1.151336e-03   1.005710e-04   0.000000e+00   7.398849e-01   3.550438e-07 
           180   8.529811e-06   1.737346e-03   1.149733e-03   9.946042e-05   0.000000e+00   7.407851e-01   3.565586e-07 
     Iteration     Continuity     X-momentum     Y-momentum     Z-momentum         Energy            Tke            Sdr 
           181   8.404105e-06   1.734758e-03   1.148241e-03   9.831546e-05   0.000000e+00   7.416317e-01   3.580523e-07 
           182   8.292881e-06   1.732230e-03   1.147328e-03   9.714063e-05   0.000000e+00   7.425642e-01   3.595512e-07 
           183   8.208628e-06   1.729763e-03   1.147177e-03   9.594292e-05   0.000000e+00   7.435602e-01   3.610492e-07 
           184   8.079312e-06   1.727354e-03   1.146872e-03   9.472760e-05   0.000000e+00   7.446446e-01   3.625494e-07 
           185   7.897473e-06   1.724999e-03   1.147087e-03   9.350123e-05   0.000000e+00   7.457920e-01   3.640476e-07 
           186   7.755294e-06   1.722699e-03   1.147428e-03   9.227102e-05   0.000000e+00   7.470164e-01   3.655435e-07 
           187   7.636537e-06   1.720444e-03   1.148415e-03   9.103984e-05   0.000000e+00   7.482832e-01   3.670313e-07 
           188   7.551415e-06   1.718241e-03   1.149783e-03   8.981089e-05   0.000000e+00   7.496202e-01   3.685163e-07 
           189   7.473015e-06   1.716087e-03   1.151658e-03   8.858841e-05   0.000000e+00   7.510289e-01   3.699961e-07 
           190   7.391827e-06   1.713982e-03   1.154334e-03   8.738020e-05   0.000000e+00   7.525046e-01   3.714697e-07 
     Iteration     Continuity     X-momentum     Y-momentum     Z-momentum         Energy            Tke            Sdr 
           191   7.311278e-06   1.711921e-03   1.157683e-03   8.619336e-05   0.000000e+00   7.540277e-01   3.729357e-07 
           192   7.256304e-06   1.709903e-03   1.161438e-03   8.503594e-05   0.000000e+00   7.556039e-01   3.743945e-07 
           193   7.219804e-06   1.707929e-03   1.164805e-03   8.390861e-05   0.000000e+00   7.572316e-01   3.758443e-07 
           194   7.178250e-06   1.705996e-03   1.168425e-03   8.281414e-05   0.000000e+00   7.589123e-01   3.772844e-07 
           195   7.144997e-06   1.704102e-03   1.173743e-03   8.175382e-05   0.000000e+00   7.606502e-01   3.787143e-07 
           196   7.122174e-06   1.702248e-03   1.179381e-03   8.072885e-05   0.000000e+00   7.624478e-01   3.801337e-07 
           197   7.086445e-06   1.700433e-03   1.185776e-03   7.973933e-05   0.000000e+00   7.642530e-01   3.815317e-07 
           198   7.058003e-06   1.698661e-03   1.192386e-03   7.878305e-05   0.000000e+00   7.661322e-01   3.829225e-07 
           199   7.025766e-06   1.696929e-03   1.199673e-03   7.785972e-05   0.000000e+00   7.680649e-01   3.843035e-07 
           200   6.965258e-06   1.695235e-03   1.207364e-03   7.697065e-05   0.000000e+00   7.700515e-01   3.856736e-07 
     Iteration     Continuity     X-momentum     Y-momentum     Z-momentum         Energy            Tke            Sdr 
           201   6.913418e-06   1.693577e-03   1.215680e-03   7.611312e-05   0.000000e+00   7.720881e-01   3.870328e-07 
           202   6.869416e-06   1.691953e-03   1.224636e-03   7.529004e-05   0.000000e+00   7.741728e-01   3.883950e-07 
           203   6.817992e-06   1.690359e-03   1.237496e-03   7.450140e-05   0.000000e+00   7.763032e-01   3.897094e-07 
           204   6.749430e-06   1.688805e-03   1.245074e-03   7.374459e-05   0.000000e+00   7.784628e-01   3.910485e-07 
           205   6.695141e-06   1.687101e-03   1.248086e-03   7.301457e-05   0.000000e+00   7.806285e-01   3.922733e-07 
           206   6.625202e-06   1.685438e-03   1.122602e-03   7.231808e-05   0.000000e+00   7.827960e-01   3.935141e-07 
           207   6.592940e-06   1.683834e-03   1.049029e-03   7.168175e-05   0.000000e+00   7.849870e-01   3.947304e-07 
           208   6.540729e-06   1.682276e-03   1.026145e-03   7.103629e-05   0.000000e+00   7.871691e-01   3.959445e-07 
           209   6.490749e-06   1.680751e-03   1.026899e-03   7.044629e-05   0.000000e+00   7.893663e-01   3.971530e-07 
           210   6.445685e-06   1.679250e-03   1.036331e-03   6.987302e-05   0.000000e+00   7.915017e-01   3.983481e-07 
     Iteration     Continuity     X-momentum     Y-momentum     Z-momentum         Energy            Tke            Sdr 
           211   6.412283e-06   1.677793e-03   1.048040e-03   6.934838e-05   0.000000e+00   7.937432e-01   3.995388e-07 
           212   6.359125e-06   1.676375e-03   1.058740e-03   6.882844e-05   0.000000e+00   7.960343e-01   4.007183e-07 
           213   6.322094e-06   1.674991e-03   1.071150e-03   6.836385e-05   0.000000e+00   7.983367e-01   4.018865e-07 
           214   6.284256e-06   1.673633e-03   1.082093e-03   6.790105e-05   0.000000e+00   8.006309e-01   4.030404e-07 
           215   6.258276e-06   1.672313e-03   1.092904e-03   6.749099e-05   0.000000e+00   8.029973e-01   4.041867e-07 
           216   6.230772e-06   1.671026e-03   1.103817e-03   6.707741e-05   0.000000e+00   8.054018e-01   4.053200e-07 
           217   6.212675e-06   1.669772e-03   1.114899e-03   6.671065e-05   0.000000e+00   8.078466e-01   4.064433e-07 
           218   6.197558e-06   1.668548e-03   1.126256e-03   6.633728e-05   0.000000e+00   8.103257e-01   4.075527e-07 
           219   6.175587e-06   1.667351e-03   1.137860e-03   6.600733e-05   0.000000e+00   8.128369e-01   4.086516e-07 
           220   6.138216e-06   1.666180e-03   1.149872e-03   6.565983e-05   0.000000e+00   8.153786e-01   4.097358e-07 
     Iteration     Continuity     X-momentum     Y-momentum     Z-momentum         Energy            Tke            Sdr 
           221   6.091493e-06   1.665034e-03   1.162122e-03   6.534635e-05   0.000000e+00   8.179428e-01   4.108087e-07 
           222   6.030379e-06   1.663912e-03   1.174856e-03   6.502039e-05   0.000000e+00   8.204974e-01   4.118653e-07 
           223   6.004956e-06   1.662815e-03   1.187925e-03   6.473810e-05   0.000000e+00   8.230747e-01   4.129113e-07 
           224   5.995519e-06   1.661747e-03   1.201492e-03   6.444598e-05   0.000000e+00   8.256857e-01   4.139422e-07 
           225   6.000991e-06   1.660697e-03   1.215340e-03   6.419653e-05   0.000000e+00   8.282670e-01   4.149583e-07 
           226   6.009464e-06   1.659673e-03   1.229675e-03   6.393287e-05   0.000000e+00   8.308615e-01   4.159597e-07 
           227   6.004770e-06   1.658677e-03   1.244155e-03   6.370691e-05   0.000000e+00   8.334858e-01   4.169499e-07 
           228   5.989012e-06   1.657706e-03   1.259165e-03   6.346626e-05   0.000000e+00   8.361364e-01   4.179239e-07 
           229   5.976803e-06   1.656761e-03   1.274551e-03   6.326401e-05   0.000000e+00   8.388077e-01   4.188862e-07 
           230   5.966270e-06   1.655845e-03   1.290324e-03   6.304356e-05   0.000000e+00   8.414964e-01   4.198322e-07 
     Iteration     Continuity     X-momentum     Y-momentum     Z-momentum         Energy            Tke            Sdr 
           231   5.962008e-06   1.654934e-03   1.306337e-03   6.285582e-05   0.000000e+00   8.441459e-01   4.207652e-07 
           232   5.960809e-06   1.654045e-03   1.322748e-03   6.264733e-05   0.000000e+00   8.468051e-01   4.216777e-07 
           233   5.972010e-06   1.653188e-03   1.339366e-03   6.247083e-05   0.000000e+00   8.494965e-01   4.225839e-07 
           234   5.981913e-06   1.652350e-03   1.356336e-03   6.227642e-05   0.000000e+00   8.521443e-01   4.234715e-07 
           235   6.000323e-06   1.651540e-03   1.373402e-03   6.211160e-05   0.000000e+00   8.548295e-01   4.243480e-07 
           236   6.011768e-06   1.650753e-03   1.390945e-03   6.192794e-05   0.000000e+00   8.575343e-01   4.252060e-07 
           237   6.033584e-06   1.649991e-03   1.408802e-03   6.177214e-05   0.000000e+00   8.602559e-01   4.260531e-07 
           238   6.051262e-06   1.649254e-03   1.427006e-03   6.159644e-05   0.000000e+00   8.629903e-01   4.268806e-07 
           239   6.072850e-06   1.648537e-03   1.445632e-03   6.144736e-05   0.000000e+00   8.657132e-01   4.277001e-07 
           240   6.088414e-06   1.647838e-03   1.464465e-03   6.127809e-05   0.000000e+00   8.683891e-01   4.284995e-07 
     Iteration     Continuity     X-momentum     Y-momentum     Z-momentum         Energy            Tke            Sdr 
           241   6.107126e-06   1.647166e-03   1.483522e-03   6.113514e-05   0.000000e+00   8.710985e-01   4.292879e-07 
           242   6.116187e-06   1.646521e-03   1.502938e-03   6.097545e-05   0.000000e+00   8.738183e-01   4.300536e-07 
           243   6.130359e-06   1.645899e-03   1.522555e-03   6.084298e-05   0.000000e+00   8.765334e-01   4.308171e-07 
           244   6.139877e-06   1.645294e-03   1.542460e-03   6.069465e-05   0.000000e+00   8.791901e-01   4.315579e-07 
           245   6.191423e-06   1.644551e-03   1.553675e-03   6.056954e-05   0.000000e+00   8.818649e-01   4.321909e-07 
           246   6.279234e-06   1.643850e-03   1.412871e-03   6.043026e-05   0.000000e+00   8.845498e-01   4.328126e-07 
           247   6.389362e-06   1.643208e-03   1.303191e-03   6.031592e-05   0.000000e+00   8.872486e-01   4.334466e-07 
           248   6.476418e-06   1.642607e-03   1.230152e-03   6.018607e-05   0.000000e+00   8.899547e-01   4.340727e-07 
           249   6.573650e-06   1.642043e-03   1.178553e-03   6.007429e-05   0.000000e+00   8.926658e-01   4.346970e-07 
           250   6.659100e-06   1.641514e-03   1.139674e-03   5.994686e-05   0.000000e+00   8.953804e-01   4.353104e-07 
     Iteration     Continuity     X-momentum     Y-momentum     Z-momentum         Energy            Tke            Sdr 
           251   6.743574e-06   1.641017e-03   1.107917e-03   5.983823e-05   0.000000e+00   8.980971e-01   4.359209e-07 
           252   6.803509e-06   1.640550e-03   1.081908e-03   5.972548e-05   0.000000e+00   9.008145e-01   4.365195e-07 
           253   6.862233e-06   1.640110e-03   1.058343e-03   5.961009e-05   0.000000e+00   9.035316e-01   4.371057e-07 
           254   6.913601e-06   1.639689e-03   1.036682e-03   5.951014e-05   0.000000e+00   9.062053e-01   4.376871e-07 
           255   6.940966e-06   1.639295e-03   1.017231e-03   5.940316e-05   0.000000e+00   9.088882e-01   4.382548e-07 
           256   6.973104e-06   1.638925e-03   9.986793e-04   5.930947e-05   0.000000e+00   9.115707e-01   4.388124e-07 
           257   7.003269e-06   1.638577e-03   9.811985e-04   5.921343e-05   0.000000e+00   9.142502e-01   4.393564e-07 
           258   7.042266e-06   1.638256e-03   9.643187e-04   5.913824e-05   0.000000e+00   9.169252e-01   4.398956e-07 
           259   7.071091e-06   1.637961e-03   9.485241e-04   5.905754e-05   0.000000e+00   9.195948e-01   4.404220e-07 
           260   7.112917e-06   1.637689e-03   9.331761e-04   5.897761e-05   0.000000e+00   9.222576e-01   4.409341e-07 
     Iteration     Continuity     X-momentum     Y-momentum     Z-momentum         Energy            Tke            Sdr 
           261   7.163906e-06   1.637427e-03   9.178434e-04   5.891503e-05   0.000000e+00   9.248638e-01   4.414404e-07 
           262   7.194133e-06   1.637187e-03   9.034588e-04   5.884579e-05   0.000000e+00   9.274660e-01   4.419325e-07 
           263   7.191359e-06   1.636964e-03   8.891956e-04   5.877691e-05   0.000000e+00   9.300426e-01   4.424101e-07 
           264   7.186100e-06   1.636753e-03   8.747738e-04   5.872633e-05   0.000000e+00   9.325763e-01   4.428820e-07 
           265   7.165096e-06   1.636570e-03   8.612773e-04   5.866523e-05   0.000000e+00   9.351250e-01   4.433406e-07 
           266   7.133713e-06   1.636408e-03   8.478744e-04   5.859872e-05   0.000000e+00   9.376647e-01   4.437854e-07 
           267   7.119967e-06   1.636268e-03   8.345761e-04   5.854703e-05   0.000000e+00   9.401946e-01   4.442241e-07 
           268   7.117031e-06   1.636078e-03   8.224394e-04   5.849253e-05   0.000000e+00   9.425744e-01   4.446482e-07 
           269   7.129766e-06   1.635875e-03   8.104333e-04   5.843745e-05   0.000000e+00   9.449055e-01   4.450581e-07 
           270   7.156036e-06   1.635722e-03   7.982016e-04   5.839894e-05   0.000000e+00   9.472849e-01   4.454621e-07 
     Iteration     Continuity     X-momentum     Y-momentum     Z-momentum         Energy            Tke            Sdr 
           271   7.163519e-06   1.635605e-03   7.872688e-04   5.835427e-05   0.000000e+00   9.496677e-01   4.458528e-07 
           272   7.174868e-06   1.635514e-03   7.766630e-04   5.830853e-05   0.000000e+00   9.520497e-01   4.462297e-07 
           273   7.204190e-06   1.635441e-03   7.657806e-04   5.827622e-05   0.000000e+00   9.543813e-01   4.465999e-07 
           274   7.227979e-06   1.635387e-03   7.565186e-04   5.823557e-05   0.000000e+00   9.566873e-01   4.469568e-07 
           275   7.256076e-06   1.635358e-03   7.480896e-04   5.819685e-05   0.000000e+00   9.590012e-01   4.473003e-07 
           276   7.294087e-06   1.635350e-03   7.394454e-04   5.817300e-05   0.000000e+00   9.613049e-01   4.476373e-07 
           277   7.321420e-06   1.635364e-03   7.329791e-04   5.814276e-05   0.000000e+00   9.635990e-01   4.479609e-07 
           278   7.354281e-06   1.635396e-03   7.274123e-04   5.811566e-05   0.000000e+00   9.658813e-01   4.482724e-07 
           279   7.394021e-06   1.635448e-03   7.219197e-04   5.810337e-05   0.000000e+00   9.681512e-01   4.485772e-07 
           280   7.438413e-06   1.635519e-03   7.193263e-04   5.807954e-05   0.000000e+00   9.704080e-01   4.488678e-07 
     Iteration     Continuity     X-momentum     Y-momentum     Z-momentum         Energy            Tke            Sdr 
           281   7.483503e-06   1.635608e-03   7.172976e-04   5.806951e-05   0.000000e+00   9.726475e-01   4.491494e-07 
           282   7.510848e-06   1.635694e-03   7.168479e-04   5.805320e-05   0.000000e+00   9.748137e-01   4.494177e-07 
           283   7.546142e-06   1.635805e-03   7.170500e-04   5.804860e-05   0.000000e+00   9.769969e-01   4.496803e-07 
           284   7.582919e-06   1.635933e-03   7.206288e-04   5.803574e-05   0.000000e+00   9.791646e-01   4.499298e-07 
           285   7.601169e-06   1.636079e-03   7.254387e-04   5.803115e-05   0.000000e+00   9.813165e-01   4.501688e-07 
           286   7.633816e-06   1.636141e-03   7.311442e-04   5.802712e-05   0.000000e+00   9.834475e-01   4.503238e-07 
           287   7.650387e-06   1.636197e-03   6.876597e-04   5.801914e-05   0.000000e+00   9.855644e-01   4.504501e-07 
           288   7.661516e-06   1.636292e-03   6.730279e-04   5.801935e-05   0.000000e+00   9.876697e-01   4.505896e-07 
           289   7.663680e-06   1.636420e-03   6.989485e-04   5.801309e-05   0.000000e+00   9.897621e-01   4.507291e-07 
           290   7.646477e-06   1.636573e-03   7.341204e-04   5.801553e-05   0.000000e+00   9.918409e-01   4.508702e-07 
     Iteration     Continuity     X-momentum     Y-momentum     Z-momentum         Energy            Tke            Sdr 
           291   7.633454e-06   1.636750e-03   7.694696e-04   5.801069e-05   0.000000e+00   9.939057e-01   4.510057e-07 
           292   7.635309e-06   1.636949e-03   7.995103e-04   5.801307e-05   0.000000e+00   9.959565e-01   4.511401e-07 
           293   7.636841e-06   1.637167e-03   8.259270e-04   5.801233e-05   0.000000e+00   9.979929e-01   4.512670e-07 
           294   7.638315e-06   1.637405e-03   8.475671e-04   5.802100e-05   0.000000e+00   1.000014e+00   4.513906e-07 
           295   7.656963e-06   1.637661e-03   8.669520e-04   5.802783e-05   0.000000e+00   1.002021e+00   4.515063e-07 
           296   7.655227e-06   1.637934e-03   8.833323e-04   5.803992e-05   0.000000e+00   1.004011e+00   4.516182e-07 
           297   7.699712e-06   1.638224e-03   8.990016e-04   5.804812e-05   0.000000e+00   1.005987e+00   4.517215e-07 
           298   7.820079e-06   1.638529e-03   9.128314e-04   5.806268e-05   0.000000e+00   1.007946e+00   4.518032e-07 
           299   7.977843e-06   1.638850e-03   9.109661e-04   5.804521e-05   0.000000e+00   1.009890e+00   4.519063e-07 
           300   8.059913e-06   1.639187e-03   9.285677e-04   5.809066e-05   0.000000e+00   1.011819e+00   4.520088e-07 
     Iteration     Continuity     X-momentum     Y-momentum     Z-momentum         Energy            Tke            Sdr 
           301   8.086888e-06   1.639538e-03   9.607782e-04   5.816070e-05   0.000000e+00   1.013732e+00   4.520582e-07 
           302   8.202020e-06   1.639899e-03   9.544328e-04   5.810681e-05   0.000000e+00   1.015629e+00   4.521564e-07 
           303   8.216186e-06   1.640275e-03   9.878792e-04   5.817972e-05   0.000000e+00   1.017510e+00   4.521926e-07 
           304   8.317280e-06   1.640661e-03   9.821933e-04   5.812259e-05   0.000000e+00   1.019375e+00   4.522777e-07 
           305   8.300321e-06   1.641062e-03   1.015901e-03   5.819670e-05   0.000000e+00   1.021224e+00   4.523008e-07 
           306   8.380126e-06   1.641471e-03   1.011273e-03   5.813629e-05   0.000000e+00   1.023057e+00   4.523543e-07 
           307   8.412197e-06   1.641895e-03   1.028011e-03   5.815856e-05   0.000000e+00   1.024874e+00   4.523929e-07 
           308   8.421872e-06   1.642332e-03   1.044926e-03   5.818320e-05   0.000000e+00   1.026674e+00   4.524239e-07 
           309   8.416148e-06   1.642779e-03   1.061343e-03   5.819197e-05   0.000000e+00   1.028459e+00   4.524475e-07 
           310   8.425527e-06   1.643238e-03   1.077369e-03   5.819458e-05   0.000000e+00   1.030228e+00   4.524649e-07 
     Iteration     Continuity     X-momentum     Y-momentum     Z-momentum         Energy            Tke            Sdr 
           311   8.442793e-06   1.643708e-03   1.094064e-03   5.819900e-05   0.000000e+00   1.031981e+00   4.524759e-07 
           312   8.477922e-06   1.644189e-03   1.109678e-03   5.819747e-05   0.000000e+00   1.033718e+00   4.524808e-07 
           313   8.479034e-06   1.644680e-03   1.129158e-03   5.821712e-05   0.000000e+00   1.035439e+00   4.524730e-07 
           314   8.520793e-06   1.645181e-03   1.141289e-03   5.820688e-05   0.000000e+00   1.037145e+00   4.524685e-07 
           315   8.495547e-06   1.645690e-03   1.161852e-03   5.824334e-05   0.000000e+00   1.038835e+00   4.524514e-07 
           316   8.535225e-06   1.646209e-03   1.177367e-03   5.823484e-05   0.000000e+00   1.040509e+00   4.524285e-07 
           317   8.549428e-06   1.646737e-03   1.193372e-03   5.823083e-05   0.000000e+00   1.042168e+00   4.524015e-07 
           318   8.521291e-06   1.647273e-03   1.210958e-03   5.823908e-05   0.000000e+00   1.043812e+00   4.523650e-07 
           319   8.469600e-06   1.647818e-03   1.226412e-03   5.823512e-05   0.000000e+00   1.045440e+00   4.523252e-07 
           320   8.424452e-06   1.648370e-03   1.244041e-03   5.824655e-05   0.000000e+00   1.047053e+00   4.522773e-07 
     Iteration     Continuity     X-momentum     Y-momentum     Z-momentum         Energy            Tke            Sdr 
           321   8.399435e-06   1.648929e-03   1.260299e-03   5.824508e-05   0.000000e+00   1.048651e+00   4.522248e-07 
           322   8.374790e-06   1.649495e-03   1.277576e-03   5.824821e-05   0.000000e+00   1.050233e+00   4.521653e-07 
           323   8.360129e-06   1.650068e-03   1.294225e-03   5.824784e-05   0.000000e+00   1.051800e+00   4.521005e-07 
           324   8.314807e-06   1.650648e-03   1.311302e-03   5.824816e-05   0.000000e+00   1.053352e+00   4.520294e-07 
           325   8.286074e-06   1.651235e-03   1.328109e-03   5.824651e-05   0.000000e+00   1.054890e+00   4.519527e-07 
           326   8.279219e-06   1.651829e-03   1.345094e-03   5.824602e-05   0.000000e+00   1.056413e+00   4.518700e-07 
           327   8.287520e-06   1.652515e-03   1.361838e-03   5.824593e-05   0.000000e+00   1.058775e+00   4.517802e-07 
           328   8.309329e-06   1.653132e-03   1.378710e-03   5.826910e-05   0.000000e+00   1.058722e+00   4.516856e-07 
           329   8.317229e-06   1.653835e-03   1.395437e-03   5.827403e-05   0.000000e+00   1.061213e+00   4.515845e-07 
           330   8.332630e-06   1.654520e-03   1.412080e-03   5.829607e-05   0.000000e+00   1.062242e+00   4.514482e-07 
     Iteration     Continuity     X-momentum     Y-momentum     Z-momentum         Energy            Tke            Sdr 
           331   8.358153e-06   1.655154e-03   1.416593e-03   5.832069e-05   0.000000e+00   1.063286e+00   4.512539e-07 
           332   8.394340e-06   1.655812e-03   1.399513e-03   5.834814e-05   0.000000e+00   1.064450e+00   4.510706e-07 
           333   8.436176e-06   1.656490e-03   1.382268e-03   5.837302e-05   0.000000e+00   1.065692e+00   4.508946e-07 
           334   8.476486e-06   1.657182e-03   1.365135e-03   5.839548e-05   0.000000e+00   1.066977e+00   4.507209e-07 
           335   8.512993e-06   1.657885e-03   1.347706e-03   5.841190e-05   0.000000e+00   1.068285e+00   4.505488e-07 
           336   8.559497e-06   1.658598e-03   1.330741e-03   5.842539e-05   0.000000e+00   1.069603e+00   4.503763e-07 
           337   8.592607e-06   1.659321e-03   1.313736e-03   5.842656e-05   0.000000e+00   1.070925e+00   4.502042e-07 
           338   8.600491e-06   1.660053e-03   1.297933e-03   5.842735e-05   0.000000e+00   1.072244e+00   4.500293e-07 
           339   8.608799e-06   1.660793e-03   1.281788e-03   5.841850e-05   0.000000e+00   1.073558e+00   4.498559e-07 
           340   8.585433e-06   1.661540e-03   1.267607e-03   5.842330e-05   0.000000e+00   1.074864e+00   4.496762e-07 
     Iteration     Continuity     X-momentum     Y-momentum     Z-momentum         Energy            Tke            Sdr 
           341   8.591748e-06   1.662295e-03   1.252650e-03   5.840633e-05   0.000000e+00   1.076162e+00   4.495014e-07 
           342   8.568056e-06   1.663058e-03   1.239825e-03   5.842370e-05   0.000000e+00   1.077449e+00   4.493164e-07 
           343   8.546060e-06   1.663826e-03   1.226098e-03   5.839422e-05   0.000000e+00   1.078725e+00   4.491335e-07 
           344   8.515984e-06   1.664601e-03   1.213767e-03   5.838567e-05   0.000000e+00   1.079989e+00   4.489480e-07 
           345   8.505212e-06   1.665381e-03   1.201531e-03   5.838065e-05   0.000000e+00   1.081241e+00   4.487626e-07 
           346   8.459491e-06   1.666167e-03   1.190726e-03   5.838407e-05   0.000000e+00   1.082479e+00   4.485687e-07 
           347   8.454286e-06   1.666958e-03   1.176208e-03   5.833791e-05   0.000000e+00   1.083705e+00   4.483772e-07 
           348   8.423416e-06   1.667754e-03   1.167611e-03   5.832215e-05   0.000000e+00   1.084917e+00   4.481798e-07 
           349   8.393276e-06   1.668556e-03   1.157426e-03   5.829137e-05   0.000000e+00   1.086116e+00   4.479837e-07 
           350   8.315230e-06   1.669361e-03   1.147958e-03   5.827580e-05   0.000000e+00   1.087301e+00   4.477787e-07 
     Iteration     Continuity     X-momentum     Y-momentum     Z-momentum         Energy            Tke            Sdr 
           351   8.264942e-06   1.670172e-03   1.138067e-03   5.823820e-05   0.000000e+00   1.088474e+00   4.475776e-07 
           352   8.191081e-06   1.670987e-03   1.129372e-03   5.823355e-05   0.000000e+00   1.089633e+00   4.473677e-07 
           353   8.166012e-06   1.671807e-03   1.120064e-03   5.820728e-05   0.000000e+00   1.090779e+00   4.471625e-07 
           354   8.127470e-06   1.672630e-03   1.112046e-03   5.820784e-05   0.000000e+00   1.091911e+00   4.469432e-07 
           355   8.165573e-06   1.673457e-03   1.104557e-03   5.817077e-05   0.000000e+00   1.093030e+00   4.467327e-07 
           356   8.152231e-06   1.674288e-03   1.097175e-03   5.818263e-05   0.000000e+00   1.094135e+00   4.465145e-07 
           357   8.160769e-06   1.675121e-03   1.089611e-03   5.815686e-05   0.000000e+00   1.095227e+00   4.462905e-07 
           358   8.200520e-06   1.675958e-03   1.084191e-03   5.814267e-05   0.000000e+00   1.096306e+00   4.460689e-07 
           359   8.203228e-06   1.676798e-03   1.078206e-03   5.812783e-05   0.000000e+00   1.097371e+00   4.458417e-07 
           360   8.196773e-06   1.677640e-03   1.072194e-03   5.811036e-05   0.000000e+00   1.098422e+00   4.456142e-07 
     Iteration     Continuity     X-momentum     Y-momentum     Z-momentum         Energy            Tke            Sdr 
           361   8.165248e-06   1.678485e-03   1.068436e-03   5.809696e-05   0.000000e+00   1.099461e+00   4.453778e-07 
           362   8.176779e-06   1.679332e-03   1.064988e-03   5.805128e-05   0.000000e+00   1.100485e+00   4.451462e-07 
           363   8.152768e-06   1.680182e-03   1.061774e-03   5.803668e-05   0.000000e+00   1.101497e+00   4.449033e-07 
           364   8.202317e-06   1.681033e-03   1.061308e-03   5.799006e-05   0.000000e+00   1.102494e+00   4.446664e-07 
           365   8.192564e-06   1.681887e-03   1.058480e-03   5.796873e-05   0.000000e+00   1.103479e+00   4.444207e-07 
           366   8.202520e-06   1.682742e-03   1.057648e-03   5.793026e-05   0.000000e+00   1.104451e+00   4.441764e-07 
           367   8.193373e-06   1.683600e-03   1.057229e-03   5.789603e-05   0.000000e+00   1.105409e+00   4.439244e-07 
           368   8.189996e-06   1.684449e-03   1.058855e-03   5.785922e-05   0.000000e+00   1.106343e+00   4.436762e-07 
           369   8.163823e-06   1.685101e-03   1.057812e-03   5.783065e-05   0.000000e+00   1.107175e+00   4.434168e-07 
           370   8.157619e-06   1.685713e-03   1.049846e-03   5.779134e-05   0.000000e+00   1.107925e+00   4.431595e-07 
     Iteration     Continuity     X-momentum     Y-momentum     Z-momentum         Energy            Tke            Sdr 
           371   8.121617e-06   1.686400e-03   1.045155e-03   5.777107e-05   0.000000e+00   1.108732e+00   4.428975e-07 
           372   8.105587e-06   1.687137e-03   1.039937e-03   5.775283e-05   0.000000e+00   1.109563e+00   4.426365e-07 
           373   8.067230e-06   1.687901e-03   1.037051e-03   5.773989e-05   0.000000e+00   1.110398e+00   4.423653e-07 
           374   8.054937e-06   1.688683e-03   1.033502e-03   5.770652e-05   0.000000e+00   1.111229e+00   4.421017e-07 
           375   7.964668e-06   1.689476e-03   1.031200e-03   5.769916e-05   0.000000e+00   1.112054e+00   4.418303e-07 
           376   7.907970e-06   1.690279e-03   1.029269e-03   5.765692e-05   0.000000e+00   1.112869e+00   4.415560e-07 
           377   7.861452e-06   1.691087e-03   1.028320e-03   5.762876e-05   0.000000e+00   1.113674e+00   4.412805e-07 
           378   7.840254e-06   1.691901e-03   1.026125e-03   5.758789e-05   0.000000e+00   1.114468e+00   4.410021e-07 
           379   7.833894e-06   1.692719e-03   1.024565e-03   5.755039e-05   0.000000e+00   1.115250e+00   4.407213e-07 
           380   7.850694e-06   1.693504e-03   1.023035e-03   5.750058e-05   0.000000e+00   1.116019e+00   4.404024e-07 
     Iteration     Continuity     X-momentum     Y-momentum     Z-momentum         Energy            Tke            Sdr 
           381   7.859400e-06   1.694270e-03   1.013829e-03   5.745640e-05   0.000000e+00   1.116776e+00   4.400603e-07 
           382   7.895804e-06   1.695049e-03   1.000277e-03   5.739932e-05   0.000000e+00   1.117521e+00   4.397272e-07 
           383   7.901393e-06   1.695836e-03   9.912803e-04   5.735249e-05   0.000000e+00   1.118255e+00   4.393952e-07 
           384   7.961149e-06   1.696629e-03   9.851786e-04   5.728700e-05   0.000000e+00   1.118978e+00   4.390712e-07 
           385   7.941172e-06   1.697428e-03   9.825200e-04   5.724851e-05   0.000000e+00   1.119688e+00   4.387430e-07 
           386   7.984858e-06   1.698229e-03   9.799224e-04   5.717310e-05   0.000000e+00   1.120385e+00   4.384199e-07 
           387   8.002380e-06   1.699033e-03   9.785467e-04   5.712207e-05   0.000000e+00   1.121071e+00   4.380943e-07 
           388   8.021221e-06   1.699840e-03   9.771243e-04   5.705265e-05   0.000000e+00   1.121744e+00   4.377713e-07 
           389   7.980817e-06   1.700650e-03   9.756233e-04   5.700394e-05   0.000000e+00   1.122404e+00   4.374459e-07 
           390   7.956276e-06   1.701462e-03   9.749025e-04   5.695068e-05   0.000000e+00   1.123053e+00   4.371233e-07 
     Iteration     Continuity     X-momentum     Y-momentum     Z-momentum         Energy            Tke            Sdr 
           391   7.890781e-06   1.702276e-03   9.735095e-04   5.691413e-05   0.000000e+00   1.123690e+00   4.367956e-07 
           392   7.913722e-06   1.703091e-03   9.716613e-04   5.685774e-05   0.000000e+00   1.124315e+00   4.364740e-07 
           393   7.861109e-06   1.703907e-03   9.716026e-04   5.682457e-05   0.000000e+00   1.124928e+00   4.361453e-07 
           394   7.881494e-06   1.704724e-03   9.705892e-04   5.675819e-05   0.000000e+00   1.125530e+00   4.358204e-07 
           395   7.872289e-06   1.705542e-03   9.695139e-04   5.671573e-05   0.000000e+00   1.126120e+00   4.354918e-07 
           396   7.886215e-06   1.706360e-03   9.688808e-04   5.665313e-05   0.000000e+00   1.126699e+00   4.351647e-07 
           397   7.823330e-06   1.707178e-03   9.685673e-04   5.660469e-05   0.000000e+00   1.127267e+00   4.348345e-07 
           398   7.757663e-06   1.707995e-03   9.682119e-04   5.654545e-05   0.000000e+00   1.127822e+00   4.345049e-07 
           399   7.695539e-06   1.708811e-03   9.680276e-04   5.649948e-05   0.000000e+00   1.128367e+00   4.341741e-07 
           400   7.650025e-06   1.709627e-03   9.682142e-04   5.645159e-05   0.000000e+00   1.128900e+00   4.338428e-07 
     Iteration     Continuity     X-momentum     Y-momentum     Z-momentum         Energy            Tke            Sdr 
           401   7.594191e-06   1.710443e-03   9.680275e-04   5.640468e-05   0.000000e+00   1.129421e+00   4.335089e-07 
           402   7.591633e-06   1.711258e-03   9.677984e-04   5.634885e-05   0.000000e+00   1.129932e+00   4.331775e-07 
           403   7.531700e-06   1.712073e-03   9.680079e-04   5.631075e-05   0.000000e+00   1.130431e+00   4.328397e-07 
           404   7.544703e-06   1.712887e-03   9.678001e-04   5.623818e-05   0.000000e+00   1.130919e+00   4.325069e-07 
           405   7.510171e-06   1.713700e-03   9.680258e-04   5.619795e-05   0.000000e+00   1.131396e+00   4.321674e-07 
           406   7.525985e-06   1.714511e-03   9.677682e-04   5.612899e-05   0.000000e+00   1.131860e+00   4.318313e-07 
           407   7.508895e-06   1.715321e-03   9.683352e-04   5.608234e-05   0.000000e+00   1.132313e+00   4.314899e-07 
           408   7.530613e-06   1.716129e-03   9.681882e-04   5.601069e-05   0.000000e+00   1.132756e+00   4.311505e-07 
           409   7.525230e-06   1.716936e-03   9.684189e-04   5.595680e-05   0.000000e+00   1.133188e+00   4.308082e-07 
           410   7.546880e-06   1.717741e-03   9.686995e-04   5.589829e-05   0.000000e+00   1.133610e+00   4.304684e-07 
     Iteration     Continuity     X-momentum     Y-momentum     Z-momentum         Energy            Tke            Sdr 
           411   7.550308e-06   1.718545e-03   9.690500e-04   5.586105e-05   0.000000e+00   1.134020e+00   4.301221e-07 
           412   7.618045e-06   1.719348e-03   9.686984e-04   5.578155e-05   0.000000e+00   1.134420e+00   4.297812e-07 
           413   7.624721e-06   1.720149e-03   9.690507e-04   5.574473e-05   0.000000e+00   1.134810e+00   4.294318e-07 
           414   7.680864e-06   1.720949e-03   9.690537e-04   5.567870e-05   0.000000e+00   1.135189e+00   4.290886e-07 
           415   7.693576e-06   1.721747e-03   9.688641e-04   5.563636e-05   0.000000e+00   1.135557e+00   4.287394e-07 
           416   7.728600e-06   1.722543e-03   9.687154e-04   5.557858e-05   0.000000e+00   1.135916e+00   4.283942e-07 
           417   7.713339e-06   1.723337e-03   9.689415e-04   5.553907e-05   0.000000e+00   1.136264e+00   4.280422e-07 
           418   7.696404e-06   1.724121e-03   9.686973e-04   5.546158e-05   0.000000e+00   1.136589e+00   4.276950e-07 
           419   7.610647e-06   1.724856e-03   9.690883e-04   5.540578e-05   0.000000e+00   1.136840e+00   4.273374e-07 
           420   7.612269e-06   1.725607e-03   9.681261e-04   5.533827e-05   0.000000e+00   1.137118e+00   4.269906e-07 
     Iteration     Continuity     X-momentum     Y-momentum     Z-momentum         Energy            Tke            Sdr 
           421   7.546442e-06   1.726364e-03   9.680543e-04   5.527570e-05   0.000000e+00   1.137398e+00   4.266358e-07 
           422   7.520559e-06   1.727121e-03   9.677247e-04   5.520199e-05   0.000000e+00   1.137671e+00   4.262836e-07 
           423   7.482235e-06   1.727879e-03   9.676303e-04   5.515555e-05   0.000000e+00   1.137936e+00   4.259272e-07 
           424   7.490832e-06   1.728634e-03   9.673165e-04   5.505573e-05   0.000000e+00   1.138190e+00   4.255717e-07 
           425   7.491846e-06   1.729385e-03   9.670889e-04   5.497558e-05   0.000000e+00   1.138435e+00   4.252155e-07 
           426   7.514331e-06   1.730135e-03   9.665658e-04   5.486905e-05   0.000000e+00   1.138671e+00   4.248573e-07 
           427   7.542942e-06   1.730882e-03   9.660119e-04   5.478752e-05   0.000000e+00   1.138897e+00   4.244996e-07 
           428   7.581976e-06   1.731627e-03   9.654588e-04   5.469939e-05   0.000000e+00   1.139113e+00   4.241384e-07 
           429   7.629065e-06   1.732371e-03   9.648227e-04   5.462243e-05   0.000000e+00   1.139320e+00   4.237815e-07 
           430   7.614698e-06   1.733113e-03   9.645015e-04   5.456515e-05   0.000000e+00   1.139516e+00   4.234183e-07 
     Iteration     Continuity     X-momentum     Y-momentum     Z-momentum         Energy            Tke            Sdr 
           431   7.631935e-06   1.733854e-03   9.637646e-04   5.448056e-05   0.000000e+00   1.139703e+00   4.230593e-07 
           432   7.600765e-06   1.734592e-03   9.635881e-04   5.441743e-05   0.000000e+00   1.139880e+00   4.226934e-07 
           433   7.582580e-06   1.735328e-03   9.627112e-04   5.434373e-05   0.000000e+00   1.140047e+00   4.223322e-07 
           434   7.554195e-06   1.736062e-03   9.619943e-04   5.428845e-05   0.000000e+00   1.140205e+00   4.219683e-07 
           435   7.534251e-06   1.736793e-03   9.612959e-04   5.422560e-05   0.000000e+00   1.140353e+00   4.216027e-07 
           436   7.549431e-06   1.737521e-03   9.603883e-04   5.416224e-05   0.000000e+00   1.140492e+00   4.212391e-07 
           437   7.545318e-06   1.738246e-03   9.597700e-04   5.410522e-05   0.000000e+00   1.140621e+00   4.208721e-07 
           438   7.581652e-06   1.738968e-03   9.586810e-04   5.403609e-05   0.000000e+00   1.140741e+00   4.205069e-07 
           439   7.584979e-06   1.739684e-03   9.580395e-04   5.397083e-05   0.000000e+00   1.140851e+00   4.201355e-07 
           440   7.525910e-06   1.740363e-03   9.569563e-04   5.390494e-05   0.000000e+00   1.140952e+00   4.197306e-07 
     Iteration     Continuity     X-momentum     Y-momentum     Z-momentum         Energy            Tke            Sdr 
           441   7.446313e-06   1.741044e-03   9.568171e-04   5.383655e-05   0.000000e+00   1.141043e+00   4.193282e-07 
           442   7.389695e-06   1.741726e-03   9.568106e-04   5.376918e-05   0.000000e+00   1.141126e+00   4.189344e-07 
           443   7.340321e-06   1.742407e-03   9.573338e-04   5.370315e-05   0.000000e+00   1.141199e+00   4.185379e-07 
           444   7.298922e-06   1.743034e-03   9.571960e-04   5.363186e-05   0.000000e+00   1.141243e+00   4.181456e-07 
           445   7.290432e-06   1.743518e-03   9.580430e-04   5.356282e-05   0.000000e+00   1.141238e+00   4.177496e-07 
           446   7.309958e-06   1.744056e-03   9.604281e-04   5.349112e-05   0.000000e+00   1.141248e+00   4.173580e-07 
           447   7.338563e-06   1.744626e-03   9.619432e-04   5.342210e-05   0.000000e+00   1.141261e+00   4.169659e-07 
           448   7.399074e-06   1.745213e-03   9.619596e-04   5.334794e-05   0.000000e+00   1.141273e+00   4.165783e-07 
           449   7.448472e-06   1.745812e-03   9.614582e-04   5.327679e-05   0.000000e+00   1.141280e+00   4.161875e-07 
           450   7.517555e-06   1.746417e-03   9.601518e-04   5.320020e-05   0.000000e+00   1.141281e+00   4.158026e-07 
     Iteration     Continuity     X-momentum     Y-momentum     Z-momentum         Energy            Tke            Sdr 
           451   7.583070e-06   1.747028e-03   9.590091e-04   5.311929e-05   0.000000e+00   1.141276e+00   4.154124e-07 
           452   7.648627e-06   1.747644e-03   9.573048e-04   5.305501e-05   0.000000e+00   1.141265e+00   4.150307e-07 
           453   7.686206e-06   1.748262e-03   9.556550e-04   5.297925e-05   0.000000e+00   1.141246e+00   4.146426e-07 
           454   7.767673e-06   1.748881e-03   9.541660e-04   5.291605e-05   0.000000e+00   1.141220e+00   4.142620e-07 
           455   7.774149e-06   1.749502e-03   9.522006e-04   5.283803e-05   0.000000e+00   1.141187e+00   4.138746e-07 
           456   7.826441e-06   1.750124e-03   9.508627e-04   5.277254e-05   0.000000e+00   1.141146e+00   4.134957e-07 
           457   7.786519e-06   1.750746e-03   9.490063e-04   5.269034e-05   0.000000e+00   1.141098e+00   4.131093e-07 
           458   7.796076e-06   1.751367e-03   9.476628e-04   5.261689e-05   0.000000e+00   1.141042e+00   4.127301e-07 
           459   7.693690e-06   1.751988e-03   9.458841e-04   5.253665e-05   0.000000e+00   1.140979e+00   4.123463e-07 
           460   7.649241e-06   1.752609e-03   9.445676e-04   5.246048e-05   0.000000e+00   1.140908e+00   4.119666e-07 
     Iteration     Continuity     X-momentum     Y-momentum     Z-momentum         Energy            Tke            Sdr 
           461   7.565225e-06   1.753229e-03   9.430049e-04   5.238912e-05   0.000000e+00   1.140830e+00   4.115850e-07 
           462   7.540468e-06   1.753847e-03   9.416085e-04   5.230612e-05   0.000000e+00   1.140744e+00   4.112040e-07 
           463   7.525346e-06   1.754464e-03   9.402057e-04   5.223023e-05   0.000000e+00   1.140651e+00   4.108206e-07 
           464   7.555648e-06   1.755080e-03   9.385129e-04   5.214548e-05   0.000000e+00   1.140551e+00   4.104431e-07 
           465   7.537745e-06   1.755695e-03   9.372372e-04   5.207324e-05   0.000000e+00   1.140442e+00   4.100625e-07 
           466   7.584791e-06   1.756307e-03   9.364147e-04   5.199555e-05   0.000000e+00   1.140325e+00   4.096831e-07 
           467   7.621206e-06   1.756917e-03   9.354619e-04   5.192328e-05   0.000000e+00   1.140201e+00   4.093020e-07 
           468   7.675109e-06   1.757525e-03   9.342969e-04   5.185056e-05   0.000000e+00   1.140070e+00   4.089250e-07 
           469   7.660713e-06   1.758131e-03   9.330152e-04   5.177873e-05   0.000000e+00   1.139932e+00   4.085454e-07 
           470   7.662700e-06   1.758735e-03   9.319108e-04   5.170373e-05   0.000000e+00   1.139786e+00   4.081668e-07 
     Iteration     Continuity     X-momentum     Y-momentum     Z-momentum         Energy            Tke            Sdr 
           471   7.675185e-06   1.759335e-03   9.307670e-04   5.162514e-05   0.000000e+00   1.139633e+00   4.077879e-07 
           472   7.677574e-06   1.759933e-03   9.295572e-04   5.155454e-05   0.000000e+00   1.139473e+00   4.074102e-07 
           473   7.680078e-06   1.760528e-03   9.285859e-04   5.148237e-05   0.000000e+00   1.139306e+00   4.070317e-07 
           474   7.668252e-06   1.761121e-03   9.274964e-04   5.141230e-05   0.000000e+00   1.139131e+00   4.066537e-07 
           475   7.635921e-06   1.761710e-03   9.266391e-04   5.133978e-05   0.000000e+00   1.138949e+00   4.062753e-07 
           476   7.620532e-06   1.762295e-03   9.259087e-04   5.128148e-05   0.000000e+00   1.138760e+00   4.058999e-07 
           477   7.547677e-06   1.762878e-03   9.254411e-04   5.122094e-05   0.000000e+00   1.138565e+00   4.055228e-07 
           478   7.504445e-06   1.763457e-03   9.245514e-04   5.113993e-05   0.000000e+00   1.138362e+00   4.051452e-07 
           479   7.482487e-06   1.764032e-03   9.237744e-04   5.105447e-05   0.000000e+00   1.138152e+00   4.047687e-07 
           480   7.466707e-06   1.764605e-03   9.232046e-04   5.097735e-05   0.000000e+00   1.137936e+00   4.043910e-07 
     Iteration     Continuity     X-momentum     Y-momentum     Z-momentum         Energy            Tke            Sdr 
           481   7.472054e-06   1.765175e-03   9.225402e-04   5.089386e-05   0.000000e+00   1.137713e+00   4.040175e-07 
           482   7.447358e-06   1.765743e-03   9.222919e-04   5.083450e-05   0.000000e+00   1.137483e+00   4.036383e-07 
           483   7.476825e-06   1.766307e-03   9.214626e-04   5.072978e-05   0.000000e+00   1.137247e+00   4.032661e-07 
           484   7.420020e-06   1.766870e-03   9.212993e-04   5.067000e-05   0.000000e+00   1.137004e+00   4.028878e-07 
           485   7.375661e-06   1.767430e-03   9.204239e-04   5.056533e-05   0.000000e+00   1.136754e+00   4.025138e-07 
           486   7.338283e-06   1.767986e-03   9.201661e-04   5.049116e-05   0.000000e+00   1.136498e+00   4.021380e-07 
           487   7.347785e-06   1.768540e-03   9.194663e-04   5.040138e-05   0.000000e+00   1.136236e+00   4.017641e-07 
           488   7.385310e-06   1.769090e-03   9.190924e-04   5.031847e-05   0.000000e+00   1.135967e+00   4.013885e-07 
           489   7.452893e-06   1.769638e-03   9.184424e-04   5.022877e-05   0.000000e+00   1.135691e+00   4.010151e-07 
           490   7.514381e-06   1.770182e-03   9.185339e-04   5.014558e-05   0.000000e+00   1.135409e+00   4.006402e-07 
     Iteration     Continuity     X-momentum     Y-momentum     Z-momentum         Energy            Tke            Sdr 
           491   7.563833e-06   1.770723e-03   9.182908e-04   5.006218e-05   0.000000e+00   1.135121e+00   4.002673e-07 
           492   7.571544e-06   1.771261e-03   9.182015e-04   4.998243e-05   0.000000e+00   1.134827e+00   3.998931e-07 
           493   7.548088e-06   1.771796e-03   9.179796e-04   4.989824e-05   0.000000e+00   1.134527e+00   3.995204e-07 
           494   7.532595e-06   1.772329e-03   9.177990e-04   4.982028e-05   0.000000e+00   1.134221e+00   3.991467e-07 
           495   7.520813e-06   1.772859e-03   9.175645e-04   4.973866e-05   0.000000e+00   1.133909e+00   3.987744e-07 
           496   7.498494e-06   1.773386e-03   9.175072e-04   4.966084e-05   0.000000e+00   1.133590e+00   3.984012e-07 
           497   7.504795e-06   1.773884e-03   9.174121e-04   4.958002e-05   0.000000e+00   1.133230e+00   3.980289e-07 
           498   7.521059e-06   1.774351e-03   9.174441e-04   4.950513e-05   0.000000e+00   1.132830e+00   3.976542e-07 
           499   7.553032e-06   1.774834e-03   9.174394e-04   4.942762e-05   0.000000e+00   1.132458e+00   3.972827e-07 
           500   7.571764e-06   1.775322e-03   9.175028e-04   4.935535e-05   0.000000e+00   1.132089e+00   3.969083e-07 
     Iteration     Continuity     X-momentum     Y-momentum     Z-momentum         Energy            Tke            Sdr 
           501   7.538933e-06   1.775811e-03   9.175625e-04   4.927404e-05   0.000000e+00   1.131718e+00   3.965389e-07 
           502   7.470448e-06   1.776300e-03   9.176927e-04   4.920316e-05   0.000000e+00   1.131342e+00   3.961617e-07 
           503   7.446464e-06   1.776786e-03   9.175928e-04   4.909874e-05   0.000000e+00   1.130961e+00   3.957930e-07 
           504   7.371278e-06   1.777271e-03   9.181397e-04   4.903976e-05   0.000000e+00   1.130575e+00   3.954201e-07 
           505   7.317844e-06   1.777755e-03   9.182002e-04   4.893849e-05   0.000000e+00   1.130184e+00   3.950470e-07 
           506   7.335268e-06   1.778236e-03   9.183856e-04   4.885021e-05   0.000000e+00   1.129787e+00   3.946770e-07 
           507   7.293003e-06   1.778715e-03   9.187172e-04   4.875263e-05   0.000000e+00   1.129384e+00   3.943010e-07 
           508   7.289569e-06   1.779191e-03   9.191256e-04   4.865796e-05   0.000000e+00   1.128976e+00   3.939335e-07 
           509   7.229946e-06   1.779666e-03   9.195675e-04   4.856275e-05   0.000000e+00   1.128563e+00   3.935599e-07 
           510   7.221703e-06   1.780117e-03   9.203050e-04   4.846752e-05   0.000000e+00   1.128127e+00   3.931912e-07 
     Iteration     Continuity     X-momentum     Y-momentum     Z-momentum         Energy            Tke            Sdr 
           511   7.157692e-06   1.780371e-03   9.206278e-04   4.836866e-05   0.000000e+00   1.127569e+00   3.928167e-07 
           512   7.171519e-06   1.780697e-03   9.212877e-04   4.827381e-05   0.000000e+00   1.127066e+00   3.924477e-07 
           513   7.119896e-06   1.780886e-03   9.201804e-04   4.818536e-05   0.000000e+00   1.126545e+00   3.920646e-07 
           514   7.108217e-06   1.781144e-03   9.165081e-04   4.809584e-05   0.000000e+00   1.126047e+00   3.916875e-07 
           515   7.052485e-06   1.781446e-03   9.133999e-04   4.801834e-05   0.000000e+00   1.125561e+00   3.913121e-07 
           516   6.998660e-06   1.781773e-03   9.104994e-04   4.792204e-05   0.000000e+00   1.125077e+00   3.909383e-07 
           517   6.921489e-06   1.782117e-03   9.080379e-04   4.785110e-05   0.000000e+00   1.124592e+00   3.905662e-07 
           518   6.876255e-06   1.782315e-03   9.051138e-04   4.774805e-05   0.000000e+00   1.123967e+00   3.901895e-07 
           519   6.822056e-06   1.782569e-03   9.026027e-04   4.766940e-05   0.000000e+00   1.123406e+00   3.898102e-07 
           520   6.800988e-06   1.782855e-03   8.993681e-04   4.756529e-05   0.000000e+00   1.122874e+00   3.894210e-07 
     Iteration     Continuity     X-momentum     Y-momentum     Z-momentum         Energy            Tke            Sdr 
           521   6.753996e-06   1.783165e-03   8.966082e-04   4.749993e-05   0.000000e+00   1.122352e+00   3.890343e-07 
           522   6.740793e-06   1.783490e-03   8.946562e-04   4.739906e-05   0.000000e+00   1.121832e+00   3.886496e-07 
           523   6.698898e-06   1.783825e-03   8.935421e-04   4.732158e-05   0.000000e+00   1.121311e+00   3.882651e-07 
           524   6.702486e-06   1.784167e-03   8.922684e-04   4.721878e-05   0.000000e+00   1.120788e+00   3.878841e-07 
           525   6.710118e-06   1.784513e-03   8.908879e-04   4.713123e-05   0.000000e+00   1.120261e+00   3.875038e-07 
           526   6.711482e-06   1.784863e-03   8.895416e-04   4.702788e-05   0.000000e+00   1.119731e+00   3.871240e-07 
           527   6.712880e-06   1.785216e-03   8.880932e-04   4.692297e-05   0.000000e+00   1.119196e+00   3.867478e-07 
           528   6.700647e-06   1.785571e-03   8.866056e-04   4.682212e-05   0.000000e+00   1.118657e+00   3.863698e-07 
           529   6.702944e-06   1.785926e-03   8.851587e-04   4.671480e-05   0.000000e+00   1.118113e+00   3.859941e-07 
           530   6.687965e-06   1.786282e-03   8.835765e-04   4.660591e-05   0.000000e+00   1.117565e+00   3.856187e-07 
     Iteration     Continuity     X-momentum     Y-momentum     Z-momentum         Energy            Tke            Sdr 
           531   6.640820e-06   1.786639e-03   8.822290e-04   4.650898e-05   0.000000e+00   1.117012e+00   3.852454e-07 
           532   6.596535e-06   1.786995e-03   8.809533e-04   4.640697e-05   0.000000e+00   1.116454e+00   3.848716e-07 
           533   6.526198e-06   1.787351e-03   8.799227e-04   4.630843e-05   0.000000e+00   1.115891e+00   3.844997e-07 
           534   6.453559e-06   1.787705e-03   8.788138e-04   4.620631e-05   0.000000e+00   1.115323e+00   3.841273e-07 
           535   6.368292e-06   1.788059e-03   8.778919e-04   4.610953e-05   0.000000e+00   1.114750e+00   3.837570e-07 
           536   6.301391e-06   1.788411e-03   8.772417e-04   4.601146e-05   0.000000e+00   1.114173e+00   3.833849e-07 
           537   6.262754e-06   1.788761e-03   8.781321e-04   4.591772e-05   0.000000e+00   1.113590e+00   3.830186e-07 
           538   6.183292e-06   1.789110e-03   8.790936e-04   4.583998e-05   0.000000e+00   1.113003e+00   3.826488e-07 
           539   6.091797e-06   1.789458e-03   8.789725e-04   4.574115e-05   0.000000e+00   1.112411e+00   3.822814e-07 
           540   6.013992e-06   1.789803e-03   8.776283e-04   4.565571e-05   0.000000e+00   1.111814e+00   3.819133e-07 
     Iteration     Continuity     X-momentum     Y-momentum     Z-momentum         Energy            Tke            Sdr 
           541   5.958183e-06   1.790146e-03   8.767263e-04   4.556158e-05   0.000000e+00   1.111212e+00   3.815467e-07 
           542   5.922126e-06   1.790486e-03   8.765760e-04   4.547587e-05   0.000000e+00   1.110606e+00   3.811810e-07 
           543   5.904250e-06   1.790824e-03   8.766241e-04   4.539511e-05   0.000000e+00   1.109994e+00   3.808165e-07 
           544   5.891222e-06   1.791160e-03   8.770334e-04   4.531362e-05   0.000000e+00   1.109378e+00   3.804496e-07 
           545   5.919923e-06   1.791493e-03   8.773835e-04   4.522293e-05   0.000000e+00   1.108757e+00   3.800882e-07 
           546   5.891977e-06   1.791824e-03   8.777944e-04   4.515189e-05   0.000000e+00   1.108131e+00   3.797243e-07 
           547   5.892086e-06   1.792153e-03   8.784457e-04   4.506569e-05   0.000000e+00   1.107501e+00   3.793611e-07 
           548   5.902725e-06   1.792480e-03   8.797896e-04   4.499668e-05   0.000000e+00   1.106866e+00   3.789980e-07 
           549   5.949737e-06   1.792804e-03   8.807278e-04   4.491704e-05   0.000000e+00   1.106226e+00   3.786387e-07 
           550   5.972584e-06   1.793126e-03   8.822589e-04   4.484973e-05   0.000000e+00   1.105582e+00   3.782756e-07 
     Iteration     Continuity     X-momentum     Y-momentum     Z-momentum         Energy            Tke            Sdr 
           551   6.009794e-06   1.793445e-03   8.832586e-04   4.474567e-05   0.000000e+00   1.104933e+00   3.779168e-07 
           552   6.004102e-06   1.793760e-03   8.850778e-04   4.465604e-05   0.000000e+00   1.104280e+00   3.775557e-07 
           553   5.987085e-06   1.794072e-03   8.865722e-04   4.454127e-05   0.000000e+00   1.103622e+00   3.771974e-07 
           554   5.951989e-06   1.794381e-03   8.886204e-04   4.443793e-05   0.000000e+00   1.102960e+00   3.768372e-07 
           555   5.909092e-06   1.794688e-03   8.905394e-04   4.432630e-05   0.000000e+00   1.102293e+00   3.764821e-07 
           556   5.842011e-06   1.794992e-03   8.928993e-04   4.423378e-05   0.000000e+00   1.101623e+00   3.761229e-07 
           557   5.793531e-06   1.795293e-03   8.949984e-04   4.411379e-05   0.000000e+00   1.100947e+00   3.757672e-07 
           558   5.749372e-06   1.795572e-03   8.977916e-04   4.401753e-05   0.000000e+00   1.100242e+00   3.754095e-07 
           559   5.701522e-06   1.795814e-03   8.999706e-04   4.390876e-05   0.000000e+00   1.099492e+00   3.750527e-07 
           560   5.639624e-06   1.796074e-03   9.020328e-04   4.382559e-05   0.000000e+00   1.098770e+00   3.746954e-07 
     Iteration     Continuity     X-momentum     Y-momentum     Z-momentum         Energy            Tke            Sdr 
           561   5.578621e-06   1.796338e-03   9.040620e-04   4.374004e-05   0.000000e+00   1.098053e+00   3.743427e-07 
           562   5.484969e-06   1.796604e-03   9.061658e-04   4.367193e-05   0.000000e+00   1.097336e+00   3.739861e-07 
           563   5.428040e-06   1.796869e-03   9.079161e-04   4.357509e-05   0.000000e+00   1.096616e+00   3.736329e-07 
           564   5.380766e-06   1.797132e-03   9.102418e-04   4.349924e-05   0.000000e+00   1.095892e+00   3.732785e-07 
           565   5.350286e-06   1.797392e-03   9.122337e-04   4.340477e-05   0.000000e+00   1.095164e+00   3.729258e-07 
           566   5.325432e-06   1.797642e-03   9.145869e-04   4.332101e-05   0.000000e+00   1.094427e+00   3.725714e-07 
           567   5.323014e-06   1.797892e-03   9.165766e-04   4.322174e-05   0.000000e+00   1.093688e+00   3.722211e-07 
           568   5.318805e-06   1.798140e-03   9.191618e-04   4.314373e-05   0.000000e+00   1.092946e+00   3.718671e-07 
           569   5.334351e-06   1.798386e-03   9.217315e-04   4.303859e-05   0.000000e+00   1.092201e+00   3.715186e-07 
           570   5.316295e-06   1.798629e-03   9.249175e-04   4.295819e-05   0.000000e+00   1.091452e+00   3.711663e-07 
     Iteration     Continuity     X-momentum     Y-momentum     Z-momentum         Energy            Tke            Sdr 
           571   5.322247e-06   1.798870e-03   9.277064e-04   4.284203e-05   0.000000e+00   1.090699e+00   3.708165e-07 
           572   5.325015e-06   1.799108e-03   9.312710e-04   4.274380e-05   0.000000e+00   1.089943e+00   3.704662e-07 
           573   5.341555e-06   1.799343e-03   9.344987e-04   4.263625e-05   0.000000e+00   1.089182e+00   3.701172e-07 
           574   5.358582e-06   1.799575e-03   9.381642e-04   4.253876e-05   0.000000e+00   1.088418e+00   3.697677e-07 
           575   5.378918e-06   1.799804e-03   9.417884e-04   4.243355e-05   0.000000e+00   1.087650e+00   3.694185e-07 
           576   5.402073e-06   1.800031e-03   9.454998e-04   4.233254e-05   0.000000e+00   1.086875e+00   3.690733e-07 
           577   5.389173e-06   1.800129e-03   9.502788e-04   4.224521e-05   0.000000e+00   1.086074e+00   3.687099e-07 
           578   5.368196e-06   1.800232e-03   9.512690e-04   4.213284e-05   0.000000e+00   1.085273e+00   3.683533e-07 
           579   5.338264e-06   1.800357e-03   9.537648e-04   4.203069e-05   0.000000e+00   1.084474e+00   3.679963e-07 
           580   5.328666e-06   1.800496e-03   9.566729e-04   4.192183e-05   0.000000e+00   1.083675e+00   3.676452e-07 
     Iteration     Continuity     X-momentum     Y-momentum     Z-momentum         Energy            Tke            Sdr 
           581   5.318272e-06   1.800642e-03   9.609272e-04   4.181661e-05   0.000000e+00   1.082875e+00   3.672915e-07 
           582   5.274477e-06   1.800795e-03   9.649289e-04   4.170624e-05   0.000000e+00   1.082073e+00   3.669447e-07 
           583   5.211379e-06   1.800952e-03   9.700206e-04   4.161619e-05   0.000000e+00   1.081270e+00   3.665940e-07 
           584   5.162936e-06   1.801113e-03   9.747571e-04   4.151243e-05   0.000000e+00   1.080464e+00   3.662494e-07 
           585   5.136817e-06   1.801275e-03   9.803996e-04   4.143174e-05   0.000000e+00   1.079655e+00   3.659027e-07 
           586   5.137385e-06   1.801440e-03   9.856368e-04   4.133656e-05   0.000000e+00   1.078844e+00   3.655575e-07 
           587   5.148255e-06   1.801605e-03   9.914551e-04   4.125108e-05   0.000000e+00   1.078030e+00   3.652112e-07 
           588   5.157381e-06   1.801771e-03   9.968776e-04   4.116101e-05   0.000000e+00   1.077214e+00   3.648706e-07 
           589   5.158483e-06   1.801937e-03   1.003155e-03   4.109019e-05   0.000000e+00   1.076395e+00   3.645269e-07 
           590   5.169136e-06   1.802102e-03   1.009172e-03   4.099422e-05   0.000000e+00   1.075574e+00   3.641851e-07 
     Iteration     Continuity     X-momentum     Y-momentum     Z-momentum         Energy            Tke            Sdr 
           591   5.181651e-06   1.802266e-03   1.015418e-03   4.089680e-05   0.000000e+00   1.074750e+00   3.638449e-07 
           592   5.187469e-06   1.802429e-03   1.021854e-03   4.079360e-05   0.000000e+00   1.073922e+00   3.635032e-07 
           593   5.208123e-06   1.802590e-03   1.028345e-03   4.069022e-05   0.000000e+00   1.073092e+00   3.631652e-07 
           594   5.229131e-06   1.802752e-03   1.035303e-03   4.058205e-05   0.000000e+00   1.072258e+00   3.628231e-07 
           595   5.258964e-06   1.802912e-03   1.042028e-03   4.047169e-05   0.000000e+00   1.071422e+00   3.624890e-07 
           596   5.272443e-06   1.803070e-03   1.049066e-03   4.037936e-05   0.000000e+00   1.070583e+00   3.621505e-07 
           597   5.279375e-06   1.803228e-03   1.056179e-03   4.026545e-05   0.000000e+00   1.069741e+00   3.618137e-07 
           598   5.307727e-06   1.803383e-03   1.064084e-03   4.014131e-05   0.000000e+00   1.068897e+00   3.614774e-07 
           599   5.290143e-06   1.803536e-03   1.072027e-03   4.001561e-05   0.000000e+00   1.068050e+00   3.611424e-07 
           600   5.239422e-06   1.803689e-03   1.080899e-03   3.989450e-05   0.000000e+00   1.067200e+00   3.608075e-07 
     Iteration     Continuity     X-momentum     Y-momentum     Z-momentum         Energy            Tke            Sdr 
           601   5.195016e-06   1.803840e-03   1.089965e-03   3.977972e-05   0.000000e+00   1.066348e+00   3.604737e-07 
           602   5.158505e-06   1.803989e-03   1.099415e-03   3.967124e-05   0.000000e+00   1.065492e+00   3.601402e-07 
           603   5.135126e-06   1.804139e-03   1.108914e-03   3.956870e-05   0.000000e+00   1.064635e+00   3.598075e-07 
           604   5.101063e-06   1.804286e-03   1.117136e-03   3.947124e-05   0.000000e+00   1.063774e+00   3.594753e-07 
           605   5.056557e-06   1.804396e-03   1.125951e-03   3.937897e-05   0.000000e+00   1.062861e+00   3.591424e-07 
           606   4.995403e-06   1.804503e-03   1.133763e-03   3.928879e-05   0.000000e+00   1.061953e+00   3.588103e-07 
           607   4.948999e-06   1.804621e-03   1.141315e-03   3.919775e-05   0.000000e+00   1.061060e+00   3.584791e-07 
           608   4.941912e-06   1.804743e-03   1.148715e-03   3.910668e-05   0.000000e+00   1.060170e+00   3.581487e-07 
           609   4.938913e-06   1.804866e-03   1.156421e-03   3.901368e-05   0.000000e+00   1.059280e+00   3.578188e-07 
           610   4.940648e-06   1.804988e-03   1.163068e-03   3.891864e-05   0.000000e+00   1.058387e+00   3.574895e-07 
     Iteration     Continuity     X-momentum     Y-momentum     Z-momentum         Energy            Tke            Sdr 
           611   4.968763e-06   1.805109e-03   1.169595e-03   3.882492e-05   0.000000e+00   1.057493e+00   3.571604e-07 
           612   4.995549e-06   1.805230e-03   1.176191e-03   3.872494e-05   0.000000e+00   1.056596e+00   3.568319e-07 
           613   5.024866e-06   1.805350e-03   1.182637e-03   3.862449e-05   0.000000e+00   1.055698e+00   3.565038e-07 
           614   5.050160e-06   1.805469e-03   1.189185e-03   3.852348e-05   0.000000e+00   1.054796e+00   3.561763e-07 
           615   5.081500e-06   1.805586e-03   1.195836e-03   3.842219e-05   0.000000e+00   1.053893e+00   3.558493e-07 
           616   5.119705e-06   1.805703e-03   1.202627e-03   3.832154e-05   0.000000e+00   1.052986e+00   3.555228e-07 
           617   5.148621e-06   1.805749e-03   1.209387e-03   3.822181e-05   0.000000e+00   1.052044e+00   3.551968e-07 
           618   5.170509e-06   1.805663e-03   1.215113e-03   3.812228e-05   0.000000e+00   1.051049e+00   3.548713e-07 
           619   5.191946e-06   1.805640e-03   1.219895e-03   3.802380e-05   0.000000e+00   1.050089e+00   3.545463e-07 
           620   5.219678e-06   1.805655e-03   1.225477e-03   3.792686e-05   0.000000e+00   1.049144e+00   3.542218e-07 
     Iteration     Continuity     X-momentum     Y-momentum     Z-momentum         Energy            Tke            Sdr 
           621   5.234693e-06   1.805690e-03   1.231363e-03   3.783086e-05   0.000000e+00   1.048206e+00   3.538980e-07 
           622   5.228383e-06   1.805737e-03   1.237298e-03   3.773549e-05   0.000000e+00   1.047271e+00   3.535747e-07 
           623   5.225787e-06   1.805794e-03   1.243315e-03   3.764068e-05   0.000000e+00   1.046337e+00   3.532519e-07 
           624   5.228548e-06   1.805850e-03   1.249598e-03   3.754585e-05   0.000000e+00   1.045395e+00   3.529295e-07 
           625   5.217956e-06   1.805761e-03   1.255492e-03   3.745118e-05   0.000000e+00   1.044328e+00   3.526042e-07 
           626   5.191532e-06   1.805734e-03   1.260776e-03   3.735677e-05   0.000000e+00   1.043328e+00   3.522812e-07 
           627   5.164891e-06   1.805742e-03   1.266013e-03   3.726302e-05   0.000000e+00   1.042354e+00   3.519595e-07 
           628   5.136105e-06   1.805767e-03   1.271082e-03   3.716906e-05   0.000000e+00   1.041390e+00   3.516385e-07 
           629   5.102468e-06   1.805804e-03   1.276590e-03   3.707415e-05   0.000000e+00   1.040429e+00   3.513179e-07 
           630   5.072101e-06   1.805846e-03   1.282205e-03   3.697778e-05   0.000000e+00   1.039470e+00   3.509978e-07 
     Iteration     Continuity     X-momentum     Y-momentum     Z-momentum         Energy            Tke            Sdr 
           631   5.040195e-06   1.805893e-03   1.287847e-03   3.688021e-05   0.000000e+00   1.038511e+00   3.506783e-07 
           632   5.019843e-06   1.805944e-03   1.293362e-03   3.678117e-05   0.000000e+00   1.037551e+00   3.503591e-07 
           633   5.014947e-06   1.805996e-03   1.299021e-03   3.668025e-05   0.000000e+00   1.036590e+00   3.500404e-07 
           634   5.015622e-06   1.806050e-03   1.304532e-03   3.657722e-05   0.000000e+00   1.035628e+00   3.497221e-07 
           635   4.964253e-06   1.806104e-03   1.310392e-03   3.647112e-05   0.000000e+00   1.034664e+00   3.494043e-07 
           636   4.935982e-06   1.806159e-03   1.316066e-03   3.636553e-05   0.000000e+00   1.033698e+00   3.490870e-07 
           637   4.927987e-06   1.806215e-03   1.321729e-03   3.626166e-05   0.000000e+00   1.032728e+00   3.487700e-07 
           638   4.925771e-06   1.806199e-03   1.327272e-03   3.615872e-05   0.000000e+00   1.031745e+00   3.484426e-07 
           639   4.924361e-06   1.806150e-03   1.329204e-03   3.605687e-05   0.000000e+00   1.030757e+00   3.481111e-07 
           640   4.924463e-06   1.806109e-03   1.329530e-03   3.595586e-05   0.000000e+00   1.029753e+00   3.477835e-07 
     Iteration     Continuity     X-momentum     Y-momentum     Z-momentum         Energy            Tke            Sdr 
           641   4.920888e-06   1.806055e-03   1.330554e-03   3.585506e-05   0.000000e+00   1.028719e+00   3.474578e-07 
           642   4.917223e-06   1.806023e-03   1.331979e-03   3.575455e-05   0.000000e+00   1.027709e+00   3.471347e-07 
           643   4.903157e-06   1.806003e-03   1.333463e-03   3.565475e-05   0.000000e+00   1.026706e+00   3.468135e-07 
           644   4.896630e-06   1.805990e-03   1.334910e-03   3.555462e-05   0.000000e+00   1.025703e+00   3.464936e-07 
           645   4.886556e-06   1.805982e-03   1.336042e-03   3.545456e-05   0.000000e+00   1.024701e+00   3.461750e-07 
           646   4.857819e-06   1.805977e-03   1.337483e-03   3.535491e-05   0.000000e+00   1.023698e+00   3.458576e-07 
           647   4.824621e-06   1.805976e-03   1.338287e-03   3.525714e-05   0.000000e+00   1.022693e+00   3.455411e-07 
           648   4.776092e-06   1.805976e-03   1.338872e-03   3.515999e-05   0.000000e+00   1.021687e+00   3.452253e-07 
           649   4.736485e-06   1.805979e-03   1.339295e-03   3.506390e-05   0.000000e+00   1.020680e+00   3.449107e-07 
           650   4.716754e-06   1.805983e-03   1.339613e-03   3.496665e-05   0.000000e+00   1.019672e+00   3.445970e-07 
     Iteration     Continuity     X-momentum     Y-momentum     Z-momentum         Energy            Tke            Sdr 
           651   4.715739e-06   1.805988e-03   1.339531e-03   3.487094e-05   0.000000e+00   1.018662e+00   3.442839e-07 
           652   4.722619e-06   1.805993e-03   1.339491e-03   3.477651e-05   0.000000e+00   1.017650e+00   3.439716e-07 
           653   4.734016e-06   1.805999e-03   1.339315e-03   3.468329e-05   0.000000e+00   1.016637e+00   3.436601e-07 
           654   4.747937e-06   1.806005e-03   1.339043e-03   3.459061e-05   0.000000e+00   1.015622e+00   3.433493e-07 
           655   4.765106e-06   1.806011e-03   1.338652e-03   3.449735e-05   0.000000e+00   1.014605e+00   3.430391e-07 
           656   4.761926e-06   1.806017e-03   1.337962e-03   3.440266e-05   0.000000e+00   1.013587e+00   3.427297e-07 
           657   4.725287e-06   1.806023e-03   1.337367e-03   3.430674e-05   0.000000e+00   1.012567e+00   3.424209e-07 
           658   4.685137e-06   1.806029e-03   1.336763e-03   3.420938e-05   0.000000e+00   1.011545e+00   3.421127e-07 
           659   4.656269e-06   1.806034e-03   1.336051e-03   3.411101e-05   0.000000e+00   1.010522e+00   3.418052e-07 
           660   4.643517e-06   1.806039e-03   1.335226e-03   3.401320e-05   0.000000e+00   1.009494e+00   3.414983e-07 
     Iteration     Continuity     X-momentum     Y-momentum     Z-momentum         Energy            Tke            Sdr 
           661   4.630179e-06   1.805868e-03   1.334310e-03   3.391520e-05   0.000000e+00   1.008360e+00   3.411901e-07 
           662   4.606520e-06   1.805725e-03   1.333062e-03   3.381668e-05   0.000000e+00   1.007256e+00   3.408826e-07 
           663   4.566415e-06   1.805627e-03   1.331198e-03   3.371689e-05   0.000000e+00   1.006183e+00   3.405719e-07 
           664   4.532023e-06   1.805555e-03   1.328584e-03   3.361627e-05   0.000000e+00   1.005124e+00   3.402623e-07 
           665   4.509441e-06   1.805498e-03   1.326349e-03   3.351709e-05   0.000000e+00   1.004071e+00   3.399539e-07 
           666   4.496783e-06   1.805450e-03   1.324191e-03   3.341921e-05   0.000000e+00   1.003020e+00   3.396463e-07 
           667   4.488997e-06   1.805404e-03   1.322220e-03   3.332227e-05   0.000000e+00   1.001963e+00   3.393393e-07 
           668   4.477309e-06   1.805332e-03   1.320240e-03   3.322570e-05   0.000000e+00   1.000869e+00   3.390320e-07 
           669   4.460905e-06   1.805277e-03   1.318294e-03   3.312913e-05   0.000000e+00   9.997984e-01   3.387260e-07 
           670   4.438013e-06   1.805229e-03   1.316278e-03   3.303223e-05   0.000000e+00   9.987334e-01   3.384209e-07 
     Iteration     Continuity     X-momentum     Y-momentum     Z-momentum         Energy            Tke            Sdr 
           671   4.412189e-06   1.805185e-03   1.314160e-03   3.293584e-05   0.000000e+00   9.976695e-01   3.381165e-07 
           672   4.397445e-06   1.805143e-03   1.312010e-03   3.283901e-05   0.000000e+00   9.966054e-01   3.378127e-07 
           673   4.391706e-06   1.805103e-03   1.309708e-03   3.274184e-05   0.000000e+00   9.955405e-01   3.375096e-07 
           674   4.357794e-06   1.805063e-03   1.307577e-03   3.264444e-05   0.000000e+00   9.944746e-01   3.372071e-07 
           675   4.304479e-06   1.805025e-03   1.305403e-03   3.254780e-05   0.000000e+00   9.934074e-01   3.369053e-07 
           676   4.254560e-06   1.804986e-03   1.303284e-03   3.245188e-05   0.000000e+00   9.923389e-01   3.366038e-07 
           677   4.220363e-06   1.804947e-03   1.301267e-03   3.235661e-05   0.000000e+00   9.912690e-01   3.363031e-07 
           678   4.200719e-06   1.804907e-03   1.299282e-03   3.226127e-05   0.000000e+00   9.901976e-01   3.360030e-07 
           679   4.196858e-06   1.804867e-03   1.297177e-03   3.216614e-05   0.000000e+00   9.891247e-01   3.357034e-07 
           680   4.200240e-06   1.804826e-03   1.294991e-03   3.207122e-05   0.000000e+00   9.880504e-01   3.354044e-07 
     Iteration     Continuity     X-momentum     Y-momentum     Z-momentum         Energy            Tke            Sdr 
           681   4.198385e-06   1.804784e-03   1.292719e-03   3.197714e-05   0.000000e+00   9.869746e-01   3.351060e-07 
           682   4.192120e-06   1.804739e-03   1.290402e-03   3.188341e-05   0.000000e+00   9.858946e-01   3.348081e-07 
           683   4.187936e-06   1.804690e-03   1.287909e-03   3.178999e-05   0.000000e+00   9.848099e-01   3.345107e-07 
           684   4.171141e-06   1.804642e-03   1.285384e-03   3.169674e-05   0.000000e+00   9.837268e-01   3.342139e-07 
           685   4.143413e-06   1.804593e-03   1.282929e-03   3.160182e-05   0.000000e+00   9.826431e-01   3.339176e-07 
           686   4.102866e-06   1.804544e-03   1.280429e-03   3.150565e-05   0.000000e+00   9.815586e-01   3.336219e-07 
           687   4.070004e-06   1.804495e-03   1.277278e-03   3.140998e-05   0.000000e+00   9.804724e-01   3.333267e-07 
           688   4.036381e-06   1.804416e-03   1.274722e-03   3.131455e-05   0.000000e+00   9.793494e-01   3.330310e-07 
           689   4.010224e-06   1.804345e-03   1.271997e-03   3.121936e-05   0.000000e+00   9.782398e-01   3.327363e-07 
           690   3.987239e-06   1.804278e-03   1.269383e-03   3.112575e-05   0.000000e+00   9.771368e-01   3.324422e-07 
     Iteration     Continuity     X-momentum     Y-momentum     Z-momentum         Energy            Tke            Sdr 
           691   3.966520e-06   1.804212e-03   1.266299e-03   3.103303e-05   0.000000e+00   9.760347e-01   3.321487e-07 
           692   3.923725e-06   1.804146e-03   1.263797e-03   3.094036e-05   0.000000e+00   9.749323e-01   3.318557e-07 
           693   3.877227e-06   1.804080e-03   1.261639e-03   3.084786e-05   0.000000e+00   9.738290e-01   3.315632e-07 
           694   3.843302e-06   1.804013e-03   1.259115e-03   3.075474e-05   0.000000e+00   9.727246e-01   3.312712e-07 
           695   3.820067e-06   1.803944e-03   1.256310e-03   3.066069e-05   0.000000e+00   9.716188e-01   3.309797e-07 
           696   3.802926e-06   1.803872e-03   1.253597e-03   3.056579e-05   0.000000e+00   9.705063e-01   3.306886e-07 
           697   3.789384e-06   1.803702e-03   1.250998e-03   3.047020e-05   0.000000e+00   9.693773e-01   3.303795e-07 
           698   3.776574e-06   1.803549e-03   1.250502e-03   3.037473e-05   0.000000e+00   9.682539e-01   3.300749e-07 
           699   3.764531e-06   1.803409e-03   1.250416e-03   3.027954e-05   0.000000e+00   9.671326e-01   3.297739e-07 
           700   3.747148e-06   1.803275e-03   1.250032e-03   3.018434e-05   0.000000e+00   9.660106e-01   3.294751e-07 
     Iteration     Continuity     X-momentum     Y-momentum     Z-momentum         Energy            Tke            Sdr 
           701   3.724133e-06   1.803144e-03   1.248885e-03   3.008961e-05   0.000000e+00   9.648878e-01   3.291780e-07 
           702   3.707128e-06   1.803015e-03   1.247420e-03   2.999378e-05   0.000000e+00   9.637646e-01   3.288824e-07 
           703   3.691138e-06   1.802834e-03   1.245775e-03   2.990052e-05   0.000000e+00   9.625813e-01   3.285865e-07 
           704   3.685175e-06   1.802576e-03   1.243508e-03   2.980930e-05   0.000000e+00   9.613435e-01   3.282893e-07 
           705   3.685022e-06   1.802372e-03   1.241171e-03   2.971525e-05   0.000000e+00   9.601630e-01   3.279963e-07 
           706   3.690613e-06   1.802193e-03   1.238333e-03   2.963274e-05   0.000000e+00   9.589999e-01   3.277054e-07 
           707   3.710030e-06   1.802022e-03   1.235274e-03   2.955466e-05   0.000000e+00   9.578378e-01   3.274119e-07 
           708   3.722078e-06   1.801862e-03   1.231630e-03   2.945790e-05   0.000000e+00   9.566843e-01   3.271236e-07 
           709   3.742281e-06   1.801710e-03   1.227592e-03   2.938240e-05   0.000000e+00   9.555337e-01   3.268327e-07 
           710   3.758145e-06   1.801562e-03   1.223700e-03   2.929058e-05   0.000000e+00   9.543842e-01   3.265461e-07 
     Iteration     Continuity     X-momentum     Y-momentum     Z-momentum         Energy            Tke            Sdr 
           711   3.779377e-06   1.801417e-03   1.219780e-03   2.921193e-05   0.000000e+00   9.532332e-01   3.262559e-07 
           712   3.732593e-06   1.801180e-03   1.216158e-03   2.911492e-05   0.000000e+00   9.520321e-01   3.259708e-07 
           713   3.675953e-06   1.800845e-03   1.212342e-03   2.903640e-05   0.000000e+00   9.508018e-01   3.256793e-07 
           714   3.629075e-06   1.800565e-03   1.209158e-03   2.893454e-05   0.000000e+00   9.495991e-01   3.253918e-07 
           715   3.602407e-06   1.800322e-03   1.205637e-03   2.883751e-05   0.000000e+00   9.484127e-01   3.251091e-07 
           716   3.590779e-06   1.800083e-03   1.201657e-03   2.875753e-05   0.000000e+00   9.472135e-01   3.248193e-07 
           717   3.569931e-06   1.799849e-03   1.197167e-03   2.864853e-05   0.000000e+00   9.460098e-01   3.245346e-07 
           718   3.536523e-06   1.799635e-03   1.191903e-03   2.855756e-05   0.000000e+00   9.448218e-01   3.242524e-07 
           719   3.507503e-06   1.799433e-03   1.187330e-03   2.847066e-05   0.000000e+00   9.436392e-01   3.239657e-07 
           720   3.462005e-06   1.799239e-03   1.182718e-03   2.836490e-05   0.000000e+00   9.424587e-01   3.236840e-07 
     Iteration     Continuity     X-momentum     Y-momentum     Z-momentum         Energy            Tke            Sdr 
           721   3.413717e-06   1.799050e-03   1.178077e-03   2.827473e-05   0.000000e+00   9.412792e-01   3.234010e-07 
           722   3.366106e-06   1.798865e-03   1.173620e-03   2.817541e-05   0.000000e+00   9.401001e-01   3.231191e-07 
           723   3.323467e-06   1.798684e-03   1.169636e-03   2.808428e-05   0.000000e+00   9.389211e-01   3.228377e-07 
           724   3.298459e-06   1.798504e-03   1.164986e-03   2.798348e-05   0.000000e+00   9.377419e-01   3.225561e-07 
           725   3.281176e-06   1.798327e-03   1.160861e-03   2.788973e-05   0.000000e+00   9.365621e-01   3.222766e-07 
           726   3.265950e-06   1.798151e-03   1.157037e-03   2.778480e-05   0.000000e+00   9.353818e-01   3.219954e-07 
           727   3.246083e-06   1.797976e-03   1.152665e-03   2.768995e-05   0.000000e+00   9.342009e-01   3.217175e-07 
           728   3.234527e-06   1.797802e-03   1.148405e-03   2.759023e-05   0.000000e+00   9.330193e-01   3.214369e-07 
           729   3.222430e-06   1.797629e-03   1.144171e-03   2.750066e-05   0.000000e+00   9.318370e-01   3.211601e-07 
           730   3.212710e-06   1.797455e-03   1.140075e-03   2.740753e-05   0.000000e+00   9.306540e-01   3.208804e-07 
     Iteration     Continuity     X-momentum     Y-momentum     Z-momentum         Energy            Tke            Sdr 
           731   3.206241e-06   1.797282e-03   1.136573e-03   2.732159e-05   0.000000e+00   9.294702e-01   3.206042e-07 
           732   3.199382e-06   1.797108e-03   1.133048e-03   2.723241e-05   0.000000e+00   9.282857e-01   3.203260e-07 
           733   3.179712e-06   1.796934e-03   1.129775e-03   2.714968e-05   0.000000e+00   9.271003e-01   3.200519e-07 
           734   3.172027e-06   1.796759e-03   1.125288e-03   2.706310e-05   0.000000e+00   9.259142e-01   3.197738e-07 
           735   3.172874e-06   1.796583e-03   1.121976e-03   2.698265e-05   0.000000e+00   9.247273e-01   3.194980e-07 
           736   3.185208e-06   1.796407e-03   1.118238e-03   2.689669e-05   0.000000e+00   9.235396e-01   3.192230e-07 
           737   3.198382e-06   1.796230e-03   1.114811e-03   2.681730e-05   0.000000e+00   9.223512e-01   3.189475e-07 
           738   3.199522e-06   1.796052e-03   1.111405e-03   2.672996e-05   0.000000e+00   9.211620e-01   3.186743e-07 
           739   3.197434e-06   1.795873e-03   1.108111e-03   2.665164e-05   0.000000e+00   9.199721e-01   3.183988e-07 
           740   3.197701e-06   1.795692e-03   1.104795e-03   2.656245e-05   0.000000e+00   9.187815e-01   3.181273e-07 
     Iteration     Continuity     X-momentum     Y-momentum     Z-momentum         Energy            Tke            Sdr 
           741   3.198783e-06   1.795511e-03   1.101446e-03   2.648321e-05   0.000000e+00   9.175901e-01   3.178518e-07 
           742   3.200055e-06   1.795329e-03   1.098286e-03   2.639464e-05   0.000000e+00   9.163981e-01   3.175820e-07 
           743   3.200799e-06   1.795146e-03   1.095161e-03   2.631223e-05   0.000000e+00   9.152054e-01   3.173068e-07 
           744   3.197939e-06   1.794961e-03   1.092331e-03   2.622523e-05   0.000000e+00   9.140121e-01   3.170383e-07 
           745   3.193944e-06   1.794775e-03   1.089349e-03   2.613882e-05   0.000000e+00   9.128182e-01   3.167636e-07 
           746   3.187403e-06   1.794587e-03   1.086651e-03   2.605322e-05   0.000000e+00   9.116237e-01   3.164963e-07 
           747   3.158519e-06   1.794398e-03   1.083578e-03   2.596494e-05   0.000000e+00   9.104288e-01   3.162285e-07 
           748   3.100374e-06   1.794208e-03   1.079997e-03   2.588321e-05   0.000000e+00   9.092335e-01   3.159496e-07 
           749   3.052624e-06   1.794016e-03   1.077789e-03   2.579217e-05   0.000000e+00   9.080376e-01   3.156903e-07 
           750   2.989797e-06   1.793823e-03   1.073259e-03   2.571916e-05   0.000000e+00   9.068411e-01   3.154109e-07 
     Iteration     Continuity     X-momentum     Y-momentum     Z-momentum         Energy            Tke            Sdr 
           751   2.954091e-06   1.793629e-03   1.071499e-03   2.562960e-05   0.000000e+00   9.056441e-01   3.151512e-07 
           752   2.913224e-06   1.793433e-03   1.067033e-03   2.555115e-05   0.000000e+00   9.044447e-01   3.148736e-07 
           753   2.885720e-06   1.793172e-03   1.065192e-03   2.545793e-05   0.000000e+00   9.032380e-01   3.146004e-07 
           754   2.867280e-06   1.792911e-03   1.056999e-03   2.538463e-05   0.000000e+00   9.020316e-01   3.143147e-07 
           755   2.852980e-06   1.792659e-03   1.051594e-03   2.529976e-05   0.000000e+00   9.008264e-01   3.140359e-07 
           756   2.834423e-06   1.792412e-03   1.047558e-03   2.521140e-05   0.000000e+00   8.996217e-01   3.137583e-07 
           757   2.826083e-06   1.792167e-03   1.045033e-03   2.512622e-05   0.000000e+00   8.984174e-01   3.134782e-07 
           758   2.827415e-06   1.791924e-03   1.043343e-03   2.503143e-05   0.000000e+00   8.972134e-01   3.132142e-07 
           759   2.838907e-06   1.791683e-03   1.041930e-03   2.495796e-05   0.000000e+00   8.960096e-01   3.129322e-07 
           760   2.850467e-06   1.791443e-03   1.041897e-03   2.486570e-05   0.000000e+00   8.948059e-01   3.126644e-07 
     Iteration     Continuity     X-momentum     Y-momentum     Z-momentum         Energy            Tke            Sdr 
           761   2.847017e-06   1.791205e-03   1.040714e-03   2.478515e-05   0.000000e+00   8.936025e-01   3.123994e-07 
           762   2.834732e-06   1.790967e-03   1.041534e-03   2.471870e-05   0.000000e+00   8.923993e-01   3.121265e-07 
           763   2.826631e-06   1.790730e-03   1.041833e-03   2.464262e-05   0.000000e+00   8.911962e-01   3.118523e-07 
           764   2.836479e-06   1.790493e-03   1.043135e-03   2.455885e-05   0.000000e+00   8.899933e-01   3.115939e-07 
           765   2.847021e-06   1.790257e-03   1.044079e-03   2.448917e-05   0.000000e+00   8.887906e-01   3.113176e-07 
           766   2.863502e-06   1.790022e-03   1.045978e-03   2.440670e-05   0.000000e+00   8.875871e-01   3.110614e-07 
           767   2.876202e-06   1.789702e-03   1.047616e-03   2.433397e-05   0.000000e+00   8.863100e-01   3.107842e-07 
           768   2.898685e-06   1.789393e-03   1.050108e-03   2.424763e-05   0.000000e+00   8.850535e-01   3.105279e-07 
           769   2.906087e-06   1.789112e-03   1.051543e-03   2.417052e-05   0.000000e+00   8.838233e-01   3.102536e-07 
           770   2.926020e-06   1.788844e-03   1.054884e-03   2.408323e-05   0.000000e+00   8.826028e-01   3.099997e-07 
     Iteration     Continuity     X-momentum     Y-momentum     Z-momentum         Energy            Tke            Sdr 
           771   2.925831e-06   1.788584e-03   1.057239e-03   2.400297e-05   0.000000e+00   8.813863e-01   3.097271e-07 
           772   2.947871e-06   1.788278e-03   1.060306e-03   2.391245e-05   0.000000e+00   8.801402e-01   3.094739e-07 
           773   2.947378e-06   1.787873e-03   1.062318e-03   2.383127e-05   0.000000e+00   8.788378e-01   3.092018e-07 
           774   2.959357e-06   1.787525e-03   1.065310e-03   2.374346e-05   0.000000e+00   8.775809e-01   3.089501e-07 
           775   2.952314e-06   1.787210e-03   1.068275e-03   2.366059e-05   0.000000e+00   8.763442e-01   3.086796e-07 
           776   2.953845e-06   1.786913e-03   1.071922e-03   2.357126e-05   0.000000e+00   8.751161e-01   3.084285e-07 
           777   2.936520e-06   1.786623e-03   1.075010e-03   2.349066e-05   0.000000e+00   8.738898e-01   3.081599e-07 
           778   2.918712e-06   1.786341e-03   1.078928e-03   2.340589e-05   0.000000e+00   8.726686e-01   3.079108e-07 
           779   2.874334e-06   1.786067e-03   1.081960e-03   2.332557e-05   0.000000e+00   8.714479e-01   3.076426e-07 
           780   2.845484e-06   1.785635e-03   1.086360e-03   2.323999e-05   0.000000e+00   8.701569e-01   3.073936e-07 
     Iteration     Continuity     X-momentum     Y-momentum     Z-momentum         Energy            Tke            Sdr 
           781   2.810410e-06   1.785233e-03   1.089406e-03   2.316028e-05   0.000000e+00   8.688884e-01   3.071327e-07 
           782   2.777929e-06   1.784875e-03   1.093473e-03   2.308134e-05   0.000000e+00   8.676432e-01   3.068704e-07 
           783   2.731638e-06   1.784543e-03   1.097744e-03   2.299824e-05   0.000000e+00   8.664090e-01   3.066175e-07 
           784   2.686256e-06   1.784228e-03   1.101060e-03   2.291548e-05   0.000000e+00   8.651814e-01   3.063673e-07 
           785   2.643936e-06   1.783925e-03   1.104965e-03   2.284146e-05   0.000000e+00   8.639580e-01   3.061082e-07 
           786   2.623194e-06   1.783630e-03   1.109512e-03   2.276458e-05   0.000000e+00   8.627377e-01   3.058531e-07 
           787   2.619226e-06   1.783340e-03   1.113552e-03   2.268470e-05   0.000000e+00   8.615195e-01   3.055933e-07 
           788   2.618502e-06   1.783056e-03   1.118471e-03   2.260314e-05   0.000000e+00   8.603029e-01   3.053427e-07 
           789   2.610624e-06   1.782775e-03   1.122343e-03   2.252455e-05   0.000000e+00   8.590877e-01   3.050900e-07 
           790   2.603735e-06   1.782498e-03   1.126694e-03   2.244648e-05   0.000000e+00   8.578736e-01   3.048371e-07 
     Iteration     Continuity     X-momentum     Y-momentum     Z-momentum         Energy            Tke            Sdr 
           791   2.588003e-06   1.782222e-03   1.131565e-03   2.236999e-05   0.000000e+00   8.566603e-01   3.045851e-07 
           792   2.573068e-06   1.781949e-03   1.136469e-03   2.229070e-05   0.000000e+00   8.554479e-01   3.043325e-07 
           793   2.562782e-06   1.781676e-03   1.141365e-03   2.221392e-05   0.000000e+00   8.542360e-01   3.040816e-07 
           794   2.549468e-06   1.781405e-03   1.146270e-03   2.213339e-05   0.000000e+00   8.530247e-01   3.038300e-07 
           795   2.537480e-06   1.781134e-03   1.151992e-03   2.205632e-05   0.000000e+00   8.518139e-01   3.035794e-07 
           796   2.534632e-06   1.780865e-03   1.157273e-03   2.197476e-05   0.000000e+00   8.506036e-01   3.033335e-07 
           797   2.536029e-06   1.780595e-03   1.161852e-03   2.189871e-05   0.000000e+00   8.493937e-01   3.030807e-07 
           798   2.521355e-06   1.780326e-03   1.167165e-03   2.182151e-05   0.000000e+00   8.481842e-01   3.028311e-07 
           799   2.516679e-06   1.780057e-03   1.172547e-03   2.174569e-05   0.000000e+00   8.469746e-01   3.025772e-07 
           800   2.528060e-06   1.779772e-03   1.178177e-03   2.167215e-05   0.000000e+00   8.457584e-01   3.023318e-07 
     Iteration     Continuity     X-momentum     Y-momentum     Z-momentum         Energy            Tke            Sdr 
           801   2.555826e-06   1.779344e-03   1.183673e-03   2.160085e-05   0.000000e+00   8.445052e-01   3.020792e-07 
           802   2.583978e-06   1.778961e-03   1.190169e-03   2.153768e-05   0.000000e+00   8.432692e-01   3.018293e-07 
           803   2.607900e-06   1.778604e-03   1.195971e-03   2.147120e-05   0.000000e+00   8.420421e-01   3.015790e-07 
           804   2.629724e-06   1.778263e-03   1.201709e-03   2.140877e-05   0.000000e+00   8.408202e-01   3.013334e-07 
           805   2.649638e-06   1.777934e-03   1.207340e-03   2.134044e-05   0.000000e+00   8.396021e-01   3.010834e-07 
           806   2.666229e-06   1.777613e-03   1.212963e-03   2.127389e-05   0.000000e+00   8.383852e-01   3.008399e-07 
           807   2.677417e-06   1.777243e-03   1.218195e-03   2.120182e-05   0.000000e+00   8.371651e-01   3.005767e-07 
           808   2.682646e-06   1.776885e-03   1.222764e-03   2.112727e-05   0.000000e+00   8.359482e-01   3.003214e-07 
           809   2.683334e-06   1.776538e-03   1.227659e-03   2.104663e-05   0.000000e+00   8.347340e-01   3.000637e-07 
           810   2.687001e-06   1.776199e-03   1.233722e-03   2.097308e-05   0.000000e+00   8.335216e-01   2.998142e-07 
     Iteration     Continuity     X-momentum     Y-momentum     Z-momentum         Energy            Tke            Sdr 
           811   2.668947e-06   1.775865e-03   1.239495e-03   2.089857e-05   0.000000e+00   8.323108e-01   2.995592e-07 
           812   2.632060e-06   1.775536e-03   1.245183e-03   2.081796e-05   0.000000e+00   8.311015e-01   2.993089e-07 
           813   2.596969e-06   1.775210e-03   1.250812e-03   2.073717e-05   0.000000e+00   8.298934e-01   2.990603e-07 
           814   2.569717e-06   1.774888e-03   1.256835e-03   2.065928e-05   0.000000e+00   8.286865e-01   2.988114e-07 
           815   2.547599e-06   1.774569e-03   1.262871e-03   2.058354e-05   0.000000e+00   8.274801e-01   2.985650e-07 
           816   2.531068e-06   1.774197e-03   1.267742e-03   2.050603e-05   0.000000e+00   8.262254e-01   2.983163e-07 
           817   2.522422e-06   1.773818e-03   1.271338e-03   2.043222e-05   0.000000e+00   8.249704e-01   2.980710e-07 
           818   2.516322e-06   1.773466e-03   1.275136e-03   2.035506e-05   0.000000e+00   8.237421e-01   2.978241e-07 
           819   2.505155e-06   1.773126e-03   1.279403e-03   2.028333e-05   0.000000e+00   8.225232e-01   2.975832e-07 
           820   2.485487e-06   1.772793e-03   1.283715e-03   2.020846e-05   0.000000e+00   8.213087e-01   2.973365e-07 
     Iteration     Continuity     X-momentum     Y-momentum     Z-momentum         Energy            Tke            Sdr 
           821   2.472688e-06   1.772467e-03   1.287672e-03   2.012708e-05   0.000000e+00   8.200979e-01   2.970960e-07 
           822   2.465601e-06   1.772144e-03   1.292027e-03   2.004525e-05   0.000000e+00   8.188896e-01   2.968541e-07 
           823   2.455155e-06   1.771825e-03   1.296477e-03   1.996453e-05   0.000000e+00   8.176831e-01   2.966140e-07 
           824   2.449591e-06   1.771509e-03   1.300817e-03   1.988704e-05   0.000000e+00   8.164781e-01   2.963735e-07 
           825   2.451831e-06   1.771194e-03   1.305256e-03   1.981236e-05   0.000000e+00   8.152742e-01   2.961351e-07 
           826   2.458328e-06   1.770882e-03   1.309668e-03   1.974138e-05   0.000000e+00   8.140714e-01   2.958955e-07 
           827   2.468075e-06   1.770571e-03   1.314107e-03   1.967296e-05   0.000000e+00   8.128695e-01   2.956593e-07 
           828   2.478152e-06   1.770261e-03   1.318545e-03   1.960368e-05   0.000000e+00   8.116686e-01   2.954199e-07 
           829   2.473233e-06   1.769952e-03   1.322878e-03   1.954104e-05   0.000000e+00   8.104686e-01   2.951863e-07 
           830   2.467159e-06   1.769644e-03   1.327466e-03   1.947473e-05   0.000000e+00   8.092695e-01   2.949479e-07 
     Iteration     Continuity     X-momentum     Y-momentum     Z-momentum         Energy            Tke            Sdr 
           831   2.468750e-06   1.769337e-03   1.331679e-03   1.940667e-05   0.000000e+00   8.080712e-01   2.947130e-07 
           832   2.474539e-06   1.769030e-03   1.336264e-03   1.934109e-05   0.000000e+00   8.068738e-01   2.944796e-07 
           833   2.482359e-06   1.768724e-03   1.340586e-03   1.927276e-05   0.000000e+00   8.056774e-01   2.942493e-07 
           834   2.471089e-06   1.768418e-03   1.345281e-03   1.920790e-05   0.000000e+00   8.044818e-01   2.940078e-07 
           835   2.473070e-06   1.768112e-03   1.349190e-03   1.914100e-05   0.000000e+00   8.032871e-01   2.937788e-07 
           836   2.493089e-06   1.767806e-03   1.354147e-03   1.907349e-05   0.000000e+00   8.020931e-01   2.935461e-07 
           837   2.459337e-06   1.767501e-03   1.357977e-03   1.900791e-05   0.000000e+00   8.009001e-01   2.933153e-07 
           838   2.444054e-06   1.767195e-03   1.361942e-03   1.894058e-05   0.000000e+00   7.997079e-01   2.930836e-07 
           839   2.442529e-06   1.766890e-03   1.365218e-03   1.887415e-05   0.000000e+00   7.985166e-01   2.928540e-07 
           840   2.444456e-06   1.766585e-03   1.368577e-03   1.880601e-05   0.000000e+00   7.973261e-01   2.926231e-07 
     Iteration     Continuity     X-momentum     Y-momentum     Z-momentum         Energy            Tke            Sdr 
           841   2.443687e-06   1.766280e-03   1.372850e-03   1.874003e-05   0.000000e+00   7.961365e-01   2.923952e-07 
           842   2.438151e-06   1.765974e-03   1.377465e-03   1.866934e-05   0.000000e+00   7.949475e-01   2.921693e-07 
           843   2.433693e-06   1.765663e-03   1.382870e-03   1.860433e-05   0.000000e+00   7.937551e-01   2.919336e-07 
           844   2.420589e-06   1.765353e-03   1.387251e-03   1.853643e-05   0.000000e+00   7.925662e-01   2.917099e-07 
           845   2.406620e-06   1.765046e-03   1.391539e-03   1.846577e-05   0.000000e+00   7.913792e-01   2.914861e-07 
           846   2.388772e-06   1.764739e-03   1.396032e-03   1.839952e-05   0.000000e+00   7.901934e-01   2.912520e-07 
           847   2.365196e-06   1.764431e-03   1.399616e-03   1.833047e-05   0.000000e+00   7.890088e-01   2.910293e-07 
           848   2.354717e-06   1.764125e-03   1.403460e-03   1.826313e-05   0.000000e+00   7.878253e-01   2.908032e-07 
           849   2.345112e-06   1.763818e-03   1.407594e-03   1.819633e-05   0.000000e+00   7.866428e-01   2.905788e-07 
           850   2.336179e-06   1.763511e-03   1.411773e-03   1.813029e-05   0.000000e+00   7.854613e-01   2.903536e-07 
     Iteration     Continuity     X-momentum     Y-momentum     Z-momentum         Energy            Tke            Sdr 
           851   2.323947e-06   1.763204e-03   1.415969e-03   1.806426e-05   0.000000e+00   7.842810e-01   2.901303e-07 
           852   2.308511e-06   1.762897e-03   1.420094e-03   1.799822e-05   0.000000e+00   7.831017e-01   2.899105e-07 
           853   2.297146e-06   1.762590e-03   1.423889e-03   1.793364e-05   0.000000e+00   7.819233e-01   2.896798e-07 
           854   2.281623e-06   1.762264e-03   1.427969e-03   1.786857e-05   0.000000e+00   7.807286e-01   2.894598e-07 
           855   2.272897e-06   1.761894e-03   1.431413e-03   1.780518e-05   0.000000e+00   7.794973e-01   2.892363e-07 
           856   2.262383e-06   1.761548e-03   1.434837e-03   1.773928e-05   0.000000e+00   7.782961e-01   2.890185e-07 
           857   2.251057e-06   1.761196e-03   1.438870e-03   1.767448e-05   0.000000e+00   7.770930e-01   2.887890e-07 
           858   2.251011e-06   1.760739e-03   1.443511e-03   1.761158e-05   0.000000e+00   7.758263e-01   2.885700e-07 
           859   2.252925e-06   1.760302e-03   1.447109e-03   1.754688e-05   0.000000e+00   7.746008e-01   2.883405e-07 
           860   2.253022e-06   1.759888e-03   1.450999e-03   1.748261e-05   0.000000e+00   7.733949e-01   2.881135e-07 
     Iteration     Continuity     X-momentum     Y-momentum     Z-momentum         Energy            Tke            Sdr 
           861   2.245934e-06   1.759494e-03   1.454251e-03   1.741765e-05   0.000000e+00   7.721988e-01   2.878768e-07 
           862   2.242943e-06   1.759114e-03   1.458600e-03   1.735498e-05   0.000000e+00   7.710090e-01   2.876525e-07 
           863   2.241841e-06   1.758742e-03   1.461689e-03   1.729092e-05   0.000000e+00   7.698236e-01   2.874255e-07 
           864   2.243333e-06   1.758377e-03   1.464995e-03   1.722785e-05   0.000000e+00   7.686413e-01   2.872010e-07 
           865   2.245692e-06   1.758017e-03   1.468497e-03   1.716392e-05   0.000000e+00   7.674615e-01   2.869753e-07 
           866   2.248726e-06   1.757660e-03   1.472322e-03   1.710314e-05   0.000000e+00   7.662840e-01   2.867534e-07 
           867   2.230916e-06   1.757307e-03   1.475862e-03   1.703802e-05   0.000000e+00   7.651083e-01   2.865324e-07 
           868   2.211872e-06   1.756956e-03   1.478883e-03   1.697864e-05   0.000000e+00   7.639344e-01   2.863086e-07 
           869   2.195538e-06   1.756607e-03   1.482544e-03   1.691871e-05   0.000000e+00   7.627620e-01   2.860829e-07 
           870   2.202310e-06   1.756260e-03   1.485784e-03   1.685855e-05   0.000000e+00   7.615913e-01   2.858650e-07 
     Iteration     Continuity     X-momentum     Y-momentum     Z-momentum         Energy            Tke            Sdr 
           871   2.218546e-06   1.755916e-03   1.487890e-03   1.679814e-05   0.000000e+00   7.604220e-01   2.856462e-07 
           872   2.230293e-06   1.755572e-03   1.490885e-03   1.673627e-05   0.000000e+00   7.592542e-01   2.854298e-07 
           873   2.228178e-06   1.755230e-03   1.494382e-03   1.667718e-05   0.000000e+00   7.580877e-01   2.852093e-07 
           874   2.239518e-06   1.754889e-03   1.498006e-03   1.661960e-05   0.000000e+00   7.569227e-01   2.849874e-07 
           875   2.264921e-06   1.754549e-03   1.502266e-03   1.656218e-05   0.000000e+00   7.557590e-01   2.847734e-07 
           876   2.283489e-06   1.754211e-03   1.505803e-03   1.650151e-05   0.000000e+00   7.545967e-01   2.845571e-07 
           877   2.296174e-06   1.753868e-03   1.508983e-03   1.644223e-05   0.000000e+00   7.534321e-01   2.843415e-07 
           878   2.306271e-06   1.753525e-03   1.511986e-03   1.638422e-05   0.000000e+00   7.522687e-01   2.841270e-07 
           879   2.308898e-06   1.753185e-03   1.514204e-03   1.632201e-05   0.000000e+00   7.511085e-01   2.839114e-07 
           880   2.306424e-06   1.752847e-03   1.515733e-03   1.626522e-05   0.000000e+00   7.499504e-01   2.837002e-07 
     Iteration     Continuity     X-momentum     Y-momentum     Z-momentum         Energy            Tke            Sdr 
           881   2.290432e-06   1.752510e-03   1.518547e-03   1.620339e-05   0.000000e+00   7.487939e-01   2.834846e-07 
           882   2.275614e-06   1.752174e-03   1.521603e-03   1.614429e-05   0.000000e+00   7.476390e-01   2.832725e-07 
           883   2.249739e-06   1.751839e-03   1.524360e-03   1.608203e-05   0.000000e+00   7.464823e-01   2.830617e-07 
           884   2.221101e-06   1.751335e-03   1.526781e-03   1.601880e-05   0.000000e+00   7.452501e-01   2.828410e-07 
           885   2.204568e-06   1.750862e-03   1.529725e-03   1.595960e-05   0.000000e+00   7.440513e-01   2.826242e-07 
           886   2.190716e-06   1.750427e-03   1.532420e-03   1.590266e-05   0.000000e+00   7.428718e-01   2.824116e-07 
           887   2.172857e-06   1.750008e-03   1.534496e-03   1.584114e-05   0.000000e+00   7.416975e-01   2.822006e-07 
           888   2.147637e-06   1.749444e-03   1.538856e-03   1.578068e-05   0.000000e+00   7.404726e-01   2.819820e-07 
           889   2.134975e-06   1.748941e-03   1.541933e-03   1.572583e-05   0.000000e+00   7.392777e-01   2.817743e-07 
           890   2.119489e-06   1.748477e-03   1.544375e-03   1.566366e-05   0.000000e+00   7.380989e-01   2.815660e-07 
     Iteration     Continuity     X-momentum     Y-momentum     Z-momentum         Energy            Tke            Sdr 
           891   2.095416e-06   1.748036e-03   1.546666e-03   1.560347e-05   0.000000e+00   7.369293e-01   2.813508e-07 
           892   2.084666e-06   1.747614e-03   1.548908e-03   1.554837e-05   0.000000e+00   7.357666e-01   2.811449e-07 
           893   2.066978e-06   1.747205e-03   1.551271e-03   1.548992e-05   0.000000e+00   7.346089e-01   2.809368e-07 
           894   2.046452e-06   1.746808e-03   1.553869e-03   1.543210e-05   0.000000e+00   7.334554e-01   2.807304e-07 
           895   2.026878e-06   1.746420e-03   1.556375e-03   1.537328e-05   0.000000e+00   7.323055e-01   2.805270e-07 
           896   2.006091e-06   1.746039e-03   1.558657e-03   1.531408e-05   0.000000e+00   7.311586e-01   2.803151e-07 
           897   2.000629e-06   1.745658e-03   1.561609e-03   1.526052e-05   0.000000e+00   7.300098e-01   2.801168e-07 
           898   1.984972e-06   1.745283e-03   1.562975e-03   1.520157e-05   0.000000e+00   7.288630e-01   2.799059e-07 
           899   1.978836e-06   1.744858e-03   1.565429e-03   1.514577e-05   0.000000e+00   7.276925e-01   2.797033e-07 
           900   1.976497e-06   1.744360e-03   1.566503e-03   1.508935e-05   0.000000e+00   7.264918e-01   2.795042e-07 
     Iteration     Continuity     X-momentum     Y-momentum     Z-momentum         Energy            Tke            Sdr 
           901   1.970796e-06   1.743911e-03   1.566291e-03   1.503091e-05   0.000000e+00   7.253215e-01   2.792992e-07 
           902   1.975873e-06   1.743492e-03   1.565439e-03   1.497736e-05   0.000000e+00   7.241664e-01   2.790934e-07 
           903   1.987118e-06   1.743092e-03   1.564228e-03   1.492285e-05   0.000000e+00   7.230197e-01   2.788974e-07 
           904   1.984818e-06   1.742706e-03   1.563024e-03   1.486444e-05   0.000000e+00   7.218784e-01   2.786907e-07 
           905   1.995798e-06   1.742290e-03   1.561686e-03   1.481392e-05   0.000000e+00   7.207059e-01   2.784957e-07 
           906   1.987467e-06   1.741892e-03   1.560509e-03   1.475605e-05   0.000000e+00   7.195504e-01   2.782889e-07 
           907   1.995064e-06   1.741511e-03   1.559138e-03   1.470505e-05   0.000000e+00   7.184086e-01   2.780942e-07 
           908   1.983847e-06   1.741140e-03   1.558038e-03   1.464857e-05   0.000000e+00   7.172731e-01   2.778935e-07 
           909   1.967316e-06   1.740777e-03   1.556557e-03   1.459687e-05   0.000000e+00   7.161413e-01   2.776915e-07 
           910   1.955370e-06   1.740409e-03   1.554990e-03   1.454536e-05   0.000000e+00   7.150110e-01   2.774964e-07 
     Iteration     Continuity     X-momentum     Y-momentum     Z-momentum         Energy            Tke            Sdr 
           911   1.928766e-06   1.740017e-03   1.553209e-03   1.448721e-05   0.000000e+00   7.138763e-01   2.772837e-07 
           912   1.925290e-06   1.739631e-03   1.551021e-03   1.443729e-05   0.000000e+00   7.127438e-01   2.770838e-07 
           913   1.904997e-06   1.739255e-03   1.549670e-03   1.438048e-05   0.000000e+00   7.116164e-01   2.768783e-07 
           914   1.899686e-06   1.738885e-03   1.549342e-03   1.432974e-05   0.000000e+00   7.104921e-01   2.766721e-07 
           915   1.906107e-06   1.738519e-03   1.548763e-03   1.427892e-05   0.000000e+00   7.093699e-01   2.764723e-07 
           916   1.906603e-06   1.738156e-03   1.547664e-03   1.422341e-05   0.000000e+00   7.082498e-01   2.762745e-07 
           917   1.888071e-06   1.737797e-03   1.546473e-03   1.416809e-05   0.000000e+00   7.071315e-01   2.760688e-07 
           918   1.900713e-06   1.737440e-03   1.545093e-03   1.412152e-05   0.000000e+00   7.060148e-01   2.758717e-07 
           919   1.898192e-06   1.737080e-03   1.543095e-03   1.406874e-05   0.000000e+00   7.048950e-01   2.756728e-07 
           920   1.898646e-06   1.736693e-03   1.541312e-03   1.401570e-05   0.000000e+00   7.037505e-01   2.754743e-07 
     Iteration     Continuity     X-momentum     Y-momentum     Z-momentum         Energy            Tke            Sdr 
           921   1.898890e-06   1.736312e-03   1.539834e-03   1.396366e-05   0.000000e+00   7.026174e-01   2.752759e-07 
           922   1.897912e-06   1.735937e-03   1.537850e-03   1.391260e-05   0.000000e+00   7.014904e-01   2.750795e-07 
           923   1.893180e-06   1.735572e-03   1.535395e-03   1.386159e-05   0.000000e+00   7.003715e-01   2.748863e-07 
           924   1.874994e-06   1.735212e-03   1.533814e-03   1.380889e-05   0.000000e+00   6.992569e-01   2.746851e-07 
           925   1.880713e-06   1.734852e-03   1.531909e-03   1.376234e-05   0.000000e+00   6.981412e-01   2.744963e-07 
           926   1.861595e-06   1.734390e-03   1.530361e-03   1.370793e-05   0.000000e+00   6.969602e-01   2.742956e-07 
           927   1.857126e-06   1.733971e-03   1.529022e-03   1.365821e-05   0.000000e+00   6.958170e-01   2.741062e-07 
           928   1.840278e-06   1.733544e-03   1.527824e-03   1.360467e-05   0.000000e+00   6.946620e-01   2.739076e-07 
           929   1.828088e-06   1.733132e-03   1.526221e-03   1.355673e-05   0.000000e+00   6.935206e-01   2.737203e-07 
           930   1.749479e-06   1.732742e-03   1.524519e-03   1.350341e-05   0.000000e+00   6.923962e-01   2.735226e-07 
     Iteration     Continuity     X-momentum     Y-momentum     Z-momentum         Energy            Tke            Sdr 
           931   1.710144e-06   1.732353e-03   1.522480e-03   1.345632e-05   0.000000e+00   6.912711e-01   2.733362e-07 
           932   1.677601e-06   1.731943e-03   1.520700e-03   1.340218e-05   0.000000e+00   6.901261e-01   2.731394e-07 
           933   1.676003e-06   1.731554e-03   1.518519e-03   1.335693e-05   0.000000e+00   6.890024e-01   2.729550e-07 
           934   1.655521e-06   1.731177e-03   1.516593e-03   1.330366e-05   0.000000e+00   6.878880e-01   2.727595e-07 
           935   1.654041e-06   1.730807e-03   1.513619e-03   1.325718e-05   0.000000e+00   6.867781e-01   2.725716e-07 
           936   1.651370e-06   1.730443e-03   1.510898e-03   1.320894e-05   0.000000e+00   6.856716e-01   2.723872e-07 
           937   1.628367e-06   1.730081e-03   1.508499e-03   1.315540e-05   0.000000e+00   6.845674e-01   2.721932e-07 
           938   1.634384e-06   1.729723e-03   1.506083e-03   1.311012e-05   0.000000e+00   6.834652e-01   2.720105e-07 
           939   1.617533e-06   1.729366e-03   1.504073e-03   1.305938e-05   0.000000e+00   6.823648e-01   2.718217e-07 
           940   1.611313e-06   1.729012e-03   1.501825e-03   1.301296e-05   0.000000e+00   6.812659e-01   2.716353e-07 
     Iteration     Continuity     X-momentum     Y-momentum     Z-momentum         Energy            Tke            Sdr 
           941   1.604702e-06   1.728658e-03   1.499517e-03   1.296561e-05   0.000000e+00   6.801685e-01   2.714462e-07 
           942   1.609582e-06   1.728306e-03   1.497066e-03   1.291840e-05   0.000000e+00   6.790726e-01   2.712621e-07 
           943   1.619380e-06   1.727955e-03   1.494807e-03   1.286923e-05   0.000000e+00   6.779780e-01   2.710810e-07 
           944   1.601552e-06   1.727604e-03   1.492812e-03   1.281968e-05   0.000000e+00   6.768847e-01   2.708911e-07 
           945   1.611369e-06   1.727254e-03   1.490105e-03   1.277548e-05   0.000000e+00   6.757926e-01   2.707117e-07 
           946   1.601541e-06   1.726904e-03   1.488472e-03   1.272545e-05   0.000000e+00   6.747019e-01   2.705233e-07 
           947   1.620016e-06   1.726554e-03   1.486499e-03   1.268349e-05   0.000000e+00   6.736123e-01   2.703460e-07 
           948   1.604936e-06   1.726205e-03   1.484772e-03   1.263405e-05   0.000000e+00   6.725240e-01   2.701579e-07 
           949   1.620244e-06   1.725856e-03   1.482569e-03   1.259037e-05   0.000000e+00   6.714369e-01   2.699802e-07 
           950   1.605106e-06   1.725506e-03   1.480936e-03   1.254119e-05   0.000000e+00   6.703509e-01   2.697939e-07 
     Iteration     Continuity     X-momentum     Y-momentum     Z-momentum         Energy            Tke            Sdr 
           951   1.617877e-06   1.725153e-03   1.478931e-03   1.249814e-05   0.000000e+00   6.692635e-01   2.696174e-07 
           952   1.602096e-06   1.724800e-03   1.477748e-03   1.245070e-05   0.000000e+00   6.681785e-01   2.694319e-07 
           953   1.609595e-06   1.724448e-03   1.475850e-03   1.240794e-05   0.000000e+00   6.670953e-01   2.692565e-07 
           954   1.591754e-06   1.724097e-03   1.474482e-03   1.235957e-05   0.000000e+00   6.660136e-01   2.690717e-07 
           955   1.601742e-06   1.723746e-03   1.472412e-03   1.231791e-05   0.000000e+00   6.649333e-01   2.688976e-07 
           956   1.582961e-06   1.723396e-03   1.471350e-03   1.226908e-05   0.000000e+00   6.638543e-01   2.687136e-07 
           957   1.588374e-06   1.723045e-03   1.469700e-03   1.222529e-05   0.000000e+00   6.627765e-01   2.685392e-07 
           958   1.563973e-06   1.722693e-03   1.468482e-03   1.217873e-05   0.000000e+00   6.616999e-01   2.683569e-07 
           959   1.563026e-06   1.722342e-03   1.466882e-03   1.213669e-05   0.000000e+00   6.606246e-01   2.681812e-07 
           960   1.560539e-06   1.721990e-03   1.465380e-03   1.209069e-05   0.000000e+00   6.595504e-01   2.680042e-07 
     Iteration     Continuity     X-momentum     Y-momentum     Z-momentum         Energy            Tke            Sdr 
           961   1.555843e-06   1.721638e-03   1.464197e-03   1.204587e-05   0.000000e+00   6.584751e-01   2.678275e-07 
           962   1.554813e-06   1.721198e-03   1.463102e-03   1.200177e-05   0.000000e+00   6.573843e-01   2.676409e-07 
           963   1.554816e-06   1.720730e-03   1.462022e-03   1.195806e-05   0.000000e+00   6.562917e-01   2.674513e-07 
           964   1.553159e-06   1.720284e-03   1.460618e-03   1.191447e-05   0.000000e+00   6.552058e-01   2.672649e-07 
           965   1.552487e-06   1.719851e-03   1.459591e-03   1.187124e-05   0.000000e+00   6.541243e-01   2.670804e-07 
           966   1.552601e-06   1.719427e-03   1.458807e-03   1.182797e-05   0.000000e+00   6.530461e-01   2.668973e-07 
           967   1.553992e-06   1.719008e-03   1.457649e-03   1.178501e-05   0.000000e+00   6.519705e-01   2.667151e-07 
           968   1.554565e-06   1.718595e-03   1.456269e-03   1.174207e-05   0.000000e+00   6.508975e-01   2.665341e-07 
           969   1.554121e-06   1.718186e-03   1.453608e-03   1.169930e-05   0.000000e+00   6.498269e-01   2.663540e-07 
           970   1.551123e-06   1.717782e-03   1.452066e-03   1.165651e-05   0.000000e+00   6.487586e-01   2.661749e-07 
     Iteration     Continuity     X-momentum     Y-momentum     Z-momentum         Energy            Tke            Sdr 
           971   1.545968e-06   1.717380e-03   1.450927e-03   1.161381e-05   0.000000e+00   6.476923e-01   2.659966e-07 
           972   1.538856e-06   1.716981e-03   1.449766e-03   1.157101e-05   0.000000e+00   6.466280e-01   2.658191e-07 
           973   1.530820e-06   1.716586e-03   1.449377e-03   1.152832e-05   0.000000e+00   6.455656e-01   2.656425e-07 
           974   1.521923e-06   1.716192e-03   1.448660e-03   1.148577e-05   0.000000e+00   6.445050e-01   2.654666e-07 
           975   1.512130e-06   1.715800e-03   1.448593e-03   1.144342e-05   0.000000e+00   6.434463e-01   2.652914e-07 
           976   1.503172e-06   1.715411e-03   1.448375e-03   1.140130e-05   0.000000e+00   6.423894e-01   2.651170e-07 
           977   1.494701e-06   1.715023e-03   1.447536e-03   1.135945e-05   0.000000e+00   6.413334e-01   2.649432e-07 
           978   1.488695e-06   1.714581e-03   1.446318e-03   1.131778e-05   0.000000e+00   6.402422e-01   2.647697e-07 
           979   1.484567e-06   1.714129e-03   1.444048e-03   1.127635e-05   0.000000e+00   6.391495e-01   2.645969e-07 
           980   1.470224e-06   1.713702e-03   1.442033e-03   1.123509e-05   0.000000e+00   6.380780e-01   2.644249e-07 
     Iteration     Continuity     X-momentum     Y-momentum     Z-momentum         Energy            Tke            Sdr 
           981   1.458628e-06   1.713289e-03   1.440593e-03   1.119411e-05   0.000000e+00   6.370166e-01   2.642537e-07 
           982   1.449733e-06   1.712886e-03   1.439369e-03   1.115307e-05   0.000000e+00   6.359608e-01   2.640832e-07 
           983   1.443717e-06   1.712488e-03   1.438857e-03   1.111191e-05   0.000000e+00   6.349088e-01   2.639132e-07 
           984   1.439596e-06   1.712094e-03   1.438523e-03   1.107064e-05   0.000000e+00   6.338599e-01   2.637439e-07 
           985   1.437500e-06   1.711704e-03   1.438174e-03   1.102941e-05   0.000000e+00   6.328136e-01   2.635752e-07 
           986   1.437023e-06   1.711316e-03   1.437942e-03   1.098837e-05   0.000000e+00   6.317695e-01   2.634070e-07 
           987   1.437346e-06   1.710930e-03   1.437798e-03   1.094742e-05   0.000000e+00   6.307272e-01   2.632394e-07 
           988   1.437791e-06   1.710537e-03   1.437709e-03   1.090656e-05   0.000000e+00   6.296817e-01   2.630722e-07 
           989   1.438048e-06   1.710021e-03   1.437705e-03   1.086583e-05   0.000000e+00   6.286011e-01   2.629029e-07 
           990   1.436270e-06   1.709546e-03   1.437798e-03   1.082512e-05   0.000000e+00   6.275379e-01   2.627352e-07 
     Iteration     Continuity     X-momentum     Y-momentum     Z-momentum         Energy            Tke            Sdr 
           991   1.436305e-06   1.709046e-03   1.437984e-03   1.078443e-05   0.000000e+00   6.264592e-01   2.625686e-07 
           992   1.438652e-06   1.708504e-03   1.438215e-03   1.074404e-05   0.000000e+00   6.253622e-01   2.624027e-07 
           993   1.441411e-06   1.708007e-03   1.438388e-03   1.070395e-05   0.000000e+00   6.242928e-01   2.622376e-07 
           994   1.444187e-06   1.707541e-03   1.438522e-03   1.066423e-05   0.000000e+00   6.232379e-01   2.620731e-07 
           995   1.446684e-06   1.707093e-03   1.438442e-03   1.062488e-05   0.000000e+00   6.221914e-01   2.619092e-07 
           996   1.448886e-06   1.706658e-03   1.437711e-03   1.058571e-05   0.000000e+00   6.211511e-01   2.617458e-07 
           997   1.450439e-06   1.706234e-03   1.437285e-03   1.054689e-05   0.000000e+00   6.201155e-01   2.615830e-07 
           998   1.451430e-06   1.705818e-03   1.437558e-03   1.050834e-05   0.000000e+00   6.190838e-01   2.614208e-07 
           999   1.451880e-06   1.705408e-03   1.438329e-03   1.047008e-05   0.000000e+00   6.180554e-01   2.612591e-07 
          1000   1.451386e-06   1.705004e-03   1.439741e-03   1.043192e-05   0.000000e+00   6.170300e-01   2.610980e-07 
A3-8-RUN-OK
A3-9-UINLET: 50.0


Exporting C:/Users/Kogami/cb_dl/tmr/run2/tau_a3.vrt

 Time to export (s): 0.004
Done.
A3-10-EXPORT-OK
Saving: C:/Users/Kogami/cb_dl/tmr/run2/fp3d_A3.sim... complete (7.9866MB in 0.097s).
A3-DONE
Design Simcenter STAR-CCM+ simulation completed
服务器流程退出：程序 0
