Picked up JAVA_TOOL_OPTIONS: -Dfile.encoding=UTF-8
启动本地服务器：starccm+.bat -server -new 
Serial process 14836

Simcenter STAR-CCM+ 2402 Build 19.02.009 (win64/clang15.0vc14.2-r8)

License build date: 16 February 2023
This version of the code requires license version 2024.02 or greater.
Checking license file: C:\Users\Kogami\license.dat
Checking license file: C:/Users/Kogami/license.dat
Checking license file: D:\STAR CCM\17.04.008-R8\license.dat
Unable to list features for license file D:\STAR CCM\17.04.008-R8\license.dat.
1 copy of ccmpsuite checked out from C:\Users\Kogami\license.dat
Feature ccmpsuite does not expire
Mon Sep 21 19:18:59 2026

Server::start -host Jerry:47827
正在播放宏： C:\Users\Kogami\cb_dl\tmr\run2\long273.java
long273.java:44: 警告: [deprecation] star.common.ContinuumManager中的setContinuum(java.util.List<star.common.Region>,star.common.Continuum)已过时
        sim.getContinuumManager().setContinuum(rl, pc);
                                 ^

LR-START L273
Loading module: Mapping


Importing C:/Users/Kogami/cb_dl/tmr/grid_struct_273x193_vol.cgns
Loading module: CaeIOCgns
Reading C:\Users\Kogami\cb_dl\tmr\grid_struct_273x193_vol.cgns...
Reading faces : 209360
Re-Reading faces : 209360
Number of faces: 105376
   Reading boundary: Base:Zone   1:default
Processing mesh
Finished reading C:\Users\Kogami\cb_dl\tmr\grid_struct_273x193_vol.cgns
Reordering
Finished importing
Imported coordinate extents (m)
X extents: [-0.33333, 2.0]
   Y extents: [-1.0, 0.0]
   Z extents: [0.0, 1.0]

INFO: No CGNS units information found for base node 1
Splitting default into 6 pieces...
Created new boundary default 2 with 192 faces
Created new boundary default 3 with 192 faces
Created new boundary default 4 with 272 faces
Created new boundary default 5 with 272 faces
Created new boundary default 6 with 52224 faces
Boundary default left with 52224 faces.
Reading material property database "C:\Program Files\Siemens\19.02.009-R8\STAR-CCM+19.02.009-R8\star\data\props.mdb"...
Loading module: SegregatedFlowModel
Loading module: SegregatedEnergyModel
Loading module: KwTurbModel
Created new boundary default 4 2 with 48 faces
Boundary default 4 left with 224 faces.
LR-BEFORE-MAXSTEPS 1000
LR-AFTER-MAXSTEPS 6000
LR-SETUP-DONE
Initialization of star.flow.EffectiveViscosityModel requires an additional pass...
Initialization of star.flow.EffectiveViscositySolver requires an additional pass...
Wall distance limited to 1e-06 on 224 cells in Zone   1
LR-INIT-IT 0

Error: AMG solver diverged.
AMG exit reason: Diverged due to exceeding divergence tolerance.
Relative residual: 2.014305e+05
     Iteration     Continuity     X-momentum     Y-momentum     Z-momentum         Energy            Tke            Sdr 
             1   1.000000e+00   1.000000e+00   1.000000e+00   1.000000e+00   0.000000e+00   1.000000e+00   1.000000e+00 
             2   1.191497e-01   1.000000e+00   1.000000e+00   1.000000e+00   0.000000e+00   4.896043e-01   1.000000e+00 
             3   4.298633e-02   2.842748e-01   4.169165e-01   7.485969e-01   0.000000e+00   3.814978e-01   1.331825e-01 
             4   2.522067e-02   1.723418e-01   2.828189e-01   5.561620e-01   0.000000e+00   3.092100e-01   2.308486e-02 
             5   2.265266e-02   1.112851e-01   2.098477e-01   4.520680e-01   0.000000e+00   2.414449e-01   1.329218e-02 
             6   1.938465e-02   9.023850e-02   1.100914e-01   3.749832e-01   0.000000e+00   2.023259e-01   8.240598e-03 
             7   1.767627e-02   8.771860e-02   6.673273e-02   3.208362e-01   0.000000e+00   1.690500e-01   5.420113e-03 
             8   1.674302e-02   8.832462e-02   4.163499e-02   2.816762e-01   0.000000e+00   1.470999e-01   3.698105e-03 
             9   1.603040e-02   8.692863e-02   2.390829e-02   2.524391e-01   0.000000e+00   1.314530e-01   2.651026e-03 
            10   1.524328e-02   8.379912e-02   1.484380e-02   2.300463e-01   0.000000e+00   1.203359e-01   1.972189e-03 
     Iteration     Continuity     X-momentum     Y-momentum     Z-momentum         Energy            Tke            Sdr 
            11   1.512271e-02   8.034198e-02   1.105633e-02   2.125161e-01   0.000000e+00   1.120773e-01   1.509802e-03 
            12   1.389405e-02   7.684561e-02   7.900140e-03   1.986042e-01   0.000000e+00   1.055807e-01   1.274144e-03 
            13   1.208543e-02   7.354437e-02   6.597333e-03   1.873991e-01   0.000000e+00   1.002960e-01   1.230918e-02 
            14   1.413606e-02   7.061074e-02   5.970397e-03   1.783936e-01   0.000000e+00   9.584964e-02   3.134794e-02 
            15   1.442216e-02   6.809821e-02   5.159216e-03   1.711788e-01   0.000000e+00   9.201968e-02   3.134981e-02 
            16   1.598858e-02   6.601331e-02   4.663814e-03   1.651404e-01   0.000000e+00   8.868477e-02   1.765449e-02 
            17   1.667476e-02   6.417482e-02   4.394080e-03   1.597312e-01   0.000000e+00   8.580459e-02   8.633291e-03 
            18   2.116643e-02   6.263515e-02   4.426283e-03   1.546844e-01   0.000000e+00   8.336856e-02   3.629113e-03 
            19   2.808651e-02   6.151266e-02   4.738573e-03   1.497631e-01   0.000000e+00   8.146191e-02   1.797726e-03 
            20   2.226573e-02   6.081400e-02   5.093286e-03   1.450657e-01   0.000000e+00   8.017717e-02   1.091125e-03 
     Iteration     Continuity     X-momentum     Y-momentum     Z-momentum         Energy            Tke            Sdr 
            21   1.731993e-02   6.040343e-02   5.405331e-03   1.405897e-01   0.000000e+00   7.969846e-02   7.782511e-04 
            22   2.055178e-02   6.016893e-02   5.776856e-03   1.366233e-01   0.000000e+00   8.025266e-02   6.058254e-04 
            23   5.120573e-02   6.028094e-02   5.293493e-03   1.331314e-01   0.000000e+00   8.206176e-02   4.875491e-04 
            24   2.687074e-02   6.095044e-02   9.096786e-03   1.309558e-01   0.000000e+00   8.536967e-02   3.966572e-04 
            25   1.787088e-02   6.136986e-02   1.210005e-02   1.285723e-01   0.000000e+00   9.036146e-02   3.228176e-04 
            26   4.928037e-02   6.100154e-02   8.763134e-03   1.272047e-01   0.000000e+00   9.713418e-02   2.608718e-04 
            27   2.743803e-02   6.026497e-02   9.010588e-03   1.290323e-01   0.000000e+00   1.056979e-01   2.083190e-04 
            28   1.570205e-02   5.829772e-02   8.560250e-03   1.299524e-01   0.000000e+00   1.160205e-01   1.639107e-04 
            29   1.898537e-02   5.488442e-02   5.842497e-03   1.279266e-01   0.000000e+00   1.303921e-01   1.665641e-03 
            30   1.526790e-02   5.087721e-02   4.865348e-03   1.297357e-01   0.000000e+00   1.467603e-01   1.206425e-03 
     Iteration     Continuity     X-momentum     Y-momentum     Z-momentum         Energy            Tke            Sdr 
            31   1.451178e-02   4.621913e-02   4.612877e-03   1.255292e-01   0.000000e+00   1.648079e-01   7.680980e-04 
            32   1.364571e-02   4.162071e-02   4.976264e-03   1.183181e-01   0.000000e+00   1.840152e-01   5.171120e-04 
            33   1.151724e-02   3.534804e-02   3.605541e-03   1.162009e-01   0.000000e+00   2.042206e-01   3.813656e-04 
            34   1.058022e-02   3.054473e-02   3.736727e-03   1.081222e-01   0.000000e+00   2.248875e-01   3.014409e-04 
            35   8.144187e-03   2.783630e-02   3.158389e-03   1.053266e-01   0.000000e+00   2.456274e-01   2.472434e-04 
            36   7.253554e-03   2.538904e-02   2.688806e-03   1.008086e-01   0.000000e+00   2.664194e-01   2.057764e-04 
            37   6.834894e-03   2.410973e-02   2.529335e-03   9.623558e-02   0.000000e+00   2.865110e-01   1.704508e-04 
            38   6.225507e-03   2.295155e-02   2.406738e-03   9.198057e-02   0.000000e+00   3.062397e-01   1.400791e-04 
            39   4.561192e-03   2.191994e-02   1.855316e-03   8.865335e-02   0.000000e+00   3.251301e-01   1.128630e-04 
            40   3.578803e-03   2.105393e-02   1.732341e-03   8.652849e-02   0.000000e+00   3.431408e-01   8.817179e-05 
     Iteration     Continuity     X-momentum     Y-momentum     Z-momentum         Energy            Tke            Sdr 
            41   2.889043e-03   2.047359e-02   1.753598e-03   8.501181e-02   0.000000e+00   3.598605e-01   6.576088e-05 
            42   2.226205e-03   1.995219e-02   1.655479e-03   8.376639e-02   0.000000e+00   3.770983e-01   2.443674e-04 
            43   1.663757e-03   1.946561e-02   1.485208e-03   8.265878e-02   0.000000e+00   3.934767e-01   1.976281e-04 
            44   1.389361e-03   1.900359e-02   1.418386e-03   8.158254e-02   0.000000e+00   4.086643e-01   1.449368e-04 
            45   1.166449e-03   1.854599e-02   1.368594e-03   8.054585e-02   0.000000e+00   4.228553e-01   1.076085e-04 
            46   9.810009e-04   1.812890e-02   1.328712e-03   7.955462e-02   0.000000e+00   4.359827e-01   8.072686e-05 
            47   8.581797e-04   1.779027e-02   1.287393e-03   7.860262e-02   0.000000e+00   4.481741e-01   5.946227e-05 
            48   7.368652e-04   1.752672e-02   1.262109e-03   7.768460e-02   0.000000e+00   4.595063e-01   4.125234e-05 
            49   6.371460e-04   1.732499e-02   1.240944e-03   7.679823e-02   0.000000e+00   4.699481e-01   2.531535e-05 
            50   5.558581e-04   1.716735e-02   1.209221e-03   7.593374e-02   0.000000e+00   4.796654e-01   1.298404e-05 
     Iteration     Continuity     X-momentum     Y-momentum     Z-momentum         Energy            Tke            Sdr 
            51   4.781537e-04   1.703848e-02   1.184917e-03   7.509545e-02   0.000000e+00   4.886920e-01   1.338026e-05 
            52   4.176689e-04   1.693836e-02   1.162569e-03   7.428013e-02   0.000000e+00   4.970555e-01   2.420432e-05 
            53   3.730937e-04   1.685878e-02   1.145080e-03   7.348390e-02   0.000000e+00   5.047752e-01   3.631786e-05 
            54   3.393517e-04   1.680558e-02   1.124560e-03   7.270354e-02   0.000000e+00   5.118899e-01   4.820120e-05 
            55   3.131651e-04   1.676730e-02   1.109066e-03   7.193975e-02   0.000000e+00   5.184253e-01   5.955412e-05 
            56   2.892772e-04   1.675181e-02   1.089148e-03   7.119061e-02   0.000000e+00   5.244964e-01   7.039496e-05 
            57   2.700729e-04   1.675217e-02   1.073088e-03   7.045395e-02   0.000000e+00   5.301244e-01   8.078795e-05 
            58   2.547878e-04   1.677261e-02   1.058463e-03   6.973066e-02   0.000000e+00   5.352892e-01   9.083681e-05 
            59   2.407556e-04   1.680401e-02   1.043117e-03   6.901405e-02   0.000000e+00   5.400574e-01   1.006918e-04 
            60   2.290936e-04   1.684729e-02   1.029761e-03   6.830702e-02   0.000000e+00   5.444351e-01   1.105403e-04 
     Iteration     Continuity     X-momentum     Y-momentum     Z-momentum         Energy            Tke            Sdr 
            61   2.224511e-04   1.690435e-02   1.013279e-03   6.760583e-02   0.000000e+00   5.484731e-01   1.206367e-04 
            62   2.195942e-04   1.697563e-02   1.000145e-03   6.691158e-02   0.000000e+00   5.522084e-01   1.313213e-04 
            63   2.184749e-04   1.706122e-02   9.836812e-04   6.622127e-02   0.000000e+00   5.556350e-01   1.429675e-04 
            64   2.184895e-04   1.716025e-02   9.736267e-04   6.553341e-02   0.000000e+00   5.580765e-01   1.589294e-04 
            65   2.186614e-04   1.726766e-02   9.590796e-04   6.485022e-02   0.000000e+00   5.602766e-01   1.733949e-04 
            66   2.161658e-04   1.739194e-02   9.437724e-04   6.416623e-02   0.000000e+00   5.622489e-01   1.905691e-04 
            67   2.164075e-04   1.752876e-02   9.333471e-04   6.348179e-02   0.000000e+00   5.640446e-01   5.446880e-04 
            68   2.163937e-04   1.767771e-02   9.223181e-04   6.279849e-02   0.000000e+00   5.656871e-01   8.333064e-04 
            69   2.175304e-04   1.783582e-02   9.115874e-04   6.211241e-02   0.000000e+00   5.671578e-01   1.136800e-03 
            70   2.155671e-04   1.800798e-02   9.009265e-04   6.142118e-02   0.000000e+00   5.684894e-01   1.460088e-03 
     Iteration     Continuity     X-momentum     Y-momentum     Z-momentum         Energy            Tke            Sdr 
            71   2.138292e-04   1.819108e-02   8.919018e-04   6.072886e-02   0.000000e+00   5.696766e-01   1.792866e-03 
            72   2.140675e-04   1.838915e-02   8.795349e-04   6.003083e-02   0.000000e+00   5.707565e-01   2.290052e-03 
            73   2.122198e-04   1.859545e-02   8.692647e-04   5.932679e-02   0.000000e+00   5.717088e-01   2.768816e-03 
            74   2.121064e-04   1.881404e-02   8.590868e-04   5.861650e-02   0.000000e+00   5.725806e-01   2.503530e-03 
            75   2.113490e-04   1.904231e-02   8.519056e-04   5.789991e-02   0.000000e+00   5.733621e-01   1.572483e-03 
            76   2.112379e-04   1.927817e-02   8.452071e-04   5.717288e-02   0.000000e+00   5.740734e-01   1.663725e-03 
            77   2.114716e-04   1.952615e-02   8.287813e-04   5.643784e-02   0.000000e+00   5.747258e-01   2.114044e-03 
            78   2.115018e-04   1.977940e-02   8.250813e-04   5.569247e-02   0.000000e+00   5.753151e-01   2.431312e-03 
            79   2.111836e-04   2.003771e-02   8.138156e-04   5.493651e-02   0.000000e+00   5.758578e-01   2.099420e-03 
            80   2.107739e-04   2.030484e-02   8.067608e-04   5.416852e-02   0.000000e+00   5.763713e-01   1.077617e-03 
     Iteration     Continuity     X-momentum     Y-momentum     Z-momentum         Energy            Tke            Sdr 
            81   2.096103e-04   2.057859e-02   8.105912e-04   5.338875e-02   0.000000e+00   5.768434e-01   7.894460e-04 
            82   2.095133e-04   2.086204e-02   7.870038e-04   5.259814e-02   0.000000e+00   5.772737e-01   1.059943e-03 
            83   2.103778e-04   2.114500e-02   7.727190e-04   5.179313e-02   0.000000e+00   5.776797e-01   1.416465e-03 
            84   2.103839e-04   2.143092e-02   7.717974e-04   5.097628e-02   0.000000e+00   5.780676e-01   1.817605e-03 
            85   2.108282e-04   2.171656e-02   7.671235e-04   5.014565e-02   0.000000e+00   5.784414e-01   2.224760e-03 
            86   2.120391e-04   2.200125e-02   7.562173e-04   4.930524e-02   0.000000e+00   5.788068e-01   2.656377e-03 
            87   2.132904e-04   2.228664e-02   7.414342e-04   4.845268e-02   0.000000e+00   5.791763e-01   3.310393e-03 
            88   2.149937e-04   2.256982e-02   7.347147e-04   4.758913e-02   0.000000e+00   5.795571e-01   3.915591e-03 
            89   2.165358e-04   2.284968e-02   7.226322e-04   4.671603e-02   0.000000e+00   5.799504e-01   4.004334e-03 
            90   2.176956e-04   2.312469e-02   7.196515e-04   4.583510e-02   0.000000e+00   5.803495e-01   3.740612e-03 
     Iteration     Continuity     X-momentum     Y-momentum     Z-momentum         Energy            Tke            Sdr 
            91   2.175014e-04   2.339311e-02   7.100752e-04   4.494725e-02   0.000000e+00   5.807701e-01   4.082841e-03 
            92   2.177297e-04   2.365547e-02   6.991612e-04   4.405289e-02   0.000000e+00   5.812118e-01   4.467634e-03 
            93   2.189188e-04   2.391096e-02   6.924870e-04   4.315472e-02   0.000000e+00   5.816773e-01   4.440299e-03 
            94   2.209747e-04   2.415850e-02   6.950248e-04   4.225251e-02   0.000000e+00   5.821909e-01   4.246838e-03 
            95   2.228233e-04   2.439911e-02   6.857107e-04   4.134729e-02   0.000000e+00   5.827573e-01   4.192660e-03 
            96   2.261867e-04   2.463334e-02   6.789841e-04   4.043715e-02   0.000000e+00   5.833943e-01   4.153424e-03 
            97   2.316196e-04   2.486028e-02   6.646465e-04   3.952424e-02   0.000000e+00   5.841294e-01   3.814861e-03 
            98   2.337933e-04   2.508212e-02   6.669208e-04   3.860481e-02   0.000000e+00   5.849482e-01   3.554981e-03 
            99   2.413785e-04   2.529835e-02   6.517157e-04   3.767928e-02   0.000000e+00   5.858901e-01   3.657913e-03 
           100   2.454564e-04   2.551207e-02   6.438064e-04   3.674140e-02   0.000000e+00   5.869607e-01   3.940262e-03 
     Iteration     Continuity     X-momentum     Y-momentum     Z-momentum         Energy            Tke            Sdr 
           101   2.494533e-04   2.572260e-02   6.353867e-04   3.579393e-02   0.000000e+00   5.881896e-01   4.200681e-03 
           102   2.557236e-04   2.593155e-02   6.231094e-04   3.483167e-02   0.000000e+00   5.895645e-01   4.474554e-03 
           103   2.611296e-04   2.613773e-02   6.180561e-04   3.385301e-02   0.000000e+00   5.911306e-01   4.590116e-03 
           104   2.683838e-04   2.633830e-02   6.126712e-04   3.286180e-02   0.000000e+00   5.928906e-01   4.616767e-03 
           105   2.770748e-04   2.653547e-02   6.131267e-04   3.184755e-02   0.000000e+00   5.948965e-01   4.795330e-03 
           106   2.867563e-04   2.672152e-02   5.943003e-04   3.082356e-02   0.000000e+00   5.971243e-01   5.104570e-03 
           107   2.989604e-04   2.689461e-02   5.743378e-04   2.978270e-02   0.000000e+00   5.996467e-01   5.495590e-03 
           108   3.087564e-04   2.705103e-02   5.552370e-04   2.873601e-02   0.000000e+00   6.024493e-01   5.870890e-03 
           109   3.186470e-04   2.718381e-02   5.336515e-04   2.768838e-02   0.000000e+00   6.055938e-01   6.256606e-03 
           110   3.272094e-04   2.729100e-02   5.272774e-04   2.664825e-02   0.000000e+00   6.090580e-01   6.600705e-03 
     Iteration     Continuity     X-momentum     Y-momentum     Z-momentum         Energy            Tke            Sdr 
           111   3.332173e-04   2.736645e-02   5.087085e-04   2.561928e-02   0.000000e+00   6.128801e-01   6.782016e-03 
           112   3.374337e-04   2.740117e-02   4.957426e-04   2.462414e-02   0.000000e+00   6.170672e-01   6.725584e-03 
           113   3.405671e-04   2.738932e-02   4.820041e-04   2.367122e-02   0.000000e+00   6.216720e-01   6.494787e-03 
           114   3.387171e-04   2.732331e-02   4.741548e-04   2.277036e-02   0.000000e+00   6.267194e-01   6.274993e-03 
           115   3.361345e-04   2.719980e-02   4.754688e-04   2.193314e-02   0.000000e+00   6.322353e-01   6.021334e-03 
           116   3.287821e-04   2.701224e-02   4.557207e-04   2.116256e-02   0.000000e+00   6.382803e-01   5.307326e-03 
           117   3.227793e-04   2.676124e-02   4.493374e-04   2.046266e-02   0.000000e+00   6.448641e-01   4.050910e-03 
           118   3.129879e-04   2.644147e-02   4.360147e-04   1.983692e-02   0.000000e+00   6.520621e-01   2.481983e-03 
           119   3.013752e-04   2.605367e-02   4.580433e-04   1.927378e-02   0.000000e+00   6.598616e-01   1.088437e-03 
           120   2.865547e-04   2.560657e-02   4.381027e-04   1.874562e-02   0.000000e+00   6.683269e-01   3.299954e-04 
     Iteration     Continuity     X-momentum     Y-momentum     Z-momentum         Energy            Tke            Sdr 
           121   2.743321e-04   2.509789e-02   4.179638e-04   1.825842e-02   0.000000e+00   6.765233e-01   8.419411e-05 
           122   2.644500e-04   2.453570e-02   4.179495e-04   1.778382e-02   0.000000e+00   6.855617e-01   2.644692e-05 
           123   2.621772e-04   2.392726e-02   4.186291e-04   1.730479e-02   0.000000e+00   6.954686e-01   1.148322e-05 
           124   2.626509e-04   2.328156e-02   4.289026e-04   1.679738e-02   0.000000e+00   7.062862e-01   6.625416e-06 
           125   2.685880e-04   2.261194e-02   4.081975e-04   1.625619e-02   0.000000e+00   7.177786e-01   4.531363e-06 
           126   2.845451e-04   2.193679e-02   3.962506e-04   1.566696e-02   0.000000e+00   7.302717e-01   3.501362e-06 
           127   3.129189e-04   2.127549e-02   3.975194e-04   1.503576e-02   0.000000e+00   7.438439e-01   2.972249e-06 
           128   3.354304e-04   2.064695e-02   3.766766e-04   1.436622e-02   0.000000e+00   7.584356e-01   2.693800e-06 
           129   3.731168e-04   2.007283e-02   3.702027e-04   1.366913e-02   0.000000e+00   7.741327e-01   2.535558e-06 
           130   4.095812e-04   1.957048e-02   3.568169e-04   1.295198e-02   0.000000e+00   7.908341e-01   2.445221e-06 
     Iteration     Continuity     X-momentum     Y-momentum     Z-momentum         Energy            Tke            Sdr 
           131   4.442475e-04   1.915512e-02   3.437448e-04   1.221944e-02   0.000000e+00   8.086069e-01   2.392527e-06 
           132   4.718230e-04   1.883128e-02   3.330271e-04   1.146165e-02   0.000000e+00   8.273586e-01   2.360326e-06 
           133   4.878110e-04   1.859018e-02   3.168142e-04   1.067904e-02   0.000000e+00   8.470805e-01   2.341153e-06 
           134   4.909973e-04   1.840953e-02   3.064092e-04   9.882797e-03   0.000000e+00   8.676976e-01   2.330018e-06 
           135   4.802255e-04   1.825549e-02   2.919030e-04   9.106542e-03   0.000000e+00   8.890976e-01   2.323665e-06 
           136   4.612675e-04   1.809447e-02   2.796402e-04   8.371720e-03   0.000000e+00   9.111671e-01   2.320356e-06 
           137   4.370106e-04   1.789651e-02   2.668637e-04   7.704940e-03   0.000000e+00   9.337902e-01   2.319535e-06 
           138   4.092237e-04   1.764138e-02   2.534636e-04   7.126801e-03   0.000000e+00   9.567738e-01   2.319467e-06 
           139   3.797328e-04   1.731755e-02   2.414519e-04   6.649316e-03   0.000000e+00   9.799457e-01   2.320769e-06 
           140   3.468315e-04   1.691688e-02   2.342513e-04   6.268835e-03   0.000000e+00   1.003028e+00   2.322456e-06 
     Iteration     Continuity     X-momentum     Y-momentum     Z-momentum         Energy            Tke            Sdr 
           141   3.125281e-04   1.644004e-02   2.299783e-04   5.978920e-03   0.000000e+00   1.025797e+00   2.324787e-06 
           142   2.791506e-04   1.589031e-02   2.288065e-04   5.761773e-03   0.000000e+00   1.047893e+00   2.327363e-06 
           143   2.473858e-04   1.527584e-02   2.204694e-04   5.593784e-03   0.000000e+00   1.069069e+00   2.330017e-06 
           144   2.177097e-04   1.460546e-02   1.982306e-04   5.450739e-03   0.000000e+00   1.088868e+00   2.332801e-06 
           145   1.965036e-04   1.389046e-02   1.806133e-04   5.310257e-03   0.000000e+00   1.107091e+00   2.335691e-06 
           146   1.929519e-04   1.314242e-02   1.664354e-04   5.151035e-03   0.000000e+00   1.124400e+00   2.338806e-06 
           147   1.821562e-04   1.237842e-02   1.635373e-04   4.945251e-03   0.000000e+00   1.144362e+00   2.344370e-06 
           148   1.937206e-04   1.160567e-02   1.506510e-04   4.720121e-03   0.000000e+00   1.159248e+00   2.349857e-06 
           149   2.137423e-04   1.086234e-02   1.451280e-04   4.462301e-03   0.000000e+00   1.170501e+00   2.355108e-06 
           150   2.322746e-04   1.016253e-02   1.373074e-04   4.173711e-03   0.000000e+00   1.178107e+00   2.360134e-06 
     Iteration     Continuity     X-momentum     Y-momentum     Z-momentum         Energy            Tke            Sdr 
           151   2.459710e-04   9.516047e-03   1.355725e-04   3.867011e-03   0.000000e+00   1.182369e+00   2.364882e-06 
           152   2.557902e-04   8.932988e-03   1.381115e-04   3.559652e-03   0.000000e+00   1.183486e+00   2.369362e-06 
           153   2.616843e-04   8.415180e-03   1.405756e-04   3.261997e-03   0.000000e+00   1.181998e+00   2.373498e-06 
           154   2.618067e-04   7.960383e-03   1.431081e-04   2.985567e-03   0.000000e+00   1.178127e+00   2.377347e-06 
           155   2.576753e-04   7.565897e-03   1.482626e-04   2.743077e-03   0.000000e+00   1.172476e+00   2.380875e-06 
           156   2.496091e-04   7.224824e-03   1.478733e-04   2.539505e-03   0.000000e+00   1.165527e+00   2.384085e-06 
           157   2.396398e-04   6.929129e-03   1.476982e-04   2.376596e-03   0.000000e+00   1.157622e+00   2.386849e-06 
           158   2.281149e-04   6.669802e-03   1.520031e-04   2.255964e-03   0.000000e+00   1.149313e+00   2.389281e-06 
           159   2.157506e-04   6.440534e-03   1.632467e-04   2.164417e-03   0.000000e+00   1.140826e+00   2.391321e-06 
           160   2.023147e-04   6.233277e-03   1.753507e-04   2.094827e-03   0.000000e+00   1.132400e+00   2.392985e-06 
     Iteration     Continuity     X-momentum     Y-momentum     Z-momentum         Energy            Tke            Sdr 
           161   1.894808e-04   6.043161e-03   1.885778e-04   2.038957e-03   0.000000e+00   1.124133e+00   2.394221e-06 
           162   1.789212e-04   5.866226e-03   2.007789e-04   1.989391e-03   0.000000e+00   1.115834e+00   2.395080e-06 
           163   1.688154e-04   5.700025e-03   2.125980e-04   1.940488e-03   0.000000e+00   1.107761e+00   2.395479e-06 
           164   1.618125e-04   5.543036e-03   2.225007e-04   1.890118e-03   0.000000e+00   1.099602e+00   2.395492e-06 
           165   1.566756e-04   5.394190e-03   2.326384e-04   1.837149e-03   0.000000e+00   1.091722e+00   2.395094e-06 
           166   1.520523e-04   5.253049e-03   2.413557e-04   1.782909e-03   0.000000e+00   1.083645e+00   2.394260e-06 
           167   1.491805e-04   5.119056e-03   2.497822e-04   1.727542e-03   0.000000e+00   1.075535e+00   2.393012e-06 
           168   1.471255e-04   4.992154e-03   2.579754e-04   1.672412e-03   0.000000e+00   1.067215e+00   2.391350e-06 
           169   1.474153e-04   4.871849e-03   2.670992e-04   1.618967e-03   0.000000e+00   1.058692e+00   2.389206e-06 
           170   1.447029e-04   4.757755e-03   2.532627e-04   1.568082e-03   0.000000e+00   1.049963e+00   2.386631e-06 
     Iteration     Continuity     X-momentum     Y-momentum     Z-momentum         Energy            Tke            Sdr 
           171   1.450062e-04   4.650072e-03   2.454995e-04   1.520829e-03   0.000000e+00   1.041085e+00   2.383642e-06 
           172   1.420899e-04   4.547774e-03   2.359310e-04   1.477013e-03   0.000000e+00   1.032066e+00   2.380186e-06 
           173   1.424084e-04   4.451150e-03   2.372101e-04   1.437842e-03   0.000000e+00   1.022853e+00   2.376286e-06 
           174   1.404374e-04   4.359290e-03   2.374793e-04   1.402741e-03   0.000000e+00   1.013529e+00   2.371953e-06 
           175   1.362928e-04   4.272059e-03   2.397155e-04   1.371549e-03   0.000000e+00   1.004170e+00   2.367174e-06 
           176   1.345820e-04   4.189271e-03   2.451889e-04   1.345015e-03   0.000000e+00   9.948115e-01   2.361974e-06 
           177   1.320156e-04   4.110437e-03   2.483442e-04   1.321762e-03   0.000000e+00   9.855646e-01   2.356368e-06 
           178   1.272947e-04   4.035586e-03   2.528537e-04   1.301314e-03   0.000000e+00   9.764671e-01   2.350363e-06 
           179   1.245577e-04   3.964072e-03   2.601168e-04   1.284426e-03   0.000000e+00   9.674321e-01   2.343973e-06 
           180   1.219451e-04   3.895812e-03   2.667346e-04   1.269479e-03   0.000000e+00   9.585335e-01   2.337207e-06 
     Iteration     Continuity     X-momentum     Y-momentum     Z-momentum         Energy            Tke            Sdr 
           181   1.180495e-04   3.830639e-03   2.744113e-04   1.256581e-03   0.000000e+00   9.498768e-01   2.330062e-06 
           182   1.173717e-04   3.768380e-03   2.820273e-04   1.246182e-03   0.000000e+00   9.415840e-01   2.322547e-06 
           183   1.153989e-04   3.708798e-03   2.899716e-04   1.237658e-03   0.000000e+00   9.335632e-01   2.314701e-06 
           184   1.126134e-04   3.651937e-03   2.998408e-04   1.230071e-03   0.000000e+00   9.257106e-01   2.306472e-06 
           185   1.137609e-04   3.597050e-03   3.080511e-04   1.223630e-03   0.000000e+00   9.180396e-01   2.297835e-06 
           186   1.128991e-04   3.544719e-03   2.848974e-04   1.217717e-03   0.000000e+00   9.105913e-01   2.288839e-06 
           187   1.115979e-04   3.494633e-03   2.470316e-04   1.212437e-03   0.000000e+00   9.033170e-01   2.279528e-06 
           188   1.100974e-04   3.446643e-03   2.221053e-04   1.207824e-03   0.000000e+00   8.962574e-01   2.269911e-06 
           189   1.082999e-04   3.400814e-03   2.077044e-04   1.203598e-03   0.000000e+00   8.894678e-01   2.259970e-06 
           190   1.059250e-04   3.357124e-03   2.000656e-04   1.199892e-03   0.000000e+00   8.827879e-01   2.249713e-06 
     Iteration     Continuity     X-momentum     Y-momentum     Z-momentum         Energy            Tke            Sdr 
           191   1.036508e-04   3.315232e-03   1.959685e-04   1.196338e-03   0.000000e+00   8.762742e-01   2.239157e-06 
           192   1.008413e-04   3.275254e-03   1.933890e-04   1.192933e-03   0.000000e+00   8.699166e-01   2.228306e-06 
           193   9.758888e-05   3.236885e-03   1.918614e-04   1.189492e-03   0.000000e+00   8.636010e-01   2.217186e-06 
           194   9.453457e-05   3.200213e-03   1.906839e-04   1.185939e-03   0.000000e+00   8.574642e-01   2.205813e-06 
           195   9.032702e-05   3.165273e-03   1.910829e-04   1.181736e-03   0.000000e+00   8.514426e-01   2.194158e-06 
           196   8.858996e-05   3.131403e-03   1.897378e-04   1.177508e-03   0.000000e+00   8.455790e-01   2.182290e-06 
           197   8.561944e-05   3.099491e-03   1.901997e-04   1.171942e-03   0.000000e+00   8.399913e-01   2.170147e-06 
           198   8.341594e-05   3.069007e-03   1.895500e-04   1.166181e-03   0.000000e+00   8.346042e-01   2.157798e-06 
           199   8.277640e-05   3.039921e-03   1.896017e-04   1.159554e-03   0.000000e+00   8.293622e-01   2.145249e-06 
           200   8.042162e-05   3.012737e-03   1.912080e-04   1.152228e-03   0.000000e+00   8.242742e-01   2.132495e-06 
     Iteration     Continuity     X-momentum     Y-momentum     Z-momentum         Energy            Tke            Sdr 
           201   7.930712e-05   2.986588e-03   1.909680e-04   1.144407e-03   0.000000e+00   8.194737e-01   2.119551e-06 
           202   7.821850e-05   2.961901e-03   1.922633e-04   1.135676e-03   0.000000e+00   8.148733e-01   2.106431e-06 
           203   7.663091e-05   2.938599e-03   1.936796e-04   1.126047e-03   0.000000e+00   8.104235e-01   2.093139e-06 
           204   7.596521e-05   2.916206e-03   1.953182e-04   1.115724e-03   0.000000e+00   8.060624e-01   2.079691e-06 
           205   7.355005e-05   2.895477e-03   1.986977e-04   1.104396e-03   0.000000e+00   8.019449e-01   2.066095e-06 
           206   7.196454e-05   2.875361e-03   2.005216e-04   1.092583e-03   0.000000e+00   7.979164e-01   2.052365e-06 
           207   7.065258e-05   2.856174e-03   2.039863e-04   1.080095e-03   0.000000e+00   7.940578e-01   2.038503e-06 
           208   6.876474e-05   2.837918e-03   2.065136e-04   1.066868e-03   0.000000e+00   7.903175e-01   2.024384e-06 
           209   6.691577e-05   2.820373e-03   1.702417e-04   1.052940e-03   0.000000e+00   7.866830e-01   2.010189e-06 
           210   6.557886e-05   2.803415e-03   1.484772e-04   1.038355e-03   0.000000e+00   7.831582e-01   1.995920e-06 
     Iteration     Continuity     X-momentum     Y-momentum     Z-momentum         Energy            Tke            Sdr 
           211   6.415361e-05   2.787092e-03   1.357904e-04   1.023063e-03   0.000000e+00   7.797819e-01   1.981577e-06 
           212   6.211997e-05   2.771306e-03   1.281363e-04   1.007255e-03   0.000000e+00   7.764476e-01   1.967161e-06 
           213   5.997862e-05   2.755891e-03   1.222682e-04   9.907358e-04   0.000000e+00   7.732209e-01   1.952680e-06 
           214   5.799936e-05   2.740941e-03   1.179307e-04   9.737958e-04   0.000000e+00   7.701021e-01   1.938143e-06 
           215   5.624474e-05   2.726180e-03   1.144528e-04   9.564877e-04   0.000000e+00   7.670527e-01   1.923549e-06 
           216   5.444068e-05   2.711693e-03   1.118610e-04   9.389473e-04   0.000000e+00   7.641194e-01   1.908909e-06 
           217   5.295411e-05   2.697426e-03   1.098536e-04   9.211244e-04   0.000000e+00   7.612859e-01   1.894232e-06 
           218   5.161354e-05   2.683298e-03   1.082952e-04   9.030816e-04   0.000000e+00   7.585297e-01   1.879530e-06 
           219   5.060251e-05   2.669347e-03   1.070005e-04   8.849365e-04   0.000000e+00   7.558806e-01   1.864804e-06 
           220   4.931781e-05   2.655455e-03   1.062677e-04   8.665755e-04   0.000000e+00   7.533409e-01   1.850069e-06 
     Iteration     Continuity     X-momentum     Y-momentum     Z-momentum         Energy            Tke            Sdr 
           221   4.852770e-05   2.641698e-03   1.065496e-04   8.482046e-04   0.000000e+00   7.508503e-01   1.835331e-06 
           222   4.743811e-05   2.627904e-03   1.076402e-04   8.298819e-04   0.000000e+00   7.484164e-01   1.820593e-06 
           223   4.647199e-05   2.614114e-03   1.109789e-04   8.117489e-04   0.000000e+00   7.460849e-01   1.805857e-06 
           224   4.558818e-05   2.600293e-03   1.106815e-04   7.933368e-04   0.000000e+00   7.438537e-01   1.791141e-06 
           225   4.480805e-05   2.586424e-03   1.132678e-04   7.754787e-04   0.000000e+00   7.416699e-01   1.776446e-06 
           226   4.397941e-05   2.572390e-03   1.122441e-04   7.573988e-04   0.000000e+00   7.395342e-01   1.761785e-06 
           227   4.337497e-05   2.558229e-03   1.140130e-04   7.398400e-04   0.000000e+00   7.374654e-01   1.747156e-06 
           228   4.263206e-05   2.543992e-03   1.128169e-04   7.220977e-04   0.000000e+00   7.354415e-01   1.732572e-06 
           229   4.194858e-05   2.529646e-03   1.146862e-04   7.048333e-04   0.000000e+00   7.334956e-01   1.718026e-06 
           230   4.116406e-05   2.515286e-03   1.138627e-04   6.874749e-04   0.000000e+00   7.316160e-01   1.703535e-06 
     Iteration     Continuity     X-momentum     Y-momentum     Z-momentum         Energy            Tke            Sdr 
           231   4.058214e-05   2.500844e-03   1.157347e-04   6.705417e-04   0.000000e+00   7.297679e-01   1.689099e-06 
           232   4.003214e-05   2.486358e-03   1.151064e-04   6.536435e-04   0.000000e+00   7.279397e-01   1.674731e-06 
           233   3.986732e-05   2.471852e-03   1.165189e-04   6.370818e-04   0.000000e+00   7.261552e-01   1.660430e-06 
           234   3.943372e-05   2.457336e-03   1.167699e-04   6.207032e-04   0.000000e+00   7.244423e-01   1.646203e-06 
           235   3.868185e-05   2.442879e-03   1.169406e-04   6.045996e-04   0.000000e+00   7.227690e-01   1.632052e-06 
           236   3.784950e-05   2.428432e-03   1.172983e-04   5.887005e-04   0.000000e+00   7.211085e-01   1.617986e-06 
           237   3.709726e-05   2.414020e-03   1.170343e-04   5.731321e-04   0.000000e+00   7.194799e-01   1.604004e-06 
           238   3.651443e-05   2.399673e-03   1.169810e-04   5.577405e-04   0.000000e+00   7.179025e-01   1.590109e-06 
           239   3.617472e-05   2.385394e-03   1.173052e-04   5.426675e-04   0.000000e+00   7.163506e-01   1.576307e-06 
           240   3.568666e-05   2.371209e-03   1.181543e-04   5.278113e-04   0.000000e+00   7.148218e-01   1.562599e-06 
     Iteration     Continuity     X-momentum     Y-momentum     Z-momentum         Energy            Tke            Sdr 
           241   3.501054e-05   2.357144e-03   1.189155e-04   5.132069e-04   0.000000e+00   7.133279e-01   1.548996e-06 
           242   3.442894e-05   2.343201e-03   1.194544e-04   4.988774e-04   0.000000e+00   7.118555e-01   1.535495e-06 
           243   3.369855e-05   2.329423e-03   1.199926e-04   4.847830e-04   0.000000e+00   7.104157e-01   1.522103e-06 
           244   3.310263e-05   2.315809e-03   1.209355e-04   4.709496e-04   0.000000e+00   7.090034e-01   1.508822e-06 
           245   3.254393e-05   2.302374e-03   1.223985e-04   4.574133e-04   0.000000e+00   7.076065e-01   1.495656e-06 
           246   3.193552e-05   2.289134e-03   1.249154e-04   4.441502e-04   0.000000e+00   7.062290e-01   1.482598e-06 
           247   3.130656e-05   2.276092e-03   1.271983e-04   4.311533e-04   0.000000e+00   7.048693e-01   1.469657e-06 
           248   3.061718e-05   2.263269e-03   1.290537e-04   4.184692e-04   0.000000e+00   7.035435e-01   1.456836e-06 
           249   2.982897e-05   2.250669e-03   1.301221e-04   4.060435e-04   0.000000e+00   7.022268e-01   1.444137e-06 
           250   2.923550e-05   2.238280e-03   1.310347e-04   3.939140e-04   0.000000e+00   7.009182e-01   1.431563e-06 
     Iteration     Continuity     X-momentum     Y-momentum     Z-momentum         Energy            Tke            Sdr 
           251   2.871653e-05   2.226106e-03   1.322946e-04   3.821062e-04   0.000000e+00   6.996260e-01   1.419081e-06 
           252   2.823460e-05   2.214152e-03   1.288628e-04   3.705983e-04   0.000000e+00   6.983605e-01   1.406668e-06 
           253   2.771259e-05   2.202405e-03   1.175886e-04   3.593239e-04   0.000000e+00   6.971222e-01   1.394412e-06 
           254   2.721425e-05   2.190867e-03   1.090879e-04   3.484086e-04   0.000000e+00   6.958935e-01   1.382302e-06 
           255   2.670734e-05   2.179556e-03   1.035459e-04   3.378358e-04   0.000000e+00   6.946706e-01   1.370339e-06 
           256   2.635437e-05   2.168470e-03   9.934652e-05   3.275698e-04   0.000000e+00   6.934587e-01   1.358506e-06 
           257   2.593429e-05   2.157620e-03   9.580940e-05   3.175944e-04   0.000000e+00   6.922594e-01   1.346814e-06 
           258   2.541930e-05   2.146996e-03   9.323920e-05   3.080045e-04   0.000000e+00   6.910789e-01   1.335259e-06 
           259   2.492297e-05   2.136617e-03   9.178184e-05   2.987363e-04   0.000000e+00   6.899146e-01   1.323841e-06 
           260   2.443622e-05   2.126463e-03   9.108275e-05   2.898338e-04   0.000000e+00   6.887592e-01   1.312560e-06 
     Iteration     Continuity     X-momentum     Y-momentum     Z-momentum         Energy            Tke            Sdr 
           261   2.408488e-05   2.116514e-03   9.078230e-05   2.813491e-04   0.000000e+00   6.876090e-01   1.301416e-06 
           262   2.371225e-05   2.106775e-03   9.048980e-05   2.731622e-04   0.000000e+00   6.864654e-01   1.290411e-06 
           263   2.341834e-05   2.097249e-03   9.033103e-05   2.654057e-04   0.000000e+00   6.853387e-01   1.279543e-06 
           264   2.304911e-05   2.087924e-03   9.002499e-05   2.579807e-04   0.000000e+00   6.842318e-01   1.268813e-06 
           265   2.260945e-05   2.078775e-03   8.947263e-05   2.509059e-04   0.000000e+00   6.831331e-01   1.258219e-06 
           266   2.221123e-05   2.069787e-03   8.996387e-05   2.442146e-04   0.000000e+00   6.820383e-01   1.247762e-06 
           267   2.176342e-05   2.060975e-03   9.013383e-05   2.378611e-04   0.000000e+00   6.809508e-01   1.237433e-06 
           268   2.140057e-05   2.052334e-03   9.006995e-05   2.319074e-04   0.000000e+00   6.798687e-01   1.227240e-06 
           269   2.099075e-05   2.043857e-03   8.968488e-05   2.262741e-04   0.000000e+00   6.788030e-01   1.217185e-06 
           270   2.059861e-05   2.035538e-03   8.947505e-05   2.210336e-04   0.000000e+00   6.777482e-01   1.207266e-06 
     Iteration     Continuity     X-momentum     Y-momentum     Z-momentum         Energy            Tke            Sdr 
           271   2.015339e-05   2.027370e-03   8.937939e-05   2.161148e-04   0.000000e+00   6.766991e-01   1.197483e-06 
           272   1.971054e-05   2.019348e-03   8.983994e-05   2.114908e-04   0.000000e+00   6.756588e-01   1.187837e-06 
           273   1.935134e-05   2.011457e-03   9.028183e-05   2.072412e-04   0.000000e+00   6.746274e-01   1.178326e-06 
           274   1.902947e-05   2.003686e-03   9.014611e-05   2.032398e-04   0.000000e+00   6.736035e-01   1.168952e-06 
           275   1.875963e-05   1.996045e-03   9.062596e-05   1.995535e-04   0.000000e+00   6.725920e-01   1.159715e-06 
           276   1.849492e-05   1.988529e-03   9.157029e-05   1.961830e-04   0.000000e+00   6.715893e-01   1.150611e-06 
           277   1.820195e-05   1.981134e-03   9.292210e-05   1.930607e-04   0.000000e+00   6.705906e-01   1.141643e-06 
           278   1.789851e-05   1.973852e-03   9.417544e-05   1.902473e-04   0.000000e+00   6.695978e-01   1.132807e-06 
           279   1.759807e-05   1.966689e-03   9.559305e-05   1.876209e-04   0.000000e+00   6.686132e-01   1.124100e-06 
           280   1.723188e-05   1.959637e-03   9.698030e-05   1.852631e-04   0.000000e+00   6.676408e-01   1.115511e-06 
     Iteration     Continuity     X-momentum     Y-momentum     Z-momentum         Energy            Tke            Sdr 
           281   1.687521e-05   1.952695e-03   9.805047e-05   1.831056e-04   0.000000e+00   6.666746e-01   1.107057e-06 
           282   1.652439e-05   1.945855e-03   9.961794e-05   1.811777e-04   0.000000e+00   6.657201e-01   1.098731e-06 
           283   1.618284e-05   1.939117e-03   1.002037e-04   1.794305e-04   0.000000e+00   6.647713e-01   1.090537e-06 
           284   1.583033e-05   1.932470e-03   1.015663e-04   1.779032e-04   0.000000e+00   6.638296e-01   1.082471e-06 
           285   1.553670e-05   1.925917e-03   1.029282e-04   1.765407e-04   0.000000e+00   6.628962e-01   1.074534e-06 
           286   1.529094e-05   1.919456e-03   1.048714e-04   1.753665e-04   0.000000e+00   6.619679e-01   1.066724e-06 
           287   1.505525e-05   1.913088e-03   1.052540e-04   1.743245e-04   0.000000e+00   6.610475e-01   1.059042e-06 
           288   1.480249e-05   1.906810e-03   1.066120e-04   1.734373e-04   0.000000e+00   6.601368e-01   1.051484e-06 
           289   1.455437e-05   1.900624e-03   1.078054e-04   1.726593e-04   0.000000e+00   6.592336e-01   1.044052e-06 
           290   1.428525e-05   1.894521e-03   1.097126e-04   1.720043e-04   0.000000e+00   6.583375e-01   1.036743e-06 
     Iteration     Continuity     X-momentum     Y-momentum     Z-momentum         Energy            Tke            Sdr 
           291   1.404376e-05   1.888501e-03   1.117298e-04   1.714338e-04   0.000000e+00   6.574475e-01   1.029558e-06 
           292   1.378088e-05   1.882562e-03   1.143825e-04   1.709637e-04   0.000000e+00   6.565640e-01   1.022494e-06 
           293   1.355209e-05   1.876706e-03   1.171263e-04   1.705757e-04   0.000000e+00   6.556899e-01   1.015551e-06 
           294   1.325990e-05   1.870933e-03   1.201440e-04   1.702614e-04   0.000000e+00   6.548227e-01   1.008726e-06 
           295   1.297379e-05   1.865240e-03   1.227758e-04   1.700103e-04   0.000000e+00   6.539633e-01   1.002002e-06 
           296   1.266032e-05   1.859627e-03   1.252625e-04   1.698037e-04   0.000000e+00   6.531114e-01   9.953927e-07 
           297   1.240029e-05   1.854090e-03   1.277780e-04   1.696460e-04   0.000000e+00   6.522664e-01   9.888990e-07 
           298   1.212574e-05   1.848630e-03   1.301430e-04   1.695130e-04   0.000000e+00   6.514299e-01   9.825222e-07 
           299   1.188258e-05   1.843242e-03   1.329612e-04   1.694257e-04   0.000000e+00   6.505999e-01   9.762566e-07 
           300   1.167223e-05   1.837932e-03   1.357313e-04   1.693485e-04   0.000000e+00   6.497781e-01   9.701053e-07 
     Iteration     Continuity     X-momentum     Y-momentum     Z-momentum         Energy            Tke            Sdr 
           301   1.141542e-05   1.832695e-03   1.388813e-04   1.692925e-04   0.000000e+00   6.489638e-01   9.640658e-07 
           302   1.115579e-05   1.827532e-03   1.418164e-04   1.692180e-04   0.000000e+00   6.481574e-01   9.581377e-07 
           303   1.088475e-05   1.822441e-03   1.451408e-04   1.691552e-04   0.000000e+00   6.473574e-01   9.523158e-07 
           304   1.062113e-05   1.817421e-03   1.480139e-04   1.690649e-04   0.000000e+00   6.465636e-01   9.466043e-07 
           305   1.036042e-05   1.812469e-03   1.514229e-04   1.689711e-04   0.000000e+00   6.457770e-01   9.409993e-07 
           306   1.013940e-05   1.807589e-03   1.545395e-04   1.688212e-04   0.000000e+00   6.449972e-01   9.354998e-07 
           307   9.914815e-06   1.802777e-03   1.580012e-04   1.686693e-04   0.000000e+00   6.442250e-01   9.301045e-07 
           308   9.722884e-06   1.798036e-03   1.612597e-04   1.684938e-04   0.000000e+00   6.434612e-01   9.248133e-07 
           309   9.523999e-06   1.793363e-03   1.649807e-04   1.683165e-04   0.000000e+00   6.427050e-01   9.196229e-07 
           310   9.342567e-06   1.788757e-03   1.685202e-04   1.681054e-04   0.000000e+00   6.419535e-01   9.145328e-07 
     Iteration     Continuity     X-momentum     Y-momentum     Z-momentum         Energy            Tke            Sdr 
           311   9.151738e-06   1.784210e-03   1.725722e-04   1.678752e-04   0.000000e+00   6.412114e-01   9.095361e-07 
           312   8.994842e-06   1.779725e-03   1.759449e-04   1.676138e-04   0.000000e+00   6.404755e-01   9.046381e-07 
           313   8.830129e-06   1.775294e-03   1.797248e-04   1.673063e-04   0.000000e+00   6.397467e-01   8.998364e-07 
           314   8.608940e-06   1.770922e-03   1.834735e-04   1.669572e-04   0.000000e+00   6.390244e-01   8.951190e-07 
           315   8.403962e-06   1.766604e-03   1.878351e-04   1.665976e-04   0.000000e+00   6.383063e-01   8.904858e-07 
           316   8.231523e-06   1.762348e-03   1.916701e-04   1.661973e-04   0.000000e+00   6.375941e-01   8.859474e-07 
           317   8.039363e-06   1.758151e-03   1.960964e-04   1.657696e-04   0.000000e+00   6.368869e-01   8.815001e-07 
           318   7.875973e-06   1.754014e-03   2.001245e-04   1.653007e-04   0.000000e+00   6.361881e-01   8.771447e-07 
           319   7.721303e-06   1.749935e-03   2.046505e-04   1.647830e-04   0.000000e+00   6.354969e-01   8.728766e-07 
           320   7.591825e-06   1.745911e-03   2.089075e-04   1.642067e-04   0.000000e+00   6.348107e-01   8.686972e-07 
     Iteration     Continuity     X-momentum     Y-momentum     Z-momentum         Energy            Tke            Sdr 
           321   7.461025e-06   1.741939e-03   2.136341e-04   1.635936e-04   0.000000e+00   6.341322e-01   8.646040e-07 
           322   7.346936e-06   1.738021e-03   2.181155e-04   1.629281e-04   0.000000e+00   6.334616e-01   8.605978e-07 
           323   7.226020e-06   1.734151e-03   2.228048e-04   1.622467e-04   0.000000e+00   6.327983e-01   8.566750e-07 
           324   7.128665e-06   1.730333e-03   2.272043e-04   1.615405e-04   0.000000e+00   6.321414e-01   8.528364e-07 
           325   7.011808e-06   1.726565e-03   2.320765e-04   1.608195e-04   0.000000e+00   6.314888e-01   8.490793e-07 
           326   6.905141e-06   1.722850e-03   2.364620e-04   1.600755e-04   0.000000e+00   6.308436e-01   8.454050e-07 
           327   6.800444e-06   1.719182e-03   2.413976e-04   1.592894e-04   0.000000e+00   6.302017e-01   8.418094e-07 
           328   6.707488e-06   1.715563e-03   2.461555e-04   1.584342e-04   0.000000e+00   6.295666e-01   8.382934e-07 
           329   6.609494e-06   1.711986e-03   2.513953e-04   1.575082e-04   0.000000e+00   6.289353e-01   8.348540e-07 
           330   6.562337e-06   1.708455e-03   2.586158e-04   1.565157e-04   0.000000e+00   6.283109e-01   8.314741e-07 
     Iteration     Continuity     X-momentum     Y-momentum     Z-momentum         Energy            Tke            Sdr 
           331   6.449601e-06   1.704978e-03   2.598276e-04   1.554318e-04   0.000000e+00   6.276926e-01   8.281773e-07 
           332   6.381564e-06   1.701539e-03   2.658507e-04   1.543771e-04   0.000000e+00   6.270805e-01   8.249590e-07 
           333   6.328039e-06   1.698134e-03   2.740060e-04   1.533676e-04   0.000000e+00   6.264749e-01   8.218038e-07 
           334   6.219294e-06   1.694781e-03   2.756985e-04   1.523004e-04   0.000000e+00   6.258735e-01   8.187257e-07 
           335   6.147824e-06   1.691463e-03   2.825451e-04   1.512689e-04   0.000000e+00   6.252763e-01   8.157217e-07 
           336   6.104773e-06   1.688174e-03   2.905069e-04   1.502613e-04   0.000000e+00   6.246856e-01   8.127759e-07 
           337   5.990632e-06   1.684931e-03   2.918991e-04   1.491522e-04   0.000000e+00   6.240981e-01   8.099085e-07 
           338   5.935695e-06   1.681713e-03   3.012465e-04   1.480807e-04   0.000000e+00   6.235162e-01   8.070980e-07 
           339   5.799780e-06   1.678534e-03   3.036345e-04   1.469388e-04   0.000000e+00   6.229385e-01   8.043242e-07 
           340   5.691714e-06   1.675381e-03   3.066898e-04   1.458142e-04   0.000000e+00   6.223682e-01   8.015846e-07 
     Iteration     Continuity     X-momentum     Y-momentum     Z-momentum         Energy            Tke            Sdr 
           341   5.571659e-06   1.672260e-03   3.001829e-04   1.447033e-04   0.000000e+00   6.218021e-01   7.989184e-07 
           342   5.468986e-06   1.669179e-03   2.947721e-04   1.435970e-04   0.000000e+00   6.212425e-01   7.963232e-07 
           343   5.378828e-06   1.666136e-03   2.908214e-04   1.424904e-04   0.000000e+00   6.206874e-01   7.937947e-07 
           344   5.311482e-06   1.663128e-03   2.874815e-04   1.413648e-04   0.000000e+00   6.201354e-01   7.913318e-07 
           345   5.252527e-06   1.660153e-03   2.843783e-04   1.402234e-04   0.000000e+00   6.195889e-01   7.889314e-07 
           346   5.209155e-06   1.657209e-03   2.814332e-04   1.390672e-04   0.000000e+00   6.190463e-01   7.865934e-07 
           347   5.160443e-06   1.654292e-03   2.787580e-04   1.379032e-04   0.000000e+00   6.185090e-01   7.843141e-07 
           348   5.117586e-06   1.651404e-03   2.763738e-04   1.367342e-04   0.000000e+00   6.179749e-01   7.820940e-07 
           349   5.076787e-06   1.648542e-03   2.736793e-04   1.355686e-04   0.000000e+00   6.174472e-01   7.799313e-07 
           350   5.036385e-06   1.645713e-03   2.702343e-04   1.343981e-04   0.000000e+00   6.169257e-01   7.778206e-07 
     Iteration     Continuity     X-momentum     Y-momentum     Z-momentum         Energy            Tke            Sdr 
           351   4.979297e-06   1.642920e-03   2.668022e-04   1.332253e-04   0.000000e+00   6.164073e-01   7.757620e-07 
           352   4.937465e-06   1.640163e-03   2.634840e-04   1.320623e-04   0.000000e+00   6.158931e-01   7.737595e-07 
           353   4.864854e-06   1.637443e-03   2.605942e-04   1.308714e-04   0.000000e+00   6.153821e-01   7.718054e-07 
           354   4.810407e-06   1.634755e-03   2.576379e-04   1.296749e-04   0.000000e+00   6.148763e-01   7.699011e-07 
           355   4.757810e-06   1.632094e-03   2.547871e-04   1.284745e-04   0.000000e+00   6.143757e-01   7.680470e-07 
           356   4.723843e-06   1.629458e-03   2.518034e-04   1.272820e-04   0.000000e+00   6.138776e-01   7.662423e-07 
           357   4.684284e-06   1.626845e-03   2.489788e-04   1.261114e-04   0.000000e+00   6.133841e-01   7.644849e-07 
           358   4.569010e-06   1.624253e-03   2.459742e-04   1.249713e-04   0.000000e+00   6.128938e-01   7.627746e-07 
           359   4.440704e-06   1.621681e-03   2.428057e-04   1.238643e-04   0.000000e+00   6.124085e-01   7.611090e-07 
           360   4.347784e-06   1.619137e-03   2.392853e-04   1.227903e-04   0.000000e+00   6.119296e-01   7.594888e-07 
     Iteration     Continuity     X-momentum     Y-momentum     Z-momentum         Energy            Tke            Sdr 
           361   4.274150e-06   1.616617e-03   2.363122e-04   1.217374e-04   0.000000e+00   6.114535e-01   7.579120e-07 
           362   4.222410e-06   1.614123e-03   2.335707e-04   1.206949e-04   0.000000e+00   6.109795e-01   7.563784e-07 
           363   4.158767e-06   1.611654e-03   2.310976e-04   1.196491e-04   0.000000e+00   6.105097e-01   7.548871e-07 
           364   4.117494e-06   1.609209e-03   2.284500e-04   1.186034e-04   0.000000e+00   6.100448e-01   7.534381e-07 
           365   4.070337e-06   1.606786e-03   2.261103e-04   1.175582e-04   0.000000e+00   6.095834e-01   7.520299e-07 
           366   4.031337e-06   1.604385e-03   2.237225e-04   1.165320e-04   0.000000e+00   6.091248e-01   7.506624e-07 
           367   3.981748e-06   1.602006e-03   2.216207e-04   1.155224e-04   0.000000e+00   6.086718e-01   7.493341e-07 
           368   3.920853e-06   1.599653e-03   2.192385e-04   1.145259e-04   0.000000e+00   6.082214e-01   7.480407e-07 
           369   3.863703e-06   1.597325e-03   2.167022e-04   1.135537e-04   0.000000e+00   6.077735e-01   7.467793e-07 
           370   3.820498e-06   1.595023e-03   2.145085e-04   1.126158e-04   0.000000e+00   6.073320e-01   7.455559e-07 
     Iteration     Continuity     X-momentum     Y-momentum     Z-momentum         Energy            Tke            Sdr 
           371   3.785368e-06   1.592742e-03   2.128501e-04   1.116963e-04   0.000000e+00   6.068939e-01   7.443678e-07 
           372   3.761838e-06   1.590483e-03   2.113395e-04   1.107846e-04   0.000000e+00   6.064564e-01   7.432155e-07 
           373   4.236892e-06   1.588244e-03   2.102851e-04   1.098747e-04   0.000000e+00   6.060215e-01   7.420922e-07 
           374   3.801972e-06   1.586168e-03   2.219872e-04   1.047196e-04   0.000000e+00   6.055926e-01   7.409572e-07 
           375   3.674554e-06   1.583918e-03   2.070756e-04   1.052861e-04   0.000000e+00   6.051664e-01   7.398781e-07 
           376   3.607118e-06   1.581693e-03   2.029889e-04   1.056791e-04   0.000000e+00   6.047434e-01   7.388396e-07 
           377   4.015787e-06   1.579494e-03   2.038536e-04   1.058387e-04   0.000000e+00   6.043246e-01   7.378644e-07 
           378   3.655279e-06   1.577468e-03   2.206823e-04   1.015163e-04   0.000000e+00   6.039104e-01   7.368550e-07 
           379   3.550310e-06   1.575283e-03   2.064802e-04   1.024061e-04   0.000000e+00   6.034978e-01   7.359097e-07 
           380   3.839808e-06   1.573136e-03   2.023276e-04   1.029163e-04   0.000000e+00   6.030887e-01   7.350252e-07 
     Iteration     Continuity     X-momentum     Y-momentum     Z-momentum         Energy            Tke            Sdr 
           381   3.558489e-06   1.571164e-03   2.207493e-04   9.890097e-05   0.000000e+00   6.026852e-01   7.341223e-07 
           382   3.462095e-06   1.569037e-03   2.076829e-04   9.987872e-05   0.000000e+00   6.022823e-01   7.332699e-07 
           383   3.756507e-06   1.566947e-03   2.058273e-04   1.004894e-04   0.000000e+00   6.018815e-01   7.324737e-07 
           384   3.488153e-06   1.565026e-03   2.256724e-04   9.657017e-05   0.000000e+00   6.014876e-01   7.316592e-07 
           385   3.381616e-06   1.562956e-03   2.131372e-04   9.758538e-05   0.000000e+00   6.010958e-01   7.308920e-07 
           386   3.660626e-06   1.560924e-03   2.130219e-04   9.825558e-05   0.000000e+00   6.007063e-01   7.301686e-07 
           387   3.397319e-06   1.559059e-03   2.341096e-04   9.443536e-05   0.000000e+00   6.003221e-01   7.294237e-07 
           388   3.443863e-06   1.557049e-03   2.217910e-04   9.556284e-05   0.000000e+00   5.999408e-01   7.287373e-07 
           389   3.313575e-06   1.555196e-03   2.389505e-04   9.245011e-05   0.000000e+00   5.995624e-01   7.280571e-07 
           390   3.316677e-06   1.553208e-03   2.287560e-04   9.390055e-05   0.000000e+00   5.991856e-01   7.274217e-07 
     Iteration     Continuity     X-momentum     Y-momentum     Z-momentum         Energy            Tke            Sdr 
           391   3.217624e-06   1.551379e-03   2.438156e-04   9.105023e-05   0.000000e+00   5.988131e-01   7.267887e-07 
           392   3.230259e-06   1.549419e-03   2.355630e-04   9.262357e-05   0.000000e+00   5.984439e-01   7.262010e-07 
           393   3.153878e-06   1.547620e-03   2.523336e-04   8.984389e-05   0.000000e+00   5.980777e-01   7.256156e-07 
           394   3.177268e-06   1.545692e-03   2.448721e-04   9.145519e-05   0.000000e+00   5.977146e-01   7.250745e-07 
           395   3.108198e-06   1.543924e-03   2.641689e-04   8.871945e-05   0.000000e+00   5.973552e-01   7.245326e-07 
           396   3.124743e-06   1.542032e-03   2.568915e-04   9.032684e-05   0.000000e+00   5.969995e-01   7.240349e-07 
           397   3.068834e-06   1.540296e-03   2.770346e-04   8.758266e-05   0.000000e+00   5.966481e-01   7.235370e-07 
           398   3.089335e-06   1.538437e-03   2.694619e-04   8.919113e-05   0.000000e+00   5.962990e-01   7.230815e-07 
           399   3.029624e-06   1.536732e-03   2.899417e-04   8.646918e-05   0.000000e+00   5.959524e-01   7.226265e-07 
           400   3.046155e-06   1.534903e-03   2.820789e-04   8.806452e-05   0.000000e+00   5.956075e-01   7.222063e-07 
     Iteration     Continuity     X-momentum     Y-momentum     Z-momentum         Energy            Tke            Sdr 
           401   2.986173e-06   1.533229e-03   3.028892e-04   8.534083e-05   0.000000e+00   5.952637e-01   7.217886e-07 
           402   2.995390e-06   1.531433e-03   2.963961e-04   8.691972e-05   0.000000e+00   5.949265e-01   7.214084e-07 
           403   2.941917e-06   1.529787e-03   3.183636e-04   8.427040e-05   0.000000e+00   5.945934e-01   7.210302e-07 
           404   2.960518e-06   1.528021e-03   3.124229e-04   8.592065e-05   0.000000e+00   5.942614e-01   7.206869e-07 
           405   2.898853e-06   1.526402e-03   3.349320e-04   8.333656e-05   0.000000e+00   5.939335e-01   7.203467e-07 
           406   2.916033e-06   1.524665e-03   3.290819e-04   8.499644e-05   0.000000e+00   5.936088e-01   7.200347e-07 
           407   2.859636e-06   1.523072e-03   3.510806e-04   8.240460e-05   0.000000e+00   5.932875e-01   7.197115e-07 
           408   2.874440e-06   1.521361e-03   3.450196e-04   8.406228e-05   0.000000e+00   5.929691e-01   7.194206e-07 
           409   2.821570e-06   1.519792e-03   3.681836e-04   8.148094e-05   0.000000e+00   5.926533e-01   7.191317e-07 
           410   2.838951e-06   1.518105e-03   3.630968e-04   8.313392e-05   0.000000e+00   5.923367e-01   7.188715e-07 
     Iteration     Continuity     X-momentum     Y-momentum     Z-momentum         Energy            Tke            Sdr 
           411   2.787029e-06   1.516559e-03   3.869124e-04   8.060313e-05   0.000000e+00   5.920251e-01   7.186144e-07 
           412   2.794919e-06   1.514900e-03   3.823579e-04   8.231435e-05   0.000000e+00   5.917181e-01   7.183843e-07 
           413   2.750312e-06   1.513381e-03   4.067028e-04   7.983609e-05   0.000000e+00   5.914158e-01   7.181574e-07 
           414   2.773931e-06   1.511750e-03   4.029722e-04   8.153851e-05   0.000000e+00   5.911153e-01   7.179584e-07 
           415   2.719997e-06   1.510259e-03   4.285054e-04   7.902898e-05   0.000000e+00   5.908157e-01   7.177627e-07 
           416   2.726047e-06   1.508658e-03   4.252982e-04   8.065880e-05   0.000000e+00   5.905196e-01   7.175899e-07 
           417   2.678017e-06   1.507192e-03   4.506687e-04   7.814409e-05   0.000000e+00   5.902253e-01   7.174213e-07 
           418   2.683274e-06   1.505613e-03   4.462109e-04   7.977921e-05   0.000000e+00   5.899349e-01   7.172766e-07 
           419   2.637859e-06   1.504168e-03   4.702978e-04   7.732997e-05   0.000000e+00   5.896480e-01   7.171382e-07 
           420   2.656272e-06   1.502613e-03   4.671713e-04   7.904960e-05   0.000000e+00   5.893636e-01   7.170212e-07 
     Iteration     Continuity     X-momentum     Y-momentum     Z-momentum         Energy            Tke            Sdr 
           421   2.625427e-06   1.501191e-03   4.927267e-04   7.665816e-05   0.000000e+00   5.890826e-01   7.169088e-07 
           422   2.637549e-06   1.499661e-03   4.901919e-04   7.835606e-05   0.000000e+00   5.888058e-01   7.168159e-07 
           423   2.495037e-06   1.498262e-03   5.164259e-04   7.593209e-05   0.000000e+00   5.885329e-01   7.167251e-07 
           424   2.620986e-06   1.496847e-03   5.287042e-04   7.436307e-05   0.000000e+00   5.882635e-01   7.166548e-07 
           425   2.506911e-06   1.495335e-03   5.254088e-04   7.641983e-05   0.000000e+00   5.879915e-01   7.165757e-07 
           426   2.400511e-06   1.493954e-03   5.504925e-04   7.450491e-05   0.000000e+00   5.877266e-01   7.165087e-07 
           427   2.569379e-06   1.492561e-03   5.636473e-04   7.326567e-05   0.000000e+00   5.874662e-01   7.164592e-07 
           428   2.477572e-06   1.491077e-03   5.627235e-04   7.549682e-05   0.000000e+00   5.872075e-01   7.164219e-07 
           429   2.393039e-06   1.489727e-03   5.885678e-04   7.365687e-05   0.000000e+00   5.869501e-01   7.163821e-07 
           430   2.541331e-06   1.488372e-03   6.024281e-04   7.234414e-05   0.000000e+00   5.866972e-01   7.163497e-07 
     Iteration     Continuity     X-momentum     Y-momentum     Z-momentum         Energy            Tke            Sdr 
           431   2.417308e-06   1.486930e-03   6.022461e-04   7.447354e-05   0.000000e+00   5.864453e-01   7.163166e-07 
           432   2.307800e-06   1.485614e-03   6.276353e-04   7.259896e-05   0.000000e+00   5.861926e-01   7.162901e-07 
           433   2.474110e-06   1.484287e-03   6.235497e-04   7.129852e-05   0.000000e+00   5.859462e-01   7.162830e-07 
           434   2.375873e-06   1.482875e-03   6.067614e-04   7.339087e-05   0.000000e+00   5.857024e-01   7.162866e-07 
           435   2.284462e-06   1.481589e-03   6.104775e-04   7.152789e-05   0.000000e+00   5.854622e-01   7.162956e-07 
           436   2.439860e-06   1.480295e-03   6.098921e-04   7.026362e-05   0.000000e+00   5.852252e-01   7.163230e-07 
           437   2.342619e-06   1.478918e-03   6.051634e-04   7.238280e-05   0.000000e+00   5.849931e-01   7.163604e-07 
           438   2.254272e-06   1.477664e-03   6.106734e-04   7.056238e-05   0.000000e+00   5.847638e-01   7.164034e-07 
           439   2.409489e-06   1.476402e-03   6.114676e-04   6.929302e-05   0.000000e+00   5.845385e-01   7.164643e-07 
           440   2.299676e-06   1.475055e-03   6.083822e-04   7.136889e-05   0.000000e+00   5.843168e-01   7.165310e-07 
     Iteration     Continuity     X-momentum     Y-momentum     Z-momentum         Energy            Tke            Sdr 
           441   2.199438e-06   1.473829e-03   6.128132e-04   6.953980e-05   0.000000e+00   5.840973e-01   7.166039e-07 
           442   2.359126e-06   1.472592e-03   6.134911e-04   6.828977e-05   0.000000e+00   5.838803e-01   7.166931e-07 
           443   2.267084e-06   1.471275e-03   6.106681e-04   7.033689e-05   0.000000e+00   5.836638e-01   7.167877e-07 
           444   2.180798e-06   1.470079e-03   6.143691e-04   6.852914e-05   0.000000e+00   5.834537e-01   7.168864e-07 
           445   2.164478e-06   1.468874e-03   6.147516e-04   6.728940e-05   0.000000e+00   5.832448e-01   7.169975e-07 
           446   2.374000e-06   1.467666e-03   6.146903e-04   6.649773e-05   0.000000e+00   5.830395e-01   7.171196e-07 
           447   2.267423e-06   1.466383e-03   6.123382e-04   6.878176e-05   0.000000e+00   5.828312e-01   7.172481e-07 
           448   2.190265e-06   1.465216e-03   6.161302e-04   6.718621e-05   0.000000e+00   5.826210e-01   7.173819e-07 
           449   2.173993e-06   1.464041e-03   6.159862e-04   6.605206e-05   0.000000e+00   5.824211e-01   7.175267e-07 
           450   2.367584e-06   1.462862e-03   6.160617e-04   6.531525e-05   0.000000e+00   5.822264e-01   7.176821e-07 
     Iteration     Continuity     X-momentum     Y-momentum     Z-momentum         Energy            Tke            Sdr 
           451   2.257942e-06   1.461613e-03   6.137092e-04   6.761752e-05   0.000000e+00   5.820348e-01   7.178375e-07 
           452   2.200617e-06   1.460480e-03   6.177113e-04   6.607903e-05   0.000000e+00   5.818476e-01   7.179991e-07 
           453   2.198705e-06   1.459340e-03   6.174111e-04   6.495356e-05   0.000000e+00   5.816620e-01   7.181703e-07 
           454   2.200756e-06   1.458196e-03   6.174790e-04   6.420037e-05   0.000000e+00   5.814795e-01   7.183499e-07 
           455   2.404593e-06   1.457052e-03   6.180164e-04   6.372275e-05   0.000000e+00   5.813001e-01   7.185399e-07 
           456   2.290492e-06   1.455841e-03   6.151979e-04   6.610694e-05   0.000000e+00   5.811243e-01   7.187276e-07 
           457   2.216991e-06   1.454744e-03   6.189891e-04   6.456294e-05   0.000000e+00   5.809499e-01   7.189185e-07 
           458   2.183428e-06   1.453640e-03   6.190767e-04   6.347503e-05   0.000000e+00   5.807815e-01   7.191159e-07 
           459   2.164157e-06   1.452533e-03   6.192696e-04   6.276286e-05   0.000000e+00   5.806159e-01   7.193025e-07 
           460   2.150522e-06   1.451427e-03   6.197441e-04   6.232952e-05   0.000000e+00   5.804548e-01   7.195004e-07 
     Iteration     Continuity     X-momentum     Y-momentum     Z-momentum         Energy            Tke            Sdr 
           461   2.151053e-06   1.450325e-03   6.197630e-04   6.203943e-05   0.000000e+00   5.802972e-01   7.197061e-07 
           462   2.145352e-06   1.449230e-03   6.199700e-04   6.180291e-05   0.000000e+00   5.801427e-01   7.199193e-07 
           463   2.142162e-06   1.448142e-03   6.201872e-04   6.156539e-05   0.000000e+00   5.799912e-01   7.201397e-07 
           464   2.140538e-06   1.447062e-03   6.203974e-04   6.130936e-05   0.000000e+00   5.798398e-01   7.203672e-07 
           465   2.130348e-06   1.445989e-03   6.205115e-04   6.104253e-05   0.000000e+00   5.796911e-01   7.206011e-07 
           466   2.124450e-06   1.444924e-03   6.206672e-04   6.076193e-05   0.000000e+00   5.795489e-01   7.208378e-07 
           467   2.087286e-06   1.443866e-03   6.206123e-04   6.048474e-05   0.000000e+00   5.794087e-01   7.210796e-07 
           468   2.063843e-06   1.442817e-03   6.206831e-04   6.019926e-05   0.000000e+00   5.792697e-01   7.213219e-07 
           469   2.038558e-06   1.441779e-03   6.207648e-04   5.990375e-05   0.000000e+00   5.791389e-01   7.215728e-07 
           470   2.011942e-06   1.440751e-03   6.208127e-04   5.961687e-05   0.000000e+00   5.790117e-01   7.218302e-07 
     Iteration     Continuity     X-momentum     Y-momentum     Z-momentum         Energy            Tke            Sdr 
           471   1.993782e-06   1.439730e-03   6.208850e-04   5.933494e-05   0.000000e+00   5.788881e-01   7.220943e-07 
           472   1.972022e-06   1.438717e-03   6.208388e-04   5.906178e-05   0.000000e+00   5.787674e-01   7.223643e-07 
           473   1.963261e-06   1.437711e-03   6.208910e-04   5.878802e-05   0.000000e+00   5.786488e-01   7.226408e-07 
           474   1.954572e-06   1.436711e-03   6.208340e-04   5.851623e-05   0.000000e+00   5.785329e-01   7.229231e-07 
           475   1.947848e-06   1.435719e-03   6.208956e-04   5.824148e-05   0.000000e+00   5.784173e-01   7.232108e-07 
           476   1.930049e-06   1.434734e-03   6.208117e-04   5.796758e-05   0.000000e+00   5.783050e-01   7.234967e-07 
           477   1.901740e-06   1.433757e-03   6.208026e-04   5.769867e-05   0.000000e+00   5.781993e-01   7.237906e-07 
           478   1.881746e-06   1.432787e-03   6.206024e-04   5.743459e-05   0.000000e+00   5.780976e-01   7.240897e-07 
           479   1.871780e-06   1.431825e-03   6.204539e-04   5.716788e-05   0.000000e+00   5.779981e-01   7.243947e-07 
           480   1.855765e-06   1.430872e-03   6.201577e-04   5.689493e-05   0.000000e+00   5.779047e-01   7.247050e-07 
     Iteration     Continuity     X-momentum     Y-momentum     Z-momentum         Energy            Tke            Sdr 
           481   1.850152e-06   1.429927e-03   6.199906e-04   5.661360e-05   0.000000e+00   5.778150e-01   7.250210e-07 
           482   1.843250e-06   1.428990e-03   6.197101e-04   5.634242e-05   0.000000e+00   5.777271e-01   7.253423e-07 
           483   1.841424e-06   1.428058e-03   6.195392e-04   5.607856e-05   0.000000e+00   5.776431e-01   7.256690e-07 
           484   1.834620e-06   1.427132e-03   6.191967e-04   5.582217e-05   0.000000e+00   5.775622e-01   7.260008e-07 
           485   1.832878e-06   1.426212e-03   6.190357e-04   5.556420e-05   0.000000e+00   5.774806e-01   7.263378e-07 
           486   1.822543e-06   1.425298e-03   6.186649e-04   5.530963e-05   0.000000e+00   5.774047e-01   7.266794e-07 
           487   1.796953e-06   1.424391e-03   6.184553e-04   5.505437e-05   0.000000e+00   5.773336e-01   7.270194e-07 
           488   1.777359e-06   1.423489e-03   6.180515e-04   5.480933e-05   0.000000e+00   5.772640e-01   7.273592e-07 
           489   1.769236e-06   1.422593e-03   6.177322e-04   5.456543e-05   0.000000e+00   5.771979e-01   7.277043e-07 
           490   1.760973e-06   1.421704e-03   6.172257e-04   5.432743e-05   0.000000e+00   5.771365e-01   7.280545e-07 
     Iteration     Continuity     X-momentum     Y-momentum     Z-momentum         Energy            Tke            Sdr 
           491   1.755318e-06   1.420822e-03   6.168514e-04   5.408696e-05   0.000000e+00   5.770780e-01   7.284091e-07 
           492   1.747546e-06   1.419946e-03   6.162921e-04   5.384227e-05   0.000000e+00   5.770223e-01   7.287592e-07 
           493   1.745219e-06   1.419077e-03   6.158849e-04   5.360183e-05   0.000000e+00   5.769690e-01   7.291046e-07 
           494   1.740318e-06   1.418213e-03   6.153042e-04   5.337076e-05   0.000000e+00   5.769195e-01   7.294579e-07 
           495   1.739214e-06   1.417353e-03   6.148349e-04   5.313859e-05   0.000000e+00   5.768674e-01   7.298122e-07 
           496   1.735927e-06   1.416499e-03   6.141950e-04   5.290318e-05   0.000000e+00   5.768191e-01   7.301710e-07 
           497   1.730269e-06   1.415650e-03   6.136955e-04   5.266714e-05   0.000000e+00   5.767767e-01   7.305355e-07 
           498   1.705635e-06   1.414807e-03   6.130513e-04   5.244051e-05   0.000000e+00   5.767397e-01   7.309053e-07 
           499   1.692406e-06   1.413969e-03   6.124903e-04   5.221999e-05   0.000000e+00   5.767063e-01   7.312795e-07 
           500   1.681992e-06   1.413137e-03   6.117370e-04   5.200555e-05   0.000000e+00   5.766713e-01   7.316547e-07 
     Iteration     Continuity     X-momentum     Y-momentum     Z-momentum         Energy            Tke            Sdr 
           501   1.679650e-06   1.412312e-03   6.110955e-04   5.179025e-05   0.000000e+00   5.766455e-01   7.320360e-07 
           502   1.675791e-06   1.411493e-03   6.105449e-04   5.157507e-05   0.000000e+00   5.766240e-01   7.324218e-07 
           503   1.676930e-06   1.410682e-03   6.097110e-04   5.135162e-05   0.000000e+00   5.766059e-01   7.328123e-07 
           504   1.672117e-06   1.409876e-03   6.088797e-04   5.113695e-05   0.000000e+00   5.765868e-01   7.332019e-07 
           505   1.673525e-06   1.409075e-03   6.082382e-04   5.092618e-05   0.000000e+00   5.765716e-01   7.335934e-07 
           506   1.673781e-06   1.408279e-03   6.074749e-04   5.072086e-05   0.000000e+00   5.765620e-01   7.339900e-07 
           507   1.672539e-06   1.407485e-03   6.068165e-04   5.051509e-05   0.000000e+00   5.765543e-01   7.343905e-07 
           508   1.669427e-06   1.406697e-03   6.060329e-04   5.031157e-05   0.000000e+00   5.765527e-01   7.347956e-07 
           509   1.649705e-06   1.405913e-03   6.053893e-04   5.010813e-05   0.000000e+00   5.765550e-01   7.352050e-07 
           510   1.636937e-06   1.405133e-03   6.045749e-04   4.990917e-05   0.000000e+00   5.765614e-01   7.356160e-07 
     Iteration     Continuity     X-momentum     Y-momentum     Z-momentum         Energy            Tke            Sdr 
           511   1.632602e-06   1.404357e-03   6.039075e-04   4.971125e-05   0.000000e+00   5.765690e-01   7.360304e-07 
           512   1.584172e-06   1.403589e-03   6.030436e-04   4.951616e-05   0.000000e+00   5.765831e-01   7.364492e-07 
           513   1.548344e-06   1.402828e-03   6.022470e-04   4.931572e-05   0.000000e+00   5.765975e-01   7.368724e-07 
           514   1.519221e-06   1.402073e-03   6.009949e-04   4.911906e-05   0.000000e+00   5.766175e-01   7.372994e-07 
           515   1.498782e-06   1.401323e-03   5.997060e-04   4.892715e-05   0.000000e+00   5.766372e-01   7.377303e-07 
           516   1.482302e-06   1.400572e-03   5.979816e-04   4.874014e-05   0.000000e+00   5.766577e-01   7.381684e-07 
           517   1.474742e-06   1.399821e-03   5.882724e-04   4.855332e-05   0.000000e+00   5.766816e-01   7.386124e-07 
           518   1.467708e-06   1.399075e-03   5.786351e-04   4.836737e-05   0.000000e+00   5.767100e-01   7.390571e-07 
           519   1.465064e-06   1.398336e-03   5.755193e-04   4.818031e-05   0.000000e+00   5.767467e-01   7.395048e-07 
           520   1.450014e-06   1.397602e-03   5.735644e-04   4.799630e-05   0.000000e+00   5.767877e-01   7.399561e-07 
     Iteration     Continuity     X-momentum     Y-momentum     Z-momentum         Energy            Tke            Sdr 
           521   1.433967e-06   1.396875e-03   5.711325e-04   4.781422e-05   0.000000e+00   5.768328e-01   7.404112e-07 
           522   1.423749e-06   1.396152e-03   5.681127e-04   4.763607e-05   0.000000e+00   5.768758e-01   7.408701e-07 
           523   1.421008e-06   1.395435e-03   5.641667e-04   4.744814e-05   0.000000e+00   5.769181e-01   7.413329e-07 
           524   1.416772e-06   1.394723e-03   5.594067e-04   4.726085e-05   0.000000e+00   5.769617e-01   7.417958e-07 
           525   1.415640e-06   1.394014e-03   5.543897e-04   4.707902e-05   0.000000e+00   5.769939e-01   7.422548e-07 
           526   1.411454e-06   1.393304e-03   5.491673e-04   4.690590e-05   0.000000e+00   5.769907e-01   7.427194e-07 
           527   1.410492e-06   1.392602e-03   5.438276e-04   4.673549e-05   0.000000e+00   5.770202e-01   7.431830e-07 
           528   1.408423e-06   1.391905e-03   5.385723e-04   4.656785e-05   0.000000e+00   5.770609e-01   7.436527e-07 
           529   1.410113e-06   1.391213e-03   5.329116e-04   4.639880e-05   0.000000e+00   5.771077e-01   7.441262e-07 
           530   1.408779e-06   1.390525e-03   5.273875e-04   4.623184e-05   0.000000e+00   5.771631e-01   7.446043e-07 
     Iteration     Continuity     X-momentum     Y-momentum     Z-momentum         Energy            Tke            Sdr 
           531   1.409961e-06   1.389842e-03   5.217550e-04   4.606606e-05   0.000000e+00   5.772240e-01   7.450867e-07 
           532   1.392789e-06   1.389164e-03   5.163695e-04   4.590275e-05   0.000000e+00   5.772869e-01   7.455727e-07 
           533   1.377938e-06   1.388490e-03   5.106642e-04   4.573399e-05   0.000000e+00   5.773563e-01   7.460627e-07 
           534   1.370599e-06   1.387822e-03   5.053820e-04   4.557064e-05   0.000000e+00   5.774311e-01   7.465539e-07 
           535   1.371523e-06   1.387156e-03   4.998190e-04   4.541068e-05   0.000000e+00   5.774983e-01   7.470324e-07 
           536   1.372425e-06   1.386495e-03   4.944561e-04   4.525598e-05   0.000000e+00   5.775739e-01   7.475204e-07 
           537   1.378256e-06   1.385837e-03   4.888499e-04   4.510165e-05   0.000000e+00   5.776541e-01   7.480083e-07 
           538   1.381885e-06   1.385183e-03   4.838454e-04   4.494974e-05   0.000000e+00   5.777331e-01   7.484874e-07 
           539   1.385541e-06   1.384535e-03   4.785806e-04   4.479635e-05   0.000000e+00   5.778183e-01   7.489752e-07 
           540   1.382501e-06   1.383891e-03   4.738025e-04   4.464460e-05   0.000000e+00   5.779075e-01   7.494670e-07 
     Iteration     Continuity     X-momentum     Y-momentum     Z-momentum         Energy            Tke            Sdr 
           541   1.381991e-06   1.383251e-03   4.687264e-04   4.449112e-05   0.000000e+00   5.780006e-01   7.499630e-07 
           542   1.375481e-06   1.382617e-03   4.636389e-04   4.433764e-05   0.000000e+00   5.780998e-01   7.504625e-07 
           543   1.372680e-06   1.381985e-03   4.582435e-04   4.418502e-05   0.000000e+00   5.781865e-01   7.509662e-07 
           544   1.356752e-06   1.381355e-03   4.530294e-04   4.404012e-05   0.000000e+00   5.782768e-01   7.514735e-07 
           545   1.341023e-06   1.380731e-03   4.475089e-04   4.389612e-05   0.000000e+00   5.783744e-01   7.519849e-07 
           546   1.330103e-06   1.380101e-03   4.431165e-04   4.375589e-05   0.000000e+00   5.784018e-01   7.524967e-07 
           547   1.324236e-06   1.379479e-03   4.379693e-04   4.361186e-05   0.000000e+00   5.784777e-01   7.530143e-07 
           548   1.318888e-06   1.378864e-03   4.337031e-04   4.347099e-05   0.000000e+00   5.785688e-01   7.535359e-07 
           549   1.318835e-06   1.378253e-03   4.291955e-04   4.332505e-05   0.000000e+00   5.786683e-01   7.540610e-07 
           550   1.312350e-06   1.377646e-03   4.257084e-04   4.317920e-05   0.000000e+00   5.787709e-01   7.545887e-07 
     Iteration     Continuity     X-momentum     Y-momentum     Z-momentum         Energy            Tke            Sdr 
           551   1.311874e-06   1.377044e-03   4.214701e-04   4.303044e-05   0.000000e+00   5.788814e-01   7.551199e-07 
           552   1.306962e-06   1.376446e-03   4.180509e-04   4.289119e-05   0.000000e+00   5.789979e-01   7.556538e-07 
           553   1.307775e-06   1.375850e-03   4.142904e-04   4.275373e-05   0.000000e+00   5.791205e-01   7.561908e-07 
           554   1.305593e-06   1.375260e-03   4.116464e-04   4.262271e-05   0.000000e+00   5.792475e-01   7.567306e-07 
           555   1.307923e-06   1.374672e-03   4.089432e-04   4.249076e-05   0.000000e+00   5.793762e-01   7.572730e-07 
           556   1.298057e-06   1.374088e-03   4.071562e-04   4.236256e-05   0.000000e+00   5.795141e-01   7.578181e-07 
           557   1.284912e-06   1.373508e-03   4.049490e-04   4.223200e-05   0.000000e+00   5.796567e-01   7.583660e-07 
           558   1.275085e-06   1.372932e-03   4.039305e-04   4.210471e-05   0.000000e+00   5.798035e-01   7.589165e-07 
           559   1.268065e-06   1.372361e-03   4.024527e-04   4.197524e-05   0.000000e+00   5.799525e-01   7.594695e-07 
           560   1.263353e-06   1.371792e-03   4.022622e-04   4.184640e-05   0.000000e+00   5.801062e-01   7.600250e-07 
     Iteration     Continuity     X-momentum     Y-momentum     Z-momentum         Energy            Tke            Sdr 
           561   1.265214e-06   1.371227e-03   4.015053e-04   4.171703e-05   0.000000e+00   5.802625e-01   7.605829e-07 
           562   1.264009e-06   1.370667e-03   4.017217e-04   4.159177e-05   0.000000e+00   5.804236e-01   7.611431e-07 
           563   1.265164e-06   1.370110e-03   4.014509e-04   4.146641e-05   0.000000e+00   5.805900e-01   7.617059e-07 
           564   1.261280e-06   1.369557e-03   4.022971e-04   4.134540e-05   0.000000e+00   5.807574e-01   7.622685e-07 
           565   1.258567e-06   1.369008e-03   4.027931e-04   4.122368e-05   0.000000e+00   5.809246e-01   7.628309e-07 
           566   1.254876e-06   1.368461e-03   4.043606e-04   4.110529e-05   0.000000e+00   5.810976e-01   7.633963e-07 
           567   1.254620e-06   1.367918e-03   4.054646e-04   4.098640e-05   0.000000e+00   5.812771e-01   7.639643e-07 
           568   1.241287e-06   1.367380e-03   4.077315e-04   4.086800e-05   0.000000e+00   5.814592e-01   7.645348e-07 
           569   1.230327e-06   1.366846e-03   4.094775e-04   4.074918e-05   0.000000e+00   5.816444e-01   7.651052e-07 
           570   1.224437e-06   1.366315e-03   4.122051e-04   4.063469e-05   0.000000e+00   5.818323e-01   7.656775e-07 
     Iteration     Continuity     X-momentum     Y-momentum     Z-momentum         Energy            Tke            Sdr 
           571   1.224632e-06   1.365787e-03   4.144662e-04   4.052001e-05   0.000000e+00   5.820191e-01   7.662436e-07 
           572   1.222818e-06   1.365261e-03   4.178094e-04   4.040960e-05   0.000000e+00   5.822089e-01   7.668135e-07 
           573   1.224168e-06   1.364738e-03   4.204545e-04   4.029849e-05   0.000000e+00   5.824035e-01   7.673861e-07 
           574   1.223978e-06   1.364220e-03   4.244732e-04   4.018311e-05   0.000000e+00   5.826026e-01   7.679613e-07 
           575   1.226791e-06   1.363704e-03   4.280916e-04   4.006454e-05   0.000000e+00   5.828057e-01   7.685390e-07 
           576   1.223287e-06   1.363190e-03   4.328920e-04   3.994985e-05   0.000000e+00   5.830114e-01   7.691189e-07 
           577   1.222245e-06   1.362679e-03   4.373091e-04   3.983778e-05   0.000000e+00   5.832155e-01   7.696959e-07 
           578   1.220216e-06   1.362171e-03   4.428750e-04   3.973256e-05   0.000000e+00   5.834258e-01   7.702735e-07 
           579   1.223335e-06   1.361667e-03   4.480224e-04   3.962807e-05   0.000000e+00   5.836410e-01   7.708544e-07 
           580   1.208907e-06   1.361164e-03   4.546089e-04   3.952626e-05   0.000000e+00   5.838590e-01   7.714372e-07 
     Iteration     Continuity     X-momentum     Y-momentum     Z-momentum         Energy            Tke            Sdr 
           581   1.204138e-06   1.360665e-03   4.606974e-04   3.942237e-05   0.000000e+00   5.840813e-01   7.720223e-07 
           582   1.202252e-06   1.360169e-03   4.677737e-04   3.932132e-05   0.000000e+00   5.843071e-01   7.726096e-07 
           583   1.206737e-06   1.359674e-03   4.742627e-04   3.921890e-05   0.000000e+00   5.845336e-01   7.731984e-07 
           584   1.208417e-06   1.359177e-03   4.813392e-04   3.911826e-05   0.000000e+00   5.847602e-01   7.737881e-07 
           585   1.213841e-06   1.358683e-03   4.879475e-04   3.901808e-05   0.000000e+00   5.849911e-01   7.743782e-07 
           586   1.217524e-06   1.358192e-03   4.960909e-04   3.892237e-05   0.000000e+00   5.852250e-01   7.749704e-07 
           587   1.225233e-06   1.357705e-03   5.037232e-04   3.882600e-05   0.000000e+00   5.854630e-01   7.755643e-07 
           588   1.230817e-06   1.357220e-03   5.124814e-04   3.873203e-05   0.000000e+00   5.857046e-01   7.761598e-07 
           589   1.237882e-06   1.356737e-03   5.207122e-04   3.863675e-05   0.000000e+00   5.859504e-01   7.767568e-07 
           590   1.239500e-06   1.356255e-03   5.300704e-04   3.854395e-05   0.000000e+00   5.862012e-01   7.773553e-07 
     Iteration     Continuity     X-momentum     Y-momentum     Z-momentum         Energy            Tke            Sdr 
           591   1.232527e-06   1.355778e-03   5.388818e-04   3.845035e-05   0.000000e+00   5.864558e-01   7.779555e-07 
           592   1.220369e-06   1.355308e-03   5.489023e-04   3.835989e-05   0.000000e+00   5.867119e-01   7.785522e-07 
           593   1.217747e-06   1.354841e-03   5.583472e-04   3.826965e-05   0.000000e+00   5.869680e-01   7.791434e-07 
           594   1.216123e-06   1.354378e-03   5.681514e-04   3.818133e-05   0.000000e+00   5.872256e-01   7.797387e-07 
           595   1.220632e-06   1.353919e-03   5.778134e-04   3.809193e-05   0.000000e+00   5.874881e-01   7.803352e-07 
           596   1.223827e-06   1.353452e-03   5.870790e-04   3.800059e-05   0.000000e+00   5.877537e-01   7.809341e-07 
           597   1.229199e-06   1.352986e-03   5.661149e-04   3.790284e-05   0.000000e+00   5.880249e-01   7.815325e-07 
           598   1.232021e-06   1.352526e-03   5.490161e-04   3.780580e-05   0.000000e+00   5.883000e-01   7.821314e-07 
           599   1.237413e-06   1.352072e-03   5.416470e-04   3.771111e-05   0.000000e+00   5.885785e-01   7.827322e-07 
           600   1.238425e-06   1.351621e-03   5.403718e-04   3.762179e-05   0.000000e+00   5.888648e-01   7.833348e-07 
     Iteration     Continuity     X-momentum     Y-momentum     Z-momentum         Energy            Tke            Sdr 
           601   1.240911e-06   1.351174e-03   5.411236e-04   3.753437e-05   0.000000e+00   5.891553e-01   7.839392e-07 
           602   1.231729e-06   1.350730e-03   5.438878e-04   3.744858e-05   0.000000e+00   5.894499e-01   7.845454e-07 
           603   1.226263e-06   1.350289e-03   5.467863e-04   3.736167e-05   0.000000e+00   5.897465e-01   7.851532e-07 
           604   1.223093e-06   1.349852e-03   5.508334e-04   3.727522e-05   0.000000e+00   5.900455e-01   7.857623e-07 
           605   1.224864e-06   1.349418e-03   5.546955e-04   3.718729e-05   0.000000e+00   5.903479e-01   7.863728e-07 
           606   1.224982e-06   1.348987e-03   5.593755e-04   3.709916e-05   0.000000e+00   5.906577e-01   7.869851e-07 
           607   1.228645e-06   1.348560e-03   5.637833e-04   3.701136e-05   0.000000e+00   5.909720e-01   7.875990e-07 
           608   1.230173e-06   1.348135e-03   5.690091e-04   3.692656e-05   0.000000e+00   5.912855e-01   7.882131e-07 
           609   1.233632e-06   1.347713e-03   5.738983e-04   3.684241e-05   0.000000e+00   5.916023e-01   7.888289e-07 
           610   1.234292e-06   1.347293e-03   5.795185e-04   3.676007e-05   0.000000e+00   5.919226e-01   7.894458e-07 
     Iteration     Continuity     X-momentum     Y-momentum     Z-momentum         Energy            Tke            Sdr 
           611   1.236370e-06   1.346874e-03   5.847952e-04   3.667740e-05   0.000000e+00   5.922428e-01   7.900601e-07 
           612   1.237646e-06   1.346459e-03   5.908541e-04   3.659558e-05   0.000000e+00   5.925684e-01   7.906774e-07 
           613   1.236510e-06   1.346047e-03   5.965524e-04   3.651348e-05   0.000000e+00   5.928953e-01   7.912956e-07 
           614   1.226522e-06   1.345638e-03   6.029451e-04   3.643312e-05   0.000000e+00   5.932280e-01   7.919154e-07 
           615   1.225815e-06   1.345232e-03   6.089377e-04   3.635366e-05   0.000000e+00   5.935657e-01   7.925365e-07 
           616   1.226007e-06   1.344829e-03   6.155898e-04   3.627614e-05   0.000000e+00   5.939040e-01   7.931584e-07 
           617   1.228943e-06   1.344429e-03   6.218499e-04   3.619896e-05   0.000000e+00   5.942501e-01   7.937817e-07 
           618   1.229361e-06   1.344031e-03   6.288086e-04   3.612310e-05   0.000000e+00   5.945989e-01   7.944060e-07 
           619   1.232858e-06   1.343635e-03   6.353642e-04   3.604051e-05   0.000000e+00   5.949508e-01   7.950315e-07 
           620   1.234079e-06   1.343241e-03   6.425596e-04   3.595734e-05   0.000000e+00   5.953051e-01   7.956578e-07 
     Iteration     Continuity     X-momentum     Y-momentum     Z-momentum         Energy            Tke            Sdr 
           621   1.239575e-06   1.342850e-03   6.491919e-04   3.587606e-05   0.000000e+00   5.956633e-01   7.962851e-07 
           622   1.242973e-06   1.342462e-03   6.565035e-04   3.579808e-05   0.000000e+00   5.960261e-01   7.969133e-07 
           623   1.248685e-06   1.342075e-03   6.633455e-04   3.572108e-05   0.000000e+00   5.963904e-01   7.975420e-07 
           624   1.248831e-06   1.341691e-03   6.707238e-04   3.564535e-05   0.000000e+00   5.967610e-01   7.981716e-07 
           625   1.242269e-06   1.341309e-03   6.777189e-04   3.556950e-05   0.000000e+00   5.971345e-01   7.988022e-07 
           626   1.236514e-06   1.340929e-03   6.853327e-04   3.549439e-05   0.000000e+00   5.975094e-01   7.994334e-07 
           627   1.235573e-06   1.340551e-03   6.924903e-04   3.541925e-05   0.000000e+00   5.978874e-01   8.000651e-07 
           628   1.234799e-06   1.340174e-03   7.003008e-04   3.534500e-05   0.000000e+00   5.982612e-01   8.006921e-07 
           629   1.238421e-06   1.339801e-03   7.077391e-04   3.527199e-05   0.000000e+00   5.986410e-01   8.013219e-07 
           630   1.240122e-06   1.339430e-03   7.157677e-04   3.520090e-05   0.000000e+00   5.990219e-01   8.019520e-07 
     Iteration     Continuity     X-momentum     Y-momentum     Z-momentum         Energy            Tke            Sdr 
           631   1.244814e-06   1.339061e-03   7.233166e-04   3.513061e-05   0.000000e+00   5.994049e-01   8.025829e-07 
           632   1.245190e-06   1.338694e-03   7.316417e-04   3.506116e-05   0.000000e+00   5.997922e-01   8.032141e-07 
           633   1.246550e-06   1.338328e-03   7.396687e-04   3.499165e-05   0.000000e+00   6.001805e-01   8.038433e-07 
           634   1.244494e-06   1.337964e-03   7.483508e-04   3.492316e-05   0.000000e+00   6.005690e-01   8.044697e-07 
           635   1.245959e-06   1.337603e-03   7.567295e-04   3.485511e-05   0.000000e+00   6.009635e-01   8.050984e-07 
           636   1.233836e-06   1.337243e-03   7.659952e-04   3.478868e-05   0.000000e+00   6.013607e-01   8.057274e-07 
           637   1.229151e-06   1.336886e-03   7.746937e-04   3.472101e-05   0.000000e+00   6.017587e-01   8.063569e-07 
           638   1.226948e-06   1.336530e-03   7.834025e-04   3.465382e-05   0.000000e+00   6.021634e-01   8.069873e-07 
           639   1.227738e-06   1.336176e-03   7.917880e-04   3.458609e-05   0.000000e+00   6.025720e-01   8.076184e-07 
           640   1.227257e-06   1.335824e-03   8.011098e-04   3.451660e-05   0.000000e+00   6.029842e-01   8.082500e-07 
     Iteration     Continuity     X-momentum     Y-momentum     Z-momentum         Energy            Tke            Sdr 
           641   1.231459e-06   1.335474e-03   8.095625e-04   3.444339e-05   0.000000e+00   6.033971e-01   8.088818e-07 
           642   1.250474e-06   1.335126e-03   8.164497e-04   3.437839e-05   0.000000e+00   6.038118e-01   8.095129e-07 
           643   1.238466e-06   1.334780e-03   8.259142e-04   3.430819e-05   0.000000e+00   6.042312e-01   8.101439e-07 
           644   1.241906e-06   1.334435e-03   8.339963e-04   3.424218e-05   0.000000e+00   6.046545e-01   8.107761e-07 
           645   1.260623e-06   1.334092e-03   8.411224e-04   3.418296e-05   0.000000e+00   6.050760e-01   8.114063e-07 
           646   1.244319e-06   1.333751e-03   8.505948e-04   3.411601e-05   0.000000e+00   6.055034e-01   8.120371e-07 
           647   1.238951e-06   1.333412e-03   8.591156e-04   3.405002e-05   0.000000e+00   6.059327e-01   8.126690e-07 
           648   1.249989e-06   1.333074e-03   8.665021e-04   3.399088e-05   0.000000e+00   6.063638e-01   8.132998e-07 
           649   1.230210e-06   1.332739e-03   8.763878e-04   3.392493e-05   0.000000e+00   6.068005e-01   8.139312e-07 
           650   1.245836e-06   1.332406e-03   8.841303e-04   3.386713e-05   0.000000e+00   6.072381e-01   8.145621e-07 
     Iteration     Continuity     X-momentum     Y-momentum     Z-momentum         Energy            Tke            Sdr 
           651   1.230200e-06   1.332075e-03   8.935224e-04   3.380161e-05   0.000000e+00   6.076784e-01   8.151932e-07 
           652   1.245733e-06   1.331745e-03   9.002834e-04   3.374425e-05   0.000000e+00   6.081218e-01   8.158241e-07 
           653   1.229265e-06   1.331418e-03   9.099829e-04   3.367976e-05   0.000000e+00   6.085647e-01   8.164544e-07 
           654   1.247594e-06   1.331091e-03   9.174915e-04   3.362051e-05   0.000000e+00   6.090147e-01   8.170845e-07 
           655   1.235001e-06   1.330768e-03   9.270748e-04   3.355326e-05   0.000000e+00   6.094687e-01   8.177151e-07 
           656   1.253919e-06   1.330446e-03   9.351258e-04   3.349498e-05   0.000000e+00   6.099262e-01   8.183453e-07 
           657   1.238700e-06   1.330127e-03   9.455897e-04   3.343248e-05   0.000000e+00   6.103866e-01   8.189757e-07 
           658   1.250272e-06   1.329808e-03   9.541575e-04   3.337717e-05   0.000000e+00   6.108468e-01   8.196049e-07 
           659   1.234672e-06   1.329492e-03   9.644033e-04   3.331502e-05   0.000000e+00   6.113115e-01   8.202343e-07 
           660   1.250541e-06   1.329177e-03   9.731250e-04   3.326127e-05   0.000000e+00   6.117789e-01   8.208630e-07 
     Iteration     Continuity     X-momentum     Y-momentum     Z-momentum         Energy            Tke            Sdr 
           661   1.235053e-06   1.328865e-03   9.833967e-04   3.319970e-05   0.000000e+00   6.122492e-01   8.214916e-07 
           662   1.251794e-06   1.328553e-03   9.921759e-04   3.313970e-05   0.000000e+00   6.127230e-01   8.221193e-07 
           663   1.238972e-06   1.328244e-03   1.002492e-03   3.306896e-05   0.000000e+00   6.131960e-01   8.227457e-07 
           664   1.261984e-06   1.327936e-03   1.011328e-03   3.301614e-05   0.000000e+00   6.136700e-01   8.233711e-07 
           665   1.249782e-06   1.327631e-03   1.022489e-03   3.295809e-05   0.000000e+00   6.141499e-01   8.239970e-07 
           666   1.276107e-06   1.327326e-03   1.031780e-03   3.290627e-05   0.000000e+00   6.146316e-01   8.246222e-07 
           667   1.269449e-06   1.327023e-03   1.042631e-03   3.284679e-05   0.000000e+00   6.151128e-01   8.252466e-07 
           668   1.294078e-06   1.326721e-03   1.052099e-03   3.279587e-05   0.000000e+00   6.155965e-01   8.258705e-07 
           669   1.277390e-06   1.326422e-03   1.063457e-03   3.273900e-05   0.000000e+00   6.160808e-01   8.264940e-07 
           670   1.301131e-06   1.326123e-03   1.072795e-03   3.268678e-05   0.000000e+00   6.165703e-01   8.271166e-07 
     Iteration     Continuity     X-momentum     Y-momentum     Z-momentum         Energy            Tke            Sdr 
           671   1.289041e-06   1.325827e-03   1.083575e-03   3.262647e-05   0.000000e+00   6.170621e-01   8.277392e-07 
           672   1.315693e-06   1.325532e-03   1.092149e-03   3.257568e-05   0.000000e+00   6.175532e-01   8.283597e-07 
           673   1.301964e-06   1.325239e-03   1.102693e-03   3.251984e-05   0.000000e+00   6.180437e-01   8.289795e-07 
           674   1.328460e-06   1.324937e-03   1.111133e-03   3.246917e-05   0.000000e+00   6.185323e-01   8.295927e-07 
           675   1.313431e-06   1.324633e-03   1.105299e-03   3.241093e-05   0.000000e+00   6.190243e-01   8.302011e-07 
           676   1.341818e-06   1.324332e-03   1.092195e-03   3.236290e-05   0.000000e+00   6.195210e-01   8.308097e-07 
           677   1.323696e-06   1.324035e-03   1.085178e-03   3.230988e-05   0.000000e+00   6.200220e-01   8.314196e-07 
           678   1.347033e-06   1.323741e-03   1.081090e-03   3.226203e-05   0.000000e+00   6.205261e-01   8.320299e-07 
           679   1.325243e-06   1.323450e-03   1.077666e-03   3.220622e-05   0.000000e+00   6.210299e-01   8.326405e-07 
           680   1.347201e-06   1.323160e-03   1.074191e-03   3.216065e-05   0.000000e+00   6.215370e-01   8.332508e-07 
     Iteration     Continuity     X-momentum     Y-momentum     Z-momentum         Energy            Tke            Sdr 
           681   1.326288e-06   1.322872e-03   1.070793e-03   3.210957e-05   0.000000e+00   6.220470e-01   8.338612e-07 
           682   1.348284e-06   1.322587e-03   1.065692e-03   3.206013e-05   0.000000e+00   6.225611e-01   8.344716e-07 
           683   1.330300e-06   1.322303e-03   1.061111e-03   3.200013e-05   0.000000e+00   6.230782e-01   8.350828e-07 
           684   1.354326e-06   1.322021e-03   1.054582e-03   3.195204e-05   0.000000e+00   6.235970e-01   8.356933e-07 
           685   1.335159e-06   1.321741e-03   1.049644e-03   3.190071e-05   0.000000e+00   6.241172e-01   8.363037e-07 
           686   1.359038e-06   1.321462e-03   1.042708e-03   3.185652e-05   0.000000e+00   6.246388e-01   8.369133e-07 
           687   1.340764e-06   1.321184e-03   1.037252e-03   3.180374e-05   0.000000e+00   6.251625e-01   8.375219e-07 
           688   1.362599e-06   1.320906e-03   1.029670e-03   3.176273e-05   0.000000e+00   6.256844e-01   8.381254e-07 
           689   1.341651e-06   1.320631e-03   1.024009e-03   3.171345e-05   0.000000e+00   6.262110e-01   8.387310e-07 
           690   1.364908e-06   1.320357e-03   1.016280e-03   3.167039e-05   0.000000e+00   6.267374e-01   8.393356e-07 
     Iteration     Continuity     X-momentum     Y-momentum     Z-momentum         Energy            Tke            Sdr 
           691   1.348326e-06   1.320084e-03   1.010503e-03   3.161499e-05   0.000000e+00   6.272653e-01   8.399402e-07 
           692   1.374287e-06   1.319813e-03   1.002688e-03   3.157154e-05   0.000000e+00   6.277960e-01   8.405434e-07 
           693   1.358848e-06   1.319543e-03   9.970183e-04   3.151745e-05   0.000000e+00   6.283306e-01   8.411471e-07 
           694   1.383881e-06   1.319274e-03   9.891582e-04   3.147539e-05   0.000000e+00   6.288671e-01   8.417500e-07 
           695   1.364319e-06   1.319007e-03   9.833238e-04   3.142154e-05   0.000000e+00   6.293991e-01   8.423520e-07 
           696   1.387801e-06   1.318741e-03   9.754339e-04   3.138339e-05   0.000000e+00   6.299370e-01   8.429532e-07 
           697   1.368163e-06   1.318478e-03   9.699118e-04   3.133346e-05   0.000000e+00   6.304788e-01   8.435547e-07 
           698   1.391836e-06   1.318214e-03   9.620565e-04   3.129588e-05   0.000000e+00   6.310146e-01   8.441524e-07 
           699   1.369537e-06   1.317952e-03   9.566173e-04   3.124628e-05   0.000000e+00   6.315540e-01   8.447502e-07 
           700   1.392741e-06   1.317692e-03   9.484478e-04   3.120992e-05   0.000000e+00   6.320974e-01   8.453477e-07 
     Iteration     Continuity     X-momentum     Y-momentum     Z-momentum         Energy            Tke            Sdr 
           701   1.400077e-06   1.317433e-03   9.424956e-04   3.116474e-05   0.000000e+00   6.326412e-01   8.459439e-07 
           702   1.385693e-06   1.317177e-03   9.363781e-04   3.111488e-05   0.000000e+00   6.331884e-01   8.465406e-07 
           703   1.410481e-06   1.316922e-03   9.281461e-04   3.107370e-05   0.000000e+00   6.337382e-01   8.471353e-07 
           704   1.393394e-06   1.316670e-03   9.226558e-04   3.102105e-05   0.000000e+00   6.342912e-01   8.477300e-07 
           705   1.418021e-06   1.316418e-03   9.145193e-04   3.098412e-05   0.000000e+00   6.348460e-01   8.483237e-07 
           706   1.398210e-06   1.316169e-03   9.093678e-04   3.093621e-05   0.000000e+00   6.353999e-01   8.489164e-07 
           707   1.421132e-06   1.315920e-03   9.012695e-04   3.090359e-05   0.000000e+00   6.359568e-01   8.495077e-07 
           708   1.399329e-06   1.315673e-03   8.962421e-04   3.085735e-05   0.000000e+00   6.365164e-01   8.500985e-07 
           709   1.422388e-06   1.315427e-03   8.876646e-04   3.082398e-05   0.000000e+00   6.370771e-01   8.506876e-07 
           710   1.399872e-06   1.315183e-03   8.826067e-04   3.077665e-05   0.000000e+00   6.376412e-01   8.512765e-07 
     Iteration     Continuity     X-momentum     Y-momentum     Z-momentum         Energy            Tke            Sdr 
           711   1.426337e-06   1.314940e-03   8.741226e-04   3.074209e-05   0.000000e+00   6.382067e-01   8.518637e-07 
           712   1.407341e-06   1.314699e-03   8.691667e-04   3.069319e-05   0.000000e+00   6.387732e-01   8.524498e-07 
           713   1.435342e-06   1.314460e-03   8.602061e-04   3.065771e-05   0.000000e+00   6.393412e-01   8.530343e-07 
           714   1.416558e-06   1.314222e-03   8.550750e-04   3.061001e-05   0.000000e+00   6.399119e-01   8.536188e-07 
           715   1.442950e-06   1.313985e-03   8.460582e-04   3.057700e-05   0.000000e+00   6.404838e-01   8.542005e-07 
           716   1.423568e-06   1.313750e-03   8.408650e-04   3.052972e-05   0.000000e+00   6.410566e-01   8.547819e-07 
           717   1.452108e-06   1.313516e-03   8.316346e-04   3.049731e-05   0.000000e+00   6.416308e-01   8.553613e-07 
           718   1.429709e-06   1.313284e-03   8.268474e-04   3.045171e-05   0.000000e+00   6.422085e-01   8.559406e-07 
           719   1.458571e-06   1.313053e-03   8.174071e-04   3.042004e-05   0.000000e+00   6.427895e-01   8.565182e-07 
           720   1.436937e-06   1.312825e-03   8.126209e-04   3.037559e-05   0.000000e+00   6.433728e-01   8.570956e-07 
     Iteration     Continuity     X-momentum     Y-momentum     Z-momentum         Energy            Tke            Sdr 
           721   1.466917e-06   1.312597e-03   8.032446e-04   3.034563e-05   0.000000e+00   6.439576e-01   8.576714e-07 
           722   1.445469e-06   1.312371e-03   7.988005e-04   3.029988e-05   0.000000e+00   6.445449e-01   8.582471e-07 
           723   1.474135e-06   1.312146e-03   7.894159e-04   3.026572e-05   0.000000e+00   6.451340e-01   8.588210e-07 
           724   1.449562e-06   1.311923e-03   7.849355e-04   3.021822e-05   0.000000e+00   6.457200e-01   8.593929e-07 
           725   1.474508e-06   1.311700e-03   7.753321e-04   3.018593e-05   0.000000e+00   6.463099e-01   8.599634e-07 
           726   1.448762e-06   1.311480e-03   7.712543e-04   3.014226e-05   0.000000e+00   6.469029e-01   8.605336e-07 
           727   1.472815e-06   1.311260e-03   7.613565e-04   3.011394e-05   0.000000e+00   6.474970e-01   8.611017e-07 
           728   1.447957e-06   1.311042e-03   7.572185e-04   3.007073e-05   0.000000e+00   6.480887e-01   8.616666e-07 
           729   1.472200e-06   1.310823e-03   7.467519e-04   3.004224e-05   0.000000e+00   6.486755e-01   8.622287e-07 
           730   1.447923e-06   1.310607e-03   7.428419e-04   2.999831e-05   0.000000e+00   6.492668e-01   8.627908e-07 
     Iteration     Continuity     X-momentum     Y-momentum     Z-momentum         Energy            Tke            Sdr 
           731   1.472960e-06   1.310389e-03   7.327577e-04   2.996730e-05   0.000000e+00   6.498555e-01   8.633490e-07 
           732   1.447709e-06   1.310173e-03   7.297300e-04   2.992246e-05   0.000000e+00   6.504463e-01   8.639068e-07 
           733   1.473484e-06   1.309959e-03   7.198280e-04   2.989144e-05   0.000000e+00   6.510410e-01   8.644630e-07 
           734   1.450751e-06   1.309746e-03   7.168273e-04   2.984762e-05   0.000000e+00   6.516384e-01   8.650190e-07 
           735   1.479131e-06   1.309534e-03   7.064403e-04   2.981907e-05   0.000000e+00   6.522385e-01   8.655737e-07 
           736   1.481638e-06   1.309325e-03   7.016436e-04   2.978330e-05   0.000000e+00   6.528387e-01   8.661263e-07 
           737   1.486558e-06   1.309117e-03   6.958806e-04   2.974970e-05   0.000000e+00   6.534417e-01   8.666779e-07 
           738   1.489552e-06   1.308910e-03   6.898842e-04   2.971719e-05   0.000000e+00   6.540459e-01   8.672279e-07 
           739   1.496415e-06   1.308705e-03   6.837101e-04   2.968451e-05   0.000000e+00   6.546535e-01   8.677771e-07 
           740   1.504606e-06   1.308500e-03   6.778809e-04   2.965146e-05   0.000000e+00   6.552607e-01   8.683230e-07 
     Iteration     Continuity     X-momentum     Y-momentum     Z-momentum         Energy            Tke            Sdr 
           741   1.488043e-06   1.308298e-03   6.746484e-04   2.961174e-05   0.000000e+00   6.558675e-01   8.688663e-07 
           742   1.519477e-06   1.308096e-03   6.635498e-04   2.958257e-05   0.000000e+00   6.564746e-01   8.694075e-07 
           743   1.499930e-06   1.307896e-03   6.618977e-04   2.953939e-05   0.000000e+00   6.570860e-01   8.699486e-07 
           744   1.533139e-06   1.307698e-03   6.514242e-04   2.951009e-05   0.000000e+00   6.576998e-01   8.704876e-07 
           745   1.510313e-06   1.307501e-03   6.511225e-04   2.947055e-05   0.000000e+00   6.583140e-01   8.710261e-07 
           746   1.541420e-06   1.307305e-03   6.417014e-04   2.944529e-05   0.000000e+00   6.589302e-01   8.715625e-07 
           747   1.517063e-06   1.307111e-03   6.419321e-04   2.940866e-05   0.000000e+00   6.595487e-01   8.720980e-07 
           748   1.541697e-06   1.306917e-03   6.326124e-04   2.938447e-05   0.000000e+00   6.601661e-01   8.726305e-07 
           749   1.515621e-06   1.306725e-03   6.339874e-04   2.934769e-05   0.000000e+00   6.607841e-01   8.731618e-07 
           750   1.546077e-06   1.306535e-03   6.254210e-04   2.932283e-05   0.000000e+00   6.614059e-01   8.736915e-07 
     Iteration     Continuity     X-momentum     Y-momentum     Z-momentum         Energy            Tke            Sdr 
           751   1.521952e-06   1.306345e-03   6.257942e-04   2.928539e-05   0.000000e+00   6.620282e-01   8.742208e-07 
           752   1.551403e-06   1.306156e-03   6.162060e-04   2.925960e-05   0.000000e+00   6.626473e-01   8.747443e-07 
           753   1.523495e-06   1.305954e-03   6.183066e-04   2.922291e-05   0.000000e+00   6.632678e-01   8.752498e-07 
           754   1.549590e-06   1.305756e-03   6.194829e-04   2.919876e-05   0.000000e+00   6.638905e-01   8.757550e-07 
           755   1.519534e-06   1.305563e-03   6.356017e-04   2.916424e-05   0.000000e+00   6.645118e-01   8.762606e-07 
           756   1.542229e-06   1.305371e-03   6.382583e-04   2.914081e-05   0.000000e+00   6.651365e-01   8.767667e-07 
           757   1.538739e-06   1.305182e-03   6.459721e-04   2.911366e-05   0.000000e+00   6.657641e-01   8.772721e-07 
           758   1.510387e-06   1.304995e-03   6.534079e-04   2.907763e-05   0.000000e+00   6.663938e-01   8.777792e-07 
           759   1.529619e-06   1.304810e-03   6.506923e-04   2.905669e-05   0.000000e+00   6.670235e-01   8.782840e-07 
           760   1.528035e-06   1.304626e-03   6.519215e-04   2.902878e-05   0.000000e+00   6.676521e-01   8.787864e-07 
     Iteration     Continuity     X-momentum     Y-momentum     Z-momentum         Energy            Tke            Sdr 
           761   1.497398e-06   1.304444e-03   6.541440e-04   2.899426e-05   0.000000e+00   6.682838e-01   8.792897e-07 
           762   1.520635e-06   1.304263e-03   6.470950e-04   2.896629e-05   0.000000e+00   6.689150e-01   8.797901e-07 
           763   1.493552e-06   1.304084e-03   6.486639e-04   2.893176e-05   0.000000e+00   6.695501e-01   8.802913e-07 
           764   1.519434e-06   1.303906e-03   6.410103e-04   2.890777e-05   0.000000e+00   6.701836e-01   8.807909e-07 
           765   1.516779e-06   1.303727e-03   6.396385e-04   2.888468e-05   0.000000e+00   6.708100e-01   8.812858e-07 
           766   1.489461e-06   1.303551e-03   6.402702e-04   2.884993e-05   0.000000e+00   6.714435e-01   8.817820e-07 
           767   1.514985e-06   1.303374e-03   6.335748e-04   2.882809e-05   0.000000e+00   6.720757e-01   8.822750e-07 
           768   1.515174e-06   1.303196e-03   6.321682e-04   2.880453e-05   0.000000e+00   6.727058e-01   8.827633e-07 
           769   1.489389e-06   1.303021e-03   6.328556e-04   2.877020e-05   0.000000e+00   6.733412e-01   8.832539e-07 
           770   1.517896e-06   1.302848e-03   6.274022e-04   2.874610e-05   0.000000e+00   6.739763e-01   8.837397e-07 
     Iteration     Continuity     X-momentum     Y-momentum     Z-momentum         Energy            Tke            Sdr 
           771   1.493269e-06   1.302677e-03   6.286417e-04   2.871542e-05   0.000000e+00   6.746125e-01   8.842258e-07 
           772   1.522812e-06   1.302508e-03   6.229226e-04   2.869147e-05   0.000000e+00   6.752515e-01   8.847101e-07 
           773   1.494894e-06   1.302341e-03   6.260183e-04   2.866085e-05   0.000000e+00   6.758930e-01   8.851945e-07 
           774   1.518184e-06   1.302176e-03   6.214963e-04   2.863852e-05   0.000000e+00   6.765364e-01   8.856764e-07 
           775   1.488167e-06   1.302012e-03   6.249931e-04   2.860616e-05   0.000000e+00   6.771802e-01   8.861576e-07 
           776   1.515019e-06   1.301849e-03   6.218385e-04   2.858462e-05   0.000000e+00   6.778250e-01   8.866367e-07 
           777   1.514518e-06   1.301688e-03   6.236116e-04   2.856391e-05   0.000000e+00   6.784713e-01   8.871138e-07 
           778   1.487853e-06   1.301528e-03   6.279248e-04   2.853108e-05   0.000000e+00   6.791129e-01   8.875887e-07 
           779   1.515566e-06   1.301369e-03   6.255279e-04   2.850836e-05   0.000000e+00   6.797573e-01   8.880611e-07 
           780   1.517100e-06   1.301212e-03   6.282520e-04   2.848035e-05   0.000000e+00   6.804037e-01   8.885325e-07 
     Iteration     Continuity     X-momentum     Y-momentum     Z-momentum         Energy            Tke            Sdr 
           781   1.518933e-06   1.301057e-03   6.298397e-04   2.845635e-05   0.000000e+00   6.810511e-01   8.890022e-07 
           782   1.521765e-06   1.300902e-03   6.323449e-04   2.843013e-05   0.000000e+00   6.816990e-01   8.894711e-07 
           783   1.524032e-06   1.300749e-03   6.346997e-04   2.840948e-05   0.000000e+00   6.823495e-01   8.899384e-07 
           784   1.528104e-06   1.300597e-03   6.385253e-04   2.838478e-05   0.000000e+00   6.829959e-01   8.904034e-07 
           785   1.531566e-06   1.300446e-03   6.415888e-04   2.836460e-05   0.000000e+00   6.836435e-01   8.908663e-07 
           786   1.536612e-06   1.300297e-03   6.454428e-04   2.833870e-05   0.000000e+00   6.842912e-01   8.913244e-07 
           787   1.540319e-06   1.300149e-03   6.477592e-04   2.831686e-05   0.000000e+00   6.849429e-01   8.917823e-07 
           788   1.544653e-06   1.300003e-03   6.512562e-04   2.829171e-05   0.000000e+00   6.855965e-01   8.922385e-07 
           789   1.521072e-06   1.299859e-03   6.572801e-04   2.826275e-05   0.000000e+00   6.862519e-01   8.926948e-07 
           790   1.550784e-06   1.299715e-03   6.581128e-04   2.824525e-05   0.000000e+00   6.869056e-01   8.931466e-07 
     Iteration     Continuity     X-momentum     Y-momentum     Z-momentum         Energy            Tke            Sdr 
           791   1.554949e-06   1.299573e-03   6.638483e-04   2.822185e-05   0.000000e+00   6.875570e-01   8.935959e-07 
           792   1.531734e-06   1.299432e-03   6.708196e-04   2.819496e-05   0.000000e+00   6.882103e-01   8.940439e-07 
           793   1.561410e-06   1.299293e-03   6.726470e-04   2.818036e-05   0.000000e+00   6.888669e-01   8.944906e-07 
           794   1.565532e-06   1.299156e-03   6.786785e-04   2.815901e-05   0.000000e+00   6.895251e-01   8.949349e-07 
           795   1.564435e-06   1.299020e-03   6.851427e-04   2.813793e-05   0.000000e+00   6.901850e-01   8.953782e-07 
           796   1.566463e-06   1.298885e-03   6.900317e-04   2.811930e-05   0.000000e+00   6.908464e-01   8.958194e-07 
           797   1.567293e-06   1.298751e-03   6.967295e-04   2.809696e-05   0.000000e+00   6.915033e-01   8.962583e-07 
           798   1.572446e-06   1.298618e-03   7.023151e-04   2.807511e-05   0.000000e+00   6.921598e-01   8.966956e-07 
           799   1.575512e-06   1.298486e-03   7.089290e-04   2.805385e-05   0.000000e+00   6.928195e-01   8.971319e-07 
           800   1.580541e-06   1.298355e-03   7.135796e-04   2.803544e-05   0.000000e+00   6.934790e-01   8.975654e-07 
     Iteration     Continuity     X-momentum     Y-momentum     Z-momentum         Energy            Tke            Sdr 
           801   1.585852e-06   1.298226e-03   7.203578e-04   2.801584e-05   0.000000e+00   6.941392e-01   8.979969e-07 
           802   1.562233e-06   1.298097e-03   7.289712e-04   2.799160e-05   0.000000e+00   6.947975e-01   8.984252e-07 
           803   1.592013e-06   1.297970e-03   7.309841e-04   2.798010e-05   0.000000e+00   6.954560e-01   8.988486e-07 
           804   1.593246e-06   1.297844e-03   7.362039e-04   2.795806e-05   0.000000e+00   6.961179e-01   8.992721e-07 
           805   1.598512e-06   1.297720e-03   7.406266e-04   2.793882e-05   0.000000e+00   6.967789e-01   8.996923e-07 
           806   1.600402e-06   1.297597e-03   7.471491e-04   2.791825e-05   0.000000e+00   6.974381e-01   9.001076e-07 
           807   1.573802e-06   1.297476e-03   7.558456e-04   2.789287e-05   0.000000e+00   6.981013e-01   9.005240e-07 
           808   1.601214e-06   1.297356e-03   7.600689e-04   2.787989e-05   0.000000e+00   6.987661e-01   9.009378e-07 
           809   1.600517e-06   1.297237e-03   7.687823e-04   2.785670e-05   0.000000e+00   6.994326e-01   9.013488e-07 
           810   1.576557e-06   1.297120e-03   7.783695e-04   2.783138e-05   0.000000e+00   7.001004e-01   9.017596e-07 
     Iteration     Continuity     X-momentum     Y-momentum     Z-momentum         Energy            Tke            Sdr 
           811   1.604039e-06   1.297004e-03   7.836475e-04   2.781910e-05   0.000000e+00   7.007694e-01   9.021678e-07 
           812   1.605488e-06   1.296889e-03   7.927100e-04   2.779719e-05   0.000000e+00   7.014359e-01   9.025730e-07 
           813   1.581620e-06   1.296776e-03   8.026716e-04   2.777402e-05   0.000000e+00   7.021046e-01   9.029778e-07 
           814   1.608936e-06   1.296664e-03   8.085268e-04   2.776045e-05   0.000000e+00   7.027746e-01   9.033801e-07 
           815   1.613341e-06   1.296554e-03   8.167567e-04   2.773819e-05   0.000000e+00   7.034460e-01   9.037802e-07 
           816   1.589549e-06   1.296445e-03   8.260623e-04   2.771293e-05   0.000000e+00   7.041185e-01   9.041803e-07 
           817   1.609682e-06   1.296335e-03   8.311153e-04   2.770085e-05   0.000000e+00   7.047867e-01   9.045768e-07 
           818   1.606677e-06   1.296226e-03   8.397283e-04   2.767998e-05   0.000000e+00   7.054535e-01   9.049708e-07 
           819   1.611051e-06   1.296118e-03   8.489750e-04   2.765812e-05   0.000000e+00   7.061233e-01   9.053642e-07 
           820   1.609384e-06   1.296003e-03   8.264775e-04   2.872637e-05   0.000000e+00   7.067929e-01   9.057555e-07 
     Iteration     Continuity     X-momentum     Y-momentum     Z-momentum         Energy            Tke            Sdr 
           821   1.603385e-06   1.295901e-03   8.614608e-04   2.818282e-05   0.000000e+00   7.074500e-01   9.061363e-07 
           822   1.605359e-06   1.295799e-03   8.753084e-04   2.783221e-05   0.000000e+00   7.081107e-01   9.065135e-07 
           823   1.608415e-06   1.295697e-03   8.776697e-04   2.764171e-05   0.000000e+00   7.087757e-01   9.068911e-07 
           824   1.611793e-06   1.295597e-03   8.781341e-04   2.755583e-05   0.000000e+00   7.094389e-01   9.072666e-07 
           825   1.610194e-06   1.295486e-03   8.627598e-04   2.859765e-05   0.000000e+00   7.100996e-01   9.076399e-07 
           826   1.603671e-06   1.295390e-03   8.691771e-04   2.806823e-05   0.000000e+00   7.107623e-01   9.080119e-07 
           827   1.602261e-06   1.295294e-03   9.031035e-04   2.773174e-05   0.000000e+00   7.114269e-01   9.083800e-07 
           828   1.606679e-06   1.295199e-03   9.171014e-04   2.754950e-05   0.000000e+00   7.120902e-01   9.087472e-07 
           829   1.609581e-06   1.295094e-03   8.959270e-04   2.853970e-05   0.000000e+00   7.127549e-01   9.091132e-07 
           830   1.601903e-06   1.295005e-03   8.602982e-04   2.798305e-05   0.000000e+00   7.134219e-01   9.094780e-07 
     Iteration     Continuity     X-momentum     Y-momentum     Z-momentum         Energy            Tke            Sdr 
           831   1.597897e-06   1.294914e-03   9.169572e-04   2.764781e-05   0.000000e+00   7.140877e-01   9.098387e-07 
           832   1.628086e-06   1.294824e-03   9.444719e-04   2.747495e-05   0.000000e+00   7.147561e-01   9.101974e-07 
           833   1.613680e-06   1.294713e-03   9.264249e-04   2.845814e-05   0.000000e+00   7.154248e-01   9.105362e-07 
           834   1.600237e-06   1.294617e-03   9.229633e-04   2.793298e-05   0.000000e+00   7.160952e-01   9.108711e-07 
           835   1.571310e-06   1.294522e-03   8.986334e-04   2.759988e-05   0.000000e+00   7.167673e-01   9.112082e-07 
           836   1.624610e-06   1.294429e-03   8.786445e-04   2.742202e-05   0.000000e+00   7.174407e-01   9.115399e-07 
           837   1.612128e-06   1.294328e-03   8.565173e-04   2.839124e-05   0.000000e+00   7.181141e-01   9.118794e-07 
           838   1.599576e-06   1.294242e-03   8.365594e-04   2.785568e-05   0.000000e+00   7.187863e-01   9.122165e-07 
           839   1.619721e-06   1.294155e-03   8.413376e-04   2.752677e-05   0.000000e+00   7.194572e-01   9.125482e-07 
           840   1.606296e-06   1.294059e-03   8.285735e-04   2.842261e-05   0.000000e+00   7.201273e-01   9.128766e-07 
     Iteration     Continuity     X-momentum     Y-momentum     Z-momentum         Energy            Tke            Sdr 
           841   1.589498e-06   1.293978e-03   8.217675e-04   2.780862e-05   0.000000e+00   7.207971e-01   9.132032e-07 
           842   1.606575e-06   1.293897e-03   8.227913e-04   2.745719e-05   0.000000e+00   7.214673e-01   9.135262e-07 
           843   1.598696e-06   1.293807e-03   8.004498e-04   2.834178e-05   0.000000e+00   7.221400e-01   9.138498e-07 
           844   1.585027e-06   1.293731e-03   7.934364e-04   2.774285e-05   0.000000e+00   7.228141e-01   9.141733e-07 
           845   1.607172e-06   1.293655e-03   7.861199e-04   2.740708e-05   0.000000e+00   7.234894e-01   9.144937e-07 
           846   1.600585e-06   1.293570e-03   7.732610e-04   2.829441e-05   0.000000e+00   7.241658e-01   9.148138e-07 
           847   1.588890e-06   1.293498e-03   7.680697e-04   2.770679e-05   0.000000e+00   7.248432e-01   9.151334e-07 
           848   1.611118e-06   1.293426e-03   7.585478e-04   2.737180e-05   0.000000e+00   7.255215e-01   9.154501e-07 
           849   1.606015e-06   1.293346e-03   7.463821e-04   2.825136e-05   0.000000e+00   7.262007e-01   9.157661e-07 
           850   1.594294e-06   1.293280e-03   7.449155e-04   2.766346e-05   0.000000e+00   7.268807e-01   9.160819e-07 
     Iteration     Continuity     X-momentum     Y-momentum     Z-momentum         Energy            Tke            Sdr 
           851   1.614947e-06   1.293212e-03   7.358615e-04   2.733059e-05   0.000000e+00   7.275575e-01   9.163930e-07 
           852   1.609462e-06   1.293136e-03   7.242205e-04   2.820467e-05   0.000000e+00   7.282359e-01   9.167040e-07 
           853   1.596320e-06   1.293073e-03   7.241785e-04   2.762165e-05   0.000000e+00   7.289151e-01   9.170144e-07 
           854   1.618775e-06   1.293010e-03   7.266422e-04   2.728869e-05   0.000000e+00   7.295954e-01   9.173220e-07 
           855   1.616500e-06   1.292937e-03   7.056955e-04   2.815712e-05   0.000000e+00   7.302718e-01   9.176243e-07 
           856   1.606503e-06   1.292879e-03   7.067751e-04   2.757565e-05   0.000000e+00   7.309514e-01   9.179278e-07 
           857   1.625117e-06   1.292820e-03   6.988611e-04   2.724643e-05   0.000000e+00   7.316298e-01   9.182267e-07 
           858   1.621349e-06   1.292752e-03   6.887946e-04   2.811117e-05   0.000000e+00   7.323075e-01   9.185239e-07 
           859   1.607343e-06   1.292698e-03   6.899139e-04   2.753714e-05   0.000000e+00   7.329873e-01   9.188206e-07 
           860   1.624028e-06   1.292642e-03   6.830703e-04   2.721254e-05   0.000000e+00   7.336674e-01   9.191143e-07 
     Iteration     Continuity     X-momentum     Y-momentum     Z-momentum         Energy            Tke            Sdr 
           861   1.621759e-06   1.292578e-03   6.724322e-04   2.807329e-05   0.000000e+00   7.343455e-01   9.194052e-07 
           862   1.612812e-06   1.292528e-03   6.751387e-04   2.750456e-05   0.000000e+00   7.350220e-01   9.196923e-07 
           863   1.638346e-06   1.292476e-03   6.790806e-04   2.718178e-05   0.000000e+00   7.357009e-01   9.199773e-07 
           864   1.637791e-06   1.292416e-03   6.585738e-04   2.803226e-05   0.000000e+00   7.363759e-01   9.202596e-07 
           865   1.632111e-06   1.292369e-03   6.622294e-04   2.746624e-05   0.000000e+00   7.370534e-01   9.205410e-07 
           866   1.630605e-06   1.292322e-03   6.562023e-04   2.714295e-05   0.000000e+00   7.377277e-01   9.208217e-07 
           867   1.649630e-06   1.292265e-03   6.460725e-04   2.798490e-05   0.000000e+00   7.384050e-01   9.210996e-07 
           868   1.657343e-06   1.292222e-03   6.525608e-04   2.743051e-05   0.000000e+00   7.390831e-01   9.213773e-07 
           869   1.659224e-06   1.292169e-03   6.377453e-04   2.817164e-05   0.000000e+00   7.397598e-01   9.216517e-07 
           870   1.652309e-06   1.292129e-03   6.523503e-04   2.747054e-05   0.000000e+00   7.404386e-01   9.219268e-07 
     Iteration     Continuity     X-momentum     Y-momentum     Z-momentum         Energy            Tke            Sdr 
           871   1.671210e-06   1.292088e-03   6.501536e-04   2.707805e-05   0.000000e+00   7.411161e-01   9.221984e-07 
           872   1.667712e-06   1.292038e-03   6.266872e-04   2.788384e-05   0.000000e+00   7.417937e-01   9.224643e-07 
           873   1.643981e-06   1.292001e-03   6.362548e-04   2.732959e-05   0.000000e+00   7.424701e-01   9.227330e-07 
           874   1.670449e-06   1.291952e-03   6.207611e-04   2.806762e-05   0.000000e+00   7.431381e-01   9.229953e-07 
           875   1.671222e-06   1.291916e-03   6.285945e-04   2.738708e-05   0.000000e+00   7.438115e-01   9.232614e-07 
           876   1.675428e-06   1.291871e-03   6.130582e-04   2.806862e-05   0.000000e+00   7.444862e-01   9.235204e-07 
           877   1.672761e-06   1.291839e-03   6.316929e-04   2.734088e-05   0.000000e+00   7.451598e-01   9.237802e-07 
           878   1.677522e-06   1.291797e-03   6.078138e-04   2.799931e-05   0.000000e+00   7.458314e-01   9.240318e-07 
           879   1.674811e-06   1.291767e-03   6.240814e-04   2.728483e-05   0.000000e+00   7.465028e-01   9.242874e-07 
           880   1.679486e-06   1.291727e-03   6.016290e-04   2.795440e-05   0.000000e+00   7.471768e-01   9.245366e-07 
     Iteration     Continuity     X-momentum     Y-momentum     Z-momentum         Energy            Tke            Sdr 
           881   1.678369e-06   1.291700e-03   6.117977e-04   2.726336e-05   0.000000e+00   7.478520e-01   9.247892e-07 
           882   1.685570e-06   1.291663e-03   5.936598e-04   2.794234e-05   0.000000e+00   7.485284e-01   9.250352e-07 
           883   1.685063e-06   1.291638e-03   6.066483e-04   2.726026e-05   0.000000e+00   7.492008e-01   9.252832e-07 
           884   1.690842e-06   1.291604e-03   5.881885e-04   2.793814e-05   0.000000e+00   7.498757e-01   9.255252e-07 
           885   1.689169e-06   1.291582e-03   6.059723e-04   2.724994e-05   0.000000e+00   7.505475e-01   9.257669e-07 
           886   1.694152e-06   1.291550e-03   5.832782e-04   2.791475e-05   0.000000e+00   7.512197e-01   9.260016e-07 
           887   1.692016e-06   1.291530e-03   6.013799e-04   2.721776e-05   0.000000e+00   7.518939e-01   9.262402e-07 
           888   1.696747e-06   1.291501e-03   5.773996e-04   2.787395e-05   0.000000e+00   7.525691e-01   9.264729e-07 
           889   1.695756e-06   1.291484e-03   5.960691e-04   2.718398e-05   0.000000e+00   7.532400e-01   9.267058e-07 
           890   1.698929e-06   1.291457e-03   5.727585e-04   2.784219e-05   0.000000e+00   7.539137e-01   9.269338e-07 
     Iteration     Continuity     X-momentum     Y-momentum     Z-momentum         Energy            Tke            Sdr 
           891   1.698165e-06   1.291443e-03   5.935343e-04   2.716279e-05   0.000000e+00   7.545884e-01   9.271645e-07 
           892   1.700815e-06   1.291419e-03   5.703153e-04   2.782316e-05   0.000000e+00   7.552639e-01   9.273895e-07 
           893   1.699491e-06   1.291407e-03   5.924598e-04   2.715020e-05   0.000000e+00   7.559362e-01   9.276133e-07 
           894   1.701659e-06   1.291385e-03   5.692856e-04   2.780807e-05   0.000000e+00   7.566093e-01   9.278309e-07 
           895   1.704679e-06   1.291376e-03   5.925461e-04   2.713475e-05   0.000000e+00   7.572841e-01   9.280521e-07 
           896   1.708060e-06   1.291358e-03   5.702527e-04   2.778691e-05   0.000000e+00   7.579596e-01   9.282673e-07 
           897   1.708663e-06   1.291352e-03   5.935542e-04   2.711206e-05   0.000000e+00   7.586359e-01   9.284850e-07 
           898   1.708721e-06   1.291336e-03   5.742300e-04   2.776068e-05   0.000000e+00   7.593127e-01   9.286969e-07 
           899   1.707770e-06   1.291332e-03   5.957794e-04   2.709712e-05   0.000000e+00   7.599849e-01   9.289071e-07 
           900   1.709189e-06   1.291318e-03   5.758610e-04   2.774852e-05   0.000000e+00   7.606596e-01   9.291129e-07 
     Iteration     Continuity     X-momentum     Y-momentum     Z-momentum         Energy            Tke            Sdr 
           901   1.710561e-06   1.291317e-03   5.995450e-04   2.708833e-05   0.000000e+00   7.613344e-01   9.293213e-07 
           902   1.713392e-06   1.291305e-03   5.778777e-04   2.773523e-05   0.000000e+00   7.620091e-01   9.295240e-07 
           903   1.717711e-06   1.291306e-03   6.032284e-04   2.707020e-05   0.000000e+00   7.626849e-01   9.297292e-07 
           904   1.724546e-06   1.291297e-03   5.833409e-04   2.770753e-05   0.000000e+00   7.633612e-01   9.299287e-07 
           905   1.729376e-06   1.291300e-03   6.081384e-04   2.703804e-05   0.000000e+00   7.640380e-01   9.301307e-07 
           906   1.734853e-06   1.291294e-03   5.888217e-04   2.767009e-05   0.000000e+00   7.647152e-01   9.303270e-07 
           907   1.737602e-06   1.291300e-03   6.136492e-04   2.700774e-05   0.000000e+00   7.653927e-01   9.305260e-07 
           908   1.741624e-06   1.291296e-03   5.942685e-04   2.764247e-05   0.000000e+00   7.660705e-01   9.307190e-07 
           909   1.742213e-06   1.291304e-03   6.192312e-04   2.698709e-05   0.000000e+00   7.667486e-01   9.309144e-07 
           910   1.744741e-06   1.291303e-03   5.999948e-04   2.762170e-05   0.000000e+00   7.674253e-01   9.311042e-07 
     Iteration     Continuity     X-momentum     Y-momentum     Z-momentum         Energy            Tke            Sdr 
           911   1.742650e-06   1.291313e-03   6.258624e-04   2.697045e-05   0.000000e+00   7.681014e-01   9.312964e-07 
           912   1.745339e-06   1.291314e-03   6.070250e-04   2.760151e-05   0.000000e+00   7.687746e-01   9.314804e-07 
           913   1.741803e-06   1.291326e-03   6.351379e-04   2.695234e-05   0.000000e+00   7.694462e-01   9.316653e-07 
           914   1.745023e-06   1.291330e-03   6.122162e-04   2.758023e-05   0.000000e+00   7.701188e-01   9.318450e-07 
           915   1.740134e-06   1.291344e-03   6.413687e-04   2.693199e-05   0.000000e+00   7.707864e-01   9.320220e-07 
           916   1.740902e-06   1.291342e-03   6.195931e-04   2.755560e-05   0.000000e+00   7.714568e-01   9.321795e-07 
           917   1.731468e-06   1.291349e-03   6.208530e-04   2.690989e-05   0.000000e+00   7.721253e-01   9.323310e-07 
           918   1.731067e-06   1.291347e-03   5.933460e-04   2.753199e-05   0.000000e+00   7.727898e-01   9.324801e-07 
           919   1.724712e-06   1.291358e-03   6.033962e-04   2.689360e-05   0.000000e+00   7.734549e-01   9.326351e-07 
           920   1.726361e-06   1.291361e-03   5.958773e-04   2.751607e-05   0.000000e+00   7.741220e-01   9.327872e-07 
     Iteration     Continuity     X-momentum     Y-momentum     Z-momentum         Energy            Tke            Sdr 
           921   1.721093e-06   1.291376e-03   6.100736e-04   2.688303e-05   0.000000e+00   7.747900e-01   9.329429e-07 
           922   1.720414e-06   1.291382e-03   6.015952e-04   2.750370e-05   0.000000e+00   7.754573e-01   9.330937e-07 
           923   1.703024e-06   1.291399e-03   6.162104e-04   2.687112e-05   0.000000e+00   7.761168e-01   9.332435e-07 
           924   1.692671e-06   1.291407e-03   6.053167e-04   2.748528e-05   0.000000e+00   7.767801e-01   9.333909e-07 
           925   1.677869e-06   1.291428e-03   6.183942e-04   2.685093e-05   0.000000e+00   7.774446e-01   9.335411e-07 
           926   1.676156e-06   1.291439e-03   6.072531e-04   2.746004e-05   0.000000e+00   7.781102e-01   9.336874e-07 
           927   1.669463e-06   1.291462e-03   6.186564e-04   2.682627e-05   0.000000e+00   7.787766e-01   9.338362e-07 
           928   1.666828e-06   1.291477e-03   6.082994e-04   2.743367e-05   0.000000e+00   7.794438e-01   9.339808e-07 
           929   1.658762e-06   1.291503e-03   6.194389e-04   2.680883e-05   0.000000e+00   7.801114e-01   9.341278e-07 
           930   1.657847e-06   1.291519e-03   6.095408e-04   2.741861e-05   0.000000e+00   7.807795e-01   9.342704e-07 
     Iteration     Continuity     X-momentum     Y-momentum     Z-momentum         Energy            Tke            Sdr 
           931   1.653424e-06   1.291548e-03   6.212255e-04   2.679566e-05   0.000000e+00   7.814481e-01   9.344153e-07 
           932   1.657760e-06   1.291568e-03   6.116220e-04   2.740077e-05   0.000000e+00   7.821169e-01   9.345559e-07 
           933   1.654424e-06   1.291599e-03   6.243479e-04   2.677686e-05   0.000000e+00   7.827860e-01   9.346986e-07 
           934   1.660289e-06   1.291621e-03   6.145269e-04   2.737640e-05   0.000000e+00   7.834553e-01   9.348371e-07 
           935   1.658173e-06   1.291655e-03   6.271366e-04   2.675566e-05   0.000000e+00   7.841248e-01   9.349776e-07 
           936   1.664184e-06   1.291680e-03   6.172435e-04   2.735408e-05   0.000000e+00   7.847944e-01   9.351140e-07 
           937   1.663631e-06   1.291716e-03   6.312587e-04   2.673783e-05   0.000000e+00   7.854641e-01   9.352521e-07 
           938   1.670960e-06   1.291743e-03   6.220926e-04   2.733508e-05   0.000000e+00   7.861294e-01   9.353821e-07 
           939   1.670431e-06   1.291782e-03   6.375826e-04   2.672105e-05   0.000000e+00   7.867943e-01   9.355129e-07 
           940   1.661840e-06   1.291812e-03   6.277431e-04   2.731562e-05   0.000000e+00   7.874603e-01   9.356412e-07 
     Iteration     Continuity     X-momentum     Y-momentum     Z-momentum         Energy            Tke            Sdr 
           941   1.687270e-06   1.291845e-03   6.318597e-04   2.773876e-05   0.000000e+00   7.881267e-01   9.357686e-07 
           942   1.679587e-06   1.291889e-03   6.548480e-04   2.687020e-05   0.000000e+00   7.887932e-01   9.358986e-07 
           943   1.688041e-06   1.291924e-03   6.368110e-04   2.734320e-05   0.000000e+00   7.894597e-01   9.360224e-07 
           944   1.690437e-06   1.291969e-03   6.561213e-04   2.663668e-05   0.000000e+00   7.901230e-01   9.361479e-07 
           945   1.685198e-06   1.292004e-03   6.454861e-04   2.719836e-05   0.000000e+00   7.907812e-01   9.362673e-07 
           946   1.714794e-06   1.292043e-03   6.504996e-04   2.762369e-05   0.000000e+00   7.914427e-01   9.363874e-07 
           947   1.708068e-06   1.292092e-03   6.694370e-04   2.680843e-05   0.000000e+00   7.921044e-01   9.365086e-07 
           948   1.702040e-06   1.292132e-03   6.554991e-04   2.730942e-05   0.000000e+00   7.927667e-01   9.366258e-07 
           949   1.729466e-06   1.292173e-03   6.599067e-04   2.765444e-05   0.000000e+00   7.934193e-01   9.367375e-07 
           950   1.718109e-06   1.292225e-03   6.844873e-04   2.676791e-05   0.000000e+00   7.940760e-01   9.368533e-07 
     Iteration     Continuity     X-momentum     Y-momentum     Z-momentum         Energy            Tke            Sdr 
           951   1.710032e-06   1.292268e-03   6.669701e-04   2.723590e-05   0.000000e+00   7.947304e-01   9.369621e-07 
           952   1.716173e-06   1.292313e-03   6.697383e-04   2.756343e-05   0.000000e+00   7.953835e-01   9.370719e-07 
           953   1.723044e-06   1.292369e-03   6.961265e-04   2.671524e-05   0.000000e+00   7.960387e-01   9.371824e-07 
           954   1.716781e-06   1.292415e-03   6.796775e-04   2.720080e-05   0.000000e+00   7.966942e-01   9.372886e-07 
           955   1.748593e-06   1.292464e-03   6.837689e-04   2.755546e-05   0.000000e+00   7.973475e-01   9.373944e-07 
           956   1.737436e-06   1.292523e-03   7.084503e-04   2.671632e-05   0.000000e+00   7.980028e-01   9.375020e-07 
           957   1.731513e-06   1.292573e-03   6.916304e-04   2.720005e-05   0.000000e+00   7.986585e-01   9.376051e-07 
           958   1.758555e-06   1.292626e-03   6.950675e-04   2.754641e-05   0.000000e+00   7.993148e-01   9.377074e-07 
           959   1.748486e-06   1.292689e-03   7.188552e-04   2.670113e-05   0.000000e+00   7.999714e-01   9.378115e-07 
           960   1.736765e-06   1.292743e-03   7.031921e-04   2.717490e-05   0.000000e+00   8.006283e-01   9.379108e-07 
     Iteration     Continuity     X-momentum     Y-momentum     Z-momentum         Energy            Tke            Sdr 
           961   1.758766e-06   1.292799e-03   7.075547e-04   2.751183e-05   0.000000e+00   8.012853e-01   9.380099e-07 
           962   1.738635e-06   1.292864e-03   7.296402e-04   2.666737e-05   0.000000e+00   8.019389e-01   9.381092e-07 
           963   1.722343e-06   1.292920e-03   7.151492e-04   2.713794e-05   0.000000e+00   8.025904e-01   9.382044e-07 
           964   1.741193e-06   1.292977e-03   7.201223e-04   2.747642e-05   0.000000e+00   8.032404e-01   9.382966e-07 
           965   1.722860e-06   1.293045e-03   7.416960e-04   2.664507e-05   0.000000e+00   8.038879e-01   9.383875e-07 
           966   1.709266e-06   1.293104e-03   7.266663e-04   2.711618e-05   0.000000e+00   8.045378e-01   9.384757e-07 
           967   1.733533e-06   1.293165e-03   7.313140e-04   2.745679e-05   0.000000e+00   8.051883e-01   9.385630e-07 
           968   1.717844e-06   1.293238e-03   7.542262e-04   2.663243e-05   0.000000e+00   8.058392e-01   9.386527e-07 
           969   1.706829e-06   1.293301e-03   7.381931e-04   2.710201e-05   0.000000e+00   8.064906e-01   9.387376e-07 
           970   1.729935e-06   1.293366e-03   7.433045e-04   2.744065e-05   0.000000e+00   8.071421e-01   9.388223e-07 
     Iteration     Continuity     X-momentum     Y-momentum     Z-momentum         Energy            Tke            Sdr 
           971   1.716950e-06   1.293441e-03   7.665512e-04   2.662062e-05   0.000000e+00   8.077938e-01   9.389076e-07 
           972   1.706020e-06   1.293508e-03   7.509532e-04   2.708530e-05   0.000000e+00   8.084455e-01   9.389894e-07 
           973   1.729854e-06   1.293577e-03   7.560887e-04   2.742084e-05   0.000000e+00   8.090971e-01   9.390699e-07 
           974   1.716590e-06   1.293656e-03   7.763224e-04   2.659512e-05   0.000000e+00   8.097488e-01   9.391526e-07 
           975   1.703619e-06   1.293726e-03   7.630751e-04   2.705104e-05   0.000000e+00   8.104003e-01   9.392296e-07 
           976   1.701644e-06   1.293798e-03   7.661298e-04   2.736832e-05   0.000000e+00   8.110517e-01   9.393080e-07 
           977   1.706541e-06   1.293881e-03   7.866339e-04   2.656259e-05   0.000000e+00   8.117029e-01   9.393862e-07 
           978   1.692169e-06   1.293954e-03   7.749891e-04   2.702138e-05   0.000000e+00   8.123538e-01   9.394605e-07 
           979   1.714496e-06   1.294029e-03   7.800953e-04   2.735397e-05   0.000000e+00   8.129951e-01   9.395298e-07 
           980   1.703493e-06   1.294114e-03   7.985525e-04   2.655225e-05   0.000000e+00   8.136371e-01   9.396017e-07 
     Iteration     Continuity     X-momentum     Y-momentum     Z-momentum         Energy            Tke            Sdr 
           981   1.690319e-06   1.294190e-03   7.873663e-04   2.700918e-05   0.000000e+00   8.142806e-01   9.396695e-07 
           982   1.686040e-06   1.294268e-03   7.917373e-04   2.733935e-05   0.000000e+00   8.149247e-01   9.397371e-07 
           983   1.692807e-06   1.294348e-03   7.973413e-04   2.754175e-05   0.000000e+00   8.155692e-01   9.398041e-07 
           984   1.693454e-06   1.294439e-03   8.184706e-04   2.660027e-05   0.000000e+00   8.162137e-01   9.398726e-07 
           985   1.678925e-06   1.294518e-03   8.055436e-04   2.699922e-05   0.000000e+00   8.168465e-01   9.399331e-07 
           986   1.675829e-06   1.294600e-03   8.062109e-04   2.728397e-05   0.000000e+00   8.174826e-01   9.399943e-07 
           987   1.685718e-06   1.294683e-03   8.108835e-04   2.746896e-05   0.000000e+00   8.181200e-01   9.400583e-07 
           988   1.677252e-06   1.294777e-03   8.279010e-04   2.655016e-05   0.000000e+00   8.187582e-01   9.401160e-07 
           989   1.672655e-06   1.294862e-03   8.164216e-04   2.695683e-05   0.000000e+00   8.193970e-01   9.401750e-07 
           990   1.676371e-06   1.294948e-03   8.152054e-04   2.725483e-05   0.000000e+00   8.200362e-01   9.402324e-07 
     Iteration     Continuity     X-momentum     Y-momentum     Z-momentum         Energy            Tke            Sdr 
           991   1.692330e-06   1.295036e-03   8.174708e-04   2.745291e-05   0.000000e+00   8.206753e-01   9.402918e-07 
           992   1.693974e-06   1.295127e-03   8.312637e-04   2.654044e-05   0.000000e+00   8.213079e-01   9.403442e-07 
           993   1.693992e-06   1.295202e-03   8.184533e-04   2.693842e-05   0.000000e+00   8.219367e-01   9.403957e-07 
           994   1.678712e-06   1.295280e-03   8.149768e-04   2.722369e-05   0.000000e+00   8.225586e-01   9.404444e-07 
           995   1.732442e-06   1.295362e-03   8.153132e-04   2.742631e-05   0.000000e+00   8.231815e-01   9.404889e-07 
           996   1.717593e-06   1.295455e-03   8.277935e-04   2.651608e-05   0.000000e+00   8.238077e-01   9.405369e-07 
           997   1.712042e-06   1.295540e-03   8.130224e-04   2.690770e-05   0.000000e+00   8.244354e-01   9.405800e-07 
           998   1.691509e-06   1.295628e-03   8.086652e-04   2.718768e-05   0.000000e+00   8.250641e-01   9.406248e-07 
           999   1.694775e-06   1.295718e-03   7.950406e-04   2.738416e-05   0.000000e+00   8.256936e-01   9.406695e-07 
          1000   1.759913e-06   1.295810e-03   8.087553e-04   2.749310e-05   0.000000e+00   8.263237e-01   9.407099e-07 
     Iteration     Continuity     X-momentum     Y-momentum     Z-momentum         Energy            Tke            Sdr 
          1001   1.744810e-06   1.295913e-03   8.225904e-04   2.649646e-05   0.000000e+00   8.269540e-01   9.407537e-07 
          1002   1.745722e-06   1.296006e-03   8.039628e-04   2.685570e-05   0.000000e+00   8.275846e-01   9.407916e-07 
          1003   1.729015e-06   1.296102e-03   7.995135e-04   2.712002e-05   0.000000e+00   8.282151e-01   9.408314e-07 
          1004   1.730793e-06   1.296189e-03   7.975159e-04   2.731897e-05   0.000000e+00   8.288452e-01   9.408434e-07 
          1005   1.769049e-06   1.296279e-03   7.799058e-04   2.743077e-05   0.000000e+00   8.294754e-01   9.408582e-07 
          1006   1.770346e-06   1.296380e-03   7.746143e-04   2.646178e-05   0.000000e+00   8.301028e-01   9.408773e-07 
          1007   1.741082e-06   1.296471e-03   7.580103e-04   2.681848e-05   0.000000e+00   8.307283e-01   9.408949e-07 
          1008   1.765977e-06   1.296566e-03   7.515773e-04   2.709745e-05   0.000000e+00   8.313551e-01   9.409134e-07 
          1009   1.745326e-06   1.296662e-03   7.501088e-04   2.728415e-05   0.000000e+00   8.319785e-01   9.409338e-07 
          1010   1.769864e-06   1.296760e-03   7.478989e-04   2.740290e-05   0.000000e+00   8.326039e-01   9.409515e-07 
     Iteration     Continuity     X-momentum     Y-momentum     Z-momentum         Energy            Tke            Sdr 
          1011   1.785477e-06   1.296860e-03   7.457431e-04   2.743043e-05   0.000000e+00   8.332294e-01   9.409709e-07 
          1012   1.782391e-06   1.296971e-03   7.511669e-04   2.641189e-05   0.000000e+00   8.338552e-01   9.409917e-07 
          1013   1.751284e-06   1.297072e-03   7.334856e-04   2.675196e-05   0.000000e+00   8.344810e-01   9.410080e-07 
          1014   1.745813e-06   1.297175e-03   7.407780e-04   2.701623e-05   0.000000e+00   8.351043e-01   9.410255e-07 
          1015   1.738669e-06   1.297280e-03   7.291359e-04   2.721217e-05   0.000000e+00   8.357230e-01   9.410400e-07 
          1016   1.731177e-06   1.297386e-03   7.301531e-04   2.733396e-05   0.000000e+00   8.363441e-01   9.410544e-07 
          1017   1.727036e-06   1.297495e-03   7.262339e-04   2.737648e-05   0.000000e+00   8.369653e-01   9.410692e-07 
          1018   1.726407e-06   1.297606e-03   7.226675e-04   2.736534e-05   0.000000e+00   8.375867e-01   9.410830e-07 
          1019   1.725483e-06   1.297717e-03   7.201539e-04   2.733204e-05   0.000000e+00   8.382082e-01   9.410971e-07 
          1020   1.725712e-06   1.297831e-03   7.177284e-04   2.730291e-05   0.000000e+00   8.388296e-01   9.411097e-07 
     Iteration     Continuity     X-momentum     Y-momentum     Z-momentum         Energy            Tke            Sdr 
          1021   1.725195e-06   1.297945e-03   7.158444e-04   2.728236e-05   0.000000e+00   8.394509e-01   9.411226e-07 
          1022   1.725506e-06   1.298060e-03   7.137585e-04   2.727025e-05   0.000000e+00   8.400719e-01   9.411341e-07 
          1023   1.724465e-06   1.298177e-03   7.112768e-04   2.726319e-05   0.000000e+00   8.406927e-01   9.411451e-07 
          1024   1.723093e-06   1.298294e-03   7.086919e-04   2.725922e-05   0.000000e+00   8.413132e-01   9.411558e-07 
          1025   1.726454e-06   1.298413e-03   7.061521e-04   2.725613e-05   0.000000e+00   8.419333e-01   9.411653e-07 
          1026   1.725663e-06   1.298533e-03   7.035946e-04   2.725304e-05   0.000000e+00   8.425531e-01   9.411744e-07 
          1027   1.729644e-06   1.298654e-03   7.013186e-04   2.724727e-05   0.000000e+00   8.431725e-01   9.411826e-07 
          1028   1.729084e-06   1.298777e-03   6.989137e-04   2.724064e-05   0.000000e+00   8.437915e-01   9.411901e-07 
          1029   1.730180e-06   1.298899e-03   6.966583e-04   2.723154e-05   0.000000e+00   8.444063e-01   9.411952e-07 
          1030   1.728637e-06   1.299022e-03   6.942391e-04   2.722328e-05   0.000000e+00   8.450171e-01   9.411973e-07 
     Iteration     Continuity     X-momentum     Y-momentum     Z-momentum         Energy            Tke            Sdr 
          1031   1.727447e-06   1.299147e-03   6.918579e-04   2.721383e-05   0.000000e+00   8.456299e-01   9.412005e-07 
          1032   1.728714e-06   1.299272e-03   6.897605e-04   2.720732e-05   0.000000e+00   8.462425e-01   9.412023e-07 
          1033   1.727494e-06   1.299399e-03   6.874411e-04   2.720121e-05   0.000000e+00   8.468554e-01   9.412051e-07 
          1034   1.753545e-06   1.299527e-03   6.848831e-04   2.720040e-05   0.000000e+00   8.474680e-01   9.412042e-07 
          1035   1.734340e-06   1.299656e-03   6.853596e-04   2.719126e-05   0.000000e+00   8.480804e-01   9.412051e-07 
          1036   1.730476e-06   1.299786e-03   6.813921e-04   2.718498e-05   0.000000e+00   8.486926e-01   9.412045e-07 
          1037   1.726762e-06   1.299917e-03   6.801223e-04   2.717686e-05   0.000000e+00   8.493043e-01   9.412036e-07 
          1038   1.724226e-06   1.300049e-03   6.783657e-04   2.716887e-05   0.000000e+00   8.499157e-01   9.412013e-07 
          1039   1.721083e-06   1.300182e-03   6.761757e-04   2.715992e-05   0.000000e+00   8.505267e-01   9.411987e-07 
          1040   1.718086e-06   1.300316e-03   6.740909e-04   2.715215e-05   0.000000e+00   8.511373e-01   9.411951e-07 
     Iteration     Continuity     X-momentum     Y-momentum     Z-momentum         Energy            Tke            Sdr 
          1041   1.718680e-06   1.300451e-03   6.721640e-04   2.714331e-05   0.000000e+00   8.517473e-01   9.411909e-07 
          1042   1.718011e-06   1.300586e-03   6.706197e-04   2.713665e-05   0.000000e+00   8.523494e-01   9.411857e-07 
          1043   1.744249e-06   1.300722e-03   6.690764e-04   2.713377e-05   0.000000e+00   8.529538e-01   9.411774e-07 
          1044   1.728360e-06   1.300858e-03   6.694605e-04   2.712317e-05   0.000000e+00   8.535561e-01   9.411703e-07 
          1045   1.727890e-06   1.300995e-03   6.638030e-04   2.711839e-05   0.000000e+00   8.541595e-01   9.411620e-07 
          1046   1.733961e-06   1.301134e-03   6.626210e-04   2.711114e-05   0.000000e+00   8.547629e-01   9.411535e-07 
          1047   1.734845e-06   1.301273e-03   6.618695e-04   2.710422e-05   0.000000e+00   8.553662e-01   9.411452e-07 
          1048   1.757572e-06   1.301414e-03   6.601878e-04   2.710155e-05   0.000000e+00   8.559692e-01   9.411330e-07 
          1049   1.738031e-06   1.301556e-03   6.611329e-04   2.709083e-05   0.000000e+00   8.565719e-01   9.411221e-07 
          1050   1.735048e-06   1.301698e-03   6.565631e-04   2.708327e-05   0.000000e+00   8.571742e-01   9.411104e-07 
     Iteration     Continuity     X-momentum     Y-momentum     Z-momentum         Energy            Tke            Sdr 
          1051   1.732630e-06   1.301842e-03   6.566902e-04   2.707489e-05   0.000000e+00   8.577761e-01   9.410978e-07 
          1052   1.729620e-06   1.301986e-03   6.554967e-04   2.706840e-05   0.000000e+00   8.583775e-01   9.410854e-07 
          1053   1.754484e-06   1.302132e-03   6.535733e-04   2.706540e-05   0.000000e+00   8.589785e-01   9.410694e-07 
          1054   1.739407e-06   1.302278e-03   6.532069e-04   2.705599e-05   0.000000e+00   8.595765e-01   9.410540e-07 
          1055   1.740054e-06   1.302424e-03   6.492565e-04   2.704984e-05   0.000000e+00   8.601712e-01   9.410376e-07 
          1056   1.738872e-06   1.302571e-03   6.491950e-04   2.704323e-05   0.000000e+00   8.607672e-01   9.410216e-07 
          1057   1.764957e-06   1.302719e-03   6.474026e-04   2.703975e-05   0.000000e+00   8.613629e-01   9.410018e-07 
          1058   1.749244e-06   1.302868e-03   6.469067e-04   2.703045e-05   0.000000e+00   8.619566e-01   9.409846e-07 
          1059   1.775982e-06   1.303016e-03   6.424805e-04   2.702675e-05   0.000000e+00   8.625423e-01   9.409617e-07 
          1060   1.760528e-06   1.303165e-03   6.431901e-04   2.701619e-05   0.000000e+00   8.631289e-01   9.409398e-07 
     Iteration     Continuity     X-momentum     Y-momentum     Z-momentum         Energy            Tke            Sdr 
          1061   1.760411e-06   1.303315e-03   6.410348e-04   2.700860e-05   0.000000e+00   8.637167e-01   9.409177e-07 
          1062   1.761215e-06   1.303466e-03   6.409803e-04   2.700166e-05   0.000000e+00   8.643049e-01   9.408957e-07 
          1063   1.787977e-06   1.303619e-03   6.387102e-04   2.700045e-05   0.000000e+00   8.648933e-01   9.408699e-07 
          1064   1.770571e-06   1.303772e-03   6.383446e-04   2.698848e-05   0.000000e+00   8.654817e-01   9.408460e-07 
          1065   1.767817e-06   1.303927e-03   6.359879e-04   2.698255e-05   0.000000e+00   8.660699e-01   9.408220e-07 
          1066   1.790825e-06   1.304082e-03   6.349033e-04   2.697833e-05   0.000000e+00   8.666579e-01   9.407940e-07 
          1067   1.768733e-06   1.304238e-03   6.353631e-04   2.696658e-05   0.000000e+00   8.672456e-01   9.407676e-07 
          1068   1.756492e-06   1.304395e-03   6.330738e-04   2.695922e-05   0.000000e+00   8.678329e-01   9.407402e-07 
          1069   1.749302e-06   1.304554e-03   6.328698e-04   2.695337e-05   0.000000e+00   8.684198e-01   9.407118e-07 
          1070   1.749974e-06   1.304713e-03   6.319854e-04   2.694632e-05   0.000000e+00   8.690062e-01   9.406827e-07 
     Iteration     Continuity     X-momentum     Y-momentum     Z-momentum         Energy            Tke            Sdr 
          1071   1.752829e-06   1.304874e-03   6.308314e-04   2.694101e-05   0.000000e+00   8.695921e-01   9.406526e-07 
          1072   1.760050e-06   1.305035e-03   6.300680e-04   2.693546e-05   0.000000e+00   8.701776e-01   9.406221e-07 
          1073   1.766353e-06   1.305197e-03   6.294884e-04   2.693182e-05   0.000000e+00   8.707590e-01   9.405890e-07 
          1074   1.772897e-06   1.305359e-03   6.287865e-04   2.692666e-05   0.000000e+00   8.713357e-01   9.405545e-07 
          1075   1.783872e-06   1.305522e-03   6.279758e-04   2.692256e-05   0.000000e+00   8.719145e-01   9.405193e-07 
          1076   1.790023e-06   1.305686e-03   6.271583e-04   2.691881e-05   0.000000e+00   8.724932e-01   9.404837e-07 
          1077   1.800031e-06   1.305850e-03   6.270345e-04   2.691240e-05   0.000000e+00   8.730719e-01   9.404479e-07 
          1078   1.809639e-06   1.306016e-03   6.262723e-04   2.690765e-05   0.000000e+00   8.736505e-01   9.404108e-07 
          1079   1.819208e-06   1.306182e-03   6.258814e-04   2.690137e-05   0.000000e+00   8.742276e-01   9.403735e-07 
          1080   1.827439e-06   1.306348e-03   6.257580e-04   2.689686e-05   0.000000e+00   8.748019e-01   9.403347e-07 
     Iteration     Continuity     X-momentum     Y-momentum     Z-momentum         Energy            Tke            Sdr 
          1081   1.832881e-06   1.306515e-03   6.255157e-04   2.689195e-05   0.000000e+00   8.753773e-01   9.402953e-07 
          1082   1.834250e-06   1.306683e-03   6.250082e-04   2.688580e-05   0.000000e+00   8.759524e-01   9.402557e-07 
          1083   1.835230e-06   1.306851e-03   6.247496e-04   2.687969e-05   0.000000e+00   8.765274e-01   9.402147e-07 
          1084   1.832132e-06   1.307021e-03   6.247849e-04   2.687347e-05   0.000000e+00   8.771020e-01   9.401734e-07 
          1085   1.834644e-06   1.307192e-03   6.251239e-04   2.686539e-05   0.000000e+00   8.776762e-01   9.401310e-07 
          1086   1.833288e-06   1.307363e-03   6.252451e-04   2.685821e-05   0.000000e+00   8.782499e-01   9.400880e-07 
          1087   1.834498e-06   1.307535e-03   6.253565e-04   2.684964e-05   0.000000e+00   8.788231e-01   9.400443e-07 
          1088   1.833556e-06   1.307708e-03   6.253819e-04   2.684316e-05   0.000000e+00   8.793958e-01   9.399995e-07 
          1089   1.832445e-06   1.307882e-03   6.251296e-04   2.683488e-05   0.000000e+00   8.799679e-01   9.399545e-07 
          1090   1.832587e-06   1.308056e-03   6.251157e-04   2.682930e-05   0.000000e+00   8.805395e-01   9.399092e-07 
     Iteration     Continuity     X-momentum     Y-momentum     Z-momentum         Energy            Tke            Sdr 
          1091   1.855384e-06   1.308232e-03   6.241355e-04   2.682515e-05   0.000000e+00   8.811104e-01   9.398607e-07 
          1092   1.837306e-06   1.308408e-03   6.271443e-04   2.681924e-05   0.000000e+00   8.816807e-01   9.398132e-07 
          1093   1.834741e-06   1.308585e-03   6.261390e-04   2.680887e-05   0.000000e+00   8.822504e-01   9.397650e-07 
          1094   1.833137e-06   1.308762e-03   6.265033e-04   2.680052e-05   0.000000e+00   8.828195e-01   9.397159e-07 
          1095   1.830348e-06   1.308941e-03   6.271109e-04   2.679311e-05   0.000000e+00   8.833877e-01   9.396671e-07 
          1096   1.854525e-06   1.309120e-03   6.256892e-04   2.679069e-05   0.000000e+00   8.839550e-01   9.396147e-07 
          1097   1.834256e-06   1.309297e-03   6.288522e-04   2.678293e-05   0.000000e+00   8.845216e-01   9.395550e-07 
          1098   1.829248e-06   1.309470e-03   6.275700e-04   2.677179e-05   0.000000e+00   8.850873e-01   9.394804e-07 
          1099   1.827709e-06   1.309644e-03   6.272562e-04   2.676472e-05   0.000000e+00   8.856524e-01   9.394095e-07 
          1100   1.856223e-06   1.309821e-03   6.296123e-04   2.676230e-05   0.000000e+00   8.862168e-01   9.393382e-07 
     Iteration     Continuity     X-momentum     Y-momentum     Z-momentum         Energy            Tke            Sdr 
          1101   1.834789e-06   1.309998e-03   6.283225e-04   2.675558e-05   0.000000e+00   8.867805e-01   9.392710e-07 
          1102   1.854925e-06   1.310177e-03   6.401976e-04   2.675048e-05   0.000000e+00   8.873433e-01   9.392014e-07 
          1103   1.830852e-06   1.310356e-03   6.292216e-04   2.674238e-05   0.000000e+00   8.879034e-01   9.391352e-07 
          1104   1.848710e-06   1.310536e-03   6.514270e-04   2.673449e-05   0.000000e+00   8.884639e-01   9.390661e-07 
          1105   1.830203e-06   1.310716e-03   6.477950e-04   2.672489e-05   0.000000e+00   8.890237e-01   9.389991e-07 
          1106   1.824912e-06   1.310898e-03   6.591167e-04   2.671321e-05   0.000000e+00   8.895828e-01   9.389314e-07 
          1107   1.819946e-06   1.311081e-03   6.635208e-04   2.670364e-05   0.000000e+00   8.901413e-01   9.388650e-07 
          1108   1.843728e-06   1.311264e-03   6.646638e-04   2.669875e-05   0.000000e+00   8.906991e-01   9.387955e-07 
          1109   1.823349e-06   1.311449e-03   6.600046e-04   2.669268e-05   0.000000e+00   8.912561e-01   9.387291e-07 
          1110   1.844723e-06   1.311634e-03   6.627170e-04   2.668690e-05   0.000000e+00   8.918124e-01   9.386591e-07 
     Iteration     Continuity     X-momentum     Y-momentum     Z-momentum         Energy            Tke            Sdr 
          1111   1.826239e-06   1.311821e-03   6.590639e-04   2.668102e-05   0.000000e+00   8.923679e-01   9.385921e-07 
          1112   1.848252e-06   1.312008e-03   6.627483e-04   2.667465e-05   0.000000e+00   8.929227e-01   9.385218e-07 
          1113   1.831199e-06   1.312196e-03   6.595348e-04   2.666883e-05   0.000000e+00   8.934767e-01   9.384531e-07 
          1114   1.827829e-06   1.312384e-03   6.615876e-04   2.666029e-05   0.000000e+00   8.940299e-01   9.383848e-07 
          1115   1.853096e-06   1.312574e-03   6.644079e-04   2.665574e-05   0.000000e+00   8.945823e-01   9.383134e-07 
          1116   1.834227e-06   1.312764e-03   6.620005e-04   2.665142e-05   0.000000e+00   8.951339e-01   9.382438e-07 
          1117   1.828872e-06   1.312955e-03   6.616445e-04   2.664296e-05   0.000000e+00   8.956847e-01   9.381732e-07 
          1118   1.825302e-06   1.313147e-03   6.624847e-04   2.663783e-05   0.000000e+00   8.962346e-01   9.381033e-07 
          1119   1.848067e-06   1.313339e-03   6.636168e-04   2.663508e-05   0.000000e+00   8.967839e-01   9.380305e-07 
          1120   1.825794e-06   1.313532e-03   6.630909e-04   2.663063e-05   0.000000e+00   8.973322e-01   9.379592e-07 
     Iteration     Continuity     X-momentum     Y-momentum     Z-momentum         Energy            Tke            Sdr 
          1121   1.819818e-06   1.313726e-03   6.611937e-04   2.662135e-05   0.000000e+00   8.978791e-01   9.378880e-07 
          1122   1.843571e-06   1.313919e-03   6.627639e-04   2.661931e-05   0.000000e+00   8.984184e-01   9.378124e-07 
          1123   1.818112e-06   1.314113e-03   6.620586e-04   2.661424e-05   0.000000e+00   8.989602e-01   9.377403e-07 
          1124   1.835970e-06   1.314308e-03   6.626010e-04   2.660833e-05   0.000000e+00   8.995014e-01   9.376644e-07 
          1125   1.809384e-06   1.314504e-03   6.628805e-04   2.660236e-05   0.000000e+00   9.000425e-01   9.375915e-07 
          1126   1.829276e-06   1.314700e-03   6.627185e-04   2.659615e-05   0.000000e+00   9.005831e-01   9.375149e-07 
          1127   1.802819e-06   1.314897e-03   6.645324e-04   2.658984e-05   0.000000e+00   9.011231e-01   9.374411e-07 
          1128   1.825920e-06   1.315095e-03   6.633283e-04   2.658357e-05   0.000000e+00   9.016627e-01   9.373652e-07 
          1129   1.826031e-06   1.315294e-03   6.659456e-04   2.657923e-05   0.000000e+00   9.022016e-01   9.372884e-07 
          1130   1.828001e-06   1.315493e-03   6.663147e-04   2.657466e-05   0.000000e+00   9.027398e-01   9.372116e-07 
     Iteration     Continuity     X-momentum     Y-momentum     Z-momentum         Energy            Tke            Sdr 
          1131   1.830877e-06   1.315693e-03   6.677037e-04   2.656939e-05   0.000000e+00   9.032773e-01   9.371339e-07 
          1132   1.833278e-06   1.315893e-03   6.688183e-04   2.656235e-05   0.000000e+00   9.038140e-01   9.370563e-07 
          1133   1.840933e-06   1.316095e-03   6.695920e-04   2.655575e-05   0.000000e+00   9.043500e-01   9.369779e-07 
          1134   1.845479e-06   1.316297e-03   6.707291e-04   2.654903e-05   0.000000e+00   9.048847e-01   9.368990e-07 
          1135   1.850259e-06   1.316498e-03   6.701950e-04   2.654263e-05   0.000000e+00   9.054107e-01   9.368180e-07 
          1136   1.852444e-06   1.316700e-03   6.699295e-04   2.653625e-05   0.000000e+00   9.059398e-01   9.367374e-07 
          1137   1.854198e-06   1.316903e-03   6.699320e-04   2.653031e-05   0.000000e+00   9.064685e-01   9.366559e-07 
          1138   1.853060e-06   1.317107e-03   6.710083e-04   2.652373e-05   0.000000e+00   9.069971e-01   9.365744e-07 
          1139   1.850396e-06   1.317311e-03   6.726394e-04   2.651720e-05   0.000000e+00   9.075253e-01   9.364924e-07 
          1140   1.851367e-06   1.317517e-03   6.737921e-04   2.651074e-05   0.000000e+00   9.080531e-01   9.364098e-07 
     Iteration     Continuity     X-momentum     Y-momentum     Z-momentum         Energy            Tke            Sdr 
          1141   1.856615e-06   1.317723e-03   6.755269e-04   2.650385e-05   0.000000e+00   9.085804e-01   9.363266e-07 
          1142   1.862980e-06   1.317929e-03   6.767581e-04   2.649719e-05   0.000000e+00   9.091069e-01   9.362432e-07 
          1143   1.869995e-06   1.318137e-03   6.781433e-04   2.649209e-05   0.000000e+00   9.096329e-01   9.361585e-07 
          1144   1.879281e-06   1.318345e-03   6.801593e-04   2.648439e-05   0.000000e+00   9.101582e-01   9.360737e-07 
          1145   1.889016e-06   1.318553e-03   6.802838e-04   2.647777e-05   0.000000e+00   9.106820e-01   9.359883e-07 
          1146   1.900184e-06   1.318761e-03   6.816521e-04   2.647119e-05   0.000000e+00   9.112002e-01   9.359018e-07 
          1147   1.909600e-06   1.318970e-03   6.827571e-04   2.646376e-05   0.000000e+00   9.117204e-01   9.358150e-07 
          1148   1.920901e-06   1.319179e-03   6.838062e-04   2.645744e-05   0.000000e+00   9.122401e-01   9.357278e-07 
          1149   1.930949e-06   1.319390e-03   6.859929e-04   2.645048e-05   0.000000e+00   9.127595e-01   9.356400e-07 
          1150   1.940072e-06   1.319601e-03   6.875532e-04   2.644610e-05   0.000000e+00   9.132785e-01   9.355516e-07 
     Iteration     Continuity     X-momentum     Y-momentum     Z-momentum         Energy            Tke            Sdr 
          1151   1.946917e-06   1.319813e-03   6.890082e-04   2.643991e-05   0.000000e+00   9.137969e-01   9.354627e-07 
          1152   1.953802e-06   1.320026e-03   6.902592e-04   2.643563e-05   0.000000e+00   9.143146e-01   9.353732e-07 
          1153   1.959266e-06   1.320233e-03   6.915427e-04   2.642896e-05   0.000000e+00   9.148281e-01   9.352830e-07 
          1154   1.965543e-06   1.320428e-03   6.914836e-04   2.642425e-05   0.000000e+00   9.153354e-01   9.351919e-07 
          1155   1.970013e-06   1.320628e-03   6.900399e-04   2.641746e-05   0.000000e+00   9.158447e-01   9.351005e-07 
          1156   1.973123e-06   1.320831e-03   6.893082e-04   2.641273e-05   0.000000e+00   9.163549e-01   9.350085e-07 
          1157   1.973510e-06   1.321037e-03   6.888741e-04   2.640580e-05   0.000000e+00   9.168652e-01   9.349161e-07 
          1158   1.973916e-06   1.321244e-03   6.887758e-04   2.640111e-05   0.000000e+00   9.173753e-01   9.348231e-07 
          1159   1.971752e-06   1.321454e-03   6.890718e-04   2.639430e-05   0.000000e+00   9.178852e-01   9.347296e-07 
          1160   1.968662e-06   1.321664e-03   6.891893e-04   2.639030e-05   0.000000e+00   9.183945e-01   9.346356e-07 
     Iteration     Continuity     X-momentum     Y-momentum     Z-momentum         Energy            Tke            Sdr 
          1161   1.960914e-06   1.321876e-03   6.894092e-04   2.638378e-05   0.000000e+00   9.189034e-01   9.345411e-07 
          1162   1.953867e-06   1.322088e-03   6.895294e-04   2.637889e-05   0.000000e+00   9.194118e-01   9.344460e-07 
          1163   1.944968e-06   1.322301e-03   6.898456e-04   2.637140e-05   0.000000e+00   9.199191e-01   9.343503e-07 
          1164   1.939099e-06   1.322515e-03   6.895714e-04   2.636608e-05   0.000000e+00   9.204217e-01   9.342537e-07 
          1165   1.932987e-06   1.322729e-03   6.898235e-04   2.635877e-05   0.000000e+00   9.209259e-01   9.341568e-07 
          1166   1.927729e-06   1.322945e-03   6.896068e-04   2.635351e-05   0.000000e+00   9.214295e-01   9.340593e-07 
          1167   1.921401e-06   1.323162e-03   6.896866e-04   2.634486e-05   0.000000e+00   9.219328e-01   9.339614e-07 
          1168   1.914951e-06   1.323379e-03   6.894476e-04   2.633838e-05   0.000000e+00   9.224356e-01   9.338628e-07 
          1169   1.909904e-06   1.323597e-03   6.895651e-04   2.633010e-05   0.000000e+00   9.229380e-01   9.337638e-07 
          1170   1.906389e-06   1.323817e-03   6.894485e-04   2.632429e-05   0.000000e+00   9.234396e-01   9.336642e-07 
     Iteration     Continuity     X-momentum     Y-momentum     Z-momentum         Energy            Tke            Sdr 
          1171   1.901257e-06   1.324037e-03   6.896949e-04   2.631653e-05   0.000000e+00   9.239406e-01   9.335640e-07 
          1172   1.898250e-06   1.324258e-03   6.896349e-04   2.631108e-05   0.000000e+00   9.244409e-01   9.334633e-07 
          1173   1.895253e-06   1.324479e-03   6.900594e-04   2.630369e-05   0.000000e+00   9.249406e-01   9.333620e-07 
          1174   1.892313e-06   1.324701e-03   6.901462e-04   2.629856e-05   0.000000e+00   9.254395e-01   9.332602e-07 
          1175   1.887709e-06   1.324924e-03   6.906750e-04   2.629159e-05   0.000000e+00   9.259377e-01   9.331579e-07 
          1176   1.883946e-06   1.325147e-03   6.907705e-04   2.628751e-05   0.000000e+00   9.264334e-01   9.330549e-07 
          1177   1.881547e-06   1.325371e-03   6.911661e-04   2.628096e-05   0.000000e+00   9.269288e-01   9.329514e-07 
          1178   1.881875e-06   1.325595e-03   6.913116e-04   2.627596e-05   0.000000e+00   9.274237e-01   9.328474e-07 
          1179   1.882058e-06   1.325820e-03   6.919002e-04   2.626834e-05   0.000000e+00   9.279180e-01   9.327428e-07 
          1180   1.884328e-06   1.326046e-03   6.923158e-04   2.626260e-05   0.000000e+00   9.284116e-01   9.326377e-07 
     Iteration     Continuity     X-momentum     Y-momentum     Z-momentum         Energy            Tke            Sdr 
          1181   1.885971e-06   1.326272e-03   6.930129e-04   2.625475e-05   0.000000e+00   9.289045e-01   9.325320e-07 
          1182   1.888908e-06   1.326499e-03   6.933872e-04   2.624909e-05   0.000000e+00   9.293966e-01   9.324258e-07 
          1183   1.890930e-06   1.326726e-03   6.940031e-04   2.624165e-05   0.000000e+00   9.298880e-01   9.323191e-07 
          1184   1.893194e-06   1.326954e-03   6.943393e-04   2.623593e-05   0.000000e+00   9.303786e-01   9.322118e-07 
          1185   1.892862e-06   1.327183e-03   6.948086e-04   2.622822e-05   0.000000e+00   9.308684e-01   9.321040e-07 
          1186   1.891508e-06   1.327412e-03   6.952378e-04   2.622245e-05   0.000000e+00   9.313574e-01   9.319956e-07 
          1187   1.892854e-06   1.327642e-03   6.962062e-04   2.621484e-05   0.000000e+00   9.318457e-01   9.318867e-07 
          1188   1.894591e-06   1.327872e-03   6.967298e-04   2.620910e-05   0.000000e+00   9.323331e-01   9.317773e-07 
          1189   1.897373e-06   1.328103e-03   6.977971e-04   2.620178e-05   0.000000e+00   9.328196e-01   9.316673e-07 
          1190   1.903064e-06   1.328334e-03   6.982956e-04   2.619645e-05   0.000000e+00   9.333054e-01   9.315568e-07 
     Iteration     Continuity     X-momentum     Y-momentum     Z-momentum         Energy            Tke            Sdr 
          1191   1.909446e-06   1.328566e-03   6.992225e-04   2.618990e-05   0.000000e+00   9.337903e-01   9.314458e-07 
          1192   1.918324e-06   1.328798e-03   6.997954e-04   2.618550e-05   0.000000e+00   9.342743e-01   9.313342e-07 
          1193   1.927828e-06   1.329031e-03   7.008686e-04   2.617895e-05   0.000000e+00   9.347576e-01   9.312221e-07 
          1194   1.940539e-06   1.329265e-03   7.018077e-04   2.617416e-05   0.000000e+00   9.352399e-01   9.311095e-07 
          1195   1.949916e-06   1.329499e-03   7.030790e-04   2.616703e-05   0.000000e+00   9.357215e-01   9.309964e-07 
          1196   1.956822e-06   1.329733e-03   7.038160e-04   2.616161e-05   0.000000e+00   9.362021e-01   9.308827e-07 
          1197   1.959679e-06   1.329968e-03   7.053046e-04   2.615422e-05   0.000000e+00   9.366819e-01   9.307685e-07 
          1198   1.962371e-06   1.330204e-03   7.062249e-04   2.614880e-05   0.000000e+00   9.371608e-01   9.306538e-07 
          1199   1.962496e-06   1.330435e-03   7.071632e-04   2.614129e-05   0.000000e+00   9.376387e-01   9.305249e-07 
          1200   1.961538e-06   1.330665e-03   7.025429e-04   2.613587e-05   0.000000e+00   9.381157e-01   9.303904e-07 
     Iteration     Continuity     X-momentum     Y-momentum     Z-momentum         Energy            Tke            Sdr 
          1201   1.956709e-06   1.330897e-03   7.018658e-04   2.612834e-05   0.000000e+00   9.385918e-01   9.302584e-07 
          1202   1.952327e-06   1.331130e-03   7.030461e-04   2.612277e-05   0.000000e+00   9.390671e-01   9.301281e-07 
          1203   1.947706e-06   1.331363e-03   7.019639e-04   2.611512e-05   0.000000e+00   9.395416e-01   9.299987e-07 
          1204   1.944551e-06   1.331598e-03   7.037039e-04   2.610945e-05   0.000000e+00   9.400152e-01   9.298697e-07 
          1205   1.942151e-06   1.331833e-03   7.062830e-04   2.610207e-05   0.000000e+00   9.404879e-01   9.297411e-07 
          1206   1.940450e-06   1.332069e-03   7.081893e-04   2.609705e-05   0.000000e+00   9.409597e-01   9.296126e-07 
          1207   1.937358e-06   1.332305e-03   7.099530e-04   2.608976e-05   0.000000e+00   9.414307e-01   9.294843e-07 
          1208   1.933027e-06   1.332542e-03   7.111669e-04   2.608444e-05   0.000000e+00   9.419008e-01   9.293560e-07 
          1209   1.928245e-06   1.332779e-03   7.123377e-04   2.607694e-05   0.000000e+00   9.423701e-01   9.292277e-07 
          1210   1.925029e-06   1.333017e-03   7.132257e-04   2.607157e-05   0.000000e+00   9.428384e-01   9.290993e-07 
     Iteration     Continuity     X-momentum     Y-momentum     Z-momentum         Energy            Tke            Sdr 
          1211   1.920000e-06   1.333255e-03   7.142589e-04   2.606412e-05   0.000000e+00   9.433059e-01   9.289709e-07 
          1212   1.916216e-06   1.333494e-03   7.151013e-04   2.605874e-05   0.000000e+00   9.437725e-01   9.288423e-07 
          1213   1.911430e-06   1.333734e-03   7.161479e-04   2.605120e-05   0.000000e+00   9.442383e-01   9.287137e-07 
          1214   1.904014e-06   1.333974e-03   7.170917e-04   2.604566e-05   0.000000e+00   9.447031e-01   9.285849e-07 
          1215   1.895682e-06   1.334214e-03   7.182779e-04   2.603778e-05   0.000000e+00   9.451671e-01   9.284559e-07 
          1216   1.889270e-06   1.334456e-03   7.193528e-04   2.603206e-05   0.000000e+00   9.456302e-01   9.283268e-07 
          1217   1.883230e-06   1.334697e-03   7.205772e-04   2.602450e-05   0.000000e+00   9.460924e-01   9.281975e-07 
          1218   1.880750e-06   1.334939e-03   7.218220e-04   2.601918e-05   0.000000e+00   9.465537e-01   9.280680e-07 
          1219   1.878903e-06   1.335182e-03   7.232215e-04   2.601237e-05   0.000000e+00   9.470142e-01   9.279383e-07 
          1220   1.877328e-06   1.335425e-03   7.246947e-04   2.600756e-05   0.000000e+00   9.474738e-01   9.278083e-07 
     Iteration     Continuity     X-momentum     Y-momentum     Z-momentum         Energy            Tke            Sdr 
          1221   1.877301e-06   1.335669e-03   7.264703e-04   2.600053e-05   0.000000e+00   9.479325e-01   9.276782e-07 
          1222   1.879309e-06   1.335913e-03   7.280119e-04   2.599452e-05   0.000000e+00   9.483902e-01   9.275478e-07 
          1223   1.882092e-06   1.336157e-03   7.297668e-04   2.598564e-05   0.000000e+00   9.488471e-01   9.274171e-07 
          1224   1.882902e-06   1.336402e-03   7.312009e-04   2.597891e-05   0.000000e+00   9.493031e-01   9.272862e-07 
          1225   1.880614e-06   1.336647e-03   7.330242e-04   2.597057e-05   0.000000e+00   9.497582e-01   9.271551e-07 
          1226   1.875456e-06   1.336893e-03   7.347108e-04   2.596411e-05   0.000000e+00   9.502124e-01   9.270236e-07 
          1227   1.869813e-06   1.337139e-03   7.368505e-04   2.595593e-05   0.000000e+00   9.506657e-01   9.268919e-07 
          1228   1.866046e-06   1.337386e-03   7.388001e-04   2.594987e-05   0.000000e+00   9.511181e-01   9.267599e-07 
          1229   1.862545e-06   1.337633e-03   7.410156e-04   2.594220e-05   0.000000e+00   9.515696e-01   9.266277e-07 
          1230   1.860881e-06   1.337881e-03   7.431349e-04   2.593649e-05   0.000000e+00   9.520202e-01   9.264951e-07 
     Iteration     Continuity     X-momentum     Y-momentum     Z-momentum         Energy            Tke            Sdr 
          1231   1.858615e-06   1.338129e-03   7.454063e-04   2.592938e-05   0.000000e+00   9.524700e-01   9.263623e-07 
          1232   1.857496e-06   1.338377e-03   7.475838e-04   2.592472e-05   0.000000e+00   9.529188e-01   9.262291e-07 
          1233   1.859142e-06   1.338625e-03   7.500780e-04   2.591844e-05   0.000000e+00   9.533650e-01   9.260955e-07 
          1234   1.861297e-06   1.338873e-03   7.522279e-04   2.591390e-05   0.000000e+00   9.538073e-01   9.259613e-07 
          1235   1.861076e-06   1.339122e-03   7.547358e-04   2.590726e-05   0.000000e+00   9.542505e-01   9.258270e-07 
          1236   1.863056e-06   1.339370e-03   7.567375e-04   2.590215e-05   0.000000e+00   9.546931e-01   9.256924e-07 
          1237   1.866462e-06   1.339620e-03   7.593042e-04   2.589490e-05   0.000000e+00   9.551353e-01   9.255575e-07 
          1238   1.870871e-06   1.339870e-03   7.614805e-04   2.588898e-05   0.000000e+00   9.555769e-01   9.254223e-07 
          1239   1.875753e-06   1.340120e-03   7.640837e-04   2.588126e-05   0.000000e+00   9.560178e-01   9.252868e-07 
          1240   1.879926e-06   1.340370e-03   7.665460e-04   2.587527e-05   0.000000e+00   9.564579e-01   9.251510e-07 
     Iteration     Continuity     X-momentum     Y-momentum     Z-momentum         Energy            Tke            Sdr 
          1241   1.882213e-06   1.340621e-03   7.692055e-04   2.586796e-05   0.000000e+00   9.568973e-01   9.250148e-07 
          1242   1.885361e-06   1.340873e-03   7.716614e-04   2.586211e-05   0.000000e+00   9.573359e-01   9.248784e-07 
          1243   1.890624e-06   1.341124e-03   7.741991e-04   2.585466e-05   0.000000e+00   9.577712e-01   9.247413e-07 
          1244   1.893801e-06   1.341374e-03   7.765400e-04   2.584862e-05   0.000000e+00   9.582029e-01   9.246037e-07 
          1245   1.893833e-06   1.341626e-03   7.791123e-04   2.584129e-05   0.000000e+00   9.586358e-01   9.244659e-07 
          1246   1.895208e-06   1.341878e-03   7.815845e-04   2.583515e-05   0.000000e+00   9.590682e-01   9.243278e-07 
          1247   1.897057e-06   1.342130e-03   7.845213e-04   2.582718e-05   0.000000e+00   9.595003e-01   9.241894e-07 
          1248   1.898455e-06   1.342383e-03   7.876520e-04   2.582064e-05   0.000000e+00   9.599317e-01   9.240507e-07 
          1249   1.900081e-06   1.342636e-03   7.907026e-04   2.581262e-05   0.000000e+00   9.603626e-01   9.239116e-07 
          1250   1.901609e-06   1.342890e-03   7.934281e-04   2.580614e-05   0.000000e+00   9.607928e-01   9.237722e-07 
     Iteration     Continuity     X-momentum     Y-momentum     Z-momentum         Energy            Tke            Sdr 
          1251   1.902784e-06   1.343144e-03   7.963953e-04   2.579863e-05   0.000000e+00   9.612222e-01   9.236324e-07 
          1252   1.905032e-06   1.343398e-03   7.992812e-04   2.579284e-05   0.000000e+00   9.616510e-01   9.234923e-07 
          1253   1.907067e-06   1.343653e-03   8.021146e-04   2.578572e-05   0.000000e+00   9.620789e-01   9.233519e-07 
          1254   1.908785e-06   1.343909e-03   8.050229e-04   2.578011e-05   0.000000e+00   9.625061e-01   9.232111e-07 
          1255   1.909867e-06   1.344164e-03   8.080427e-04   2.577325e-05   0.000000e+00   9.629325e-01   9.230699e-07 
          1256   1.909905e-06   1.344421e-03   8.110186e-04   2.576789e-05   0.000000e+00   9.633581e-01   9.229284e-07 
          1257   1.908112e-06   1.344677e-03   8.138936e-04   2.576143e-05   0.000000e+00   9.637829e-01   9.227865e-07 
          1258   1.904582e-06   1.344934e-03   8.164388e-04   2.575695e-05   0.000000e+00   9.642069e-01   9.226443e-07 
          1259   1.896192e-06   1.345191e-03   8.192864e-04   2.574955e-05   0.000000e+00   9.646300e-01   9.225018e-07 
          1260   1.887589e-06   1.345449e-03   8.219491e-04   2.574333e-05   0.000000e+00   9.650523e-01   9.223588e-07 
     Iteration     Continuity     X-momentum     Y-momentum     Z-momentum         Energy            Tke            Sdr 
          1261   1.879660e-06   1.345707e-03   8.247751e-04   2.573561e-05   0.000000e+00   9.654738e-01   9.222156e-07 
          1262   1.870398e-06   1.345965e-03   8.272447e-04   2.572914e-05   0.000000e+00   9.658944e-01   9.220719e-07 
          1263   1.859546e-06   1.346223e-03   8.296902e-04   2.572141e-05   0.000000e+00   9.663143e-01   9.219279e-07 
          1264   1.846253e-06   1.346482e-03   8.322794e-04   2.571509e-05   0.000000e+00   9.667332e-01   9.217836e-07 
          1265   1.835413e-06   1.346741e-03   8.348218e-04   2.570746e-05   0.000000e+00   9.671513e-01   9.216389e-07 
          1266   1.827235e-06   1.347000e-03   8.376844e-04   2.570112e-05   0.000000e+00   9.675686e-01   9.214938e-07 
          1267   1.819727e-06   1.347260e-03   8.400560e-04   2.569342e-05   0.000000e+00   9.679850e-01   9.213484e-07 
          1268   1.813024e-06   1.347520e-03   8.430517e-04   2.568722e-05   0.000000e+00   9.684006e-01   9.212027e-07 
          1269   1.808465e-06   1.347781e-03   8.452434e-04   2.567967e-05   0.000000e+00   9.688153e-01   9.210566e-07 
          1270   1.805143e-06   1.348041e-03   8.483182e-04   2.567207e-05   0.000000e+00   9.692291e-01   9.209101e-07 
     Iteration     Continuity     X-momentum     Y-momentum     Z-momentum         Energy            Tke            Sdr 
          1271   1.800830e-06   1.348302e-03   8.501931e-04   2.566342e-05   0.000000e+00   9.696421e-01   9.207633e-07 
          1272   1.798167e-06   1.348564e-03   8.531845e-04   2.565672e-05   0.000000e+00   9.700542e-01   9.206162e-07 
          1273   1.797538e-06   1.348825e-03   8.536300e-04   2.564948e-05   0.000000e+00   9.704655e-01   9.204687e-07 
          1274   1.796573e-06   1.349087e-03   8.565577e-04   2.564396e-05   0.000000e+00   9.708759e-01   9.203209e-07 
          1275   1.797267e-06   1.349350e-03   8.576089e-04   2.563773e-05   0.000000e+00   9.712855e-01   9.201727e-07 
          1276   1.801377e-06   1.349613e-03   8.631613e-04   2.563272e-05   0.000000e+00   9.716942e-01   9.200242e-07 
          1277   1.804570e-06   1.349876e-03   8.639087e-04   2.562684e-05   0.000000e+00   9.721019e-01   9.198753e-07 
          1278   1.808275e-06   1.350139e-03   8.696337e-04   2.562215e-05   0.000000e+00   9.725089e-01   9.197261e-07 
          1279   1.811906e-06   1.350403e-03   8.706235e-04   2.561655e-05   0.000000e+00   9.729149e-01   9.195766e-07 
          1280   1.816095e-06   1.350667e-03   8.748544e-04   2.561218e-05   0.000000e+00   9.733201e-01   9.194267e-07 
     Iteration     Continuity     X-momentum     Y-momentum     Z-momentum         Energy            Tke            Sdr 
          1281   1.819091e-06   1.350931e-03   8.760541e-04   2.560654e-05   0.000000e+00   9.737244e-01   9.192765e-07 
          1282   1.822134e-06   1.351195e-03   8.797659e-04   2.560169e-05   0.000000e+00   9.741274e-01   9.191259e-07 
          1283   1.824561e-06   1.351459e-03   8.809429e-04   2.559553e-05   0.000000e+00   9.745281e-01   9.189749e-07 
          1284   1.826890e-06   1.351715e-03   8.844450e-04   2.559000e-05   0.000000e+00   9.749209e-01   9.188214e-07 
          1285   1.826150e-06   1.351965e-03   8.848438e-04   2.558328e-05   0.000000e+00   9.753097e-01   9.186668e-07 
          1286   1.825899e-06   1.352220e-03   8.885161e-04   2.557721e-05   0.000000e+00   9.757016e-01   9.185129e-07 
          1287   1.826271e-06   1.352477e-03   8.912932e-04   2.557000e-05   0.000000e+00   9.760948e-01   9.183591e-07 
          1288   1.827620e-06   1.352736e-03   8.936513e-04   2.556362e-05   0.000000e+00   9.764881e-01   9.182052e-07 
          1289   1.830810e-06   1.352996e-03   8.965515e-04   2.555594e-05   0.000000e+00   9.768814e-01   9.180511e-07 
          1290   1.835294e-06   1.353257e-03   8.980886e-04   2.554934e-05   0.000000e+00   9.772743e-01   9.178966e-07 
     Iteration     Continuity     X-momentum     Y-momentum     Z-momentum         Energy            Tke            Sdr 
          1291   1.838241e-06   1.353518e-03   9.024865e-04   2.554220e-05   0.000000e+00   9.776668e-01   9.177419e-07 
          1292   1.842408e-06   1.353781e-03   9.061409e-04   2.553613e-05   0.000000e+00   9.780587e-01   9.175868e-07 
          1293   1.849231e-06   1.354044e-03   9.062744e-04   2.552918e-05   0.000000e+00   9.784499e-01   9.174315e-07 
          1294   1.855369e-06   1.354307e-03   9.106970e-04   2.552292e-05   0.000000e+00   9.788403e-01   9.172757e-07 
          1295   1.860097e-06   1.354564e-03   9.116662e-04   2.551569e-05   0.000000e+00   9.792267e-01   9.171197e-07 
          1296   1.863738e-06   1.354808e-03   9.150748e-04   2.550920e-05   0.000000e+00   9.796082e-01   9.169634e-07 
          1297   1.865599e-06   1.355057e-03   9.163789e-04   2.550170e-05   0.000000e+00   9.799912e-01   9.168067e-07 
          1298   1.867672e-06   1.355310e-03   9.201822e-04   2.549510e-05   0.000000e+00   9.803746e-01   9.166496e-07 
          1299   1.867583e-06   1.355564e-03   9.221730e-04   2.548748e-05   0.000000e+00   9.807579e-01   9.164922e-07 
          1300   1.867037e-06   1.355821e-03   9.266730e-04   2.548099e-05   0.000000e+00   9.811410e-01   9.163344e-07 
     Iteration     Continuity     X-momentum     Y-momentum     Z-momentum         Energy            Tke            Sdr 
          1301   1.865249e-06   1.356078e-03   9.277428e-04   2.547376e-05   0.000000e+00   9.815235e-01   9.161763e-07 
          1302   1.860015e-06   1.356337e-03   9.325246e-04   2.546748e-05   0.000000e+00   9.819055e-01   9.160179e-07 
          1303   1.854091e-06   1.356596e-03   9.329952e-04   2.545988e-05   0.000000e+00   9.822870e-01   9.158591e-07 
          1304   1.851939e-06   1.356856e-03   9.377577e-04   2.545326e-05   0.000000e+00   9.826679e-01   9.157000e-07 
          1305   1.851311e-06   1.357118e-03   9.384045e-04   2.544574e-05   0.000000e+00   9.830482e-01   9.155406e-07 
          1306   1.852164e-06   1.357379e-03   9.433724e-04   2.543932e-05   0.000000e+00   9.834278e-01   9.153808e-07 
          1307   1.850882e-06   1.357642e-03   9.446475e-04   2.543184e-05   0.000000e+00   9.838066e-01   9.152207e-07 
          1308   1.849620e-06   1.357905e-03   9.485317e-04   2.542575e-05   0.000000e+00   9.841848e-01   9.150602e-07 
          1309   1.847727e-06   1.358168e-03   9.512886e-04   2.541853e-05   0.000000e+00   9.845622e-01   9.148994e-07 
          1310   1.849044e-06   1.358433e-03   9.537212e-04   2.541270e-05   0.000000e+00   9.849387e-01   9.147383e-07 
     Iteration     Continuity     X-momentum     Y-momentum     Z-momentum         Energy            Tke            Sdr 
          1311   1.851587e-06   1.358697e-03   9.572048e-04   2.540541e-05   0.000000e+00   9.853144e-01   9.145752e-07 
          1312   1.852659e-06   1.358957e-03   9.569847e-04   2.539783e-05   0.000000e+00   9.856892e-01   9.143966e-07 
          1313   1.850334e-06   1.359218e-03   9.452860e-04   2.538851e-05   0.000000e+00   9.860632e-01   9.142199e-07 
          1314   1.850231e-06   1.359480e-03   9.362820e-04   2.538107e-05   0.000000e+00   9.864365e-01   9.140455e-07 
          1315   1.849435e-06   1.359743e-03   9.284474e-04   2.537306e-05   0.000000e+00   9.868090e-01   9.138719e-07 
          1316   1.849884e-06   1.360007e-03   9.227798e-04   2.536722e-05   0.000000e+00   9.871806e-01   9.136989e-07 
          1317   1.853047e-06   1.360272e-03   9.175200e-04   2.536051e-05   0.000000e+00   9.875515e-01   9.135263e-07 
          1318   1.857675e-06   1.360537e-03   9.123625e-04   2.535569e-05   0.000000e+00   9.879215e-01   9.133541e-07 
          1319   1.861254e-06   1.360802e-03   9.084916e-04   2.534976e-05   0.000000e+00   9.882907e-01   9.131820e-07 
          1320   1.864749e-06   1.361068e-03   9.045311e-04   2.534554e-05   0.000000e+00   9.886591e-01   9.130100e-07 
     Iteration     Continuity     X-momentum     Y-momentum     Z-momentum         Energy            Tke            Sdr 
          1321   1.866843e-06   1.361335e-03   9.013253e-04   2.533969e-05   0.000000e+00   9.890267e-01   9.128381e-07 
          1322   1.870747e-06   1.361601e-03   8.971889e-04   2.533547e-05   0.000000e+00   9.893934e-01   9.126663e-07 
          1323   1.873142e-06   1.361869e-03   8.937450e-04   2.532952e-05   0.000000e+00   9.897593e-01   9.124946e-07 
          1324   1.875308e-06   1.362136e-03   8.897233e-04   2.532468e-05   0.000000e+00   9.901241e-01   9.123228e-07 
          1325   1.872843e-06   1.362403e-03   8.866173e-04   2.531810e-05   0.000000e+00   9.904882e-01   9.121511e-07 
          1326   1.870875e-06   1.362671e-03   8.833456e-04   2.531263e-05   0.000000e+00   9.908514e-01   9.119793e-07 
          1327   1.866175e-06   1.362940e-03   8.808595e-04   2.530543e-05   0.000000e+00   9.912139e-01   9.118075e-07 
          1328   1.854747e-06   1.363208e-03   8.781433e-04   2.529928e-05   0.000000e+00   9.915755e-01   9.116356e-07 
          1329   1.841849e-06   1.363477e-03   8.760959e-04   2.529062e-05   0.000000e+00   9.919364e-01   9.114638e-07 
          1330   1.832258e-06   1.363746e-03   8.737721e-04   2.528351e-05   0.000000e+00   9.922964e-01   9.112918e-07 
     Iteration     Continuity     X-momentum     Y-momentum     Z-momentum         Energy            Tke            Sdr 
          1331   1.824121e-06   1.364015e-03   8.720964e-04   2.527493e-05   0.000000e+00   9.926554e-01   9.111198e-07 
          1332   1.818097e-06   1.364285e-03   8.700479e-04   2.526725e-05   0.000000e+00   9.930136e-01   9.109477e-07 
          1333   1.810039e-06   1.364554e-03   8.683967e-04   2.525758e-05   0.000000e+00   9.933710e-01   9.107755e-07 
          1334   1.802733e-06   1.364824e-03   8.666535e-04   2.524924e-05   0.000000e+00   9.937274e-01   9.106032e-07 
          1335   1.792771e-06   1.365093e-03   8.653128e-04   2.523943e-05   0.000000e+00   9.940831e-01   9.104309e-07 
          1336   1.783370e-06   1.365363e-03   8.639443e-04   2.523142e-05   0.000000e+00   9.944378e-01   9.102584e-07 
          1337   1.774188e-06   1.365634e-03   8.627997e-04   2.522199e-05   0.000000e+00   9.947917e-01   9.100859e-07 
          1338   1.768292e-06   1.365904e-03   8.617444e-04   2.521453e-05   0.000000e+00   9.951448e-01   9.099132e-07 
          1339   1.762036e-06   1.366175e-03   8.608352e-04   2.520564e-05   0.000000e+00   9.954970e-01   9.097404e-07 
          1340   1.758492e-06   1.366447e-03   8.598947e-04   2.519905e-05   0.000000e+00   9.958483e-01   9.095675e-07 
     Iteration     Continuity     X-momentum     Y-momentum     Z-momentum         Energy            Tke            Sdr 
          1341   1.755397e-06   1.366718e-03   8.592331e-04   2.519091e-05   0.000000e+00   9.961988e-01   9.093945e-07 
          1342   1.754952e-06   1.366990e-03   8.585203e-04   2.518502e-05   0.000000e+00   9.965484e-01   9.092213e-07 
          1343   1.754129e-06   1.367262e-03   8.581772e-04   2.517718e-05   0.000000e+00   9.968971e-01   9.090480e-07 
          1344   1.750850e-06   1.367534e-03   8.575024e-04   2.517129e-05   0.000000e+00   9.972450e-01   9.088746e-07 
          1345   1.747893e-06   1.367806e-03   8.569579e-04   2.516352e-05   0.000000e+00   9.975920e-01   9.087011e-07 
          1346   1.748098e-06   1.368079e-03   8.564467e-04   2.515783e-05   0.000000e+00   9.979382e-01   9.085274e-07 
          1347   1.747392e-06   1.368351e-03   8.564442e-04   2.515029e-05   0.000000e+00   9.982835e-01   9.083536e-07 
          1348   1.746900e-06   1.368624e-03   8.563065e-04   2.514469e-05   0.000000e+00   9.986279e-01   9.081796e-07 
          1349   1.750171e-06   1.368897e-03   8.562969e-04   2.513715e-05   0.000000e+00   9.989714e-01   9.080055e-07 
          1350   1.754746e-06   1.369171e-03   8.562333e-04   2.513151e-05   0.000000e+00   9.993141e-01   9.078313e-07 
     Iteration     Continuity     X-momentum     Y-momentum     Z-momentum         Energy            Tke            Sdr 
          1351   1.757890e-06   1.369444e-03   8.563386e-04   2.512242e-05   0.000000e+00   9.996559e-01   9.076569e-07 
          1352   1.760781e-06   1.369718e-03   8.564773e-04   2.511566e-05   0.000000e+00   9.999969e-01   9.074823e-07 
          1353   1.763856e-06   1.369991e-03   8.567145e-04   2.510775e-05   0.000000e+00   1.000337e+00   9.073077e-07 
          1354   1.767215e-06   1.370266e-03   8.569882e-04   2.510196e-05   0.000000e+00   1.000676e+00   9.071328e-07 
          1355   1.764164e-06   1.370540e-03   8.573535e-04   2.509457e-05   0.000000e+00   1.001015e+00   9.069579e-07 
          1356   1.761229e-06   1.370814e-03   8.577395e-04   2.508890e-05   0.000000e+00   1.001352e+00   9.067827e-07 
          1357   1.758267e-06   1.371089e-03   8.583650e-04   2.508113e-05   0.000000e+00   1.001689e+00   9.066075e-07 
          1358   1.755869e-06   1.371363e-03   8.592893e-04   2.507413e-05   0.000000e+00   1.002025e+00   9.064320e-07 
          1359   1.752112e-06   1.371638e-03   8.599427e-04   2.506725e-05   0.000000e+00   1.002360e+00   9.062564e-07 
          1360   1.748122e-06   1.371913e-03   8.605328e-04   2.506188e-05   0.000000e+00   1.002694e+00   9.060807e-07 
     Iteration     Continuity     X-momentum     Y-momentum     Z-momentum         Energy            Tke            Sdr 
          1361   1.746282e-06   1.372188e-03   8.612797e-04   2.505451e-05   0.000000e+00   1.003027e+00   9.059048e-07 
          1362   1.746143e-06   1.372463e-03   8.620401e-04   2.504910e-05   0.000000e+00   1.003359e+00   9.057287e-07 
          1363   1.748758e-06   1.372739e-03   8.628932e-04   2.504151e-05   0.000000e+00   1.003691e+00   9.055525e-07 
          1364   1.754323e-06   1.373014e-03   8.636263e-04   2.503589e-05   0.000000e+00   1.004021e+00   9.053761e-07 
          1365   1.758483e-06   1.373289e-03   8.647154e-04   2.502819e-05   0.000000e+00   1.004351e+00   9.051996e-07 
          1366   1.762371e-06   1.373565e-03   8.656699e-04   2.502247e-05   0.000000e+00   1.004680e+00   9.050229e-07 
          1367   1.762936e-06   1.373841e-03   8.667496e-04   2.501471e-05   0.000000e+00   1.005008e+00   9.048461e-07 
          1368   1.764462e-06   1.374116e-03   8.681172e-04   2.500919e-05   0.000000e+00   1.005335e+00   9.046691e-07 
          1369   1.768376e-06   1.374392e-03   8.694178e-04   2.500185e-05   0.000000e+00   1.005661e+00   9.044919e-07 
          1370   1.773791e-06   1.374668e-03   8.705992e-04   2.499673e-05   0.000000e+00   1.005987e+00   9.043146e-07 
     Iteration     Continuity     X-momentum     Y-momentum     Z-momentum         Energy            Tke            Sdr 
          1371   1.776727e-06   1.374945e-03   8.719222e-04   2.498981e-05   0.000000e+00   1.006311e+00   9.041371e-07 
          1372   1.781173e-06   1.375221e-03   8.732507e-04   2.498507e-05   0.000000e+00   1.006635e+00   9.039595e-07 
          1373   1.785503e-06   1.375497e-03   8.745318e-04   2.497831e-05   0.000000e+00   1.006958e+00   9.037817e-07 
          1374   1.789548e-06   1.375774e-03   8.758951e-04   2.497347e-05   0.000000e+00   1.007280e+00   9.036037e-07 
          1375   1.791391e-06   1.376050e-03   8.774103e-04   2.496668e-05   0.000000e+00   1.007601e+00   9.034256e-07 
          1376   1.791925e-06   1.376327e-03   8.788837e-04   2.496222e-05   0.000000e+00   1.007921e+00   9.032473e-07 
          1377   1.791499e-06   1.376604e-03   8.805428e-04   2.495707e-05   0.000000e+00   1.008241e+00   9.030689e-07 
          1378   1.793270e-06   1.376881e-03   8.822221e-04   2.495410e-05   0.000000e+00   1.008560e+00   9.028903e-07 
          1379   1.794119e-06   1.377158e-03   8.838702e-04   2.494913e-05   0.000000e+00   1.008877e+00   9.027115e-07 
          1380   1.795272e-06   1.377435e-03   8.854118e-04   2.494583e-05   0.000000e+00   1.009194e+00   9.025325e-07 
     Iteration     Continuity     X-momentum     Y-momentum     Z-momentum         Energy            Tke            Sdr 
          1381   1.794679e-06   1.377713e-03   8.871089e-04   2.494013e-05   0.000000e+00   1.009509e+00   9.023535e-07 
          1382   1.795597e-06   1.377990e-03   8.888321e-04   2.493598e-05   0.000000e+00   1.009824e+00   9.021742e-07 
          1383   1.792840e-06   1.378267e-03   8.905913e-04   2.492918e-05   0.000000e+00   1.010138e+00   9.019948e-07 
          1384   1.790901e-06   1.378544e-03   8.924704e-04   2.492372e-05   0.000000e+00   1.010451e+00   9.018152e-07 
          1385   1.785645e-06   1.378821e-03   8.944587e-04   2.491530e-05   0.000000e+00   1.010764e+00   9.016353e-07 
          1386   1.782570e-06   1.379098e-03   8.964293e-04   2.490791e-05   0.000000e+00   1.011075e+00   9.014552e-07 
          1387   1.777328e-06   1.379375e-03   8.983900e-04   2.489642e-05   0.000000e+00   1.011386e+00   9.012750e-07 
          1388   1.775767e-06   1.379652e-03   9.004123e-04   2.488735e-05   0.000000e+00   1.011696e+00   9.010946e-07 
          1389   1.774228e-06   1.379929e-03   9.025615e-04   2.487722e-05   0.000000e+00   1.012005e+00   9.009141e-07 
          1390   1.775525e-06   1.380207e-03   9.046645e-04   2.486978e-05   0.000000e+00   1.012313e+00   9.007333e-07 
     Iteration     Continuity     X-momentum     Y-momentum     Z-momentum         Energy            Tke            Sdr 
          1391   1.775729e-06   1.380484e-03   9.068468e-04   2.486063e-05   0.000000e+00   1.012620e+00   9.005524e-07 
          1392   1.778803e-06   1.380762e-03   9.091150e-04   2.485433e-05   0.000000e+00   1.012926e+00   9.003714e-07 
          1393   1.781366e-06   1.381040e-03   9.114961e-04   2.484675e-05   0.000000e+00   1.013232e+00   9.001902e-07 
          1394   1.782828e-06   1.381318e-03   9.138599e-04   2.484089e-05   0.000000e+00   1.013537e+00   9.000088e-07 
          1395   1.781505e-06   1.381595e-03   9.162885e-04   2.483295e-05   0.000000e+00   1.013840e+00   8.998273e-07 
          1396   1.780384e-06   1.381873e-03   9.187626e-04   2.482636e-05   0.000000e+00   1.014143e+00   8.996457e-07 
          1397   1.776426e-06   1.382151e-03   9.212327e-04   2.481781e-05   0.000000e+00   1.014445e+00   8.994639e-07 
          1398   1.771843e-06   1.382428e-03   9.237924e-04   2.481091e-05   0.000000e+00   1.014747e+00   8.992819e-07 
          1399   1.768037e-06   1.382706e-03   9.263934e-04   2.480246e-05   0.000000e+00   1.015047e+00   8.990998e-07 
          1400   1.766572e-06   1.382984e-03   9.290554e-04   2.479590e-05   0.000000e+00   1.015347e+00   8.989175e-07 
     Iteration     Continuity     X-momentum     Y-momentum     Z-momentum         Energy            Tke            Sdr 
          1401   1.761319e-06   1.383262e-03   9.317265e-04   2.478800e-05   0.000000e+00   1.015646e+00   8.987351e-07 
          1402   1.753882e-06   1.383540e-03   9.343258e-04   2.478201e-05   0.000000e+00   1.015943e+00   8.985525e-07 
          1403   1.743909e-06   1.383819e-03   9.371316e-04   2.477599e-05   0.000000e+00   1.016241e+00   8.983698e-07 
          1404   1.736422e-06   1.384097e-03   9.403032e-04   2.477143e-05   0.000000e+00   1.016537e+00   8.981868e-07 
          1405   1.724732e-06   1.384376e-03   9.435358e-04   2.476516e-05   0.000000e+00   1.016832e+00   8.980038e-07 
          1406   1.716024e-06   1.384655e-03   9.466348e-04   2.476022e-05   0.000000e+00   1.017127e+00   8.978206e-07 
          1407   1.705998e-06   1.384933e-03   9.496629e-04   2.475335e-05   0.000000e+00   1.017420e+00   8.976373e-07 
          1408   1.699257e-06   1.385212e-03   9.526784e-04   2.474795e-05   0.000000e+00   1.017713e+00   8.974537e-07 
          1409   1.693650e-06   1.385490e-03   9.557045e-04   2.474091e-05   0.000000e+00   1.018005e+00   8.972702e-07 
          1410   1.694029e-06   1.385769e-03   9.587104e-04   2.473551e-05   0.000000e+00   1.018297e+00   8.970863e-07 
     Iteration     Continuity     X-momentum     Y-momentum     Z-momentum         Energy            Tke            Sdr 
          1411   1.693829e-06   1.386047e-03   9.618715e-04   2.472843e-05   0.000000e+00   1.018587e+00   8.969024e-07 
          1412   1.698174e-06   1.386326e-03   9.650956e-04   2.472291e-05   0.000000e+00   1.018877e+00   8.967183e-07 
          1413   1.700746e-06   1.386604e-03   9.683959e-04   2.471555e-05   0.000000e+00   1.019165e+00   8.965341e-07 
          1414   1.704948e-06   1.386882e-03   9.718456e-04   2.470961e-05   0.000000e+00   1.019453e+00   8.963496e-07 
          1415   1.707913e-06   1.387161e-03   9.752499e-04   2.470200e-05   0.000000e+00   1.019740e+00   8.961651e-07 
          1416   1.713201e-06   1.387439e-03   9.786709e-04   2.469592e-05   0.000000e+00   1.020027e+00   8.959804e-07 
          1417   1.715491e-06   1.387717e-03   9.821242e-04   2.468813e-05   0.000000e+00   1.020312e+00   8.957956e-07 
          1418   1.719861e-06   1.387995e-03   9.856169e-04   2.468180e-05   0.000000e+00   1.020596e+00   8.956106e-07 
          1419   1.722450e-06   1.388273e-03   9.892301e-04   2.467378e-05   0.000000e+00   1.020879e+00   8.954256e-07 
          1420   1.725636e-06   1.388551e-03   9.927978e-04   2.466718e-05   0.000000e+00   1.021161e+00   8.952403e-07 
     Iteration     Continuity     X-momentum     Y-momentum     Z-momentum         Energy            Tke            Sdr 
          1421   1.725949e-06   1.388829e-03   9.963860e-04   2.465750e-05   0.000000e+00   1.021443e+00   8.950549e-07 
          1422   1.728918e-06   1.389107e-03   1.000115e-03   2.464951e-05   0.000000e+00   1.021724e+00   8.948693e-07 
          1423   1.726708e-06   1.389386e-03   1.003916e-03   2.464069e-05   0.000000e+00   1.022004e+00   8.946837e-07 
          1424   1.727228e-06   1.389664e-03   1.007771e-03   2.463447e-05   0.000000e+00   1.022283e+00   8.944979e-07 
          1425   1.727065e-06   1.389942e-03   1.011659e-03   2.462734e-05   0.000000e+00   1.022562e+00   8.943119e-07 
          1426   1.731663e-06   1.390221e-03   1.015501e-03   2.462240e-05   0.000000e+00   1.022839e+00   8.941258e-07 
          1427   1.735159e-06   1.390485e-03   1.019420e-03   2.461600e-05   0.000000e+00   1.023111e+00   8.939395e-07 
          1428   1.740682e-06   1.390745e-03   1.023593e-03   2.461123e-05   0.000000e+00   1.023381e+00   8.937530e-07 
          1429   1.742056e-06   1.391009e-03   1.027969e-03   2.460448e-05   0.000000e+00   1.023652e+00   8.935664e-07 
          1430   1.748244e-06   1.391275e-03   1.032322e-03   2.459889e-05   0.000000e+00   1.023923e+00   8.933797e-07 
     Iteration     Continuity     X-momentum     Y-momentum     Z-momentum         Energy            Tke            Sdr 
          1431   1.750759e-06   1.391542e-03   1.036725e-03   2.459119e-05   0.000000e+00   1.024194e+00   8.931930e-07 
          1432   1.754387e-06   1.391811e-03   1.041238e-03   2.458493e-05   0.000000e+00   1.024464e+00   8.930061e-07 
          1433   1.756191e-06   1.392080e-03   1.045684e-03   2.457688e-05   0.000000e+00   1.024734e+00   8.928192e-07 
          1434   1.760265e-06   1.392350e-03   1.050092e-03   2.457038e-05   0.000000e+00   1.025003e+00   8.926321e-07 
          1435   1.766765e-06   1.392621e-03   1.054650e-03   2.456228e-05   0.000000e+00   1.025271e+00   8.924451e-07 
          1436   1.774082e-06   1.392892e-03   1.059069e-03   2.455590e-05   0.000000e+00   1.025539e+00   8.922578e-07 
          1437   1.779019e-06   1.393163e-03   1.063689e-03   2.454788e-05   0.000000e+00   1.025806e+00   8.920706e-07 
          1438   1.785645e-06   1.393435e-03   1.068236e-03   2.454185e-05   0.000000e+00   1.026072e+00   8.918831e-07 
          1439   1.792727e-06   1.393705e-03   1.073126e-03   2.453427e-05   0.000000e+00   1.026337e+00   8.916896e-07 
          1440   1.796530e-06   1.393974e-03   1.078804e-03   2.452865e-05   0.000000e+00   1.026602e+00   8.914896e-07 
     Iteration     Continuity     X-momentum     Y-momentum     Z-momentum         Energy            Tke            Sdr 
          1441   1.796763e-06   1.394243e-03   1.086888e-03   2.452121e-05   0.000000e+00   1.026865e+00   8.912914e-07 
          1442   1.796884e-06   1.394513e-03   1.095019e-03   2.451525e-05   0.000000e+00   1.027128e+00   8.910945e-07 
          1443   1.793560e-06   1.394783e-03   1.102183e-03   2.450724e-05   0.000000e+00   1.027390e+00   8.908984e-07 
          1444   1.789596e-06   1.395054e-03   1.107887e-03   2.450084e-05   0.000000e+00   1.027652e+00   8.907028e-07 
          1445   1.784154e-06   1.395325e-03   1.112250e-03   2.449235e-05   0.000000e+00   1.027913e+00   8.905077e-07 
          1446   1.782443e-06   1.395597e-03   1.115121e-03   2.448568e-05   0.000000e+00   1.028173e+00   8.903129e-07 
          1447   1.783480e-06   1.395868e-03   1.116987e-03   2.447690e-05   0.000000e+00   1.028432e+00   8.901184e-07 
          1448   1.784927e-06   1.396140e-03   1.117955e-03   2.447029e-05   0.000000e+00   1.028691e+00   8.899240e-07 
          1449   1.781251e-06   1.396412e-03   1.118196e-03   2.446149e-05   0.000000e+00   1.028949e+00   8.897301e-07 
          1450   1.770613e-06   1.396684e-03   1.117722e-03   2.445549e-05   0.000000e+00   1.029205e+00   8.895361e-07 
     Iteration     Continuity     X-momentum     Y-momentum     Z-momentum         Energy            Tke            Sdr 
          1451   1.763989e-06   1.396956e-03   1.116913e-03   2.444788e-05   0.000000e+00   1.029461e+00   8.893424e-07 
          1452   1.760747e-06   1.397228e-03   1.115834e-03   2.444246e-05   0.000000e+00   1.029716e+00   8.891487e-07 
          1453   1.760940e-06   1.397501e-03   1.114694e-03   2.443466e-05   0.000000e+00   1.029970e+00   8.889554e-07 
          1454   1.763525e-06   1.397774e-03   1.113107e-03   2.442965e-05   0.000000e+00   1.030224e+00   8.887620e-07 
          1455   1.766181e-06   1.398047e-03   1.111229e-03   2.442439e-05   0.000000e+00   1.030476e+00   8.885688e-07 
          1456   1.768622e-06   1.398320e-03   1.109157e-03   2.442135e-05   0.000000e+00   1.030729e+00   8.883757e-07 
          1457   1.769717e-06   1.398594e-03   1.107112e-03   2.441658e-05   0.000000e+00   1.030980e+00   8.881827e-07 
          1458   1.768102e-06   1.398867e-03   1.104581e-03   2.441287e-05   0.000000e+00   1.031230e+00   8.879898e-07 
          1459   1.765651e-06   1.399140e-03   1.103003e-03   2.440718e-05   0.000000e+00   1.031480e+00   8.877971e-07 
          1460   1.760758e-06   1.399413e-03   1.100759e-03   2.440214e-05   0.000000e+00   1.031728e+00   8.876042e-07 
     Iteration     Continuity     X-momentum     Y-momentum     Z-momentum         Energy            Tke            Sdr 
          1461   1.755079e-06   1.399686e-03   1.099489e-03   2.439522e-05   0.000000e+00   1.031975e+00   8.874109e-07 
          1462   1.732508e-06   1.399959e-03   1.099637e-03   2.439018e-05   0.000000e+00   1.032222e+00   8.872186e-07 
          1463   1.721796e-06   1.400232e-03   1.097683e-03   2.438280e-05   0.000000e+00   1.032469e+00   8.870270e-07 
          1464   1.736046e-06   1.400506e-03   1.094048e-03   2.437740e-05   0.000000e+00   1.032714e+00   8.868333e-07 
          1465   1.713251e-06   1.400779e-03   1.097102e-03   2.437254e-05   0.000000e+00   1.032959e+00   8.866420e-07 
          1466   1.726598e-06   1.401053e-03   1.093052e-03   2.436426e-05   0.000000e+00   1.033203e+00   8.864488e-07 
          1467   1.714948e-06   1.401326e-03   1.093684e-03   2.435807e-05   0.000000e+00   1.033446e+00   8.862568e-07 
          1468   1.713102e-06   1.401599e-03   1.092526e-03   2.434998e-05   0.000000e+00   1.033688e+00   8.860654e-07 
          1469   1.732035e-06   1.401873e-03   1.089568e-03   2.434243e-05   0.000000e+00   1.033930e+00   8.858720e-07 
          1470   1.715854e-06   1.402146e-03   1.091865e-03   2.433507e-05   0.000000e+00   1.034171e+00   8.856809e-07 
     Iteration     Continuity     X-momentum     Y-momentum     Z-momentum         Energy            Tke            Sdr 
          1471   1.735034e-06   1.402420e-03   1.088941e-03   2.432686e-05   0.000000e+00   1.034411e+00   8.854875e-07 
          1472   1.715277e-06   1.402693e-03   1.091278e-03   2.432046e-05   0.000000e+00   1.034651e+00   8.852967e-07 
          1473   1.730345e-06   1.402967e-03   1.088005e-03   2.431043e-05   0.000000e+00   1.034889e+00   8.851036e-07 
          1474   1.721515e-06   1.403240e-03   1.089938e-03   2.430248e-05   0.000000e+00   1.035127e+00   8.849127e-07 
          1475   1.745353e-06   1.403514e-03   1.087436e-03   2.429379e-05   0.000000e+00   1.035364e+00   8.847202e-07 
          1476   1.751602e-06   1.403788e-03   1.088055e-03   2.428531e-05   0.000000e+00   1.035600e+00   8.845277e-07 
          1477   1.747148e-06   1.404061e-03   1.089583e-03   2.427646e-05   0.000000e+00   1.035836e+00   8.843368e-07 
          1478   1.769496e-06   1.404331e-03   1.087018e-03   2.426819e-05   0.000000e+00   1.036065e+00   8.841438e-07 
          1479   1.777640e-06   1.404596e-03   1.087554e-03   2.425992e-05   0.000000e+00   1.036289e+00   8.839498e-07 
          1480   1.775805e-06   1.404863e-03   1.089431e-03   2.425027e-05   0.000000e+00   1.036516e+00   8.837583e-07 
     Iteration     Continuity     X-momentum     Y-momentum     Z-momentum         Energy            Tke            Sdr 
          1481   1.812296e-06   1.405132e-03   1.086765e-03   2.423916e-05   0.000000e+00   1.036745e+00   8.835653e-07 
          1482   1.823444e-06   1.405402e-03   1.087606e-03   2.422845e-05   0.000000e+00   1.036974e+00   8.833732e-07 
          1483   1.837326e-06   1.405672e-03   1.087898e-03   2.421673e-05   0.000000e+00   1.037202e+00   8.831808e-07 
          1484   1.844855e-06   1.405943e-03   1.088089e-03   2.420559e-05   0.000000e+00   1.037431e+00   8.829887e-07 
          1485   1.845919e-06   1.406214e-03   1.088078e-03   2.419573e-05   0.000000e+00   1.037658e+00   8.827964e-07 
          1486   1.842947e-06   1.406486e-03   1.088437e-03   2.418774e-05   0.000000e+00   1.037885e+00   8.826043e-07 
          1487   1.845989e-06   1.406758e-03   1.088644e-03   2.418178e-05   0.000000e+00   1.038112e+00   8.824121e-07 
          1488   1.849079e-06   1.407030e-03   1.089118e-03   2.417598e-05   0.000000e+00   1.038337e+00   8.822199e-07 
          1489   1.851897e-06   1.407302e-03   1.089261e-03   2.417148e-05   0.000000e+00   1.038563e+00   8.820277e-07 
          1490   1.848410e-06   1.407575e-03   1.089434e-03   2.416607e-05   0.000000e+00   1.038787e+00   8.818355e-07 
     Iteration     Continuity     X-momentum     Y-momentum     Z-momentum         Energy            Tke            Sdr 
          1491   1.846611e-06   1.407847e-03   1.089521e-03   2.416144e-05   0.000000e+00   1.039011e+00   8.816432e-07 
          1492   1.842879e-06   1.408119e-03   1.090068e-03   2.415544e-05   0.000000e+00   1.039234e+00   8.814511e-07 
          1493   1.841216e-06   1.408392e-03   1.090463e-03   2.414994e-05   0.000000e+00   1.039456e+00   8.812588e-07 
          1494   1.833339e-06   1.408664e-03   1.091106e-03   2.414323e-05   0.000000e+00   1.039677e+00   8.810666e-07 
          1495   1.828512e-06   1.408936e-03   1.091451e-03   2.413704e-05   0.000000e+00   1.039898e+00   8.808743e-07 
          1496   1.818784e-06   1.409209e-03   1.092025e-03   2.412972e-05   0.000000e+00   1.040118e+00   8.806821e-07 
          1497   1.813576e-06   1.409481e-03   1.092303e-03   2.412331e-05   0.000000e+00   1.040337e+00   8.804897e-07 
          1498   1.806240e-06   1.409753e-03   1.093058e-03   2.411593e-05   0.000000e+00   1.040555e+00   8.802975e-07 
          1499   1.799546e-06   1.410025e-03   1.093569e-03   2.410966e-05   0.000000e+00   1.040773e+00   8.801051e-07 
          1500   1.791898e-06   1.410297e-03   1.094299e-03   2.410231e-05   0.000000e+00   1.040990e+00   8.799128e-07 
     Iteration     Continuity     X-momentum     Y-momentum     Z-momentum         Energy            Tke            Sdr 
          1501   1.788425e-06   1.410569e-03   1.094839e-03   2.409575e-05   0.000000e+00   1.041206e+00   8.797204e-07 
          1502   1.784195e-06   1.410840e-03   1.095836e-03   2.408761e-05   0.000000e+00   1.041421e+00   8.795281e-07 
          1503   1.783140e-06   1.411112e-03   1.096522e-03   2.408027e-05   0.000000e+00   1.041636e+00   8.793357e-07 
          1504   1.780854e-06   1.411384e-03   1.097409e-03   2.407170e-05   0.000000e+00   1.041850e+00   8.791433e-07 
          1505   1.780846e-06   1.411656e-03   1.097790e-03   2.406412e-05   0.000000e+00   1.042063e+00   8.789508e-07 
          1506   1.777907e-06   1.411927e-03   1.098667e-03   2.405527e-05   0.000000e+00   1.042275e+00   8.787584e-07 
          1507   1.777053e-06   1.412199e-03   1.099255e-03   2.404736e-05   0.000000e+00   1.042487e+00   8.785659e-07 
          1508   1.774231e-06   1.412470e-03   1.100230e-03   2.403825e-05   0.000000e+00   1.042698e+00   8.783735e-07 
          1509   1.773599e-06   1.412741e-03   1.101016e-03   2.403016e-05   0.000000e+00   1.042908e+00   8.781810e-07 
          1510   1.771719e-06   1.413013e-03   1.102233e-03   2.402082e-05   0.000000e+00   1.043117e+00   8.779885e-07 
     Iteration     Continuity     X-momentum     Y-momentum     Z-momentum         Energy            Tke            Sdr 
          1511   1.773109e-06   1.413284e-03   1.103089e-03   2.401220e-05   0.000000e+00   1.043325e+00   8.777960e-07 
          1512   1.775196e-06   1.413555e-03   1.104405e-03   2.400153e-05   0.000000e+00   1.043533e+00   8.776035e-07 
          1513   1.777271e-06   1.413826e-03   1.105400e-03   2.399223e-05   0.000000e+00   1.043740e+00   8.774109e-07 
          1514   1.777194e-06   1.414097e-03   1.106703e-03   2.398258e-05   0.000000e+00   1.043946e+00   8.772183e-07 
          1515   1.783661e-06   1.414368e-03   1.107542e-03   2.397463e-05   0.000000e+00   1.044152e+00   8.770257e-07 
          1516   1.789383e-06   1.414639e-03   1.108876e-03   2.396630e-05   0.000000e+00   1.044357e+00   8.768331e-07 
          1517   1.794717e-06   1.414910e-03   1.109871e-03   2.395968e-05   0.000000e+00   1.044561e+00   8.766405e-07 
          1518   1.799945e-06   1.415181e-03   1.111199e-03   2.395233e-05   0.000000e+00   1.044764e+00   8.764479e-07 
          1519   1.810908e-06   1.415452e-03   1.112231e-03   2.394626e-05   0.000000e+00   1.044966e+00   8.762552e-07 
          1520   1.820978e-06   1.415722e-03   1.113592e-03   2.393928e-05   0.000000e+00   1.045167e+00   8.760626e-07 
     Iteration     Continuity     X-momentum     Y-momentum     Z-momentum         Energy            Tke            Sdr 
          1521   1.832701e-06   1.415993e-03   1.114721e-03   2.393335e-05   0.000000e+00   1.045368e+00   8.758698e-07 
          1522   1.839847e-06   1.416263e-03   1.116149e-03   2.392620e-05   0.000000e+00   1.045568e+00   8.756772e-07 
          1523   1.848516e-06   1.416533e-03   1.117261e-03   2.392005e-05   0.000000e+00   1.045768e+00   8.754844e-07 
          1524   1.855268e-06   1.416804e-03   1.118614e-03   2.391255e-05   0.000000e+00   1.045966e+00   8.752917e-07 
          1525   1.863286e-06   1.417074e-03   1.119730e-03   2.390599e-05   0.000000e+00   1.046164e+00   8.750989e-07 
          1526   1.866707e-06   1.417344e-03   1.121149e-03   2.389792e-05   0.000000e+00   1.046361e+00   8.749062e-07 
          1527   1.867545e-06   1.417613e-03   1.122301e-03   2.389077e-05   0.000000e+00   1.046558e+00   8.747134e-07 
          1528   1.864387e-06   1.417883e-03   1.123686e-03   2.388211e-05   0.000000e+00   1.046753e+00   8.745207e-07 
          1529   1.861762e-06   1.418153e-03   1.124783e-03   2.387448e-05   0.000000e+00   1.046948e+00   8.743278e-07 
          1530   1.855221e-06   1.418422e-03   1.126135e-03   2.386541e-05   0.000000e+00   1.047142e+00   8.741350e-07 
     Iteration     Continuity     X-momentum     Y-momentum     Z-momentum         Energy            Tke            Sdr 
          1531   1.848507e-06   1.418691e-03   1.127246e-03   2.385756e-05   0.000000e+00   1.047336e+00   8.739421e-07 
          1532   1.838078e-06   1.418960e-03   1.128570e-03   2.384842e-05   0.000000e+00   1.047528e+00   8.737493e-07 
          1533   1.829921e-06   1.419229e-03   1.129724e-03   2.384061e-05   0.000000e+00   1.047720e+00   8.735564e-07 
          1534   1.818926e-06   1.419480e-03   1.131174e-03   2.383141e-05   0.000000e+00   1.047900e+00   8.733613e-07 
          1535   1.810923e-06   1.419730e-03   1.132461e-03   2.382356e-05   0.000000e+00   1.048079e+00   8.731663e-07 
          1536   1.798763e-06   1.419984e-03   1.133947e-03   2.381421e-05   0.000000e+00   1.048261e+00   8.729720e-07 
          1537   1.787837e-06   1.420242e-03   1.135006e-03   2.380609e-05   0.000000e+00   1.048445e+00   8.727779e-07 
          1538   1.774836e-06   1.420500e-03   1.136161e-03   2.379652e-05   0.000000e+00   1.048628e+00   8.725840e-07 
          1539   1.763877e-06   1.420760e-03   1.136964e-03   2.378760e-05   0.000000e+00   1.048812e+00   8.723901e-07 
          1540   1.752832e-06   1.421021e-03   1.137990e-03   2.377710e-05   0.000000e+00   1.048995e+00   8.721964e-07 
     Iteration     Continuity     X-momentum     Y-momentum     Z-momentum         Energy            Tke            Sdr 
          1541   1.745563e-06   1.421282e-03   1.138809e-03   2.376879e-05   0.000000e+00   1.049179e+00   8.720026e-07 
          1542   1.739866e-06   1.421544e-03   1.139701e-03   2.376006e-05   0.000000e+00   1.049361e+00   8.718088e-07 
          1543   1.736981e-06   1.421807e-03   1.140541e-03   2.375345e-05   0.000000e+00   1.049544e+00   8.716149e-07 
          1544   1.733767e-06   1.422069e-03   1.141464e-03   2.374600e-05   0.000000e+00   1.049725e+00   8.714211e-07 
          1545   1.734874e-06   1.422333e-03   1.142174e-03   2.373985e-05   0.000000e+00   1.049906e+00   8.712272e-07 
          1546   1.733483e-06   1.422596e-03   1.143212e-03   2.373285e-05   0.000000e+00   1.050087e+00   8.710334e-07 
          1547   1.733852e-06   1.422859e-03   1.143945e-03   2.372639e-05   0.000000e+00   1.050267e+00   8.708394e-07 
          1548   1.734795e-06   1.423123e-03   1.144864e-03   2.371795e-05   0.000000e+00   1.050446e+00   8.706455e-07 
          1549   1.736902e-06   1.423386e-03   1.145682e-03   2.371048e-05   0.000000e+00   1.050625e+00   8.704515e-07 
          1550   1.735945e-06   1.423650e-03   1.146620e-03   2.370124e-05   0.000000e+00   1.050803e+00   8.702575e-07 
     Iteration     Continuity     X-momentum     Y-momentum     Z-momentum         Energy            Tke            Sdr 
          1551   1.735011e-06   1.423914e-03   1.147424e-03   2.369310e-05   0.000000e+00   1.050981e+00   8.700634e-07 
          1552   1.734254e-06   1.424168e-03   1.148395e-03   2.368323e-05   0.000000e+00   1.051155e+00   8.698689e-07 
          1553   1.733293e-06   1.424414e-03   1.148764e-03   2.367465e-05   0.000000e+00   1.051326e+00   8.696737e-07 
          1554   1.728754e-06   1.424663e-03   1.149591e-03   2.366473e-05   0.000000e+00   1.051498e+00   8.694788e-07 
          1555   1.728210e-06   1.424915e-03   1.150298e-03   2.365628e-05   0.000000e+00   1.051670e+00   8.692840e-07 
          1556   1.726071e-06   1.425148e-03   1.150993e-03   2.364646e-05   0.000000e+00   1.051824e+00   8.690854e-07 
          1557   1.728339e-06   1.425387e-03   1.151335e-03   2.363827e-05   0.000000e+00   1.051984e+00   8.688883e-07 
          1558   1.732113e-06   1.425631e-03   1.151928e-03   2.362873e-05   0.000000e+00   1.052147e+00   8.686921e-07 
          1559   1.738790e-06   1.425877e-03   1.152330e-03   2.362069e-05   0.000000e+00   1.052312e+00   8.684962e-07 
          1560   1.745778e-06   1.426126e-03   1.152993e-03   2.361111e-05   0.000000e+00   1.052477e+00   8.683007e-07 
     Iteration     Continuity     X-momentum     Y-momentum     Z-momentum         Energy            Tke            Sdr 
          1561   1.753890e-06   1.426376e-03   1.153309e-03   2.360302e-05   0.000000e+00   1.052643e+00   8.681051e-07 
          1562   1.759681e-06   1.426627e-03   1.153913e-03   2.359353e-05   0.000000e+00   1.052809e+00   8.679098e-07 
          1563   1.765314e-06   1.426879e-03   1.154353e-03   2.358561e-05   0.000000e+00   1.052974e+00   8.677143e-07 
          1564   1.769809e-06   1.427132e-03   1.154980e-03   2.357642e-05   0.000000e+00   1.053139e+00   8.675190e-07 
          1565   1.773729e-06   1.427386e-03   1.155276e-03   2.356833e-05   0.000000e+00   1.053304e+00   8.673237e-07 
          1566   1.776340e-06   1.427640e-03   1.155941e-03   2.355832e-05   0.000000e+00   1.053468e+00   8.671284e-07 
          1567   1.781252e-06   1.427895e-03   1.156230e-03   2.354997e-05   0.000000e+00   1.053632e+00   8.669331e-07 
          1568   1.783192e-06   1.428150e-03   1.156758e-03   2.354063e-05   0.000000e+00   1.053795e+00   8.667378e-07 
          1569   1.787261e-06   1.428405e-03   1.156896e-03   2.353327e-05   0.000000e+00   1.053958e+00   8.665425e-07 
          1570   1.788572e-06   1.428661e-03   1.157368e-03   2.352458e-05   0.000000e+00   1.054121e+00   8.663472e-07 
     Iteration     Continuity     X-momentum     Y-momentum     Z-momentum         Energy            Tke            Sdr 
          1571   1.791572e-06   1.428917e-03   1.157538e-03   2.351772e-05   0.000000e+00   1.054283e+00   8.661518e-07 
          1572   1.794056e-06   1.429174e-03   1.157960e-03   2.350943e-05   0.000000e+00   1.054444e+00   8.659565e-07 
          1573   1.798890e-06   1.429430e-03   1.158172e-03   2.350262e-05   0.000000e+00   1.054604e+00   8.657611e-07 
          1574   1.801356e-06   1.429687e-03   1.158599e-03   2.349397e-05   0.000000e+00   1.054764e+00   8.655658e-07 
          1575   1.804116e-06   1.429943e-03   1.158728e-03   2.348689e-05   0.000000e+00   1.054924e+00   8.653704e-07 
          1576   1.805192e-06   1.430200e-03   1.159129e-03   2.347785e-05   0.000000e+00   1.055082e+00   8.651750e-07 
          1577   1.806326e-06   1.430457e-03   1.159233e-03   2.347054e-05   0.000000e+00   1.055240e+00   8.649796e-07 
          1578   1.802506e-06   1.430713e-03   1.159634e-03   2.346151e-05   0.000000e+00   1.055398e+00   8.647842e-07 
          1579   1.799539e-06   1.430970e-03   1.159746e-03   2.345398e-05   0.000000e+00   1.055554e+00   8.645887e-07 
          1580   1.795340e-06   1.431227e-03   1.160084e-03   2.344466e-05   0.000000e+00   1.055711e+00   8.643933e-07 
     Iteration     Continuity     X-momentum     Y-momentum     Z-momentum         Energy            Tke            Sdr 
          1581   1.792973e-06   1.431484e-03   1.160073e-03   2.343689e-05   0.000000e+00   1.055866e+00   8.641978e-07 
          1582   1.790363e-06   1.431741e-03   1.160390e-03   2.342749e-05   0.000000e+00   1.056021e+00   8.640016e-07 
          1583   1.766435e-06   1.431998e-03   1.162240e-03   2.341902e-05   0.000000e+00   1.056175e+00   8.638072e-07 
          1584   1.781269e-06   1.432256e-03   1.159747e-03   2.341100e-05   0.000000e+00   1.056328e+00   8.636106e-07 
          1585   1.752785e-06   1.432513e-03   1.162573e-03   2.340384e-05   0.000000e+00   1.056481e+00   8.634162e-07 
          1586   1.765689e-06   1.432770e-03   1.160196e-03   2.339627e-05   0.000000e+00   1.056633e+00   8.632196e-07 
          1587   1.737522e-06   1.433027e-03   1.162984e-03   2.338966e-05   0.000000e+00   1.056785e+00   8.630252e-07 
          1588   1.753543e-06   1.433284e-03   1.160408e-03   2.338041e-05   0.000000e+00   1.056936e+00   8.628286e-07 
          1589   1.725596e-06   1.433538e-03   1.163058e-03   2.337235e-05   0.000000e+00   1.057086e+00   8.626249e-07 
          1590   1.743814e-06   1.433793e-03   1.157513e-03   2.336016e-05   0.000000e+00   1.057235e+00   8.624197e-07 
     Iteration     Continuity     X-momentum     Y-momentum     Z-momentum         Energy            Tke            Sdr 
          1591   1.718600e-06   1.434048e-03   1.157352e-03   2.335016e-05   0.000000e+00   1.057384e+00   8.622180e-07 
          1592   1.737031e-06   1.434303e-03   1.153531e-03   2.333734e-05   0.000000e+00   1.057532e+00   8.620150e-07 
          1593   1.707115e-06   1.434558e-03   1.153874e-03   2.332859e-05   0.000000e+00   1.057679e+00   8.618145e-07 
          1594   1.719013e-06   1.434813e-03   1.150729e-03   2.331679e-05   0.000000e+00   1.057826e+00   8.616123e-07 
          1595   1.686791e-06   1.435068e-03   1.151041e-03   2.330912e-05   0.000000e+00   1.057972e+00   8.614125e-07 
          1596   1.701103e-06   1.435323e-03   1.148175e-03   2.329805e-05   0.000000e+00   1.058118e+00   8.612109e-07 
          1597   1.672342e-06   1.435578e-03   1.148354e-03   2.329049e-05   0.000000e+00   1.058262e+00   8.610116e-07 
          1598   1.688669e-06   1.435833e-03   1.145647e-03   2.327898e-05   0.000000e+00   1.058406e+00   8.608104e-07 
          1599   1.664533e-06   1.436088e-03   1.145813e-03   2.327131e-05   0.000000e+00   1.058550e+00   8.606115e-07 
          1600   1.684397e-06   1.436343e-03   1.143249e-03   2.325992e-05   0.000000e+00   1.058692e+00   8.604107e-07 
     Iteration     Continuity     X-momentum     Y-momentum     Z-momentum         Energy            Tke            Sdr 
          1601   1.661186e-06   1.436592e-03   1.143418e-03   2.325260e-05   0.000000e+00   1.058827e+00   8.602115e-07 
          1602   1.684536e-06   1.436842e-03   1.141114e-03   2.324137e-05   0.000000e+00   1.058963e+00   8.600105e-07 
          1603   1.661989e-06   1.437093e-03   1.141403e-03   2.323403e-05   0.000000e+00   1.059100e+00   8.598119e-07 
          1604   1.677934e-06   1.437346e-03   1.139247e-03   2.322264e-05   0.000000e+00   1.059238e+00   8.596115e-07 
          1605   1.653216e-06   1.437598e-03   1.139483e-03   2.321516e-05   0.000000e+00   1.059376e+00   8.594134e-07 
          1606   1.672000e-06   1.437851e-03   1.137519e-03   2.320327e-05   0.000000e+00   1.059513e+00   8.592139e-07 
          1607   1.672622e-06   1.438103e-03   1.137437e-03   2.319507e-05   0.000000e+00   1.059650e+00   8.590144e-07 
          1608   1.651342e-06   1.438356e-03   1.137232e-03   2.318474e-05   0.000000e+00   1.059786e+00   8.588165e-07 
          1609   1.667959e-06   1.438609e-03   1.135528e-03   2.317138e-05   0.000000e+00   1.059922e+00   8.586173e-07 
          1610   1.667211e-06   1.438861e-03   1.135298e-03   2.316267e-05   0.000000e+00   1.060056e+00   8.584180e-07 
     Iteration     Continuity     X-momentum     Y-momentum     Z-momentum         Energy            Tke            Sdr 
          1611   1.645908e-06   1.439114e-03   1.135160e-03   2.315282e-05   0.000000e+00   1.060191e+00   8.582203e-07 
          1612   1.663065e-06   1.439354e-03   1.133669e-03   2.314017e-05   0.000000e+00   1.060311e+00   8.580183e-07 
          1613   1.643221e-06   1.439592e-03   1.133978e-03   2.313179e-05   0.000000e+00   1.060431e+00   8.578185e-07 
          1614   1.662458e-06   1.439835e-03   1.132523e-03   2.311879e-05   0.000000e+00   1.060556e+00   8.576177e-07 
          1615   1.641109e-06   1.440080e-03   1.132801e-03   2.310981e-05   0.000000e+00   1.060682e+00   8.574193e-07 
          1616   1.656348e-06   1.440326e-03   1.131453e-03   2.309809e-05   0.000000e+00   1.060809e+00   8.572193e-07 
          1617   1.636345e-06   1.440573e-03   1.131650e-03   2.308939e-05   0.000000e+00   1.060936e+00   8.570214e-07 
          1618   1.653146e-06   1.440821e-03   1.130391e-03   2.307885e-05   0.000000e+00   1.061062e+00   8.568216e-07 
          1619   1.631123e-06   1.441070e-03   1.130594e-03   2.307144e-05   0.000000e+00   1.061189e+00   8.566239e-07 
          1620   1.642730e-06   1.441318e-03   1.129392e-03   2.306051e-05   0.000000e+00   1.061315e+00   8.564249e-07 
     Iteration     Continuity     X-momentum     Y-momentum     Z-momentum         Energy            Tke            Sdr 
          1621   1.636982e-06   1.441567e-03   1.129285e-03   2.305406e-05   0.000000e+00   1.061440e+00   8.562263e-07 
          1622   1.632294e-06   1.441816e-03   1.128935e-03   2.304392e-05   0.000000e+00   1.061566e+00   8.560280e-07 
          1623   1.633657e-06   1.442065e-03   1.128355e-03   2.303570e-05   0.000000e+00   1.061690e+00   8.558295e-07 
          1624   1.632237e-06   1.442314e-03   1.127946e-03   2.302636e-05   0.000000e+00   1.061814e+00   8.556313e-07 
          1625   1.630122e-06   1.442563e-03   1.127416e-03   2.301840e-05   0.000000e+00   1.061938e+00   8.554329e-07 
          1626   1.623907e-06   1.442812e-03   1.127127e-03   2.300889e-05   0.000000e+00   1.062061e+00   8.552348e-07 
          1627   1.623753e-06   1.443062e-03   1.126603e-03   2.300075e-05   0.000000e+00   1.062183e+00   8.550364e-07 
          1628   1.619351e-06   1.443311e-03   1.126232e-03   2.299161e-05   0.000000e+00   1.062305e+00   8.548385e-07 
          1629   1.621024e-06   1.443560e-03   1.125585e-03   2.298340e-05   0.000000e+00   1.062426e+00   8.546402e-07 
          1630   1.616695e-06   1.443809e-03   1.125231e-03   2.297410e-05   0.000000e+00   1.062546e+00   8.544423e-07 
     Iteration     Continuity     X-momentum     Y-momentum     Z-momentum         Energy            Tke            Sdr 
          1631   1.620020e-06   1.444058e-03   1.124718e-03   2.296532e-05   0.000000e+00   1.062666e+00   8.542441e-07 
          1632   1.612714e-06   1.444306e-03   1.124507e-03   2.295618e-05   0.000000e+00   1.062785e+00   8.540463e-07 
          1633   1.612053e-06   1.444555e-03   1.124082e-03   2.294756e-05   0.000000e+00   1.062904e+00   8.538481e-07 
          1634   1.607986e-06   1.444804e-03   1.123925e-03   2.293861e-05   0.000000e+00   1.063022e+00   8.536505e-07 
          1635   1.615083e-06   1.445052e-03   1.123718e-03   2.293025e-05   0.000000e+00   1.063139e+00   8.534524e-07 
          1636   1.615986e-06   1.445301e-03   1.123793e-03   2.292127e-05   0.000000e+00   1.063255e+00   8.532549e-07 
          1637   1.625308e-06   1.445549e-03   1.123487e-03   2.291242e-05   0.000000e+00   1.063371e+00   8.530562e-07 
          1638   1.613677e-06   1.445797e-03   1.123446e-03   2.290305e-05   0.000000e+00   1.063487e+00   8.528595e-07 
          1639   1.629229e-06   1.446045e-03   1.122820e-03   2.289353e-05   0.000000e+00   1.063601e+00   8.526611e-07 
          1640   1.628047e-06   1.446293e-03   1.122985e-03   2.288534e-05   0.000000e+00   1.063715e+00   8.524635e-07 
     Iteration     Continuity     X-momentum     Y-momentum     Z-momentum         Energy            Tke            Sdr 
          1641   1.627551e-06   1.446541e-03   1.122763e-03   2.287707e-05   0.000000e+00   1.063829e+00   8.522660e-07 
          1642   1.626678e-06   1.446789e-03   1.122509e-03   2.286925e-05   0.000000e+00   1.063941e+00   8.520691e-07 
          1643   1.647359e-06   1.447037e-03   1.122354e-03   2.286244e-05   0.000000e+00   1.064053e+00   8.518706e-07 
          1644   1.644866e-06   1.447284e-03   1.123071e-03   2.285683e-05   0.000000e+00   1.064164e+00   8.516733e-07 
          1645   1.644755e-06   1.447531e-03   1.122519e-03   2.284768e-05   0.000000e+00   1.064275e+00   8.514765e-07 
          1646   1.657742e-06   1.447778e-03   1.122261e-03   2.283892e-05   0.000000e+00   1.064384e+00   8.512784e-07 
          1647   1.652812e-06   1.448025e-03   1.122969e-03   2.283135e-05   0.000000e+00   1.064494e+00   8.510812e-07 
          1648   1.655460e-06   1.448271e-03   1.122817e-03   2.282081e-05   0.000000e+00   1.064602e+00   8.508837e-07 
          1649   1.655321e-06   1.448518e-03   1.122830e-03   2.281057e-05   0.000000e+00   1.064710e+00   8.506866e-07 
          1650   1.653842e-06   1.448764e-03   1.122844e-03   2.279991e-05   0.000000e+00   1.064817e+00   8.504893e-07 
     Iteration     Continuity     X-momentum     Y-momentum     Z-momentum         Energy            Tke            Sdr 
          1651   1.655072e-06   1.449010e-03   1.123097e-03   2.279019e-05   0.000000e+00   1.064923e+00   8.502920e-07 
          1652   1.655501e-06   1.449255e-03   1.123273e-03   2.278044e-05   0.000000e+00   1.065029e+00   8.500949e-07 
          1653   1.654457e-06   1.449501e-03   1.123397e-03   2.277078e-05   0.000000e+00   1.065134e+00   8.498976e-07 
          1654   1.651450e-06   1.449746e-03   1.123675e-03   2.276107e-05   0.000000e+00   1.065239e+00   8.497007e-07 
          1655   1.647710e-06   1.449991e-03   1.123719e-03   2.275112e-05   0.000000e+00   1.065343e+00   8.495036e-07 
          1656   1.645993e-06   1.450236e-03   1.124034e-03   2.274109e-05   0.000000e+00   1.065446e+00   8.493065e-07 
          1657   1.643158e-06   1.450480e-03   1.124246e-03   2.273095e-05   0.000000e+00   1.065548e+00   8.491095e-07 
          1658   1.635212e-06   1.450725e-03   1.124509e-03   2.272134e-05   0.000000e+00   1.065650e+00   8.489126e-07 
          1659   1.626641e-06   1.450969e-03   1.124775e-03   2.271063e-05   0.000000e+00   1.065751e+00   8.487158e-07 
          1660   1.613143e-06   1.451213e-03   1.124884e-03   2.269991e-05   0.000000e+00   1.065852e+00   8.485188e-07 
     Iteration     Continuity     X-momentum     Y-momentum     Z-momentum         Energy            Tke            Sdr 
          1661   1.602720e-06   1.451456e-03   1.125320e-03   2.268916e-05   0.000000e+00   1.065951e+00   8.483219e-07 
          1662   1.594647e-06   1.451700e-03   1.125639e-03   2.267978e-05   0.000000e+00   1.066051e+00   8.481252e-07 
          1663   1.589817e-06   1.451943e-03   1.126048e-03   2.267024e-05   0.000000e+00   1.066149e+00   8.479285e-07 
          1664   1.588585e-06   1.452187e-03   1.126559e-03   2.266169e-05   0.000000e+00   1.066247e+00   8.477317e-07 
          1665   1.587788e-06   1.452429e-03   1.126987e-03   2.265285e-05   0.000000e+00   1.066344e+00   8.475357e-07 
          1666   1.603343e-06   1.452672e-03   1.127139e-03   2.264387e-05   0.000000e+00   1.066441e+00   8.473386e-07 
          1667   1.602727e-06   1.452915e-03   1.128146e-03   2.263569e-05   0.000000e+00   1.066537e+00   8.471421e-07 
          1668   1.602034e-06   1.453157e-03   1.128514e-03   2.262701e-05   0.000000e+00   1.066632e+00   8.469453e-07 
          1669   1.596473e-06   1.453398e-03   1.129228e-03   2.261581e-05   0.000000e+00   1.066726e+00   8.467490e-07 
          1670   1.598501e-06   1.453640e-03   1.129585e-03   2.260423e-05   0.000000e+00   1.066820e+00   8.465524e-07 
     Iteration     Continuity     X-momentum     Y-momentum     Z-momentum         Energy            Tke            Sdr 
          1671   1.595393e-06   1.453882e-03   1.130016e-03   2.259435e-05   0.000000e+00   1.066913e+00   8.463560e-07 
          1672   1.594111e-06   1.454123e-03   1.130108e-03   2.258488e-05   0.000000e+00   1.067006e+00   8.461596e-07 
          1673   1.588561e-06   1.454355e-03   1.130327e-03   2.257538e-05   0.000000e+00   1.067095e+00   8.459621e-07 
          1674   1.587538e-06   1.454579e-03   1.130527e-03   2.256722e-05   0.000000e+00   1.067183e+00   8.457635e-07 
          1675   1.582843e-06   1.454807e-03   1.131132e-03   2.255898e-05   0.000000e+00   1.067270e+00   8.455657e-07 
          1676   1.581829e-06   1.455036e-03   1.130953e-03   2.255108e-05   0.000000e+00   1.067358e+00   8.453681e-07 
          1677   1.577308e-06   1.455267e-03   1.130404e-03   2.254305e-05   0.000000e+00   1.067445e+00   8.451710e-07 
          1678   1.574068e-06   1.455498e-03   1.129584e-03   2.253493e-05   0.000000e+00   1.067532e+00   8.449739e-07 
          1679   1.568358e-06   1.455729e-03   1.128737e-03   2.252645e-05   0.000000e+00   1.067619e+00   8.447772e-07 
          1680   1.565765e-06   1.455961e-03   1.127641e-03   2.251761e-05   0.000000e+00   1.067704e+00   8.445804e-07 
     Iteration     Continuity     X-momentum     Y-momentum     Z-momentum         Energy            Tke            Sdr 
          1681   1.560892e-06   1.456194e-03   1.126713e-03   2.250788e-05   0.000000e+00   1.067790e+00   8.443839e-07 
          1682   1.560157e-06   1.456426e-03   1.125667e-03   2.249822e-05   0.000000e+00   1.067875e+00   8.441874e-07 
          1683   1.550948e-06   1.456659e-03   1.124941e-03   2.248825e-05   0.000000e+00   1.067959e+00   8.439913e-07 
          1684   1.546680e-06   1.456891e-03   1.124093e-03   2.247729e-05   0.000000e+00   1.068042e+00   8.437950e-07 
          1685   1.539090e-06   1.457124e-03   1.123351e-03   2.246624e-05   0.000000e+00   1.068126e+00   8.435991e-07 
          1686   1.538741e-06   1.457356e-03   1.122463e-03   2.245542e-05   0.000000e+00   1.068208e+00   8.434031e-07 
          1687   1.537457e-06   1.457589e-03   1.121630e-03   2.244428e-05   0.000000e+00   1.068290e+00   8.432074e-07 
          1688   1.544927e-06   1.457821e-03   1.120786e-03   2.243291e-05   0.000000e+00   1.068371e+00   8.430116e-07 
          1689   1.552090e-06   1.458053e-03   1.119959e-03   2.242073e-05   0.000000e+00   1.068452e+00   8.428161e-07 
          1690   1.562337e-06   1.458285e-03   1.119271e-03   2.240806e-05   0.000000e+00   1.068532e+00   8.426206e-07 
     Iteration     Continuity     X-momentum     Y-momentum     Z-momentum         Energy            Tke            Sdr 
          1691   1.568859e-06   1.458518e-03   1.118723e-03   2.239536e-05   0.000000e+00   1.068612e+00   8.424253e-07 
          1692   1.579302e-06   1.458750e-03   1.118089e-03   2.238314e-05   0.000000e+00   1.068691e+00   8.422299e-07 
          1693   1.586089e-06   1.458982e-03   1.117592e-03   2.237135e-05   0.000000e+00   1.068769e+00   8.420349e-07 
          1694   1.594070e-06   1.459214e-03   1.116997e-03   2.236013e-05   0.000000e+00   1.068847e+00   8.418397e-07 
          1695   1.597916e-06   1.459445e-03   1.116582e-03   2.234913e-05   0.000000e+00   1.068925e+00   8.416448e-07 
          1696   1.602933e-06   1.459677e-03   1.116074e-03   2.233837e-05   0.000000e+00   1.069001e+00   8.414499e-07 
          1697   1.604348e-06   1.459909e-03   1.115695e-03   2.232768e-05   0.000000e+00   1.069077e+00   8.412552e-07 
          1698   1.607920e-06   1.460140e-03   1.115219e-03   2.231724e-05   0.000000e+00   1.069153e+00   8.410605e-07 
          1699   1.605142e-06   1.460371e-03   1.114828e-03   2.230694e-05   0.000000e+00   1.069228e+00   8.408660e-07 
          1700   1.604853e-06   1.460603e-03   1.114352e-03   2.229615e-05   0.000000e+00   1.069302e+00   8.406714e-07 
     Iteration     Continuity     X-momentum     Y-momentum     Z-momentum         Energy            Tke            Sdr 
          1701   1.601457e-06   1.460834e-03   1.114005e-03   2.228568e-05   0.000000e+00   1.069375e+00   8.404771e-07 
          1702   1.599964e-06   1.461065e-03   1.113791e-03   2.227522e-05   0.000000e+00   1.069448e+00   8.402826e-07 
          1703   1.594803e-06   1.461296e-03   1.114243e-03   2.226513e-05   0.000000e+00   1.069521e+00   8.400885e-07 
          1704   1.593848e-06   1.461527e-03   1.114759e-03   2.225536e-05   0.000000e+00   1.069593e+00   8.398943e-07 
          1705   1.590715e-06   1.461758e-03   1.115567e-03   2.224600e-05   0.000000e+00   1.069664e+00   8.397003e-07 
          1706   1.590248e-06   1.461988e-03   1.116399e-03   2.223644e-05   0.000000e+00   1.069735e+00   8.395063e-07 
          1707   1.587215e-06   1.462219e-03   1.117613e-03   2.222674e-05   0.000000e+00   1.069805e+00   8.393125e-07 
          1708   1.585971e-06   1.462449e-03   1.118616e-03   2.221673e-05   0.000000e+00   1.069874e+00   8.391186e-07 
          1709   1.583450e-06   1.462679e-03   1.119689e-03   2.220678e-05   0.000000e+00   1.069943e+00   8.389250e-07 
          1710   1.584929e-06   1.462908e-03   1.120653e-03   2.219693e-05   0.000000e+00   1.070011e+00   8.387313e-07 
     Iteration     Continuity     X-momentum     Y-momentum     Z-momentum         Energy            Tke            Sdr 
          1711   1.580593e-06   1.463138e-03   1.121847e-03   2.218694e-05   0.000000e+00   1.070079e+00   8.385379e-07 
          1712   1.576513e-06   1.463368e-03   1.122991e-03   2.217706e-05   0.000000e+00   1.070146e+00   8.383444e-07 
          1713   1.569287e-06   1.463597e-03   1.124300e-03   2.216731e-05   0.000000e+00   1.070212e+00   8.381512e-07 
          1714   1.566173e-06   1.463826e-03   1.125587e-03   2.215792e-05   0.000000e+00   1.070278e+00   8.379578e-07 
          1715   1.563440e-06   1.464055e-03   1.127045e-03   2.214851e-05   0.000000e+00   1.070344e+00   8.377647e-07 
          1716   1.565271e-06   1.464284e-03   1.128393e-03   2.213927e-05   0.000000e+00   1.070408e+00   8.375716e-07 
          1717   1.565644e-06   1.464512e-03   1.129925e-03   2.212985e-05   0.000000e+00   1.070472e+00   8.373786e-07 
          1718   1.570483e-06   1.464741e-03   1.131328e-03   2.212040e-05   0.000000e+00   1.070536e+00   8.371856e-07 
          1719   1.571848e-06   1.464969e-03   1.132996e-03   2.211045e-05   0.000000e+00   1.070599e+00   8.369929e-07 
          1720   1.573764e-06   1.465197e-03   1.134507e-03   2.210020e-05   0.000000e+00   1.070661e+00   8.368001e-07 
     Iteration     Continuity     X-momentum     Y-momentum     Z-momentum         Energy            Tke            Sdr 
          1721   1.571653e-06   1.465425e-03   1.136113e-03   2.208973e-05   0.000000e+00   1.070723e+00   8.366075e-07 
          1722   1.569930e-06   1.465652e-03   1.137754e-03   2.207948e-05   0.000000e+00   1.070784e+00   8.364148e-07 
          1723   1.563308e-06   1.465880e-03   1.139316e-03   2.207000e-05   0.000000e+00   1.070845e+00   8.362224e-07 
          1724   1.560689e-06   1.466107e-03   1.141012e-03   2.206088e-05   0.000000e+00   1.070905e+00   8.360299e-07 
          1725   1.555093e-06   1.466334e-03   1.142858e-03   2.205178e-05   0.000000e+00   1.070964e+00   8.358376e-07 
          1726   1.552250e-06   1.466561e-03   1.144614e-03   2.204279e-05   0.000000e+00   1.071023e+00   8.356453e-07 
          1727   1.545822e-06   1.466788e-03   1.146500e-03   2.203347e-05   0.000000e+00   1.071081e+00   8.354532e-07 
          1728   1.542111e-06   1.467015e-03   1.148254e-03   2.202542e-05   0.000000e+00   1.071139e+00   8.352610e-07 
          1729   1.536530e-06   1.467241e-03   1.150314e-03   2.201840e-05   0.000000e+00   1.071196e+00   8.350691e-07 
          1730   1.536938e-06   1.467467e-03   1.152221e-03   2.201160e-05   0.000000e+00   1.071252e+00   8.348771e-07 
     Iteration     Continuity     X-momentum     Y-momentum     Z-momentum         Energy            Tke            Sdr 
          1731   1.537340e-06   1.467693e-03   1.154339e-03   2.200447e-05   0.000000e+00   1.071308e+00   8.346854e-07 
          1732   1.540516e-06   1.467919e-03   1.156248e-03   2.199674e-05   0.000000e+00   1.071364e+00   8.344935e-07 
          1733   1.538705e-06   1.468144e-03   1.158363e-03   2.198817e-05   0.000000e+00   1.071418e+00   8.343019e-07 
          1734   1.539933e-06   1.468369e-03   1.160325e-03   2.197840e-05   0.000000e+00   1.071472e+00   8.341102e-07 
          1735   1.537037e-06   1.468594e-03   1.162493e-03   2.196747e-05   0.000000e+00   1.071526e+00   8.339188e-07 
          1736   1.539487e-06   1.468818e-03   1.164553e-03   2.195559e-05   0.000000e+00   1.071579e+00   8.337272e-07 
          1737   1.538576e-06   1.469042e-03   1.166811e-03   2.194283e-05   0.000000e+00   1.071631e+00   8.335360e-07 
          1738   1.534347e-06   1.469266e-03   1.168949e-03   2.192977e-05   0.000000e+00   1.071683e+00   8.333446e-07 
          1739   1.527087e-06   1.469486e-03   1.171258e-03   2.191674e-05   0.000000e+00   1.071732e+00   8.331533e-07 
          1740   1.521557e-06   1.469685e-03   1.173487e-03   2.190439e-05   0.000000e+00   1.071770e+00   8.329608e-07 
     Iteration     Continuity     X-momentum     Y-momentum     Z-momentum         Energy            Tke            Sdr 
          1741   1.514490e-06   1.469889e-03   1.175990e-03   2.189270e-05   0.000000e+00   1.071812e+00   8.327691e-07 
          1742   1.513595e-06   1.470098e-03   1.178429e-03   2.188200e-05   0.000000e+00   1.071856e+00   8.325774e-07 
          1743   1.510884e-06   1.470309e-03   1.181001e-03   2.187183e-05   0.000000e+00   1.071900e+00   8.323862e-07 
          1744   1.512126e-06   1.470522e-03   1.183447e-03   2.186183e-05   0.000000e+00   1.071944e+00   8.321948e-07 
          1745   1.510841e-06   1.470735e-03   1.185963e-03   2.185130e-05   0.000000e+00   1.071989e+00   8.320039e-07 
          1746   1.511664e-06   1.470949e-03   1.188389e-03   2.184026e-05   0.000000e+00   1.072033e+00   8.318127e-07 
          1747   1.508864e-06   1.471163e-03   1.190948e-03   2.182905e-05   0.000000e+00   1.072077e+00   8.316220e-07 
          1748   1.509164e-06   1.471378e-03   1.193179e-03   2.181749e-05   0.000000e+00   1.072121e+00   8.314310e-07 
          1749   1.507336e-06   1.471593e-03   1.195333e-03   2.180619e-05   0.000000e+00   1.072165e+00   8.312404e-07 
          1750   1.507685e-06   1.471809e-03   1.197321e-03   2.179475e-05   0.000000e+00   1.072208e+00   8.310497e-07 
     Iteration     Continuity     X-momentum     Y-momentum     Z-momentum         Energy            Tke            Sdr 
          1751   1.506537e-06   1.472025e-03   1.199468e-03   2.178496e-05   0.000000e+00   1.072251e+00   8.308592e-07 
          1752   1.510280e-06   1.472240e-03   1.201422e-03   2.177616e-05   0.000000e+00   1.072293e+00   8.306686e-07 
          1753   1.511234e-06   1.472456e-03   1.203564e-03   2.176810e-05   0.000000e+00   1.072335e+00   8.304783e-07 
          1754   1.515563e-06   1.472672e-03   1.205627e-03   2.175996e-05   0.000000e+00   1.072376e+00   8.302879e-07 
          1755   1.518676e-06   1.472888e-03   1.207858e-03   2.175140e-05   0.000000e+00   1.072417e+00   8.300977e-07 
          1756   1.526728e-06   1.473104e-03   1.209955e-03   2.174187e-05   0.000000e+00   1.072458e+00   8.299074e-07 
          1757   1.533526e-06   1.473320e-03   1.212176e-03   2.173200e-05   0.000000e+00   1.072498e+00   8.297174e-07 
          1758   1.542358e-06   1.473536e-03   1.214296e-03   2.172192e-05   0.000000e+00   1.072537e+00   8.295273e-07 
          1759   1.546600e-06   1.473752e-03   1.216581e-03   2.171197e-05   0.000000e+00   1.072576e+00   8.293375e-07 
          1760   1.553304e-06   1.473956e-03   1.218798e-03   2.170210e-05   0.000000e+00   1.072601e+00   8.291456e-07 
     Iteration     Continuity     X-momentum     Y-momentum     Z-momentum         Energy            Tke            Sdr 
          1761   1.553663e-06   1.474161e-03   1.221260e-03   2.169239e-05   0.000000e+00   1.072629e+00   8.289544e-07 
          1762   1.553833e-06   1.474370e-03   1.223567e-03   2.168241e-05   0.000000e+00   1.072660e+00   8.287636e-07 
          1763   1.552019e-06   1.474580e-03   1.226043e-03   2.167189e-05   0.000000e+00   1.072693e+00   8.285734e-07 
          1764   1.552931e-06   1.474791e-03   1.228376e-03   2.166087e-05   0.000000e+00   1.072727e+00   8.283831e-07 
          1765   1.549771e-06   1.475002e-03   1.230863e-03   2.164932e-05   0.000000e+00   1.072760e+00   8.281932e-07 
          1766   1.547606e-06   1.475215e-03   1.233192e-03   2.163767e-05   0.000000e+00   1.072793e+00   8.280031e-07 
          1767   1.537828e-06   1.475427e-03   1.235752e-03   2.162590e-05   0.000000e+00   1.072827e+00   8.278134e-07 
          1768   1.529901e-06   1.475640e-03   1.238205e-03   2.161432e-05   0.000000e+00   1.072860e+00   8.276234e-07 
          1769   1.521972e-06   1.475852e-03   1.240873e-03   2.160279e-05   0.000000e+00   1.072892e+00   8.274338e-07 
          1770   1.517205e-06   1.476065e-03   1.243424e-03   2.159160e-05   0.000000e+00   1.072924e+00   8.272440e-07 
     Iteration     Continuity     X-momentum     Y-momentum     Z-momentum         Energy            Tke            Sdr 
          1771   1.513200e-06   1.476278e-03   1.246157e-03   2.158030e-05   0.000000e+00   1.072956e+00   8.270546e-07 
          1772   1.512607e-06   1.476489e-03   1.248702e-03   2.156879e-05   0.000000e+00   1.072987e+00   8.268615e-07 
          1773   1.511193e-06   1.476700e-03   1.248660e-03   2.155718e-05   0.000000e+00   1.073018e+00   8.266661e-07 
          1774   1.512896e-06   1.476911e-03   1.246933e-03   2.154603e-05   0.000000e+00   1.073049e+00   8.264714e-07 
          1775   1.510688e-06   1.477123e-03   1.245931e-03   2.153526e-05   0.000000e+00   1.073078e+00   8.262776e-07 
          1776   1.511787e-06   1.477334e-03   1.245265e-03   2.152497e-05   0.000000e+00   1.073108e+00   8.260840e-07 
          1777   1.511773e-06   1.477545e-03   1.244549e-03   2.151508e-05   0.000000e+00   1.073137e+00   8.258909e-07 
          1778   1.517494e-06   1.477756e-03   1.243849e-03   2.150544e-05   0.000000e+00   1.073165e+00   8.256979e-07 
          1779   1.519645e-06   1.477967e-03   1.243228e-03   2.149573e-05   0.000000e+00   1.073193e+00   8.255053e-07 
          1780   1.524399e-06   1.478175e-03   1.242534e-03   2.148598e-05   0.000000e+00   1.073217e+00   8.253124e-07 
     Iteration     Continuity     X-momentum     Y-momentum     Z-momentum         Energy            Tke            Sdr 
          1781   1.525797e-06   1.478379e-03   1.241781e-03   2.147606e-05   0.000000e+00   1.073235e+00   8.251194e-07 
          1782   1.529959e-06   1.478585e-03   1.240891e-03   2.146583e-05   0.000000e+00   1.073257e+00   8.249268e-07 
          1783   1.530940e-06   1.478793e-03   1.239998e-03   2.145535e-05   0.000000e+00   1.073280e+00   8.247347e-07 
          1784   1.534188e-06   1.479001e-03   1.239088e-03   2.144479e-05   0.000000e+00   1.073303e+00   8.245426e-07 
          1785   1.534147e-06   1.479209e-03   1.238181e-03   2.143424e-05   0.000000e+00   1.073326e+00   8.243510e-07 
          1786   1.533908e-06   1.479418e-03   1.237375e-03   2.142390e-05   0.000000e+00   1.073349e+00   8.241592e-07 
          1787   1.529149e-06   1.479626e-03   1.236663e-03   2.141362e-05   0.000000e+00   1.073372e+00   8.239679e-07 
          1788   1.530880e-06   1.479835e-03   1.236031e-03   2.140354e-05   0.000000e+00   1.073394e+00   8.237764e-07 
          1789   1.528896e-06   1.480043e-03   1.235507e-03   2.139390e-05   0.000000e+00   1.073415e+00   8.235854e-07 
          1790   1.531042e-06   1.480251e-03   1.235093e-03   2.138485e-05   0.000000e+00   1.073436e+00   8.233942e-07 
     Iteration     Continuity     X-momentum     Y-momentum     Z-momentum         Energy            Tke            Sdr 
          1791   1.529409e-06   1.480451e-03   1.234799e-03   2.137598e-05   0.000000e+00   1.073455e+00   8.232016e-07 
          1792   1.535966e-06   1.480644e-03   1.234638e-03   2.136720e-05   0.000000e+00   1.073472e+00   8.230073e-07 
          1793   1.537997e-06   1.480840e-03   1.234678e-03   2.135824e-05   0.000000e+00   1.073489e+00   8.228142e-07 
          1794   1.544344e-06   1.481038e-03   1.234481e-03   2.134889e-05   0.000000e+00   1.073507e+00   8.226214e-07 
          1795   1.541091e-06   1.481236e-03   1.233903e-03   2.133857e-05   0.000000e+00   1.073524e+00   8.224288e-07 
          1796   1.529203e-06   1.481435e-03   1.233057e-03   2.132788e-05   0.000000e+00   1.073540e+00   8.222380e-07 
          1797   1.554235e-06   1.481635e-03   1.233060e-03   2.131640e-05   0.000000e+00   1.073557e+00   8.220460e-07 
          1798   1.562288e-06   1.481835e-03   1.231906e-03   2.130646e-05   0.000000e+00   1.073572e+00   8.218544e-07 
          1799   1.550296e-06   1.482035e-03   1.230928e-03   2.129570e-05   0.000000e+00   1.073588e+00   8.216643e-07 
          1800   1.568194e-06   1.482235e-03   1.230997e-03   2.128443e-05   0.000000e+00   1.073603e+00   8.214732e-07 
     Iteration     Continuity     X-momentum     Y-momentum     Z-momentum         Energy            Tke            Sdr 
          1801   1.573132e-06   1.482436e-03   1.229985e-03   2.127559e-05   0.000000e+00   1.073617e+00   8.212822e-07 
          1802   1.566410e-06   1.482636e-03   1.229129e-03   2.126729e-05   0.000000e+00   1.073630e+00   8.210927e-07 
          1803   1.585589e-06   1.482836e-03   1.229236e-03   2.125802e-05   0.000000e+00   1.073643e+00   8.209015e-07 
          1804   1.574709e-06   1.483037e-03   1.228007e-03   2.125441e-05   0.000000e+00   1.073655e+00   8.207126e-07 
          1805   1.586205e-06   1.483238e-03   1.228302e-03   2.124681e-05   0.000000e+00   1.073668e+00   8.205221e-07 
          1806   1.576375e-06   1.483438e-03   1.227388e-03   2.124216e-05   0.000000e+00   1.073680e+00   8.203329e-07 
          1807   1.569097e-06   1.483639e-03   1.227294e-03   2.123446e-05   0.000000e+00   1.073691e+00   8.201436e-07 
          1808   1.559694e-06   1.483840e-03   1.227203e-03   2.122672e-05   0.000000e+00   1.073702e+00   8.199545e-07 
          1809   1.548648e-06   1.484040e-03   1.227161e-03   2.121856e-05   0.000000e+00   1.073713e+00   8.197655e-07 
          1810   1.534756e-06   1.484241e-03   1.227094e-03   2.120930e-05   0.000000e+00   1.073723e+00   8.195768e-07 
     Iteration     Continuity     X-momentum     Y-momentum     Z-momentum         Energy            Tke            Sdr 
          1811   1.517580e-06   1.484441e-03   1.227162e-03   2.119871e-05   0.000000e+00   1.073732e+00   8.193882e-07 
          1812   1.498247e-06   1.484641e-03   1.227286e-03   2.118800e-05   0.000000e+00   1.073741e+00   8.191996e-07 
          1813   1.482357e-06   1.484841e-03   1.227412e-03   2.117621e-05   0.000000e+00   1.073750e+00   8.190115e-07 
          1814   1.471077e-06   1.485041e-03   1.227668e-03   2.116373e-05   0.000000e+00   1.073758e+00   8.188233e-07 
          1815   1.462482e-06   1.485241e-03   1.228019e-03   2.115183e-05   0.000000e+00   1.073766e+00   8.186353e-07 
          1816   1.454507e-06   1.485441e-03   1.228403e-03   2.113917e-05   0.000000e+00   1.073773e+00   8.184476e-07 
          1817   1.446289e-06   1.485641e-03   1.228908e-03   2.112617e-05   0.000000e+00   1.073780e+00   8.182599e-07 
          1818   1.440076e-06   1.485840e-03   1.229474e-03   2.111447e-05   0.000000e+00   1.073786e+00   8.180725e-07 
          1819   1.434926e-06   1.486039e-03   1.230079e-03   2.110213e-05   0.000000e+00   1.073791e+00   8.178853e-07 
          1820   1.430902e-06   1.486238e-03   1.230750e-03   2.109036e-05   0.000000e+00   1.073797e+00   8.176979e-07 
     Iteration     Continuity     X-momentum     Y-momentum     Z-momentum         Energy            Tke            Sdr 
          1821   1.427033e-06   1.486437e-03   1.231435e-03   2.108015e-05   0.000000e+00   1.073801e+00   8.175111e-07 
          1822   1.424821e-06   1.486636e-03   1.232148e-03   2.106850e-05   0.000000e+00   1.073805e+00   8.173241e-07 
          1823   1.421486e-06   1.486835e-03   1.232915e-03   2.105861e-05   0.000000e+00   1.073809e+00   8.171381e-07 
          1824   1.441378e-06   1.487034e-03   1.234171e-03   2.104736e-05   0.000000e+00   1.073812e+00   8.169504e-07 
          1825   1.423735e-06   1.487232e-03   1.234619e-03   2.103925e-05   0.000000e+00   1.073815e+00   8.167649e-07 
          1826   1.440767e-06   1.487430e-03   1.235777e-03   2.102580e-05   0.000000e+00   1.073817e+00   8.165777e-07 
          1827   1.420298e-06   1.487628e-03   1.236493e-03   2.101673e-05   0.000000e+00   1.073819e+00   8.163925e-07 
          1828   1.437303e-06   1.487826e-03   1.238079e-03   2.100191e-05   0.000000e+00   1.073820e+00   8.162061e-07 
          1829   1.437147e-06   1.488023e-03   1.238995e-03   2.098789e-05   0.000000e+00   1.073821e+00   8.160204e-07 
          1830   1.440685e-06   1.488220e-03   1.240047e-03   2.097294e-05   0.000000e+00   1.073822e+00   8.158345e-07 
     Iteration     Continuity     X-momentum     Y-momentum     Z-momentum         Energy            Tke            Sdr 
          1831   1.442515e-06   1.488417e-03   1.241274e-03   2.095726e-05   0.000000e+00   1.073821e+00   8.156490e-07 
          1832   1.448984e-06   1.488614e-03   1.242474e-03   2.094325e-05   0.000000e+00   1.073821e+00   8.154635e-07 
          1833   1.450451e-06   1.488811e-03   1.243700e-03   2.093102e-05   0.000000e+00   1.073819e+00   8.152783e-07 
          1834   1.455198e-06   1.489008e-03   1.245026e-03   2.092045e-05   0.000000e+00   1.073818e+00   8.150931e-07 
          1835   1.459186e-06   1.489204e-03   1.246374e-03   2.091058e-05   0.000000e+00   1.073815e+00   8.149081e-07 
          1836   1.465940e-06   1.489401e-03   1.247753e-03   2.090166e-05   0.000000e+00   1.073813e+00   8.147232e-07 
          1837   1.469354e-06   1.489597e-03   1.249247e-03   2.089257e-05   0.000000e+00   1.073809e+00   8.145385e-07 
          1838   1.477675e-06   1.489793e-03   1.250730e-03   2.088394e-05   0.000000e+00   1.073806e+00   8.143538e-07 
          1839   1.478911e-06   1.489988e-03   1.252345e-03   2.087490e-05   0.000000e+00   1.073801e+00   8.141692e-07 
          1840   1.484726e-06   1.490157e-03   1.253802e-03   2.086652e-05   0.000000e+00   1.073778e+00   8.139813e-07 
     Iteration     Continuity     X-momentum     Y-momentum     Z-momentum         Energy            Tke            Sdr 
          1841   1.491372e-06   1.490334e-03   1.255167e-03   2.085783e-05   0.000000e+00   1.073761e+00   8.137950e-07 
          1842   1.498976e-06   1.490515e-03   1.256277e-03   2.084967e-05   0.000000e+00   1.073748e+00   8.136094e-07 
          1843   1.504298e-06   1.490699e-03   1.257552e-03   2.084114e-05   0.000000e+00   1.073736e+00   8.134242e-07 
          1844   1.512021e-06   1.490884e-03   1.258537e-03   2.083348e-05   0.000000e+00   1.073725e+00   8.132392e-07 
          1845   1.517262e-06   1.491071e-03   1.259856e-03   2.082519e-05   0.000000e+00   1.073714e+00   8.130546e-07 
          1846   1.526426e-06   1.491258e-03   1.260748e-03   2.081744e-05   0.000000e+00   1.073703e+00   8.128700e-07 
          1847   1.532368e-06   1.491446e-03   1.261703e-03   2.080874e-05   0.000000e+00   1.073692e+00   8.126857e-07 
          1848   1.536693e-06   1.491634e-03   1.262440e-03   2.080050e-05   0.000000e+00   1.073681e+00   8.125015e-07 
          1849   1.539771e-06   1.491823e-03   1.262898e-03   2.079098e-05   0.000000e+00   1.073670e+00   8.123169e-07 
          1850   1.527598e-06   1.492012e-03   1.264071e-03   2.078277e-05   0.000000e+00   1.073658e+00   8.121339e-07 
     Iteration     Continuity     X-momentum     Y-momentum     Z-momentum         Energy            Tke            Sdr 
          1851   1.547050e-06   1.492201e-03   1.266270e-03   2.077230e-05   0.000000e+00   1.073646e+00   8.119491e-07 
          1852   1.537454e-06   1.492390e-03   1.266943e-03   2.076478e-05   0.000000e+00   1.073634e+00   8.117663e-07 
          1853   1.551563e-06   1.492579e-03   1.268358e-03   2.075469e-05   0.000000e+00   1.073622e+00   8.115818e-07 
          1854   1.538605e-06   1.492768e-03   1.268121e-03   2.074734e-05   0.000000e+00   1.073609e+00   8.113986e-07 
          1855   1.533372e-06   1.492958e-03   1.269534e-03   2.073674e-05   0.000000e+00   1.073596e+00   8.112153e-07 
          1856   1.528654e-06   1.493147e-03   1.270956e-03   2.072849e-05   0.000000e+00   1.073582e+00   8.110321e-07 
          1857   1.524153e-06   1.493336e-03   1.271492e-03   2.071879e-05   0.000000e+00   1.073568e+00   8.108488e-07 
          1858   1.518705e-06   1.493525e-03   1.271701e-03   2.070909e-05   0.000000e+00   1.073554e+00   8.106658e-07 
          1859   1.512342e-06   1.493714e-03   1.273964e-03   2.069933e-05   0.000000e+00   1.073539e+00   8.104827e-07 
          1860   1.504220e-06   1.493903e-03   1.274303e-03   2.068917e-05   0.000000e+00   1.073524e+00   8.102998e-07 
     Iteration     Continuity     X-momentum     Y-momentum     Z-momentum         Energy            Tke            Sdr 
          1861   1.495862e-06   1.494092e-03   1.275560e-03   2.067931e-05   0.000000e+00   1.073508e+00   8.101171e-07 
          1862   1.486836e-06   1.494281e-03   1.276849e-03   2.066828e-05   0.000000e+00   1.073492e+00   8.099343e-07 
          1863   1.480161e-06   1.494469e-03   1.278760e-03   2.065759e-05   0.000000e+00   1.073475e+00   8.097518e-07 
          1864   1.474725e-06   1.494658e-03   1.279877e-03   2.064618e-05   0.000000e+00   1.073458e+00   8.095693e-07 
          1865   1.470314e-06   1.494846e-03   1.280785e-03   2.063571e-05   0.000000e+00   1.073441e+00   8.093869e-07 
          1866   1.466733e-06   1.495035e-03   1.282228e-03   2.062492e-05   0.000000e+00   1.073423e+00   8.092046e-07 
          1867   1.463186e-06   1.495223e-03   1.284510e-03   2.061514e-05   0.000000e+00   1.073405e+00   8.090224e-07 
          1868   1.458506e-06   1.495411e-03   1.286022e-03   2.060471e-05   0.000000e+00   1.073386e+00   8.088402e-07 
          1869   1.454934e-06   1.495598e-03   1.286151e-03   2.059522e-05   0.000000e+00   1.073367e+00   8.086583e-07 
          1870   1.451631e-06   1.495786e-03   1.288913e-03   2.058445e-05   0.000000e+00   1.073348e+00   8.084763e-07 
     Iteration     Continuity     X-momentum     Y-momentum     Z-momentum         Energy            Tke            Sdr 
          1871   1.449036e-06   1.495973e-03   1.288793e-03   2.057508e-05   0.000000e+00   1.073328e+00   8.082946e-07 
          1872   1.445465e-06   1.496161e-03   1.290981e-03   2.056411e-05   0.000000e+00   1.073307e+00   8.081128e-07 
          1873   1.444780e-06   1.496348e-03   1.291265e-03   2.055441e-05   0.000000e+00   1.073286e+00   8.079313e-07 
          1874   1.443081e-06   1.496535e-03   1.294202e-03   2.054329e-05   0.000000e+00   1.073265e+00   8.077497e-07 
          1875   1.440840e-06   1.496721e-03   1.294293e-03   2.053372e-05   0.000000e+00   1.073243e+00   8.075684e-07 
          1876   1.437677e-06   1.496908e-03   1.297427e-03   2.052316e-05   0.000000e+00   1.073220e+00   8.073870e-07 
          1877   1.434310e-06   1.497094e-03   1.297644e-03   2.051410e-05   0.000000e+00   1.073198e+00   8.072059e-07 
          1878   1.430553e-06   1.497281e-03   1.300851e-03   2.050397e-05   0.000000e+00   1.073174e+00   8.070247e-07 
          1879   1.427296e-06   1.497466e-03   1.301084e-03   2.049517e-05   0.000000e+00   1.073151e+00   8.068438e-07 
          1880   1.422735e-06   1.497652e-03   1.303709e-03   2.048518e-05   0.000000e+00   1.073126e+00   8.066628e-07 
     Iteration     Continuity     X-momentum     Y-momentum     Z-momentum         Energy            Tke            Sdr 
          1881   1.417840e-06   1.497838e-03   1.304557e-03   2.047590e-05   0.000000e+00   1.073102e+00   8.064820e-07 
          1882   1.407612e-06   1.498023e-03   1.306942e-03   2.046522e-05   0.000000e+00   1.073077e+00   8.063019e-07 
          1883   1.417782e-06   1.498208e-03   1.307376e-03   2.045454e-05   0.000000e+00   1.073051e+00   8.061202e-07 
          1884   1.397141e-06   1.498393e-03   1.310628e-03   2.044717e-05   0.000000e+00   1.073026e+00   8.059408e-07 
          1885   1.409821e-06   1.498578e-03   1.311770e-03   2.043393e-05   0.000000e+00   1.072999e+00   8.057592e-07 
          1886   1.392567e-06   1.498762e-03   1.313158e-03   2.042706e-05   0.000000e+00   1.072972e+00   8.055801e-07 
          1887   1.409938e-06   1.498947e-03   1.314812e-03   2.041302e-05   0.000000e+00   1.072945e+00   8.053989e-07 
          1888   1.397683e-06   1.499130e-03   1.316432e-03   2.040539e-05   0.000000e+00   1.072918e+00   8.052191e-07 
          1889   1.397834e-06   1.499314e-03   1.318166e-03   2.039336e-05   0.000000e+00   1.072889e+00   8.050391e-07 
          1890   1.397699e-06   1.499498e-03   1.319646e-03   2.038349e-05   0.000000e+00   1.072861e+00   8.048599e-07 
     Iteration     Continuity     X-momentum     Y-momentum     Z-momentum         Energy            Tke            Sdr 
          1891   1.419527e-06   1.499681e-03   1.321031e-03   2.037249e-05   0.000000e+00   1.072832e+00   8.046797e-07 
          1892   1.424127e-06   1.499865e-03   1.322333e-03   2.036494e-05   0.000000e+00   1.072802e+00   8.044994e-07 
          1893   1.408064e-06   1.500047e-03   1.325209e-03   2.035759e-05   0.000000e+00   1.072772e+00   8.043209e-07 
          1894   1.428653e-06   1.500230e-03   1.327135e-03   2.034466e-05   0.000000e+00   1.072742e+00   8.041404e-07 
          1895   1.412351e-06   1.500413e-03   1.329329e-03   2.033766e-05   0.000000e+00   1.072711e+00   8.039619e-07 
          1896   1.426824e-06   1.500595e-03   1.330551e-03   2.032623e-05   0.000000e+00   1.072680e+00   8.037817e-07 
          1897   1.406850e-06   1.500777e-03   1.332375e-03   2.031912e-05   0.000000e+00   1.072648e+00   8.036035e-07 
          1898   1.422891e-06   1.500959e-03   1.334060e-03   2.030679e-05   0.000000e+00   1.072616e+00   8.034240e-07 
          1899   1.422780e-06   1.501141e-03   1.335932e-03   2.029845e-05   0.000000e+00   1.072583e+00   8.032445e-07 
          1900   1.401844e-06   1.501322e-03   1.337869e-03   2.029042e-05   0.000000e+00   1.072550e+00   8.030667e-07 
     Iteration     Continuity     X-momentum     Y-momentum     Z-momentum         Energy            Tke            Sdr 
          1901   1.417504e-06   1.501504e-03   1.339684e-03   2.027728e-05   0.000000e+00   1.072517e+00   8.028875e-07 
          1902   1.416648e-06   1.501685e-03   1.341554e-03   2.026891e-05   0.000000e+00   1.072483e+00   8.027082e-07 
          1903   1.396683e-06   1.501865e-03   1.343655e-03   2.026093e-05   0.000000e+00   1.072449e+00   8.025308e-07 
          1904   1.416926e-06   1.502046e-03   1.345492e-03   2.024787e-05   0.000000e+00   1.072414e+00   8.023512e-07 
          1905   1.398735e-06   1.502226e-03   1.347457e-03   2.024124e-05   0.000000e+00   1.072379e+00   8.021734e-07 
          1906   1.399411e-06   1.502406e-03   1.349223e-03   2.022921e-05   0.000000e+00   1.072343e+00   8.019958e-07 
          1907   1.426298e-06   1.502580e-03   1.351405e-03   2.021868e-05   0.000000e+00   1.072306e+00   8.018145e-07 
          1908   1.410885e-06   1.502746e-03   1.353315e-03   2.021295e-05   0.000000e+00   1.072267e+00   8.016325e-07 
          1909   1.409908e-06   1.502914e-03   1.355171e-03   2.020086e-05   0.000000e+00   1.072228e+00   8.014517e-07 
          1910   1.433379e-06   1.503084e-03   1.357597e-03   2.019041e-05   0.000000e+00   1.072189e+00   8.012701e-07 
     Iteration     Continuity     X-momentum     Y-momentum     Z-momentum         Energy            Tke            Sdr 
          1911   1.415386e-06   1.503255e-03   1.359860e-03   2.018474e-05   0.000000e+00   1.072150e+00   8.010905e-07 
          1912   1.416155e-06   1.503426e-03   1.361287e-03   2.017229e-05   0.000000e+00   1.072110e+00   8.009113e-07 
          1913   1.440512e-06   1.503598e-03   1.363492e-03   2.016170e-05   0.000000e+00   1.072071e+00   8.007309e-07 
          1914   1.422217e-06   1.503769e-03   1.365659e-03   2.015585e-05   0.000000e+00   1.072030e+00   8.005523e-07 
          1915   1.419711e-06   1.503941e-03   1.367268e-03   2.014388e-05   0.000000e+00   1.071990e+00   8.003740e-07 
          1916   1.439998e-06   1.504113e-03   1.369651e-03   2.013301e-05   0.000000e+00   1.071949e+00   8.001944e-07 
          1917   1.417615e-06   1.504281e-03   1.372137e-03   2.012773e-05   0.000000e+00   1.071902e+00   8.000160e-07 
          1918   1.413658e-06   1.504446e-03   1.373879e-03   2.011556e-05   0.000000e+00   1.071853e+00   7.998376e-07 
          1919   1.432532e-06   1.504614e-03   1.376328e-03   2.010487e-05   0.000000e+00   1.071807e+00   7.996582e-07 
          1920   1.412389e-06   1.504783e-03   1.378908e-03   2.009984e-05   0.000000e+00   1.071762e+00   7.994813e-07 
     Iteration     Continuity     X-momentum     Y-momentum     Z-momentum         Energy            Tke            Sdr 
          1921   1.432382e-06   1.504953e-03   1.380616e-03   2.008711e-05   0.000000e+00   1.071718e+00   7.993026e-07 
          1922   1.417529e-06   1.505122e-03   1.383221e-03   2.008111e-05   0.000000e+00   1.071673e+00   7.991259e-07 
          1923   1.436866e-06   1.505293e-03   1.385169e-03   2.006982e-05   0.000000e+00   1.071629e+00   7.989477e-07 
          1924   1.425281e-06   1.505463e-03   1.387869e-03   2.006290e-05   0.000000e+00   1.071583e+00   7.987709e-07 
          1925   1.428482e-06   1.505616e-03   1.389969e-03   2.005060e-05   0.000000e+00   1.071531e+00   7.985936e-07 
          1926   1.430904e-06   1.505765e-03   1.392126e-03   2.004091e-05   0.000000e+00   1.071476e+00   7.984169e-07 
          1927   1.434930e-06   1.505919e-03   1.393841e-03   2.002988e-05   0.000000e+00   1.071425e+00   7.982405e-07 
          1928   1.456650e-06   1.506076e-03   1.395299e-03   2.001921e-05   0.000000e+00   1.071374e+00   7.980631e-07 
          1929   1.443083e-06   1.506235e-03   1.396237e-03   2.001354e-05   0.000000e+00   1.071323e+00   7.978871e-07 
          1930   1.441480e-06   1.506386e-03   1.396979e-03   2.000270e-05   0.000000e+00   1.071265e+00   7.977100e-07 
     Iteration     Continuity     X-momentum     Y-momentum     Z-momentum         Energy            Tke            Sdr 
          1931   1.458303e-06   1.506528e-03   1.398154e-03   1.999059e-05   0.000000e+00   1.071197e+00   7.975299e-07 
          1932   1.440205e-06   1.506677e-03   1.399328e-03   1.998502e-05   0.000000e+00   1.071138e+00   7.973525e-07 
          1933   1.432418e-06   1.506829e-03   1.400132e-03   1.997380e-05   0.000000e+00   1.071081e+00   7.971757e-07 
          1934   1.427414e-06   1.506985e-03   1.401000e-03   1.996307e-05   0.000000e+00   1.071026e+00   7.969996e-07 
          1935   1.440618e-06   1.507142e-03   1.401683e-03   1.995171e-05   0.000000e+00   1.070972e+00   7.968225e-07 
          1936   1.419470e-06   1.507299e-03   1.402598e-03   1.994637e-05   0.000000e+00   1.070916e+00   7.966473e-07 
          1937   1.431161e-06   1.507457e-03   1.402953e-03   1.993408e-05   0.000000e+00   1.070860e+00   7.964702e-07 
          1938   1.407084e-06   1.507617e-03   1.403945e-03   1.992704e-05   0.000000e+00   1.070806e+00   7.962949e-07 
          1939   1.396521e-06   1.507777e-03   1.404674e-03   1.991445e-05   0.000000e+00   1.070752e+00   7.961192e-07 
          1940   1.389090e-06   1.507938e-03   1.405644e-03   1.990434e-05   0.000000e+00   1.070698e+00   7.959443e-07 
     Iteration     Continuity     X-momentum     Y-momentum     Z-momentum         Energy            Tke            Sdr 
          1941   1.402184e-06   1.508099e-03   1.406411e-03   1.989330e-05   0.000000e+00   1.070643e+00   7.957685e-07 
          1942   1.398035e-06   1.508261e-03   1.407360e-03   1.988424e-05   0.000000e+00   1.070589e+00   7.955933e-07 
          1943   1.397002e-06   1.508423e-03   1.408101e-03   1.987419e-05   0.000000e+00   1.070535e+00   7.954181e-07 
          1944   1.395927e-06   1.508585e-03   1.408897e-03   1.986313e-05   0.000000e+00   1.070480e+00   7.952432e-07 
          1945   1.397576e-06   1.508748e-03   1.409793e-03   1.985242e-05   0.000000e+00   1.070425e+00   7.950682e-07 
          1946   1.395822e-06   1.508910e-03   1.410649e-03   1.984151e-05   0.000000e+00   1.070370e+00   7.948935e-07 
          1947   1.397184e-06   1.509073e-03   1.411586e-03   1.983131e-05   0.000000e+00   1.070314e+00   7.947188e-07 
          1948   1.395048e-06   1.509236e-03   1.412484e-03   1.982100e-05   0.000000e+00   1.070259e+00   7.945443e-07 
          1949   1.393825e-06   1.509399e-03   1.413444e-03   1.981097e-05   0.000000e+00   1.070203e+00   7.943697e-07 
          1950   1.388406e-06   1.509562e-03   1.414335e-03   1.980018e-05   0.000000e+00   1.070146e+00   7.941955e-07 
     Iteration     Continuity     X-momentum     Y-momentum     Z-momentum         Energy            Tke            Sdr 
          1951   1.386268e-06   1.509725e-03   1.415310e-03   1.978978e-05   0.000000e+00   1.070089e+00   7.940211e-07 
          1952   1.380953e-06   1.509888e-03   1.416246e-03   1.977854e-05   0.000000e+00   1.070032e+00   7.938471e-07 
          1953   1.370615e-06   1.510051e-03   1.417289e-03   1.976778e-05   0.000000e+00   1.069975e+00   7.936730e-07 
          1954   1.359183e-06   1.510214e-03   1.418336e-03   1.975647e-05   0.000000e+00   1.069917e+00   7.934992e-07 
          1955   1.353225e-06   1.510377e-03   1.419425e-03   1.974576e-05   0.000000e+00   1.069859e+00   7.933252e-07 
          1956   1.343313e-06   1.510531e-03   1.420536e-03   1.973443e-05   0.000000e+00   1.069794e+00   7.931502e-07 
          1957   1.338254e-06   1.510671e-03   1.421875e-03   1.972359e-05   0.000000e+00   1.069717e+00   7.929730e-07 
          1958   1.331204e-06   1.510817e-03   1.423098e-03   1.971213e-05   0.000000e+00   1.069648e+00   7.927976e-07 
          1959   1.329011e-06   1.510968e-03   1.424338e-03   1.970136e-05   0.000000e+00   1.069582e+00   7.926226e-07 
          1960   1.325442e-06   1.511121e-03   1.425384e-03   1.968998e-05   0.000000e+00   1.069517e+00   7.924483e-07 
     Iteration     Continuity     X-momentum     Y-momentum     Z-momentum         Energy            Tke            Sdr 
          1961   1.327627e-06   1.511275e-03   1.426570e-03   1.967940e-05   0.000000e+00   1.069453e+00   7.922740e-07 
          1962   1.328981e-06   1.511431e-03   1.427792e-03   1.966814e-05   0.000000e+00   1.069389e+00   7.921002e-07 
          1963   1.333461e-06   1.511587e-03   1.429246e-03   1.965778e-05   0.000000e+00   1.069325e+00   7.919262e-07 
          1964   1.331506e-06   1.511743e-03   1.430543e-03   1.964676e-05   0.000000e+00   1.069260e+00   7.917526e-07 
          1965   1.332953e-06   1.511900e-03   1.431923e-03   1.963662e-05   0.000000e+00   1.069196e+00   7.915789e-07 
          1966   1.332103e-06   1.512058e-03   1.433184e-03   1.962587e-05   0.000000e+00   1.069132e+00   7.914055e-07 
          1967   1.335700e-06   1.512215e-03   1.434614e-03   1.961600e-05   0.000000e+00   1.069067e+00   7.912320e-07 
          1968   1.337178e-06   1.512373e-03   1.435883e-03   1.960540e-05   0.000000e+00   1.069003e+00   7.910588e-07 
          1969   1.342303e-06   1.512532e-03   1.437234e-03   1.959580e-05   0.000000e+00   1.068938e+00   7.908854e-07 
          1970   1.344721e-06   1.512690e-03   1.438413e-03   1.958564e-05   0.000000e+00   1.068873e+00   7.907124e-07 
     Iteration     Continuity     X-momentum     Y-momentum     Z-momentum         Energy            Tke            Sdr 
          1971   1.351341e-06   1.512848e-03   1.439860e-03   1.957638e-05   0.000000e+00   1.068808e+00   7.905392e-07 
          1972   1.354231e-06   1.513007e-03   1.441192e-03   1.956644e-05   0.000000e+00   1.068742e+00   7.903664e-07 
          1973   1.360446e-06   1.513165e-03   1.442730e-03   1.955740e-05   0.000000e+00   1.068676e+00   7.901934e-07 
          1974   1.360899e-06   1.513324e-03   1.444071e-03   1.954758e-05   0.000000e+00   1.068610e+00   7.900207e-07 
          1975   1.364298e-06   1.513483e-03   1.445529e-03   1.953864e-05   0.000000e+00   1.068544e+00   7.898478e-07 
          1976   1.363149e-06   1.513641e-03   1.446750e-03   1.952872e-05   0.000000e+00   1.068477e+00   7.896753e-07 
          1977   1.365022e-06   1.513800e-03   1.448294e-03   1.951966e-05   0.000000e+00   1.068410e+00   7.895026e-07 
          1978   1.360020e-06   1.513958e-03   1.449650e-03   1.950939e-05   0.000000e+00   1.068343e+00   7.893303e-07 
          1979   1.355693e-06   1.514109e-03   1.451343e-03   1.950004e-05   0.000000e+00   1.068266e+00   7.891565e-07 
          1980   1.350497e-06   1.514253e-03   1.452821e-03   1.948983e-05   0.000000e+00   1.068184e+00   7.889824e-07 
     Iteration     Continuity     X-momentum     Y-momentum     Z-momentum         Energy            Tke            Sdr 
          1981   1.348292e-06   1.514402e-03   1.454463e-03   1.948067e-05   0.000000e+00   1.068108e+00   7.888089e-07 
          1982   1.343282e-06   1.514554e-03   1.455970e-03   1.947040e-05   0.000000e+00   1.068034e+00   7.886361e-07 
          1983   1.342712e-06   1.514706e-03   1.457691e-03   1.946095e-05   0.000000e+00   1.067962e+00   7.884633e-07 
          1984   1.339708e-06   1.514860e-03   1.459292e-03   1.945102e-05   0.000000e+00   1.067889e+00   7.882909e-07 
          1985   1.342250e-06   1.515014e-03   1.460941e-03   1.944182e-05   0.000000e+00   1.067817e+00   7.881184e-07 
          1986   1.345135e-06   1.515169e-03   1.462542e-03   1.943248e-05   0.000000e+00   1.067745e+00   7.879461e-07 
          1987   1.350423e-06   1.515324e-03   1.464289e-03   1.942369e-05   0.000000e+00   1.067672e+00   7.877738e-07 
          1988   1.352282e-06   1.515479e-03   1.466038e-03   1.941491e-05   0.000000e+00   1.067600e+00   7.876018e-07 
          1989   1.354860e-06   1.515634e-03   1.467904e-03   1.940632e-05   0.000000e+00   1.067527e+00   7.874296e-07 
          1990   1.352975e-06   1.515789e-03   1.469527e-03   1.939747e-05   0.000000e+00   1.067454e+00   7.872577e-07 
     Iteration     Continuity     X-momentum     Y-momentum     Z-momentum         Energy            Tke            Sdr 
          1991   1.350778e-06   1.515944e-03   1.471370e-03   1.938852e-05   0.000000e+00   1.067380e+00   7.870850e-07 
          1992   1.328590e-06   1.516099e-03   1.473373e-03   1.938131e-05   0.000000e+00   1.067307e+00   7.869141e-07 
          1993   1.336278e-06   1.516254e-03   1.475216e-03   1.936767e-05   0.000000e+00   1.067233e+00   7.867420e-07 
          1994   1.337549e-06   1.516409e-03   1.477125e-03   1.936041e-05   0.000000e+00   1.067158e+00   7.865696e-07 
          1995   1.320258e-06   1.516563e-03   1.479141e-03   1.935296e-05   0.000000e+00   1.067084e+00   7.863989e-07 
          1996   1.329315e-06   1.516718e-03   1.480962e-03   1.933879e-05   0.000000e+00   1.067009e+00   7.862263e-07 
          1997   1.313348e-06   1.516872e-03   1.483096e-03   1.933243e-05   0.000000e+00   1.066933e+00   7.860557e-07 
          1998   1.326084e-06   1.517027e-03   1.484937e-03   1.931928e-05   0.000000e+00   1.066857e+00   7.858832e-07 
          1999   1.307484e-06   1.517181e-03   1.487210e-03   1.931346e-05   0.000000e+00   1.066781e+00   7.857128e-07 
          2000   1.317678e-06   1.517335e-03   1.489172e-03   1.929880e-05   0.000000e+00   1.066705e+00   7.855405e-07 
     Iteration     Continuity     X-momentum     Y-momentum     Z-momentum         Energy            Tke            Sdr 
          2001   1.300777e-06   1.517489e-03   1.491447e-03   1.929282e-05   0.000000e+00   1.066628e+00   7.853701e-07 
          2002   1.312685e-06   1.517643e-03   1.493451e-03   1.927900e-05   0.000000e+00   1.066551e+00   7.851979e-07 
          2003   1.291503e-06   1.517797e-03   1.495778e-03   1.927315e-05   0.000000e+00   1.066473e+00   7.850277e-07 
          2004   1.300952e-06   1.517950e-03   1.497870e-03   1.925797e-05   0.000000e+00   1.066395e+00   7.848563e-07 
          2005   1.301807e-06   1.518103e-03   1.500149e-03   1.925013e-05   0.000000e+00   1.066317e+00   7.846851e-07 
          2006   1.302105e-06   1.518256e-03   1.502321e-03   1.923965e-05   0.000000e+00   1.066238e+00   7.845142e-07 
          2007   1.305672e-06   1.518409e-03   1.504419e-03   1.922895e-05   0.000000e+00   1.066159e+00   7.843432e-07 
          2008   1.306499e-06   1.518562e-03   1.506691e-03   1.921738e-05   0.000000e+00   1.066080e+00   7.841725e-07 
          2009   1.310225e-06   1.518714e-03   1.509171e-03   1.920612e-05   0.000000e+00   1.066000e+00   7.840016e-07 
          2010   1.309314e-06   1.518866e-03   1.511656e-03   1.919487e-05   0.000000e+00   1.065920e+00   7.838310e-07 
     Iteration     Continuity     X-momentum     Y-momentum     Z-momentum         Energy            Tke            Sdr 
          2011   1.311515e-06   1.519018e-03   1.514056e-03   1.918419e-05   0.000000e+00   1.065839e+00   7.836603e-07 
          2012   1.310359e-06   1.519170e-03   1.516414e-03   1.917402e-05   0.000000e+00   1.065758e+00   7.834898e-07 
          2013   1.310675e-06   1.519321e-03   1.518751e-03   1.916425e-05   0.000000e+00   1.065677e+00   7.833192e-07 
          2014   1.308663e-06   1.519472e-03   1.521196e-03   1.915460e-05   0.000000e+00   1.065595e+00   7.831456e-07 
          2015   1.311226e-06   1.519622e-03   1.523179e-03   1.914519e-05   0.000000e+00   1.065513e+00   7.829718e-07 
          2016   1.310618e-06   1.519772e-03   1.525167e-03   1.913567e-05   0.000000e+00   1.065431e+00   7.827988e-07 
          2017   1.313677e-06   1.519922e-03   1.527885e-03   1.912619e-05   0.000000e+00   1.065348e+00   7.826259e-07 
          2018   1.312800e-06   1.520072e-03   1.530779e-03   1.911635e-05   0.000000e+00   1.065264e+00   7.824535e-07 
          2019   1.310792e-06   1.520221e-03   1.533443e-03   1.910571e-05   0.000000e+00   1.065181e+00   7.822811e-07 
          2020   1.306690e-06   1.520370e-03   1.535984e-03   1.909471e-05   0.000000e+00   1.065097e+00   7.821090e-07 
     Iteration     Continuity     X-momentum     Y-momentum     Z-momentum         Energy            Tke            Sdr 
          2021   1.307221e-06   1.520519e-03   1.538243e-03   1.908384e-05   0.000000e+00   1.065012e+00   7.819370e-07 
          2022   1.306095e-06   1.520660e-03   1.540476e-03   1.907303e-05   0.000000e+00   1.064926e+00   7.817620e-07 
          2023   1.306028e-06   1.520797e-03   1.542723e-03   1.906264e-05   0.000000e+00   1.064838e+00   7.815852e-07 
          2024   1.303905e-06   1.520936e-03   1.544819e-03   1.905260e-05   0.000000e+00   1.064751e+00   7.814097e-07 
          2025   1.305900e-06   1.521076e-03   1.547136e-03   1.904324e-05   0.000000e+00   1.064664e+00   7.812350e-07 
          2026   1.307255e-06   1.521217e-03   1.549497e-03   1.903413e-05   0.000000e+00   1.064577e+00   7.810609e-07 
          2027   1.308506e-06   1.521358e-03   1.551749e-03   1.902551e-05   0.000000e+00   1.064489e+00   7.808871e-07 
          2028   1.308237e-06   1.521499e-03   1.554144e-03   1.901680e-05   0.000000e+00   1.064401e+00   7.807132e-07 
          2029   1.292257e-06   1.521640e-03   1.556320e-03   1.900940e-05   0.000000e+00   1.064313e+00   7.805414e-07 
          2030   1.306743e-06   1.521782e-03   1.558640e-03   1.899861e-05   0.000000e+00   1.064224e+00   7.803676e-07 
     Iteration     Continuity     X-momentum     Y-momentum     Z-momentum         Energy            Tke            Sdr 
          2031   1.290720e-06   1.521922e-03   1.560703e-03   1.899256e-05   0.000000e+00   1.064133e+00   7.801955e-07 
          2032   1.291777e-06   1.522062e-03   1.563433e-03   1.898183e-05   0.000000e+00   1.064042e+00   7.800230e-07 
          2033   1.294664e-06   1.522203e-03   1.565816e-03   1.897477e-05   0.000000e+00   1.063951e+00   7.798514e-07 
          2034   1.299903e-06   1.522344e-03   1.568294e-03   1.896527e-05   0.000000e+00   1.063861e+00   7.796794e-07 
          2035   1.303132e-06   1.522485e-03   1.570784e-03   1.895762e-05   0.000000e+00   1.063770e+00   7.795080e-07 
          2036   1.304667e-06   1.522626e-03   1.573241e-03   1.894802e-05   0.000000e+00   1.063679e+00   7.793370e-07 
          2037   1.302343e-06   1.522767e-03   1.575718e-03   1.893794e-05   0.000000e+00   1.063587e+00   7.791659e-07 
          2038   1.295063e-06   1.522908e-03   1.578264e-03   1.892750e-05   0.000000e+00   1.063496e+00   7.789950e-07 
          2039   1.288179e-06   1.523040e-03   1.580776e-03   1.891683e-05   0.000000e+00   1.063394e+00   7.788238e-07 
          2040   1.300089e-06   1.523176e-03   1.583390e-03   1.890339e-05   0.000000e+00   1.063296e+00   7.786520e-07 
     Iteration     Continuity     X-momentum     Y-momentum     Z-momentum         Energy            Tke            Sdr 
          2041   1.286735e-06   1.523312e-03   1.585985e-03   1.889428e-05   0.000000e+00   1.063200e+00   7.784823e-07 
          2042   1.300983e-06   1.523450e-03   1.588923e-03   1.887646e-05   0.000000e+00   1.063105e+00   7.783111e-07 
          2043   1.289884e-06   1.523588e-03   1.591545e-03   1.886698e-05   0.000000e+00   1.063010e+00   7.781420e-07 
          2044   1.303935e-06   1.523726e-03   1.594401e-03   1.884889e-05   0.000000e+00   1.062915e+00   7.779713e-07 
          2045   1.290184e-06   1.523864e-03   1.596876e-03   1.883935e-05   0.000000e+00   1.062820e+00   7.778024e-07 
          2046   1.302933e-06   1.524003e-03   1.599666e-03   1.882247e-05   0.000000e+00   1.062725e+00   7.776321e-07 
          2047   1.287498e-06   1.524141e-03   1.601985e-03   1.881412e-05   0.000000e+00   1.062629e+00   7.774637e-07 
          2048   1.299871e-06   1.524279e-03   1.604783e-03   1.879842e-05   0.000000e+00   1.062533e+00   7.772936e-07 
          2049   1.281416e-06   1.524417e-03   1.607132e-03   1.879151e-05   0.000000e+00   1.062437e+00   7.771255e-07 
          2050   1.288289e-06   1.524556e-03   1.609817e-03   1.877706e-05   0.000000e+00   1.062341e+00   7.769558e-07 
     Iteration     Continuity     X-momentum     Y-momentum     Z-momentum         Energy            Tke            Sdr 
          2051   1.267725e-06   1.524694e-03   1.612254e-03   1.877100e-05   0.000000e+00   1.062244e+00   7.767880e-07 
          2052   1.277675e-06   1.524832e-03   1.615033e-03   1.875722e-05   0.000000e+00   1.062147e+00   7.766187e-07 
          2053   1.261377e-06   1.524970e-03   1.617531e-03   1.875166e-05   0.000000e+00   1.062049e+00   7.764512e-07 
          2054   1.270563e-06   1.525108e-03   1.620483e-03   1.873835e-05   0.000000e+00   1.061951e+00   7.762821e-07 
          2055   1.252030e-06   1.525245e-03   1.623042e-03   1.873287e-05   0.000000e+00   1.061853e+00   7.761149e-07 
          2056   1.260807e-06   1.525383e-03   1.625996e-03   1.871962e-05   0.000000e+00   1.061755e+00   7.759461e-07 
          2057   1.242290e-06   1.525520e-03   1.628499e-03   1.871410e-05   0.000000e+00   1.061656e+00   7.757793e-07 
          2058   1.248898e-06   1.525657e-03   1.631433e-03   1.870073e-05   0.000000e+00   1.061556e+00   7.756107e-07 
          2059   1.225351e-06   1.525794e-03   1.634030e-03   1.869482e-05   0.000000e+00   1.061457e+00   7.754442e-07 
          2060   1.228297e-06   1.525931e-03   1.637006e-03   1.868106e-05   0.000000e+00   1.061357e+00   7.752760e-07 
     Iteration     Continuity     X-momentum     Y-momentum     Z-momentum         Energy            Tke            Sdr 
          2061   1.206268e-06   1.526067e-03   1.639698e-03   1.867468e-05   0.000000e+00   1.061257e+00   7.751097e-07 
          2062   1.212197e-06   1.526204e-03   1.642852e-03   1.866095e-05   0.000000e+00   1.061156e+00   7.749417e-07 
          2063   1.191038e-06   1.526340e-03   1.645586e-03   1.865450e-05   0.000000e+00   1.061055e+00   7.747757e-07 
          2064   1.200123e-06   1.526476e-03   1.648662e-03   1.864120e-05   0.000000e+00   1.060954e+00   7.746080e-07 
          2065   1.182180e-06   1.526612e-03   1.651433e-03   1.863486e-05   0.000000e+00   1.060852e+00   7.744423e-07 
          2066   1.191977e-06   1.526748e-03   1.654531e-03   1.862197e-05   0.000000e+00   1.060750e+00   7.742749e-07 
          2067   1.175500e-06   1.526883e-03   1.657422e-03   1.861558e-05   0.000000e+00   1.060648e+00   7.741094e-07 
          2068   1.188915e-06   1.527018e-03   1.660485e-03   1.860319e-05   0.000000e+00   1.060546e+00   7.739423e-07 
          2069   1.174900e-06   1.527153e-03   1.663402e-03   1.859688e-05   0.000000e+00   1.060443e+00   7.737772e-07 
          2070   1.188145e-06   1.527288e-03   1.666432e-03   1.858445e-05   0.000000e+00   1.060339e+00   7.736104e-07 
     Iteration     Continuity     X-momentum     Y-momentum     Z-momentum         Energy            Tke            Sdr 
          2071   1.175582e-06   1.527423e-03   1.669452e-03   1.857758e-05   0.000000e+00   1.060236e+00   7.734454e-07 
          2072   1.193447e-06   1.527558e-03   1.672535e-03   1.856559e-05   0.000000e+00   1.060132e+00   7.732789e-07 
          2073   1.183596e-06   1.527692e-03   1.675539e-03   1.855832e-05   0.000000e+00   1.060028e+00   7.731137e-07 
          2074   1.186776e-06   1.527826e-03   1.678657e-03   1.854612e-05   0.000000e+00   1.059923e+00   7.729483e-07 
          2075   1.191339e-06   1.527959e-03   1.681701e-03   1.853630e-05   0.000000e+00   1.059817e+00   7.727836e-07 
          2076   1.213020e-06   1.528093e-03   1.684803e-03   1.852646e-05   0.000000e+00   1.059712e+00   7.726175e-07 
          2077   1.207447e-06   1.528226e-03   1.687823e-03   1.851863e-05   0.000000e+00   1.059606e+00   7.724535e-07 
          2078   1.229055e-06   1.528359e-03   1.690984e-03   1.850767e-05   0.000000e+00   1.059500e+00   7.722875e-07 
          2079   1.220154e-06   1.528492e-03   1.693973e-03   1.850018e-05   0.000000e+00   1.059394e+00   7.721232e-07 
          2080   1.223036e-06   1.528613e-03   1.697250e-03   1.848885e-05   0.000000e+00   1.059280e+00   7.719577e-07 
     Iteration     Continuity     X-momentum     Y-momentum     Z-momentum         Energy            Tke            Sdr 
          2081   1.229188e-06   1.528721e-03   1.700360e-03   1.847888e-05   0.000000e+00   1.059159e+00   7.717921e-07 
          2082   1.252228e-06   1.528835e-03   1.703490e-03   1.846911e-05   0.000000e+00   1.059043e+00   7.716255e-07 
          2083   1.246340e-06   1.528953e-03   1.706700e-03   1.846277e-05   0.000000e+00   1.058929e+00   7.714615e-07 
          2084   1.271363e-06   1.529074e-03   1.710139e-03   1.845279e-05   0.000000e+00   1.058816e+00   7.712957e-07 
          2085   1.265676e-06   1.529196e-03   1.713407e-03   1.844958e-05   0.000000e+00   1.058704e+00   7.711321e-07 
          2086   1.290079e-06   1.529319e-03   1.716782e-03   1.843947e-05   0.000000e+00   1.058592e+00   7.709666e-07 
          2087   1.282702e-06   1.529442e-03   1.720069e-03   1.843284e-05   0.000000e+00   1.058480e+00   7.708027e-07 
          2088   1.287642e-06   1.529566e-03   1.723616e-03   1.842157e-05   0.000000e+00   1.058368e+00   7.706391e-07 
          2089   1.310164e-06   1.529691e-03   1.726937e-03   1.840963e-05   0.000000e+00   1.058256e+00   7.704743e-07 
          2090   1.300218e-06   1.529816e-03   1.730221e-03   1.840079e-05   0.000000e+00   1.058144e+00   7.703112e-07 
     Iteration     Continuity     X-momentum     Y-momentum     Z-momentum         Energy            Tke            Sdr 
          2091   1.316103e-06   1.529941e-03   1.733833e-03   1.838661e-05   0.000000e+00   1.058032e+00   7.701465e-07 
          2092   1.298496e-06   1.530066e-03   1.737178e-03   1.837729e-05   0.000000e+00   1.057920e+00   7.699839e-07 
          2093   1.311634e-06   1.530191e-03   1.740752e-03   1.836312e-05   0.000000e+00   1.057808e+00   7.698200e-07 
          2094   1.306746e-06   1.530317e-03   1.744206e-03   1.835258e-05   0.000000e+00   1.057695e+00   7.696559e-07 
          2095   1.282504e-06   1.530442e-03   1.747737e-03   1.834174e-05   0.000000e+00   1.057582e+00   7.694936e-07 
          2096   1.288954e-06   1.530568e-03   1.751276e-03   1.832828e-05   0.000000e+00   1.057469e+00   7.693300e-07 
          2097   1.278889e-06   1.530693e-03   1.754870e-03   1.831808e-05   0.000000e+00   1.057356e+00   7.691670e-07 
          2098   1.272105e-06   1.530810e-03   1.758464e-03   1.830720e-05   0.000000e+00   1.057239e+00   7.690039e-07 
          2099   1.258883e-06   1.530914e-03   1.762143e-03   1.829559e-05   0.000000e+00   1.057117e+00   7.688411e-07 
          2100   1.250937e-06   1.531022e-03   1.765766e-03   1.828475e-05   0.000000e+00   1.056997e+00   7.686783e-07 
     Iteration     Continuity     X-momentum     Y-momentum     Z-momentum         Energy            Tke            Sdr 
          2101   1.243046e-06   1.531134e-03   1.769526e-03   1.827409e-05   0.000000e+00   1.056879e+00   7.685157e-07 
          2102   1.237919e-06   1.531246e-03   1.773246e-03   1.826408e-05   0.000000e+00   1.056758e+00   7.683529e-07 
          2103   1.233757e-06   1.531360e-03   1.777111e-03   1.825372e-05   0.000000e+00   1.056638e+00   7.681903e-07 
          2104   1.228234e-06   1.531476e-03   1.780811e-03   1.824357e-05   0.000000e+00   1.056520e+00   7.680278e-07 
          2105   1.221170e-06   1.531592e-03   1.784637e-03   1.823410e-05   0.000000e+00   1.056401e+00   7.678655e-07 
          2106   1.218115e-06   1.531709e-03   1.788413e-03   1.822583e-05   0.000000e+00   1.056283e+00   7.677033e-07 
          2107   1.214050e-06   1.531826e-03   1.792276e-03   1.821715e-05   0.000000e+00   1.056165e+00   7.675412e-07 
          2108   1.211947e-06   1.531944e-03   1.796051e-03   1.820876e-05   0.000000e+00   1.056047e+00   7.673792e-07 
          2109   1.209997e-06   1.532062e-03   1.799851e-03   1.819978e-05   0.000000e+00   1.055928e+00   7.672174e-07 
          2110   1.211238e-06   1.532181e-03   1.803689e-03   1.819098e-05   0.000000e+00   1.055810e+00   7.670555e-07 
     Iteration     Continuity     X-momentum     Y-momentum     Z-momentum         Energy            Tke            Sdr 
          2111   1.210937e-06   1.532300e-03   1.807515e-03   1.818156e-05   0.000000e+00   1.055691e+00   7.668939e-07 
          2112   1.211939e-06   1.532419e-03   1.811349e-03   1.817226e-05   0.000000e+00   1.055572e+00   7.667323e-07 
          2113   1.211082e-06   1.532538e-03   1.815229e-03   1.816237e-05   0.000000e+00   1.055453e+00   7.665709e-07 
          2114   1.210266e-06   1.532657e-03   1.819030e-03   1.815264e-05   0.000000e+00   1.055334e+00   7.664095e-07 
          2115   1.204976e-06   1.532777e-03   1.822969e-03   1.814238e-05   0.000000e+00   1.055215e+00   7.662477e-07 
          2116   1.176867e-06   1.532896e-03   1.826844e-03   1.813267e-05   0.000000e+00   1.055095e+00   7.660876e-07 
          2117   1.189669e-06   1.533016e-03   1.830790e-03   1.812090e-05   0.000000e+00   1.054975e+00   7.659262e-07 
          2118   1.187437e-06   1.533136e-03   1.834828e-03   1.811199e-05   0.000000e+00   1.054855e+00   7.657647e-07 
          2119   1.170360e-06   1.533255e-03   1.838761e-03   1.810248e-05   0.000000e+00   1.054734e+00   7.656049e-07 
          2120   1.184771e-06   1.533375e-03   1.842769e-03   1.809085e-05   0.000000e+00   1.054613e+00   7.654439e-07 
     Iteration     Continuity     X-momentum     Y-momentum     Z-momentum         Energy            Tke            Sdr 
          2121   1.184539e-06   1.533494e-03   1.846792e-03   1.808174e-05   0.000000e+00   1.054492e+00   7.652827e-07 
          2122   1.169286e-06   1.533614e-03   1.850800e-03   1.807212e-05   0.000000e+00   1.054371e+00   7.651232e-07 
          2123   1.187220e-06   1.533733e-03   1.854901e-03   1.806029e-05   0.000000e+00   1.054250e+00   7.649625e-07 
          2124   1.187406e-06   1.533853e-03   1.858942e-03   1.805116e-05   0.000000e+00   1.054128e+00   7.648017e-07 
          2125   1.173820e-06   1.533972e-03   1.863053e-03   1.804175e-05   0.000000e+00   1.054006e+00   7.646425e-07 
          2126   1.195028e-06   1.534092e-03   1.867319e-03   1.803014e-05   0.000000e+00   1.053884e+00   7.644821e-07 
          2127   1.197792e-06   1.534211e-03   1.871464e-03   1.802110e-05   0.000000e+00   1.053761e+00   7.643216e-07 
          2128   1.184982e-06   1.534330e-03   1.875708e-03   1.801182e-05   0.000000e+00   1.053638e+00   7.641627e-07 
          2129   1.205365e-06   1.534449e-03   1.879988e-03   1.800035e-05   0.000000e+00   1.053515e+00   7.640026e-07 
          2130   1.210082e-06   1.534568e-03   1.884239e-03   1.799125e-05   0.000000e+00   1.053392e+00   7.638424e-07 
     Iteration     Continuity     X-momentum     Y-momentum     Z-momentum         Energy            Tke            Sdr 
          2131   1.199775e-06   1.534687e-03   1.888503e-03   1.798232e-05   0.000000e+00   1.053269e+00   7.636839e-07 
          2132   1.218837e-06   1.534806e-03   1.892851e-03   1.797102e-05   0.000000e+00   1.053145e+00   7.635235e-07 
          2133   1.205349e-06   1.534925e-03   1.897066e-03   1.796316e-05   0.000000e+00   1.053021e+00   7.633653e-07 
          2134   1.224057e-06   1.535043e-03   1.901542e-03   1.795041e-05   0.000000e+00   1.052896e+00   7.632052e-07 
          2135   1.213222e-06   1.535161e-03   1.905666e-03   1.794357e-05   0.000000e+00   1.052771e+00   7.630472e-07 
          2136   1.229019e-06   1.535276e-03   1.910179e-03   1.793172e-05   0.000000e+00   1.052646e+00   7.628851e-07 
          2137   1.214648e-06   1.535384e-03   1.914267e-03   1.792365e-05   0.000000e+00   1.052519e+00   7.627208e-07 
          2138   1.207721e-06   1.535493e-03   1.919006e-03   1.791243e-05   0.000000e+00   1.052392e+00   7.625574e-07 
          2139   1.201701e-06   1.535603e-03   1.923398e-03   1.790262e-05   0.000000e+00   1.052265e+00   7.623955e-07 
          2140   1.212173e-06   1.535714e-03   1.927895e-03   1.789178e-05   0.000000e+00   1.052138e+00   7.622328e-07 
     Iteration     Continuity     X-momentum     Y-momentum     Z-momentum         Energy            Tke            Sdr 
          2141   1.190196e-06   1.535826e-03   1.932058e-03   1.788385e-05   0.000000e+00   1.052011e+00   7.620723e-07 
          2142   1.199045e-06   1.535938e-03   1.936578e-03   1.787285e-05   0.000000e+00   1.051884e+00   7.619109e-07 
          2143   1.193230e-06   1.536049e-03   1.940806e-03   1.786352e-05   0.000000e+00   1.051756e+00   7.617496e-07 
          2144   1.169638e-06   1.536160e-03   1.945112e-03   1.785416e-05   0.000000e+00   1.051627e+00   7.615901e-07 
          2145   1.179308e-06   1.536272e-03   1.949645e-03   1.784275e-05   0.000000e+00   1.051499e+00   7.614296e-07 
          2146   1.178373e-06   1.536384e-03   1.953774e-03   1.783381e-05   0.000000e+00   1.051371e+00   7.612691e-07 
          2147   1.163921e-06   1.536496e-03   1.957892e-03   1.782521e-05   0.000000e+00   1.051242e+00   7.611104e-07 
          2148   1.180715e-06   1.536608e-03   1.962295e-03   1.781406e-05   0.000000e+00   1.051113e+00   7.609506e-07 
          2149   1.182340e-06   1.536720e-03   1.966417e-03   1.780517e-05   0.000000e+00   1.050984e+00   7.607915e-07 
          2150   1.185719e-06   1.536832e-03   1.970622e-03   1.779608e-05   0.000000e+00   1.050855e+00   7.606324e-07 
     Iteration     Continuity     X-momentum     Y-momentum     Z-momentum         Energy            Tke            Sdr 
          2151   1.187487e-06   1.536944e-03   1.974827e-03   1.778552e-05   0.000000e+00   1.050725e+00   7.604737e-07 
          2152   1.193517e-06   1.537056e-03   1.979040e-03   1.777549e-05   0.000000e+00   1.050595e+00   7.603151e-07 
          2153   1.198729e-06   1.537167e-03   1.983329e-03   1.776441e-05   0.000000e+00   1.050465e+00   7.601568e-07 
          2154   1.207245e-06   1.537279e-03   1.987584e-03   1.775407e-05   0.000000e+00   1.050335e+00   7.599986e-07 
          2155   1.213224e-06   1.537390e-03   1.991917e-03   1.774294e-05   0.000000e+00   1.050204e+00   7.598408e-07 
          2156   1.219467e-06   1.537500e-03   1.996042e-03   1.773272e-05   0.000000e+00   1.050070e+00   7.596827e-07 
          2157   1.222451e-06   1.537610e-03   2.000288e-03   1.772174e-05   0.000000e+00   1.049938e+00   7.595252e-07 
          2158   1.226010e-06   1.537721e-03   2.004444e-03   1.771186e-05   0.000000e+00   1.049805e+00   7.593677e-07 
          2159   1.221207e-06   1.537832e-03   2.008753e-03   1.770109e-05   0.000000e+00   1.049673e+00   7.592106e-07 
          2160   1.221618e-06   1.537942e-03   2.012995e-03   1.769262e-05   0.000000e+00   1.049541e+00   7.590534e-07 
     Iteration     Continuity     X-momentum     Y-momentum     Z-momentum         Energy            Tke            Sdr 
          2161   1.221683e-06   1.538053e-03   2.017307e-03   1.768371e-05   0.000000e+00   1.049408e+00   7.588967e-07 
          2162   1.224177e-06   1.538150e-03   2.021661e-03   1.767691e-05   0.000000e+00   1.049260e+00   7.587377e-07 
          2163   1.224789e-06   1.538250e-03   2.026088e-03   1.766989e-05   0.000000e+00   1.049117e+00   7.585798e-07 
          2164   1.227601e-06   1.538353e-03   2.030754e-03   1.766445e-05   0.000000e+00   1.048978e+00   7.584225e-07 
          2165   1.227547e-06   1.538458e-03   2.035455e-03   1.765783e-05   0.000000e+00   1.048841e+00   7.582658e-07 
          2166   1.229329e-06   1.538564e-03   2.039844e-03   1.765112e-05   0.000000e+00   1.048704e+00   7.581091e-07 
          2167   1.228239e-06   1.538670e-03   2.044339e-03   1.764277e-05   0.000000e+00   1.048568e+00   7.579529e-07 
          2168   1.228170e-06   1.538778e-03   2.048815e-03   1.763425e-05   0.000000e+00   1.048431e+00   7.577967e-07 
          2169   1.224843e-06   1.538885e-03   2.053356e-03   1.762456e-05   0.000000e+00   1.048295e+00   7.576408e-07 
          2170   1.221633e-06   1.538993e-03   2.057868e-03   1.761501e-05   0.000000e+00   1.048159e+00   7.574849e-07 
     Iteration     Continuity     X-momentum     Y-momentum     Z-momentum         Energy            Tke            Sdr 
          2171   1.216836e-06   1.539100e-03   2.062480e-03   1.760462e-05   0.000000e+00   1.048023e+00   7.573293e-07 
          2172   1.212079e-06   1.539208e-03   2.067023e-03   1.759446e-05   0.000000e+00   1.047886e+00   7.571737e-07 
          2173   1.207871e-06   1.539316e-03   2.071631e-03   1.758369e-05   0.000000e+00   1.047749e+00   7.570184e-07 
          2174   1.202754e-06   1.539424e-03   2.076165e-03   1.757325e-05   0.000000e+00   1.047613e+00   7.568631e-07 
          2175   1.196314e-06   1.539532e-03   2.080971e-03   1.756228e-05   0.000000e+00   1.047476e+00   7.567081e-07 
          2176   1.189074e-06   1.539629e-03   2.085670e-03   1.755176e-05   0.000000e+00   1.047329e+00   7.565514e-07 
          2177   1.181899e-06   1.539718e-03   2.090333e-03   1.754076e-05   0.000000e+00   1.047176e+00   7.563939e-07 
          2178   1.180196e-06   1.539813e-03   2.094930e-03   1.753019e-05   0.000000e+00   1.047029e+00   7.562375e-07 
          2179   1.178944e-06   1.539911e-03   2.099540e-03   1.751923e-05   0.000000e+00   1.046885e+00   7.560819e-07 
          2180   1.178457e-06   1.540011e-03   2.104063e-03   1.750879e-05   0.000000e+00   1.046743e+00   7.559266e-07 
     Iteration     Continuity     X-momentum     Y-momentum     Z-momentum         Energy            Tke            Sdr 
          2181   1.175469e-06   1.540112e-03   2.108743e-03   1.749804e-05   0.000000e+00   1.046601e+00   7.557716e-07 
          2182   1.173610e-06   1.540215e-03   2.113366e-03   1.748787e-05   0.000000e+00   1.046460e+00   7.556167e-07 
          2183   1.170539e-06   1.540317e-03   2.117839e-03   1.747740e-05   0.000000e+00   1.046318e+00   7.554620e-07 
          2184   1.169273e-06   1.540421e-03   2.122446e-03   1.746745e-05   0.000000e+00   1.046177e+00   7.553074e-07 
          2185   1.166647e-06   1.540524e-03   2.127128e-03   1.745704e-05   0.000000e+00   1.046036e+00   7.551531e-07 
          2186   1.162444e-06   1.540628e-03   2.131831e-03   1.744710e-05   0.000000e+00   1.045895e+00   7.549987e-07 
          2187   1.156862e-06   1.540732e-03   2.136431e-03   1.743657e-05   0.000000e+00   1.045754e+00   7.548446e-07 
          2188   1.152640e-06   1.540836e-03   2.141121e-03   1.742649e-05   0.000000e+00   1.045612e+00   7.546905e-07 
          2189   1.147711e-06   1.540940e-03   2.145705e-03   1.741442e-05   0.000000e+00   1.045471e+00   7.545366e-07 
          2190   1.145609e-06   1.541044e-03   2.150470e-03   1.740163e-05   0.000000e+00   1.045329e+00   7.543827e-07 
     Iteration     Continuity     X-momentum     Y-momentum     Z-momentum         Energy            Tke            Sdr 
          2191   1.143322e-06   1.541149e-03   2.155071e-03   1.738797e-05   0.000000e+00   1.045187e+00   7.542290e-07 
          2192   1.143311e-06   1.541253e-03   2.159848e-03   1.737539e-05   0.000000e+00   1.045045e+00   7.540753e-07 
          2193   1.141124e-06   1.541357e-03   2.164511e-03   1.736309e-05   0.000000e+00   1.044903e+00   7.539219e-07 
          2194   1.139286e-06   1.541461e-03   2.169300e-03   1.735240e-05   0.000000e+00   1.044761e+00   7.537684e-07 
          2195   1.135748e-06   1.541565e-03   2.173993e-03   1.734202e-05   0.000000e+00   1.044618e+00   7.536151e-07 
          2196   1.134103e-06   1.541668e-03   2.178773e-03   1.733295e-05   0.000000e+00   1.044474e+00   7.534618e-07 
          2197   1.131245e-06   1.541772e-03   2.183476e-03   1.732377e-05   0.000000e+00   1.044331e+00   7.533088e-07 
          2198   1.128619e-06   1.541874e-03   2.188180e-03   1.731555e-05   0.000000e+00   1.044185e+00   7.531555e-07 
          2199   1.125323e-06   1.541977e-03   2.192807e-03   1.730690e-05   0.000000e+00   1.044039e+00   7.530025e-07 
          2200   1.125053e-06   1.542080e-03   2.197421e-03   1.729905e-05   0.000000e+00   1.043895e+00   7.528496e-07 
     Iteration     Continuity     X-momentum     Y-momentum     Z-momentum         Energy            Tke            Sdr 
          2201   1.123440e-06   1.542180e-03   2.202058e-03   1.729052e-05   0.000000e+00   1.043746e+00   7.526965e-07 
          2202   1.124898e-06   1.542275e-03   2.206646e-03   1.728255e-05   0.000000e+00   1.043593e+00   7.525429e-07 
          2203   1.126883e-06   1.542374e-03   2.211253e-03   1.727388e-05   0.000000e+00   1.043444e+00   7.523899e-07 
          2204   1.132106e-06   1.542473e-03   2.215794e-03   1.726579e-05   0.000000e+00   1.043296e+00   7.522371e-07 
          2205   1.135365e-06   1.542574e-03   2.220366e-03   1.725696e-05   0.000000e+00   1.043149e+00   7.520846e-07 
          2206   1.139892e-06   1.542675e-03   2.224902e-03   1.724870e-05   0.000000e+00   1.043002e+00   7.519321e-07 
          2207   1.142857e-06   1.542775e-03   2.229488e-03   1.723965e-05   0.000000e+00   1.042855e+00   7.517798e-07 
          2208   1.146246e-06   1.542877e-03   2.234021e-03   1.723119e-05   0.000000e+00   1.042707e+00   7.516275e-07 
          2209   1.146798e-06   1.542978e-03   2.238616e-03   1.722184e-05   0.000000e+00   1.042560e+00   7.514754e-07 
          2210   1.149193e-06   1.543079e-03   2.243206e-03   1.721305e-05   0.000000e+00   1.042413e+00   7.513233e-07 
     Iteration     Continuity     X-momentum     Y-momentum     Z-momentum         Energy            Tke            Sdr 
          2211   1.147847e-06   1.543180e-03   2.247847e-03   1.720331e-05   0.000000e+00   1.042265e+00   7.511714e-07 
          2212   1.145924e-06   1.543281e-03   2.252400e-03   1.719430e-05   0.000000e+00   1.042117e+00   7.510195e-07 
          2213   1.143137e-06   1.543382e-03   2.257029e-03   1.718430e-05   0.000000e+00   1.041969e+00   7.508677e-07 
          2214   1.141276e-06   1.543482e-03   2.261611e-03   1.717513e-05   0.000000e+00   1.041821e+00   7.507160e-07 
          2215   1.138512e-06   1.543583e-03   2.266265e-03   1.716502e-05   0.000000e+00   1.041673e+00   7.505644e-07 
          2216   1.137830e-06   1.543684e-03   2.270833e-03   1.715576e-05   0.000000e+00   1.041524e+00   7.504129e-07 
          2217   1.136605e-06   1.543784e-03   2.275466e-03   1.714557e-05   0.000000e+00   1.041375e+00   7.502615e-07 
          2218   1.137151e-06   1.543884e-03   2.280086e-03   1.713622e-05   0.000000e+00   1.041226e+00   7.501101e-07 
          2219   1.135693e-06   1.543985e-03   2.284752e-03   1.712599e-05   0.000000e+00   1.041077e+00   7.499589e-07 
          2220   1.134770e-06   1.544085e-03   2.289406e-03   1.711660e-05   0.000000e+00   1.040927e+00   7.498077e-07 
     Iteration     Continuity     X-momentum     Y-momentum     Z-momentum         Energy            Tke            Sdr 
          2221   1.133903e-06   1.544184e-03   2.294085e-03   1.710619e-05   0.000000e+00   1.040778e+00   7.496568e-07 
          2222   1.135900e-06   1.544284e-03   2.298741e-03   1.709658e-05   0.000000e+00   1.040627e+00   7.495057e-07 
          2223   1.137279e-06   1.544384e-03   2.303442e-03   1.708607e-05   0.000000e+00   1.040477e+00   7.493549e-07 
          2224   1.141455e-06   1.544483e-03   2.308114e-03   1.707638e-05   0.000000e+00   1.040326e+00   7.492041e-07 
          2225   1.144592e-06   1.544582e-03   2.312849e-03   1.706585e-05   0.000000e+00   1.040176e+00   7.490534e-07 
          2226   1.148224e-06   1.544681e-03   2.317560e-03   1.705616e-05   0.000000e+00   1.040024e+00   7.489028e-07 
          2227   1.149940e-06   1.544780e-03   2.322380e-03   1.704580e-05   0.000000e+00   1.039873e+00   7.487523e-07 
          2228   1.152106e-06   1.544878e-03   2.327058e-03   1.703629e-05   0.000000e+00   1.039721e+00   7.486019e-07 
          2229   1.151315e-06   1.544977e-03   2.331836e-03   1.702616e-05   0.000000e+00   1.039569e+00   7.484516e-07 
          2230   1.149988e-06   1.545075e-03   2.336560e-03   1.701687e-05   0.000000e+00   1.039417e+00   7.483013e-07 
     Iteration     Continuity     X-momentum     Y-momentum     Z-momentum         Energy            Tke            Sdr 
          2231   1.144152e-06   1.545173e-03   2.341340e-03   1.700691e-05   0.000000e+00   1.039265e+00   7.481512e-07 
          2232   1.141050e-06   1.545269e-03   2.346073e-03   1.699760e-05   0.000000e+00   1.039109e+00   7.480008e-07 
          2233   1.135934e-06   1.545366e-03   2.350899e-03   1.698764e-05   0.000000e+00   1.038955e+00   7.478508e-07 
          2234   1.130796e-06   1.545463e-03   2.355684e-03   1.697839e-05   0.000000e+00   1.038801e+00   7.477008e-07 
          2235   1.123991e-06   1.545559e-03   2.360560e-03   1.696846e-05   0.000000e+00   1.038647e+00   7.475509e-07 
          2236   1.121074e-06   1.545655e-03   2.365339e-03   1.695922e-05   0.000000e+00   1.038492e+00   7.474011e-07 
          2237   1.118204e-06   1.545728e-03   2.370188e-03   1.694933e-05   0.000000e+00   1.038322e+00   7.472489e-07 
          2238   1.117016e-06   1.545803e-03   2.374911e-03   1.694015e-05   0.000000e+00   1.038155e+00   7.470973e-07 
          2239   1.116034e-06   1.545884e-03   2.379688e-03   1.693043e-05   0.000000e+00   1.037992e+00   7.469465e-07 
          2240   1.118543e-06   1.545968e-03   2.384369e-03   1.692133e-05   0.000000e+00   1.037831e+00   7.467961e-07 
     Iteration     Continuity     X-momentum     Y-momentum     Z-momentum         Energy            Tke            Sdr 
          2241   1.118986e-06   1.546054e-03   2.389142e-03   1.691168e-05   0.000000e+00   1.037672e+00   7.466460e-07 
          2242   1.120168e-06   1.546141e-03   2.393835e-03   1.690268e-05   0.000000e+00   1.037513e+00   7.464960e-07 
          2243   1.119891e-06   1.546229e-03   2.398599e-03   1.689321e-05   0.000000e+00   1.037354e+00   7.463462e-07 
          2244   1.121231e-06   1.546318e-03   2.403274e-03   1.688425e-05   0.000000e+00   1.037195e+00   7.461964e-07 
          2245   1.120992e-06   1.546407e-03   2.408060e-03   1.687473e-05   0.000000e+00   1.037036e+00   7.460469e-07 
          2246   1.121638e-06   1.546497e-03   2.412813e-03   1.686561e-05   0.000000e+00   1.036878e+00   7.458974e-07 
          2247   1.118754e-06   1.546587e-03   2.417617e-03   1.685585e-05   0.000000e+00   1.036719e+00   7.457480e-07 
          2248   1.116983e-06   1.546677e-03   2.422343e-03   1.684656e-05   0.000000e+00   1.036561e+00   7.455987e-07 
          2249   1.112272e-06   1.546768e-03   2.427144e-03   1.683671e-05   0.000000e+00   1.036402e+00   7.454495e-07 
          2250   1.107968e-06   1.546855e-03   2.431855e-03   1.682741e-05   0.000000e+00   1.036243e+00   7.452982e-07 
     Iteration     Continuity     X-momentum     Y-momentum     Z-momentum         Energy            Tke            Sdr 
          2251   1.101185e-06   1.546936e-03   2.436652e-03   1.681749e-05   0.000000e+00   1.036083e+00   7.451430e-07 
          2252   1.093086e-06   1.547019e-03   2.441404e-03   1.680811e-05   0.000000e+00   1.035923e+00   7.449890e-07 
          2253   1.083920e-06   1.547104e-03   2.446223e-03   1.679793e-05   0.000000e+00   1.035763e+00   7.448361e-07 
          2254   1.077690e-06   1.547189e-03   2.450979e-03   1.678836e-05   0.000000e+00   1.035603e+00   7.446836e-07 
          2255   1.070854e-06   1.547274e-03   2.455799e-03   1.677820e-05   0.000000e+00   1.035443e+00   7.445316e-07 
          2256   1.063498e-06   1.547359e-03   2.460595e-03   1.676888e-05   0.000000e+00   1.035282e+00   7.443799e-07 
          2257   1.059267e-06   1.547445e-03   2.465431e-03   1.675888e-05   0.000000e+00   1.035122e+00   7.442285e-07 
          2258   1.058333e-06   1.547531e-03   2.470226e-03   1.674953e-05   0.000000e+00   1.034961e+00   7.440773e-07 
          2259   1.056307e-06   1.547615e-03   2.475057e-03   1.673951e-05   0.000000e+00   1.034798e+00   7.439262e-07 
          2260   1.056999e-06   1.547699e-03   2.479836e-03   1.673006e-05   0.000000e+00   1.034634e+00   7.437752e-07 
     Iteration     Continuity     X-momentum     Y-momentum     Z-momentum         Energy            Tke            Sdr 
          2261   1.058337e-06   1.547759e-03   2.484652e-03   1.671999e-05   0.000000e+00   1.034453e+00   7.436212e-07 
          2262   1.061388e-06   1.547827e-03   2.489541e-03   1.671056e-05   0.000000e+00   1.034280e+00   7.434687e-07 
          2263   1.062814e-06   1.547893e-03   2.494350e-03   1.670062e-05   0.000000e+00   1.034108e+00   7.433172e-07 
          2264   1.065956e-06   1.547947e-03   2.498977e-03   1.669131e-05   0.000000e+00   1.033934e+00   7.431659e-07 
          2265   1.068315e-06   1.548009e-03   2.503524e-03   1.668147e-05   0.000000e+00   1.033762e+00   7.430152e-07 
          2266   1.071847e-06   1.548075e-03   2.507954e-03   1.667229e-05   0.000000e+00   1.033593e+00   7.428646e-07 
          2267   1.075523e-06   1.548143e-03   2.512342e-03   1.666247e-05   0.000000e+00   1.033424e+00   7.427144e-07 
          2268   1.080237e-06   1.548213e-03   2.516677e-03   1.665337e-05   0.000000e+00   1.033256e+00   7.425642e-07 
          2269   1.084354e-06   1.548285e-03   2.521009e-03   1.664370e-05   0.000000e+00   1.033089e+00   7.424144e-07 
          2270   1.090480e-06   1.548359e-03   2.525270e-03   1.663480e-05   0.000000e+00   1.032922e+00   7.422647e-07 
     Iteration     Continuity     X-momentum     Y-momentum     Z-momentum         Energy            Tke            Sdr 
          2271   1.095063e-06   1.548433e-03   2.529541e-03   1.662521e-05   0.000000e+00   1.032755e+00   7.421152e-07 
          2272   1.099729e-06   1.548508e-03   2.533819e-03   1.661628e-05   0.000000e+00   1.032588e+00   7.419658e-07 
          2273   1.102297e-06   1.548584e-03   2.538142e-03   1.660656e-05   0.000000e+00   1.032421e+00   7.418167e-07 
          2274   1.104255e-06   1.548660e-03   2.542479e-03   1.659750e-05   0.000000e+00   1.032255e+00   7.416676e-07 
          2275   1.102510e-06   1.548737e-03   2.546832e-03   1.658771e-05   0.000000e+00   1.032088e+00   7.415187e-07 
          2276   1.101445e-06   1.548814e-03   2.551172e-03   1.657844e-05   0.000000e+00   1.031921e+00   7.413699e-07 
          2277   1.099431e-06   1.548892e-03   2.555558e-03   1.656852e-05   0.000000e+00   1.031754e+00   7.412213e-07 
          2278   1.099883e-06   1.548970e-03   2.559935e-03   1.655913e-05   0.000000e+00   1.031587e+00   7.410727e-07 
          2279   1.100096e-06   1.549047e-03   2.564341e-03   1.654924e-05   0.000000e+00   1.031418e+00   7.409242e-07 
          2280   1.101828e-06   1.549124e-03   2.568704e-03   1.653984e-05   0.000000e+00   1.031250e+00   7.407759e-07 
     Iteration     Continuity     X-momentum     Y-momentum     Z-momentum         Energy            Tke            Sdr 
          2281   1.101279e-06   1.549202e-03   2.573100e-03   1.653009e-05   0.000000e+00   1.031081e+00   7.406277e-07 
          2282   1.102504e-06   1.549280e-03   2.577460e-03   1.652087e-05   0.000000e+00   1.030912e+00   7.404796e-07 
          2283   1.102058e-06   1.549358e-03   2.581876e-03   1.651123e-05   0.000000e+00   1.030744e+00   7.403317e-07 
          2284   1.102437e-06   1.549437e-03   2.586250e-03   1.650190e-05   0.000000e+00   1.030576e+00   7.401838e-07 
          2285   1.100250e-06   1.549516e-03   2.590669e-03   1.649211e-05   0.000000e+00   1.030408e+00   7.400362e-07 
          2286   1.097107e-06   1.549595e-03   2.595081e-03   1.648273e-05   0.000000e+00   1.030240e+00   7.398886e-07 
          2287   1.089843e-06   1.549674e-03   2.599504e-03   1.647286e-05   0.000000e+00   1.030071e+00   7.397412e-07 
          2288   1.085984e-06   1.549754e-03   2.603883e-03   1.646339e-05   0.000000e+00   1.029903e+00   7.395938e-07 
          2289   1.081778e-06   1.549833e-03   2.608292e-03   1.645336e-05   0.000000e+00   1.029734e+00   7.394466e-07 
          2290   1.079507e-06   1.549913e-03   2.612694e-03   1.644385e-05   0.000000e+00   1.029565e+00   7.392995e-07 
     Iteration     Continuity     X-momentum     Y-momentum     Z-momentum         Energy            Tke            Sdr 
          2291   1.076679e-06   1.549993e-03   2.617121e-03   1.643379e-05   0.000000e+00   1.029396e+00   7.391525e-07 
          2292   1.073000e-06   1.550072e-03   2.621523e-03   1.642429e-05   0.000000e+00   1.029227e+00   7.390056e-07 
          2293   1.068201e-06   1.550151e-03   2.625973e-03   1.641409e-05   0.000000e+00   1.029056e+00   7.388587e-07 
          2294   1.065383e-06   1.550230e-03   2.630300e-03   1.640441e-05   0.000000e+00   1.028885e+00   7.387119e-07 
          2295   1.062904e-06   1.550309e-03   2.634737e-03   1.639416e-05   0.000000e+00   1.028715e+00   7.385654e-07 
          2296   1.062288e-06   1.550387e-03   2.639215e-03   1.638452e-05   0.000000e+00   1.028543e+00   7.384188e-07 
          2297   1.060886e-06   1.550466e-03   2.643667e-03   1.637428e-05   0.000000e+00   1.028372e+00   7.382724e-07 
          2298   1.058115e-06   1.550536e-03   2.648105e-03   1.636458e-05   0.000000e+00   1.028196e+00   7.381258e-07 
          2299   1.053797e-06   1.550590e-03   2.652370e-03   1.635432e-05   0.000000e+00   1.028013e+00   7.379790e-07 
          2300   1.050471e-06   1.550651e-03   2.656520e-03   1.634459e-05   0.000000e+00   1.027834e+00   7.378324e-07 
     Iteration     Continuity     X-momentum     Y-momentum     Z-momentum         Energy            Tke            Sdr 
          2301   1.047143e-06   1.550715e-03   2.660668e-03   1.633438e-05   0.000000e+00   1.027658e+00   7.376862e-07 
          2302   1.045441e-06   1.550783e-03   2.664877e-03   1.632469e-05   0.000000e+00   1.027482e+00   7.375400e-07 
          2303   1.041163e-06   1.550850e-03   2.669027e-03   1.631462e-05   0.000000e+00   1.027305e+00   7.373939e-07 
          2304   1.037147e-06   1.550919e-03   2.673189e-03   1.630503e-05   0.000000e+00   1.027129e+00   7.372479e-07 
          2305   1.033933e-06   1.550988e-03   2.677315e-03   1.629504e-05   0.000000e+00   1.026952e+00   7.371021e-07 
          2306   1.032414e-06   1.551059e-03   2.681378e-03   1.628558e-05   0.000000e+00   1.026776e+00   7.369563e-07 
          2307   1.031669e-06   1.551130e-03   2.685459e-03   1.627578e-05   0.000000e+00   1.026601e+00   7.368108e-07 
          2308   1.033358e-06   1.551202e-03   2.689468e-03   1.626647e-05   0.000000e+00   1.026426e+00   7.366653e-07 
          2309   1.034592e-06   1.551273e-03   2.693421e-03   1.625687e-05   0.000000e+00   1.026250e+00   7.365200e-07 
          2310   1.036342e-06   1.551345e-03   2.697300e-03   1.624770e-05   0.000000e+00   1.026073e+00   7.363746e-07 
     Iteration     Continuity     X-momentum     Y-momentum     Z-momentum         Energy            Tke            Sdr 
          2311   1.036400e-06   1.551416e-03   2.701082e-03   1.623822e-05   0.000000e+00   1.025896e+00   7.362294e-07 
          2312   1.036934e-06   1.551488e-03   2.704746e-03   1.622907e-05   0.000000e+00   1.025719e+00   7.360842e-07 
          2313   1.037022e-06   1.551559e-03   2.708269e-03   1.621955e-05   0.000000e+00   1.025540e+00   7.359390e-07 
          2314   1.037925e-06   1.551631e-03   2.711665e-03   1.621041e-05   0.000000e+00   1.025363e+00   7.357940e-07 
          2315   1.038706e-06   1.551703e-03   2.714958e-03   1.620098e-05   0.000000e+00   1.025186e+00   7.356492e-07 
          2316   1.040158e-06   1.551765e-03   2.718162e-03   1.619192e-05   0.000000e+00   1.024998e+00   7.355027e-07 
          2317   1.038976e-06   1.551827e-03   2.721307e-03   1.618243e-05   0.000000e+00   1.024811e+00   7.353566e-07 
          2318   1.039047e-06   1.551893e-03   2.724408e-03   1.617325e-05   0.000000e+00   1.024628e+00   7.352111e-07 
          2319   1.035731e-06   1.551961e-03   2.727500e-03   1.616378e-05   0.000000e+00   1.024448e+00   7.350660e-07 
          2320   1.031140e-06   1.552030e-03   2.730542e-03   1.615473e-05   0.000000e+00   1.024268e+00   7.349211e-07 
     Iteration     Continuity     X-momentum     Y-momentum     Z-momentum         Energy            Tke            Sdr 
          2321   1.025784e-06   1.552100e-03   2.733589e-03   1.614533e-05   0.000000e+00   1.024089e+00   7.347764e-07 
          2322   1.023240e-06   1.552171e-03   2.736591e-03   1.613625e-05   0.000000e+00   1.023910e+00   7.346317e-07 
          2323   1.020589e-06   1.552242e-03   2.739609e-03   1.612678e-05   0.000000e+00   1.023731e+00   7.344872e-07 
          2324   1.020338e-06   1.552314e-03   2.742585e-03   1.611768e-05   0.000000e+00   1.023552e+00   7.343427e-07 
          2325   1.020610e-06   1.552386e-03   2.745619e-03   1.610803e-05   0.000000e+00   1.023373e+00   7.341984e-07 
          2326   1.022693e-06   1.552458e-03   2.748633e-03   1.609871e-05   0.000000e+00   1.023194e+00   7.340541e-07 
          2327   1.023710e-06   1.552530e-03   2.751699e-03   1.608882e-05   0.000000e+00   1.023015e+00   7.339099e-07 
          2328   1.025755e-06   1.552602e-03   2.754695e-03   1.607931e-05   0.000000e+00   1.022836e+00   7.337657e-07 
          2329   1.026935e-06   1.552674e-03   2.757759e-03   1.606923e-05   0.000000e+00   1.022657e+00   7.336217e-07 
          2330   1.028820e-06   1.552746e-03   2.760758e-03   1.605964e-05   0.000000e+00   1.022477e+00   7.334777e-07 
     Iteration     Continuity     X-momentum     Y-momentum     Z-momentum         Energy            Tke            Sdr 
          2331   1.029125e-06   1.552819e-03   2.763808e-03   1.604956e-05   0.000000e+00   1.022298e+00   7.333338e-07 
          2332   1.030040e-06   1.552891e-03   2.766794e-03   1.604001e-05   0.000000e+00   1.022118e+00   7.331899e-07 
          2333   1.030808e-06   1.552963e-03   2.769839e-03   1.602988e-05   0.000000e+00   1.021938e+00   7.330462e-07 
          2334   1.034302e-06   1.553036e-03   2.772830e-03   1.602024e-05   0.000000e+00   1.021758e+00   7.329024e-07 
          2335   1.036289e-06   1.553108e-03   2.775861e-03   1.601007e-05   0.000000e+00   1.021577e+00   7.327589e-07 
          2336   1.037924e-06   1.553180e-03   2.778865e-03   1.600046e-05   0.000000e+00   1.021397e+00   7.326152e-07 
          2337   1.037900e-06   1.553252e-03   2.781915e-03   1.599031e-05   0.000000e+00   1.021216e+00   7.324718e-07 
          2338   1.040273e-06   1.553324e-03   2.784884e-03   1.598062e-05   0.000000e+00   1.021035e+00   7.323283e-07 
          2339   1.042264e-06   1.553396e-03   2.787916e-03   1.597050e-05   0.000000e+00   1.020854e+00   7.321851e-07 
          2340   1.045236e-06   1.553468e-03   2.790915e-03   1.596095e-05   0.000000e+00   1.020673e+00   7.320418e-07 
     Iteration     Continuity     X-momentum     Y-momentum     Z-momentum         Energy            Tke            Sdr 
          2341   1.046278e-06   1.553540e-03   2.793939e-03   1.595093e-05   0.000000e+00   1.020491e+00   7.318986e-07 
          2342   1.047537e-06   1.553611e-03   2.796993e-03   1.594137e-05   0.000000e+00   1.020310e+00   7.317555e-07 
          2343   1.047357e-06   1.553675e-03   2.799984e-03   1.593129e-05   0.000000e+00   1.020118e+00   7.316108e-07 
          2344   1.033662e-06   1.553741e-03   2.801509e-03   1.592204e-05   0.000000e+00   1.019931e+00   7.314681e-07 
          2345   1.044910e-06   1.553809e-03   2.802809e-03   1.591077e-05   0.000000e+00   1.019745e+00   7.313246e-07 
          2346   1.044493e-06   1.553877e-03   2.802835e-03   1.590164e-05   0.000000e+00   1.019561e+00   7.311809e-07 
          2347   1.033551e-06   1.553946e-03   2.802030e-03   1.589235e-05   0.000000e+00   1.019376e+00   7.310388e-07 
          2348   1.044410e-06   1.554015e-03   2.801622e-03   1.588192e-05   0.000000e+00   1.019192e+00   7.308956e-07 
          2349   1.042825e-06   1.554085e-03   2.800171e-03   1.587310e-05   0.000000e+00   1.019008e+00   7.307522e-07 
          2350   1.029392e-06   1.554154e-03   2.798259e-03   1.586422e-05   0.000000e+00   1.018823e+00   7.306104e-07 
     Iteration     Continuity     X-momentum     Y-momentum     Z-momentum         Energy            Tke            Sdr 
          2351   1.037574e-06   1.554223e-03   2.796886e-03   1.585371e-05   0.000000e+00   1.018638e+00   7.304674e-07 
          2352   1.034312e-06   1.554291e-03   2.794743e-03   1.584510e-05   0.000000e+00   1.018453e+00   7.303242e-07 
          2353   1.018389e-06   1.554360e-03   2.792355e-03   1.583658e-05   0.000000e+00   1.018268e+00   7.301826e-07 
          2354   1.022348e-06   1.554429e-03   2.790596e-03   1.582596e-05   0.000000e+00   1.018083e+00   7.300398e-07 
          2355   1.014037e-06   1.554498e-03   2.788164e-03   1.581749e-05   0.000000e+00   1.017897e+00   7.298968e-07 
          2356   9.958055e-07   1.554566e-03   2.785505e-03   1.580936e-05   0.000000e+00   1.017712e+00   7.297554e-07 
          2357   1.001274e-06   1.554635e-03   2.783548e-03   1.579868e-05   0.000000e+00   1.017526e+00   7.296122e-07 
          2358   9.847925e-07   1.554703e-03   2.780793e-03   1.579052e-05   0.000000e+00   1.017340e+00   7.294710e-07 
          2359   9.914763e-07   1.554772e-03   2.778705e-03   1.578055e-05   0.000000e+00   1.017154e+00   7.293280e-07 
          2360   9.768603e-07   1.554840e-03   2.775877e-03   1.577254e-05   0.000000e+00   1.016968e+00   7.291867e-07 
     Iteration     Continuity     X-momentum     Y-momentum     Z-momentum         Energy            Tke            Sdr 
          2361   9.848357e-07   1.554908e-03   2.773897e-03   1.576294e-05   0.000000e+00   1.016781e+00   7.290439e-07 
          2362   9.720134e-07   1.554976e-03   2.771021e-03   1.575529e-05   0.000000e+00   1.016594e+00   7.289028e-07 
          2363   9.790808e-07   1.555044e-03   2.768992e-03   1.574611e-05   0.000000e+00   1.016407e+00   7.287600e-07 
          2364   9.611038e-07   1.555109e-03   2.766149e-03   1.573881e-05   0.000000e+00   1.016220e+00   7.286177e-07 
          2365   9.653626e-07   1.555169e-03   2.764214e-03   1.572821e-05   0.000000e+00   1.016031e+00   7.284687e-07 
          2366   9.452065e-07   1.555229e-03   2.761301e-03   1.572111e-05   0.000000e+00   1.015843e+00   7.283222e-07 
          2367   9.352868e-07   1.555291e-03   2.759022e-03   1.571058e-05   0.000000e+00   1.015654e+00   7.281765e-07 
          2368   9.295564e-07   1.555352e-03   2.756596e-03   1.570189e-05   0.000000e+00   1.015466e+00   7.280317e-07 
          2369   9.372002e-07   1.555414e-03   2.754447e-03   1.569245e-05   0.000000e+00   1.015277e+00   7.278860e-07 
          2370   9.254188e-07   1.555476e-03   2.751649e-03   1.568502e-05   0.000000e+00   1.015088e+00   7.277418e-07 
     Iteration     Continuity     X-momentum     Y-momentum     Z-momentum         Energy            Tke            Sdr 
          2371   9.229719e-07   1.555538e-03   2.749329e-03   1.567386e-05   0.000000e+00   1.014898e+00   7.275981e-07 
          2372   9.352315e-07   1.555599e-03   2.747222e-03   1.566462e-05   0.000000e+00   1.014709e+00   7.274513e-07 
          2373   9.236290e-07   1.555661e-03   2.744260e-03   1.565643e-05   0.000000e+00   1.014519e+00   7.273070e-07 
          2374   9.359912e-07   1.555722e-03   2.742217e-03   1.564542e-05   0.000000e+00   1.014330e+00   7.271610e-07 
          2375   9.268156e-07   1.555784e-03   2.739333e-03   1.563756e-05   0.000000e+00   1.014140e+00   7.270173e-07 
          2376   9.412160e-07   1.555845e-03   2.737302e-03   1.562609e-05   0.000000e+00   1.013949e+00   7.268720e-07 
          2377   9.351587e-07   1.555906e-03   2.734436e-03   1.561810e-05   0.000000e+00   1.013759e+00   7.267288e-07 
          2378   9.503655e-07   1.555967e-03   2.732406e-03   1.560722e-05   0.000000e+00   1.013568e+00   7.265840e-07 
          2379   9.422896e-07   1.556028e-03   2.729548e-03   1.559857e-05   0.000000e+00   1.013378e+00   7.264412e-07 
          2380   9.545079e-07   1.556090e-03   2.727494e-03   1.558835e-05   0.000000e+00   1.013187e+00   7.262967e-07 
     Iteration     Continuity     X-momentum     Y-momentum     Z-momentum         Energy            Tke            Sdr 
          2381   9.452126e-07   1.556150e-03   2.724652e-03   1.558003e-05   0.000000e+00   1.012995e+00   7.261538e-07 
          2382   9.459208e-07   1.556206e-03   2.722364e-03   1.556854e-05   0.000000e+00   1.012799e+00   7.260105e-07 
          2383   9.601482e-07   1.556247e-03   2.720271e-03   1.555972e-05   0.000000e+00   1.012591e+00   7.258639e-07 
          2384   9.551434e-07   1.556294e-03   2.717410e-03   1.555157e-05   0.000000e+00   1.012390e+00   7.257199e-07 
          2385   9.600934e-07   1.556345e-03   2.715085e-03   1.554107e-05   0.000000e+00   1.012192e+00   7.255769e-07 
          2386   9.781387e-07   1.556398e-03   2.712987e-03   1.553089e-05   0.000000e+00   1.011996e+00   7.254328e-07 
          2387   9.756581e-07   1.556452e-03   2.710095e-03   1.552380e-05   0.000000e+00   1.011800e+00   7.252907e-07 
          2388   9.914064e-07   1.556507e-03   2.708149e-03   1.551203e-05   0.000000e+00   1.011605e+00   7.251473e-07 
          2389   9.896722e-07   1.556563e-03   2.705325e-03   1.550441e-05   0.000000e+00   1.011410e+00   7.250055e-07 
          2390   1.006987e-06   1.556619e-03   2.703407e-03   1.549383e-05   0.000000e+00   1.011215e+00   7.248624e-07 
     Iteration     Continuity     X-momentum     Y-momentum     Z-momentum         Energy            Tke            Sdr 
          2391   1.005857e-06   1.556675e-03   2.700607e-03   1.548639e-05   0.000000e+00   1.011020e+00   7.247211e-07 
          2392   1.020311e-06   1.556732e-03   2.698701e-03   1.547498e-05   0.000000e+00   1.010825e+00   7.245783e-07 
          2393   1.018675e-06   1.556788e-03   2.695882e-03   1.546778e-05   0.000000e+00   1.010631e+00   7.244372e-07 
          2394   1.033204e-06   1.556845e-03   2.693983e-03   1.545767e-05   0.000000e+00   1.010436e+00   7.242948e-07 
          2395   1.030614e-06   1.556902e-03   2.691192e-03   1.544967e-05   0.000000e+00   1.010241e+00   7.241540e-07 
          2396   1.042736e-06   1.556958e-03   2.689277e-03   1.543930e-05   0.000000e+00   1.010045e+00   7.240118e-07 
          2397   1.037022e-06   1.557015e-03   2.686481e-03   1.543129e-05   0.000000e+00   1.009850e+00   7.238708e-07 
          2398   1.036878e-06   1.557072e-03   2.684299e-03   1.542073e-05   0.000000e+00   1.009655e+00   7.237302e-07 
          2399   1.046509e-06   1.557129e-03   2.682283e-03   1.541079e-05   0.000000e+00   1.009459e+00   7.235884e-07 
          2400   1.039412e-06   1.557185e-03   2.679525e-03   1.540278e-05   0.000000e+00   1.009263e+00   7.234483e-07 
     Iteration     Continuity     X-momentum     Y-momentum     Z-momentum         Energy            Tke            Sdr 
          2401   1.045121e-06   1.557242e-03   2.677632e-03   1.539208e-05   0.000000e+00   1.009067e+00   7.233067e-07 
          2402   1.036269e-06   1.557298e-03   2.674909e-03   1.538510e-05   0.000000e+00   1.008871e+00   7.231664e-07 
          2403   1.032578e-06   1.557355e-03   2.672655e-03   1.537470e-05   0.000000e+00   1.008675e+00   7.230264e-07 
          2404   1.037185e-06   1.557411e-03   2.670729e-03   1.536632e-05   0.000000e+00   1.008479e+00   7.228851e-07 
          2405   1.023587e-06   1.557462e-03   2.667981e-03   1.535935e-05   0.000000e+00   1.008275e+00   7.227449e-07 
          2406   1.027128e-06   1.557513e-03   2.665968e-03   1.534880e-05   0.000000e+00   1.008073e+00   7.226031e-07 
          2407   1.013693e-06   1.557566e-03   2.662630e-03   1.534144e-05   0.000000e+00   1.007873e+00   7.224635e-07 
          2408   1.016801e-06   1.557619e-03   2.659863e-03   1.533253e-05   0.000000e+00   1.007673e+00   7.223230e-07 
          2409   1.009383e-06   1.557673e-03   2.656351e-03   1.532396e-05   0.000000e+00   1.007475e+00   7.221829e-07 
          2410   1.003978e-06   1.557727e-03   2.652800e-03   1.531504e-05   0.000000e+00   1.007276e+00   7.220423e-07 
     Iteration     Continuity     X-momentum     Y-momentum     Z-momentum         Energy            Tke            Sdr 
          2411   9.872672e-07   1.557781e-03   2.648707e-03   1.530576e-05   0.000000e+00   1.007077e+00   7.219035e-07 
          2412   9.899699e-07   1.557836e-03   2.645324e-03   1.529531e-05   0.000000e+00   1.006879e+00   7.217634e-07 
          2413   9.864406e-07   1.557890e-03   2.641193e-03   1.528700e-05   0.000000e+00   1.006680e+00   7.216232e-07 
          2414   9.753758e-07   1.557944e-03   2.636916e-03   1.527793e-05   0.000000e+00   1.006481e+00   7.214845e-07 
          2415   9.799513e-07   1.557998e-03   2.633357e-03   1.526766e-05   0.000000e+00   1.006282e+00   7.213449e-07 
          2416   9.787611e-07   1.558052e-03   2.629116e-03   1.525927e-05   0.000000e+00   1.006082e+00   7.212055e-07 
          2417   9.734635e-07   1.558106e-03   2.625053e-03   1.524948e-05   0.000000e+00   1.005883e+00   7.210663e-07 
          2418   9.646318e-07   1.558160e-03   2.620987e-03   1.523935e-05   0.000000e+00   1.005683e+00   7.209271e-07 
          2419   9.554289e-07   1.558213e-03   2.616902e-03   1.522828e-05   0.000000e+00   1.005483e+00   7.207882e-07 
          2420   9.509658e-07   1.558267e-03   2.612848e-03   1.521770e-05   0.000000e+00   1.005283e+00   7.206492e-07 
     Iteration     Continuity     X-momentum     Y-momentum     Z-momentum         Energy            Tke            Sdr 
          2421   9.467120e-07   1.558320e-03   2.608796e-03   1.520652e-05   0.000000e+00   1.005083e+00   7.205105e-07 
          2422   9.449215e-07   1.558373e-03   2.604776e-03   1.519531e-05   0.000000e+00   1.004883e+00   7.203717e-07 
          2423   9.408644e-07   1.558406e-03   2.600739e-03   1.518364e-05   0.000000e+00   1.004676e+00   7.202323e-07 
          2424   9.398593e-07   1.558442e-03   2.596742e-03   1.517212e-05   0.000000e+00   1.004471e+00   7.200931e-07 
          2425   9.374822e-07   1.558482e-03   2.592728e-03   1.516024e-05   0.000000e+00   1.004267e+00   7.199543e-07 
          2426   9.349057e-07   1.558524e-03   2.588779e-03   1.514909e-05   0.000000e+00   1.004063e+00   7.198156e-07 
          2427   9.310631e-07   1.558566e-03   2.584781e-03   1.513774e-05   0.000000e+00   1.003860e+00   7.196771e-07 
          2428   9.284002e-07   1.558610e-03   2.580840e-03   1.512774e-05   0.000000e+00   1.003656e+00   7.195387e-07 
          2429   9.256658e-07   1.558654e-03   2.576900e-03   1.511716e-05   0.000000e+00   1.003453e+00   7.193999e-07 
          2430   9.127811e-07   1.558698e-03   2.572672e-03   1.510756e-05   0.000000e+00   1.003249e+00   7.192626e-07 
     Iteration     Continuity     X-momentum     Y-momentum     Z-momentum         Energy            Tke            Sdr 
          2431   9.209758e-07   1.558743e-03   2.569123e-03   1.509766e-05   0.000000e+00   1.003046e+00   7.191243e-07 
          2432   9.187544e-07   1.558788e-03   2.565092e-03   1.508796e-05   0.000000e+00   1.002842e+00   7.189865e-07 
          2433   9.171483e-07   1.558833e-03   2.561196e-03   1.507979e-05   0.000000e+00   1.002639e+00   7.188487e-07 
          2434   9.161961e-07   1.558879e-03   2.557262e-03   1.506994e-05   0.000000e+00   1.002435e+00   7.187111e-07 
          2435   9.168837e-07   1.558924e-03   2.553359e-03   1.506151e-05   0.000000e+00   1.002231e+00   7.185736e-07 
          2436   9.178550e-07   1.558970e-03   2.549466e-03   1.505209e-05   0.000000e+00   1.002027e+00   7.184363e-07 
          2437   9.190865e-07   1.559016e-03   2.545555e-03   1.504343e-05   0.000000e+00   1.001823e+00   7.182989e-07 
          2438   9.203414e-07   1.559062e-03   2.541666e-03   1.503380e-05   0.000000e+00   1.001619e+00   7.181619e-07 
          2439   9.227678e-07   1.559108e-03   2.537776e-03   1.502501e-05   0.000000e+00   1.001415e+00   7.180247e-07 
          2440   9.252068e-07   1.559153e-03   2.533812e-03   1.501509e-05   0.000000e+00   1.001211e+00   7.178879e-07 
     Iteration     Continuity     X-momentum     Y-momentum     Z-momentum         Energy            Tke            Sdr 
          2441   9.289601e-07   1.559199e-03   2.529954e-03   1.500585e-05   0.000000e+00   1.001006e+00   7.177510e-07 
          2442   9.335557e-07   1.559245e-03   2.526120e-03   1.499615e-05   0.000000e+00   1.000802e+00   7.176139e-07 
          2443   9.283765e-07   1.559291e-03   2.521940e-03   1.498725e-05   0.000000e+00   1.000597e+00   7.174781e-07 
          2444   9.436113e-07   1.559337e-03   2.518478e-03   1.497715e-05   0.000000e+00   1.000392e+00   7.173409e-07 
          2445   9.368041e-07   1.559367e-03   2.514109e-03   1.496848e-05   0.000000e+00   1.000169e+00   7.172028e-07 
          2446   9.492012e-07   1.559398e-03   2.510528e-03   1.495867e-05   0.000000e+00   9.999505e-01   7.170643e-07 
          2447   9.512153e-07   1.559435e-03   2.506393e-03   1.495010e-05   0.000000e+00   9.997376e-01   7.169267e-07 
          2448   9.424067e-07   1.559473e-03   2.502204e-03   1.494134e-05   0.000000e+00   9.995270e-01   7.167906e-07 
          2449   9.531452e-07   1.559514e-03   2.498679e-03   1.493140e-05   0.000000e+00   9.993175e-01   7.166533e-07 
          2450   9.419156e-07   1.559555e-03   2.494323e-03   1.492264e-05   0.000000e+00   9.991087e-01   7.165177e-07 
     Iteration     Continuity     X-momentum     Y-momentum     Z-momentum         Energy            Tke            Sdr 
          2451   9.511315e-07   1.559596e-03   2.490902e-03   1.491272e-05   0.000000e+00   9.989002e-01   7.163812e-07 
          2452   9.508017e-07   1.559639e-03   2.486864e-03   1.490435e-05   0.000000e+00   9.986919e-01   7.162444e-07 
          2453   9.377422e-07   1.559681e-03   2.482721e-03   1.489544e-05   0.000000e+00   9.984837e-01   7.161094e-07 
          2454   9.474670e-07   1.559724e-03   2.479358e-03   1.488489e-05   0.000000e+00   9.982755e-01   7.159724e-07 
          2455   9.308087e-07   1.559767e-03   2.475010e-03   1.487694e-05   0.000000e+00   9.980674e-01   7.158375e-07 
          2456   9.389600e-07   1.559810e-03   2.471651e-03   1.486579e-05   0.000000e+00   9.978592e-01   7.157009e-07 
          2457   9.257899e-07   1.559853e-03   2.467362e-03   1.485783e-05   0.000000e+00   9.976509e-01   7.155661e-07 
          2458   9.373272e-07   1.559896e-03   2.463976e-03   1.484860e-05   0.000000e+00   9.974425e-01   7.154297e-07 
          2459   9.263319e-07   1.559939e-03   2.459715e-03   1.483884e-05   0.000000e+00   9.972340e-01   7.152950e-07 
          2460   9.377770e-07   1.559983e-03   2.456312e-03   1.483019e-05   0.000000e+00   9.970255e-01   7.151586e-07 
     Iteration     Continuity     X-momentum     Y-momentum     Z-momentum         Energy            Tke            Sdr 
          2461   9.261929e-07   1.560026e-03   2.452016e-03   1.482030e-05   0.000000e+00   9.968168e-01   7.150242e-07 
          2462   9.368921e-07   1.560069e-03   2.448676e-03   1.481013e-05   0.000000e+00   9.966080e-01   7.148886e-07 
          2463   9.318082e-07   1.560112e-03   2.444680e-03   1.480120e-05   0.000000e+00   9.963990e-01   7.147528e-07 
          2464   9.177772e-07   1.560155e-03   2.440590e-03   1.479220e-05   0.000000e+00   9.961899e-01   7.146186e-07 
          2465   9.247750e-07   1.560198e-03   2.437167e-03   1.478225e-05   0.000000e+00   9.959808e-01   7.144832e-07 
          2466   9.207004e-07   1.560241e-03   2.433195e-03   1.477383e-05   0.000000e+00   9.957715e-01   7.143477e-07 
          2467   9.071960e-07   1.560284e-03   2.429160e-03   1.476676e-05   0.000000e+00   9.955620e-01   7.142138e-07 
          2468   9.148655e-07   1.560327e-03   2.425616e-03   1.475899e-05   0.000000e+00   9.953525e-01   7.140786e-07 
          2469   9.131225e-07   1.560370e-03   2.421703e-03   1.475093e-05   0.000000e+00   9.951428e-01   7.139438e-07 
          2470   9.126897e-07   1.560412e-03   2.417917e-03   1.474209e-05   0.000000e+00   9.949329e-01   7.138092e-07 
     Iteration     Continuity     X-momentum     Y-momentum     Z-momentum         Energy            Tke            Sdr 
          2471   9.127543e-07   1.560455e-03   2.414152e-03   1.473295e-05   0.000000e+00   9.947229e-01   7.136745e-07 
          2472   9.137372e-07   1.560497e-03   2.410381e-03   1.472205e-05   0.000000e+00   9.945127e-01   7.135401e-07 
          2473   9.151645e-07   1.560539e-03   2.406623e-03   1.471235e-05   0.000000e+00   9.943024e-01   7.134056e-07 
          2474   9.166208e-07   1.560581e-03   2.402845e-03   1.470111e-05   0.000000e+00   9.940919e-01   7.132713e-07 
          2475   9.178718e-07   1.560623e-03   2.399051e-03   1.469130e-05   0.000000e+00   9.938813e-01   7.131370e-07 
          2476   9.165717e-07   1.560665e-03   2.395284e-03   1.468042e-05   0.000000e+00   9.936705e-01   7.130022e-07 
          2477   9.038204e-07   1.560706e-03   2.391181e-03   1.467038e-05   0.000000e+00   9.934595e-01   7.128690e-07 
          2478   9.130660e-07   1.560748e-03   2.387950e-03   1.465883e-05   0.000000e+00   9.932483e-01   7.127347e-07 
          2479   9.122750e-07   1.560784e-03   2.383895e-03   1.464912e-05   0.000000e+00   9.930363e-01   7.125954e-07 
          2480   9.026765e-07   1.560819e-03   2.379872e-03   1.463968e-05   0.000000e+00   9.928242e-01   7.124570e-07 
     Iteration     Continuity     X-momentum     Y-momentum     Z-momentum         Energy            Tke            Sdr 
          2481   9.142190e-07   1.560855e-03   2.376653e-03   1.462855e-05   0.000000e+00   9.926120e-01   7.123179e-07 
          2482   9.034067e-07   1.560891e-03   2.372416e-03   1.461950e-05   0.000000e+00   9.923997e-01   7.121811e-07 
          2483   9.141854e-07   1.560927e-03   2.369214e-03   1.460883e-05   0.000000e+00   9.921873e-01   7.120431e-07 
          2484   9.031724e-07   1.560964e-03   2.364899e-03   1.460039e-05   0.000000e+00   9.919748e-01   7.119072e-07 
          2485   9.158349e-07   1.561000e-03   2.361674e-03   1.458951e-05   0.000000e+00   9.917621e-01   7.117698e-07 
          2486   9.064565e-07   1.561037e-03   2.357247e-03   1.458076e-05   0.000000e+00   9.915491e-01   7.116344e-07 
          2487   9.173607e-07   1.561054e-03   2.353910e-03   1.457123e-05   0.000000e+00   9.913252e-01   7.114963e-07 
          2488   9.032740e-07   1.561069e-03   2.349471e-03   1.456295e-05   0.000000e+00   9.911007e-01   7.113602e-07 
          2489   9.109075e-07   1.561089e-03   2.346166e-03   1.455272e-05   0.000000e+00   9.908802e-01   7.112230e-07 
          2490   8.996656e-07   1.561113e-03   2.341725e-03   1.454701e-05   0.000000e+00   9.906614e-01   7.110877e-07 
     Iteration     Continuity     X-momentum     Y-momentum     Z-momentum         Energy            Tke            Sdr 
          2491   9.090292e-07   1.561138e-03   2.338414e-03   1.453846e-05   0.000000e+00   9.904436e-01   7.109518e-07 
          2492   9.081553e-07   1.561166e-03   2.334345e-03   1.453250e-05   0.000000e+00   9.902265e-01   7.108156e-07 
          2493   8.928554e-07   1.561194e-03   2.330202e-03   1.452463e-05   0.000000e+00   9.900097e-01   7.106812e-07 
          2494   8.984718e-07   1.561223e-03   2.326924e-03   1.451436e-05   0.000000e+00   9.897933e-01   7.105458e-07 
          2495   8.951612e-07   1.561253e-03   2.322951e-03   1.450602e-05   0.000000e+00   9.895770e-01   7.104103e-07 
          2496   8.838341e-07   1.561283e-03   2.318904e-03   1.449703e-05   0.000000e+00   9.893609e-01   7.102764e-07 
          2497   8.905414e-07   1.561313e-03   2.315543e-03   1.448711e-05   0.000000e+00   9.891449e-01   7.101410e-07 
          2498   8.784919e-07   1.561344e-03   2.311143e-03   1.447723e-05   0.000000e+00   9.889290e-01   7.100073e-07 
          2499   8.877843e-07   1.561376e-03   2.307880e-03   1.446659e-05   0.000000e+00   9.887131e-01   7.098727e-07 
          2500   8.855755e-07   1.561404e-03   2.303854e-03   1.445703e-05   0.000000e+00   9.884929e-01   7.097376e-07 
     Iteration     Continuity     X-momentum     Y-momentum     Z-momentum         Energy            Tke            Sdr 
          2501   8.746761e-07   1.561431e-03   2.299708e-03   1.444671e-05   0.000000e+00   9.882717e-01   7.096037e-07 
          2502   8.827103e-07   1.561444e-03   2.296316e-03   1.443612e-05   0.000000e+00   9.880457e-01   7.094686e-07 
          2503   8.728755e-07   1.561453e-03   2.292007e-03   1.442601e-05   0.000000e+00   9.878193e-01   7.093353e-07 
          2504   8.819867e-07   1.561467e-03   2.288651e-03   1.441506e-05   0.000000e+00   9.875960e-01   7.092012e-07 
          2505   8.789462e-07   1.561485e-03   2.284689e-03   1.440545e-05   0.000000e+00   9.873743e-01   7.090676e-07 
          2506   8.792160e-07   1.561505e-03   2.280871e-03   1.439654e-05   0.000000e+00   9.871535e-01   7.089339e-07 
          2507   8.784726e-07   1.561526e-03   2.276958e-03   1.438557e-05   0.000000e+00   9.869333e-01   7.088000e-07 
          2508   8.688514e-07   1.561549e-03   2.272682e-03   1.437606e-05   0.000000e+00   9.867134e-01   7.086675e-07 
          2509   8.767085e-07   1.561563e-03   2.269089e-03   1.436611e-05   0.000000e+00   9.864862e-01   7.085329e-07 
          2510   8.750202e-07   1.561566e-03   2.264955e-03   1.435657e-05   0.000000e+00   9.862517e-01   7.083967e-07 
     Iteration     Continuity     X-momentum     Y-momentum     Z-momentum         Energy            Tke            Sdr 
          2511   8.650908e-07   1.561576e-03   2.260516e-03   1.434736e-05   0.000000e+00   9.860237e-01   7.082632e-07 
          2512   8.732609e-07   1.561591e-03   2.256941e-03   1.433729e-05   0.000000e+00   9.857987e-01   7.081291e-07 
          2513   8.722395e-07   1.561608e-03   2.252764e-03   1.432793e-05   0.000000e+00   9.855752e-01   7.079956e-07 
          2514   8.729561e-07   1.561628e-03   2.248760e-03   1.431965e-05   0.000000e+00   9.853528e-01   7.078623e-07 
          2515   8.715330e-07   1.561648e-03   2.244656e-03   1.430953e-05   0.000000e+00   9.851309e-01   7.077293e-07 
          2516   8.707623e-07   1.561670e-03   2.240550e-03   1.430130e-05   0.000000e+00   9.849096e-01   7.075963e-07 
          2517   8.674793e-07   1.561693e-03   2.236481e-03   1.429123e-05   0.000000e+00   9.846886e-01   7.074636e-07 
          2518   8.659824e-07   1.561717e-03   2.232313e-03   1.428262e-05   0.000000e+00   9.844679e-01   7.073308e-07 
          2519   8.625002e-07   1.561741e-03   2.228242e-03   1.427268e-05   0.000000e+00   9.842473e-01   7.071983e-07 
          2520   8.600774e-07   1.561766e-03   2.224183e-03   1.426398e-05   0.000000e+00   9.840269e-01   7.070658e-07 
     Iteration     Continuity     X-momentum     Y-momentum     Z-momentum         Energy            Tke            Sdr 
          2521   8.570428e-07   1.561791e-03   2.220042e-03   1.425404e-05   0.000000e+00   9.838066e-01   7.069334e-07 
          2522   8.563436e-07   1.561817e-03   2.215903e-03   1.424466e-05   0.000000e+00   9.835863e-01   7.068007e-07 
          2523   8.456594e-07   1.561843e-03   2.211438e-03   1.423508e-05   0.000000e+00   9.833661e-01   7.066695e-07 
          2524   8.528511e-07   1.561869e-03   2.207678e-03   1.422540e-05   0.000000e+00   9.831459e-01   7.065370e-07 
          2525   8.499372e-07   1.561896e-03   2.203436e-03   1.421567e-05   0.000000e+00   9.829257e-01   7.064051e-07 
          2526   8.482915e-07   1.561922e-03   2.199401e-03   1.420730e-05   0.000000e+00   9.827055e-01   7.062732e-07 
          2527   8.464879e-07   1.561949e-03   2.195326e-03   1.419738e-05   0.000000e+00   9.824853e-01   7.061414e-07 
          2528   8.467478e-07   1.561977e-03   2.191194e-03   1.418831e-05   0.000000e+00   9.822650e-01   7.060097e-07 
          2529   8.459585e-07   1.562004e-03   2.187071e-03   1.417857e-05   0.000000e+00   9.820447e-01   7.058781e-07 
          2530   8.464003e-07   1.562031e-03   2.182976e-03   1.416971e-05   0.000000e+00   9.818244e-01   7.057466e-07 
     Iteration     Continuity     X-momentum     Y-momentum     Z-momentum         Energy            Tke            Sdr 
          2531   8.451057e-07   1.562059e-03   2.178858e-03   1.416003e-05   0.000000e+00   9.816039e-01   7.056152e-07 
          2532   8.441119e-07   1.562087e-03   2.174740e-03   1.415131e-05   0.000000e+00   9.813834e-01   7.054832e-07 
          2533   8.313009e-07   1.562114e-03   2.170223e-03   1.414183e-05   0.000000e+00   9.811629e-01   7.053528e-07 
          2534   8.375209e-07   1.562142e-03   2.166490e-03   1.413190e-05   0.000000e+00   9.809422e-01   7.052208e-07 
          2535   8.251907e-07   1.562170e-03   2.161905e-03   1.412242e-05   0.000000e+00   9.807215e-01   7.050906e-07 
          2536   8.302492e-07   1.562198e-03   2.158133e-03   1.411296e-05   0.000000e+00   9.805007e-01   7.049587e-07 
          2537   8.150259e-07   1.562226e-03   2.153646e-03   1.410422e-05   0.000000e+00   9.802798e-01   7.048286e-07 
          2538   8.236507e-07   1.562254e-03   2.149966e-03   1.409373e-05   0.000000e+00   9.800588e-01   7.046970e-07 
          2539   8.161857e-07   1.562282e-03   2.145459e-03   1.408592e-05   0.000000e+00   9.798377e-01   7.045670e-07 
          2540   8.298460e-07   1.562310e-03   2.141808e-03   1.407564e-05   0.000000e+00   9.796165e-01   7.044355e-07 
     Iteration     Continuity     X-momentum     Y-momentum     Z-momentum         Energy            Tke            Sdr 
          2541   8.245244e-07   1.562338e-03   2.137202e-03   1.406832e-05   0.000000e+00   9.793953e-01   7.043058e-07 
          2542   8.404441e-07   1.562366e-03   2.133556e-03   1.405789e-05   0.000000e+00   9.791739e-01   7.041745e-07 
          2543   8.350300e-07   1.562394e-03   2.129059e-03   1.404965e-05   0.000000e+00   9.789524e-01   7.040448e-07 
          2544   8.479042e-07   1.562421e-03   2.125342e-03   1.403983e-05   0.000000e+00   9.787308e-01   7.039137e-07 
          2545   8.403218e-07   1.562449e-03   2.120815e-03   1.403073e-05   0.000000e+00   9.785090e-01   7.037841e-07 
          2546   8.531718e-07   1.562473e-03   2.117020e-03   1.402049e-05   0.000000e+00   9.782846e-01   7.036528e-07 
          2547   8.464871e-07   1.562476e-03   2.112469e-03   1.401088e-05   0.000000e+00   9.780463e-01   7.035211e-07 
          2548   8.598596e-07   1.562485e-03   2.108725e-03   1.400071e-05   0.000000e+00   9.778144e-01   7.033895e-07 
          2549   8.619648e-07   1.562499e-03   2.104575e-03   1.398992e-05   0.000000e+00   9.775858e-01   7.032587e-07 
          2550   8.638111e-07   1.562516e-03   2.100447e-03   1.398180e-05   0.000000e+00   9.773585e-01   7.031279e-07 
     Iteration     Continuity     X-momentum     Y-momentum     Z-momentum         Energy            Tke            Sdr 
          2551   8.659441e-07   1.562534e-03   2.096331e-03   1.397132e-05   0.000000e+00   9.771322e-01   7.029976e-07 
          2552   8.664195e-07   1.562554e-03   2.092379e-03   1.396261e-05   0.000000e+00   9.769064e-01   7.028672e-07 
          2553   8.637980e-07   1.562574e-03   2.088210e-03   1.395218e-05   0.000000e+00   9.766810e-01   7.027371e-07 
          2554   8.589640e-07   1.562596e-03   2.084163e-03   1.394328e-05   0.000000e+00   9.764559e-01   7.026071e-07 
          2555   8.555479e-07   1.562617e-03   2.080058e-03   1.393487e-05   0.000000e+00   9.762309e-01   7.024773e-07 
          2556   8.525930e-07   1.562640e-03   2.075992e-03   1.392762e-05   0.000000e+00   9.760061e-01   7.023473e-07 
          2557   8.508510e-07   1.562663e-03   2.071840e-03   1.392001e-05   0.000000e+00   9.757813e-01   7.022177e-07 
          2558   8.507013e-07   1.562686e-03   2.067768e-03   1.391453e-05   0.000000e+00   9.755566e-01   7.020880e-07 
          2559   8.511625e-07   1.562709e-03   2.063595e-03   1.390811e-05   0.000000e+00   9.753319e-01   7.019584e-07 
          2560   8.519316e-07   1.562720e-03   2.059428e-03   1.390090e-05   0.000000e+00   9.750941e-01   7.018270e-07 
     Iteration     Continuity     X-momentum     Y-momentum     Z-momentum         Energy            Tke            Sdr 
          2561   8.533056e-07   1.562735e-03   2.055201e-03   1.389376e-05   0.000000e+00   9.748626e-01   7.016966e-07 
          2562   8.530759e-07   1.562753e-03   2.050899e-03   1.388566e-05   0.000000e+00   9.746338e-01   7.015667e-07 
          2563   8.540251e-07   1.562757e-03   2.046955e-03   1.387744e-05   0.000000e+00   9.743918e-01   7.014346e-07 
          2564   8.537861e-07   1.562758e-03   2.042846e-03   1.386805e-05   0.000000e+00   9.741478e-01   7.013025e-07 
          2565   8.553044e-07   1.562765e-03   2.038705e-03   1.385861e-05   0.000000e+00   9.739112e-01   7.011717e-07 
          2566   8.570227e-07   1.562777e-03   2.034660e-03   1.384962e-05   0.000000e+00   9.736784e-01   7.010412e-07 
          2567   8.601639e-07   1.562791e-03   2.030547e-03   1.383920e-05   0.000000e+00   9.734476e-01   7.009110e-07 
          2568   8.610233e-07   1.562807e-03   2.026523e-03   1.382938e-05   0.000000e+00   9.732179e-01   7.007812e-07 
          2569   8.626918e-07   1.562824e-03   2.022358e-03   1.381978e-05   0.000000e+00   9.729889e-01   7.006512e-07 
          2570   8.643555e-07   1.562841e-03   2.018253e-03   1.380921e-05   0.000000e+00   9.727604e-01   7.005216e-07 
     Iteration     Continuity     X-momentum     Y-momentum     Z-momentum         Energy            Tke            Sdr 
          2571   8.661627e-07   1.562860e-03   2.013988e-03   1.379957e-05   0.000000e+00   9.725321e-01   7.003918e-07 
          2572   8.659260e-07   1.562879e-03   2.009806e-03   1.378854e-05   0.000000e+00   9.723040e-01   7.002623e-07 
          2573   8.657956e-07   1.562898e-03   2.005459e-03   1.377911e-05   0.000000e+00   9.720760e-01   7.001327e-07 
          2574   8.645623e-07   1.562918e-03   2.001297e-03   1.376819e-05   0.000000e+00   9.718481e-01   7.000033e-07 
          2575   8.631352e-07   1.562938e-03   1.997071e-03   1.375854e-05   0.000000e+00   9.716202e-01   6.998738e-07 
          2576   8.586810e-07   1.562959e-03   1.992797e-03   1.374780e-05   0.000000e+00   9.713923e-01   6.997445e-07 
          2577   8.551376e-07   1.562979e-03   1.988494e-03   1.373802e-05   0.000000e+00   9.711642e-01   6.996151e-07 
          2578   8.483275e-07   1.562984e-03   1.984253e-03   1.372749e-05   0.000000e+00   9.709321e-01   6.994846e-07 
          2579   8.413045e-07   1.562990e-03   1.979949e-03   1.371783e-05   0.000000e+00   9.707006e-01   6.993540e-07 
          2580   8.344443e-07   1.562999e-03   1.975746e-03   1.370743e-05   0.000000e+00   9.704699e-01   6.992240e-07 
     Iteration     Continuity     X-momentum     Y-momentum     Z-momentum         Energy            Tke            Sdr 
          2581   8.295382e-07   1.563010e-03   1.971360e-03   1.369794e-05   0.000000e+00   9.702396e-01   6.990941e-07 
          2582   8.233134e-07   1.563022e-03   1.966949e-03   1.368767e-05   0.000000e+00   9.700096e-01   6.989644e-07 
          2583   8.178511e-07   1.563035e-03   1.962399e-03   1.367819e-05   0.000000e+00   9.697797e-01   6.988348e-07 
          2584   8.120647e-07   1.563048e-03   1.957959e-03   1.366793e-05   0.000000e+00   9.695499e-01   6.987053e-07 
          2585   8.088606e-07   1.563062e-03   1.953533e-03   1.365851e-05   0.000000e+00   9.693201e-01   6.985758e-07 
          2586   8.040556e-07   1.563077e-03   1.949072e-03   1.364855e-05   0.000000e+00   9.690904e-01   6.984465e-07 
          2587   8.019217e-07   1.563091e-03   1.944570e-03   1.363784e-05   0.000000e+00   9.688603e-01   6.983172e-07 
          2588   8.001003e-07   1.563106e-03   1.940077e-03   1.362569e-05   0.000000e+00   9.686304e-01   6.981881e-07 
          2589   8.003363e-07   1.563121e-03   1.935559e-03   1.361405e-05   0.000000e+00   9.684004e-01   6.980590e-07 
          2590   7.991603e-07   1.563136e-03   1.931094e-03   1.360231e-05   0.000000e+00   9.681705e-01   6.979300e-07 
     Iteration     Continuity     X-momentum     Y-momentum     Z-momentum         Energy            Tke            Sdr 
          2591   8.006884e-07   1.563151e-03   1.926505e-03   1.359177e-05   0.000000e+00   9.679406e-01   6.978011e-07 
          2592   8.017859e-07   1.563167e-03   1.922055e-03   1.358150e-05   0.000000e+00   9.677106e-01   6.976723e-07 
          2593   8.045783e-07   1.563183e-03   1.917542e-03   1.357238e-05   0.000000e+00   9.674804e-01   6.975434e-07 
          2594   8.064377e-07   1.563195e-03   1.912989e-03   1.356332e-05   0.000000e+00   9.672498e-01   6.974109e-07 
          2595   8.096960e-07   1.563206e-03   1.908441e-03   1.355513e-05   0.000000e+00   9.670189e-01   6.972770e-07 
          2596   8.107667e-07   1.563217e-03   1.903947e-03   1.354672e-05   0.000000e+00   9.667881e-01   6.971441e-07 
          2597   8.138797e-07   1.563229e-03   1.899473e-03   1.353892e-05   0.000000e+00   9.665573e-01   6.970118e-07 
          2598   8.161775e-07   1.563242e-03   1.894984e-03   1.353060e-05   0.000000e+00   9.663265e-01   6.968801e-07 
          2599   8.200965e-07   1.563254e-03   1.890461e-03   1.352298e-05   0.000000e+00   9.660955e-01   6.967485e-07 
          2600   8.238437e-07   1.563267e-03   1.885923e-03   1.351463e-05   0.000000e+00   9.658646e-01   6.966173e-07 
     Iteration     Continuity     X-momentum     Y-momentum     Z-momentum         Energy            Tke            Sdr 
          2601   8.285196e-07   1.563280e-03   1.881317e-03   1.350697e-05   0.000000e+00   9.656335e-01   6.964862e-07 
          2602   8.314156e-07   1.563294e-03   1.876755e-03   1.349836e-05   0.000000e+00   9.654024e-01   6.963554e-07 
          2603   8.351602e-07   1.563307e-03   1.872151e-03   1.349043e-05   0.000000e+00   9.651712e-01   6.962247e-07 
          2604   8.369397e-07   1.563320e-03   1.867680e-03   1.348140e-05   0.000000e+00   9.649398e-01   6.960943e-07 
          2605   8.389670e-07   1.563334e-03   1.863128e-03   1.347313e-05   0.000000e+00   9.647084e-01   6.959640e-07 
          2606   8.373912e-07   1.563347e-03   1.858510e-03   1.346373e-05   0.000000e+00   9.644769e-01   6.958339e-07 
          2607   8.374063e-07   1.563361e-03   1.853812e-03   1.345502e-05   0.000000e+00   9.642453e-01   6.957039e-07 
          2608   8.352355e-07   1.563374e-03   1.849330e-03   1.344537e-05   0.000000e+00   9.640136e-01   6.955741e-07 
          2609   8.362566e-07   1.563388e-03   1.844930e-03   1.343637e-05   0.000000e+00   9.637817e-01   6.954443e-07 
          2610   8.368576e-07   1.563401e-03   1.840535e-03   1.342677e-05   0.000000e+00   9.635498e-01   6.953148e-07 
     Iteration     Continuity     X-momentum     Y-momentum     Z-momentum         Energy            Tke            Sdr 
          2611   8.386673e-07   1.563415e-03   1.835829e-03   1.341768e-05   0.000000e+00   9.633178e-01   6.951854e-07 
          2612   8.390885e-07   1.563428e-03   1.831394e-03   1.340814e-05   0.000000e+00   9.630857e-01   6.950562e-07 
          2613   8.407535e-07   1.563442e-03   1.826879e-03   1.339910e-05   0.000000e+00   9.628534e-01   6.949270e-07 
          2614   8.412751e-07   1.563455e-03   1.822342e-03   1.338962e-05   0.000000e+00   9.626211e-01   6.947980e-07 
          2615   8.416816e-07   1.563468e-03   1.817873e-03   1.338065e-05   0.000000e+00   9.623887e-01   6.946691e-07 
          2616   8.375435e-07   1.563482e-03   1.813382e-03   1.337126e-05   0.000000e+00   9.621561e-01   6.945404e-07 
          2617   8.346329e-07   1.563495e-03   1.808823e-03   1.336230e-05   0.000000e+00   9.619235e-01   6.944117e-07 
          2618   8.314782e-07   1.563508e-03   1.804444e-03   1.335295e-05   0.000000e+00   9.616909e-01   6.942832e-07 
          2619   8.293233e-07   1.563521e-03   1.800000e-03   1.334395e-05   0.000000e+00   9.614581e-01   6.941548e-07 
          2620   8.249965e-07   1.563534e-03   1.795579e-03   1.333455e-05   0.000000e+00   9.612251e-01   6.940266e-07 
     Iteration     Continuity     X-momentum     Y-momentum     Z-momentum         Energy            Tke            Sdr 
          2621   8.220667e-07   1.563547e-03   1.791138e-03   1.332538e-05   0.000000e+00   9.609921e-01   6.938984e-07 
          2622   8.189279e-07   1.563560e-03   1.786700e-03   1.331587e-05   0.000000e+00   9.607590e-01   6.937704e-07 
          2623   8.168023e-07   1.563573e-03   1.782183e-03   1.330661e-05   0.000000e+00   9.605257e-01   6.936424e-07 
          2624   8.141323e-07   1.563586e-03   1.777880e-03   1.329707e-05   0.000000e+00   9.602923e-01   6.935146e-07 
          2625   8.144321e-07   1.563599e-03   1.773337e-03   1.328780e-05   0.000000e+00   9.600588e-01   6.933869e-07 
          2626   8.137192e-07   1.563611e-03   1.768954e-03   1.327834e-05   0.000000e+00   9.598253e-01   6.932594e-07 
          2627   8.137122e-07   1.563623e-03   1.764535e-03   1.326916e-05   0.000000e+00   9.595906e-01   6.931318e-07 
          2628   8.133465e-07   1.563631e-03   1.760088e-03   1.325974e-05   0.000000e+00   9.593513e-01   6.930037e-07 
          2629   8.151121e-07   1.563641e-03   1.755643e-03   1.325057e-05   0.000000e+00   9.591145e-01   6.928761e-07 
          2630   8.150608e-07   1.563651e-03   1.751260e-03   1.324123e-05   0.000000e+00   9.588788e-01   6.927488e-07 
     Iteration     Continuity     X-momentum     Y-momentum     Z-momentum         Energy            Tke            Sdr 
          2631   8.158152e-07   1.563662e-03   1.746865e-03   1.323225e-05   0.000000e+00   9.586434e-01   6.926216e-07 
          2632   8.138532e-07   1.563673e-03   1.742539e-03   1.322304e-05   0.000000e+00   9.584082e-01   6.924945e-07 
          2633   8.128121e-07   1.563684e-03   1.738144e-03   1.321412e-05   0.000000e+00   9.581731e-01   6.923675e-07 
          2634   8.107155e-07   1.563695e-03   1.733782e-03   1.320496e-05   0.000000e+00   9.579379e-01   6.922408e-07 
          2635   8.090017e-07   1.563706e-03   1.729425e-03   1.319610e-05   0.000000e+00   9.577027e-01   6.921140e-07 
          2636   8.057352e-07   1.563717e-03   1.725222e-03   1.318698e-05   0.000000e+00   9.574675e-01   6.919874e-07 
          2637   8.043454e-07   1.563728e-03   1.720954e-03   1.317816e-05   0.000000e+00   9.572322e-01   6.918609e-07 
          2638   8.022900e-07   1.563739e-03   1.716561e-03   1.316909e-05   0.000000e+00   9.569969e-01   6.917345e-07 
          2639   8.017105e-07   1.563750e-03   1.711992e-03   1.316024e-05   0.000000e+00   9.567614e-01   6.916081e-07 
          2640   7.993836e-07   1.563760e-03   1.707415e-03   1.315118e-05   0.000000e+00   9.565258e-01   6.914819e-07 
     Iteration     Continuity     X-momentum     Y-momentum     Z-momentum         Energy            Tke            Sdr 
          2641   7.966470e-07   1.563771e-03   1.703060e-03   1.314239e-05   0.000000e+00   9.562902e-01   6.913558e-07 
          2642   7.901056e-07   1.563782e-03   1.699051e-03   1.313330e-05   0.000000e+00   9.560545e-01   6.912297e-07 
          2643   7.864567e-07   1.563792e-03   1.694995e-03   1.312451e-05   0.000000e+00   9.558186e-01   6.911037e-07 
          2644   7.828854e-07   1.563803e-03   1.690785e-03   1.311532e-05   0.000000e+00   9.555827e-01   6.909779e-07 
          2645   7.810179e-07   1.563813e-03   1.686575e-03   1.310658e-05   0.000000e+00   9.553467e-01   6.908521e-07 
          2646   7.780968e-07   1.563823e-03   1.682244e-03   1.309727e-05   0.000000e+00   9.551106e-01   6.907264e-07 
          2647   7.766684e-07   1.563833e-03   1.678041e-03   1.308866e-05   0.000000e+00   9.548745e-01   6.906008e-07 
          2648   7.733931e-07   1.563843e-03   1.673939e-03   1.307915e-05   0.000000e+00   9.546382e-01   6.904754e-07 
          2649   7.714226e-07   1.563853e-03   1.669737e-03   1.307065e-05   0.000000e+00   9.544019e-01   6.903499e-07 
          2650   7.674059e-07   1.563863e-03   1.665671e-03   1.306102e-05   0.000000e+00   9.541654e-01   6.902247e-07 
     Iteration     Continuity     X-momentum     Y-momentum     Z-momentum         Energy            Tke            Sdr 
          2651   7.638110e-07   1.563873e-03   1.661465e-03   1.305263e-05   0.000000e+00   9.539288e-01   6.900993e-07 
          2652   7.623413e-07   1.563882e-03   1.657432e-03   1.304242e-05   0.000000e+00   9.536920e-01   6.899743e-07 
          2653   7.626659e-07   1.563892e-03   1.653215e-03   1.303370e-05   0.000000e+00   9.534552e-01   6.898491e-07 
          2654   7.622613e-07   1.563901e-03   1.649104e-03   1.302423e-05   0.000000e+00   9.532183e-01   6.897242e-07 
          2655   7.609023e-07   1.563910e-03   1.644866e-03   1.301539e-05   0.000000e+00   9.529812e-01   6.895993e-07 
          2656   7.562811e-07   1.563919e-03   1.640648e-03   1.300582e-05   0.000000e+00   9.527440e-01   6.894746e-07 
          2657   7.526469e-07   1.563928e-03   1.636587e-03   1.299739e-05   0.000000e+00   9.525068e-01   6.893498e-07 
          2658   7.494403e-07   1.563937e-03   1.632546e-03   1.298784e-05   0.000000e+00   9.522694e-01   6.892253e-07 
          2659   7.469674e-07   1.563946e-03   1.628508e-03   1.297909e-05   0.000000e+00   9.520320e-01   6.891007e-07 
          2660   7.454852e-07   1.563954e-03   1.624556e-03   1.296948e-05   0.000000e+00   9.517944e-01   6.889764e-07 
     Iteration     Continuity     X-momentum     Y-momentum     Z-momentum         Energy            Tke            Sdr 
          2661   7.433324e-07   1.563963e-03   1.620401e-03   1.296105e-05   0.000000e+00   9.515568e-01   6.888521e-07 
          2662   7.385877e-07   1.563971e-03   1.616306e-03   1.295168e-05   0.000000e+00   9.513190e-01   6.887277e-07 
          2663   7.357270e-07   1.563979e-03   1.612189e-03   1.294194e-05   0.000000e+00   9.510811e-01   6.886037e-07 
          2664   7.323281e-07   1.563987e-03   1.607985e-03   1.293358e-05   0.000000e+00   9.508432e-01   6.884794e-07 
          2665   7.306136e-07   1.563995e-03   1.604117e-03   1.292329e-05   0.000000e+00   9.506051e-01   6.883555e-07 
          2666   7.282763e-07   1.564003e-03   1.599852e-03   1.291426e-05   0.000000e+00   9.503670e-01   6.882316e-07 
          2667   7.281895e-07   1.564011e-03   1.595822e-03   1.290491e-05   0.000000e+00   9.501287e-01   6.881078e-07 
          2668   7.289007e-07   1.564018e-03   1.591893e-03   1.289587e-05   0.000000e+00   9.498904e-01   6.879840e-07 
          2669   7.311293e-07   1.564025e-03   1.587828e-03   1.288619e-05   0.000000e+00   9.496520e-01   6.878605e-07 
          2670   7.335677e-07   1.564033e-03   1.583834e-03   1.287777e-05   0.000000e+00   9.494134e-01   6.877368e-07 
     Iteration     Continuity     X-momentum     Y-momentum     Z-momentum         Energy            Tke            Sdr 
          2671   7.362515e-07   1.564040e-03   1.580052e-03   1.286815e-05   0.000000e+00   9.491748e-01   6.876134e-07 
          2672   7.376538e-07   1.564047e-03   1.576222e-03   1.285941e-05   0.000000e+00   9.489361e-01   6.874899e-07 
          2673   7.403463e-07   1.564053e-03   1.572472e-03   1.284979e-05   0.000000e+00   9.486973e-01   6.873667e-07 
          2674   7.455003e-07   1.564060e-03   1.568523e-03   1.284148e-05   0.000000e+00   9.484584e-01   6.872435e-07 
          2675   7.514715e-07   1.564067e-03   1.564670e-03   1.283218e-05   0.000000e+00   9.482195e-01   6.871203e-07 
          2676   7.557505e-07   1.564073e-03   1.560767e-03   1.282340e-05   0.000000e+00   9.479804e-01   6.869973e-07 
          2677   7.598839e-07   1.564079e-03   1.556995e-03   1.281456e-05   0.000000e+00   9.477413e-01   6.868743e-07 
          2678   7.632524e-07   1.564086e-03   1.553201e-03   1.280564e-05   0.000000e+00   9.475020e-01   6.867515e-07 
          2679   7.673048e-07   1.564092e-03   1.549381e-03   1.279717e-05   0.000000e+00   9.472627e-01   6.866286e-07 
          2680   7.705082e-07   1.564097e-03   1.545604e-03   1.278814e-05   0.000000e+00   9.470233e-01   6.865058e-07 
     Iteration     Continuity     X-momentum     Y-momentum     Z-momentum         Energy            Tke            Sdr 
          2681   7.753667e-07   1.564103e-03   1.541852e-03   1.277876e-05   0.000000e+00   9.467832e-01   6.863833e-07 
          2682   7.799381e-07   1.564108e-03   1.538071e-03   1.277085e-05   0.000000e+00   9.465432e-01   6.862607e-07 
          2683   7.833096e-07   1.564113e-03   1.534470e-03   1.276120e-05   0.000000e+00   9.463033e-01   6.861383e-07 
          2684   7.858355e-07   1.564118e-03   1.530475e-03   1.275308e-05   0.000000e+00   9.460634e-01   6.860158e-07 
          2685   7.888904e-07   1.564123e-03   1.526705e-03   1.274353e-05   0.000000e+00   9.458235e-01   6.858935e-07 
          2686   7.910676e-07   1.564128e-03   1.522857e-03   1.273471e-05   0.000000e+00   9.455834e-01   6.857714e-07 
          2687   7.935397e-07   1.564130e-03   1.519051e-03   1.272620e-05   0.000000e+00   9.453396e-01   6.856486e-07 
          2688   7.955164e-07   1.564131e-03   1.515315e-03   1.271642e-05   0.000000e+00   9.450957e-01   6.855262e-07 
          2689   7.980867e-07   1.564134e-03   1.511184e-03   1.270831e-05   0.000000e+00   9.448535e-01   6.854039e-07 
          2690   7.987491e-07   1.564137e-03   1.507615e-03   1.269861e-05   0.000000e+00   9.446119e-01   6.852820e-07 
     Iteration     Continuity     X-momentum     Y-momentum     Z-momentum         Energy            Tke            Sdr 
          2691   7.998793e-07   1.564140e-03   1.503530e-03   1.269027e-05   0.000000e+00   9.443706e-01   6.851600e-07 
          2692   7.993731e-07   1.564144e-03   1.499944e-03   1.268097e-05   0.000000e+00   9.441295e-01   6.850382e-07 
          2693   7.988687e-07   1.564147e-03   1.496174e-03   1.267208e-05   0.000000e+00   9.438883e-01   6.849164e-07 
          2694   7.972315e-07   1.564150e-03   1.492197e-03   1.266290e-05   0.000000e+00   9.436473e-01   6.847948e-07 
          2695   7.958990e-07   1.564154e-03   1.488619e-03   1.265420e-05   0.000000e+00   9.434059e-01   6.846731e-07 
          2696   7.942655e-07   1.564136e-03   1.485024e-03   1.264478e-05   0.000000e+00   9.431569e-01   6.845515e-07 
          2697   7.935999e-07   1.564121e-03   1.481307e-03   1.263526e-05   0.000000e+00   9.429093e-01   6.844301e-07 
          2698   7.937637e-07   1.564109e-03   1.477555e-03   1.262713e-05   0.000000e+00   9.426636e-01   6.843087e-07 
          2699   7.924289e-07   1.564100e-03   1.473686e-03   1.261754e-05   0.000000e+00   9.424186e-01   6.841876e-07 
          2700   7.883892e-07   1.564093e-03   1.469961e-03   1.260929e-05   0.000000e+00   9.421743e-01   6.840662e-07 
     Iteration     Continuity     X-momentum     Y-momentum     Z-momentum         Energy            Tke            Sdr 
          2701   7.817165e-07   1.564086e-03   1.466306e-03   1.259996e-05   0.000000e+00   9.419302e-01   6.839452e-07 
          2702   7.726266e-07   1.564081e-03   1.462624e-03   1.259129e-05   0.000000e+00   9.416864e-01   6.838240e-07 
          2703   7.643565e-07   1.564076e-03   1.458854e-03   1.258144e-05   0.000000e+00   9.414428e-01   6.837032e-07 
          2704   7.579395e-07   1.564071e-03   1.454982e-03   1.257314e-05   0.000000e+00   9.411993e-01   6.835823e-07 
          2705   7.527126e-07   1.564067e-03   1.451497e-03   1.256353e-05   0.000000e+00   9.409559e-01   6.834614e-07 
          2706   7.476028e-07   1.564063e-03   1.447878e-03   1.255391e-05   0.000000e+00   9.407127e-01   6.833408e-07 
          2707   7.435896e-07   1.564060e-03   1.444277e-03   1.254530e-05   0.000000e+00   9.404695e-01   6.832201e-07 
          2708   7.389528e-07   1.564057e-03   1.440774e-03   1.253552e-05   0.000000e+00   9.402263e-01   6.830997e-07 
          2709   7.357463e-07   1.564045e-03   1.437154e-03   1.252657e-05   0.000000e+00   9.399746e-01   6.829780e-07 
          2710   7.323604e-07   1.564031e-03   1.433559e-03   1.251705e-05   0.000000e+00   9.397233e-01   6.828536e-07 
     Iteration     Continuity     X-momentum     Y-momentum     Z-momentum         Energy            Tke            Sdr 
          2711   7.300771e-07   1.564017e-03   1.429822e-03   1.250805e-05   0.000000e+00   9.394754e-01   6.827277e-07 
          2712   7.273741e-07   1.564006e-03   1.426025e-03   1.249897e-05   0.000000e+00   9.392291e-01   6.826029e-07 
          2713   7.260613e-07   1.563997e-03   1.422484e-03   1.248994e-05   0.000000e+00   9.389836e-01   6.824788e-07 
          2714   7.242996e-07   1.563988e-03   1.419113e-03   1.248070e-05   0.000000e+00   9.387385e-01   6.823553e-07 
          2715   7.231130e-07   1.563981e-03   1.415829e-03   1.247207e-05   0.000000e+00   9.384937e-01   6.822318e-07 
          2716   7.216003e-07   1.563974e-03   1.412523e-03   1.246206e-05   0.000000e+00   9.382492e-01   6.821089e-07 
          2717   7.203677e-07   1.563967e-03   1.409294e-03   1.245394e-05   0.000000e+00   9.380047e-01   6.819860e-07 
          2718   7.171419e-07   1.563949e-03   1.406039e-03   1.244449e-05   0.000000e+00   9.377545e-01   6.818630e-07 
          2719   7.145649e-07   1.563905e-03   1.402512e-03   1.243524e-05   0.000000e+00   9.374870e-01   6.817383e-07 
          2720   7.128086e-07   1.563846e-03   1.398940e-03   1.242686e-05   0.000000e+00   9.372091e-01   6.816112e-07 
     Iteration     Continuity     X-momentum     Y-momentum     Z-momentum         Energy            Tke            Sdr 
          2721   7.132952e-07   1.563803e-03   1.395438e-03   1.241722e-05   0.000000e+00   9.369446e-01   6.814863e-07 
          2722   7.139725e-07   1.563768e-03   1.391938e-03   1.240776e-05   0.000000e+00   9.366865e-01   6.813626e-07 
          2723   7.143312e-07   1.563739e-03   1.388453e-03   1.239975e-05   0.000000e+00   9.364317e-01   6.812392e-07 
          2724   7.140091e-07   1.563714e-03   1.385243e-03   1.239056e-05   0.000000e+00   9.361791e-01   6.811164e-07 
          2725   7.147234e-07   1.563691e-03   1.381782e-03   1.238213e-05   0.000000e+00   9.359278e-01   6.809936e-07 
          2726   7.149577e-07   1.563671e-03   1.378523e-03   1.237270e-05   0.000000e+00   9.356776e-01   6.808712e-07 
          2727   7.152566e-07   1.563652e-03   1.375134e-03   1.236467e-05   0.000000e+00   9.354282e-01   6.807490e-07 
          2728   7.133957e-07   1.563635e-03   1.371847e-03   1.235588e-05   0.000000e+00   9.351794e-01   6.806267e-07 
          2729   7.114868e-07   1.563619e-03   1.368632e-03   1.234647e-05   0.000000e+00   9.349310e-01   6.805049e-07 
          2730   7.065280e-07   1.563590e-03   1.365208e-03   1.233841e-05   0.000000e+00   9.346797e-01   6.803809e-07 
     Iteration     Continuity     X-momentum     Y-momentum     Z-momentum         Energy            Tke            Sdr 
          2731   7.017266e-07   1.563563e-03   1.362111e-03   1.232915e-05   0.000000e+00   9.344292e-01   6.802575e-07 
          2732   6.982988e-07   1.563539e-03   1.358983e-03   1.232068e-05   0.000000e+00   9.341797e-01   6.801344e-07 
          2733   6.969793e-07   1.563517e-03   1.355871e-03   1.231108e-05   0.000000e+00   9.339309e-01   6.800119e-07 
          2734   6.949042e-07   1.563497e-03   1.352677e-03   1.230304e-05   0.000000e+00   9.336824e-01   6.798896e-07 
          2735   6.928249e-07   1.563478e-03   1.349765e-03   1.229410e-05   0.000000e+00   9.334344e-01   6.797672e-07 
          2736   6.906373e-07   1.563461e-03   1.346724e-03   1.228453e-05   0.000000e+00   9.331865e-01   6.796453e-07 
          2737   6.914954e-07   1.563444e-03   1.343664e-03   1.227600e-05   0.000000e+00   9.329390e-01   6.795234e-07 
          2738   6.934836e-07   1.563427e-03   1.340843e-03   1.226640e-05   0.000000e+00   9.326916e-01   6.794019e-07 
          2739   6.972890e-07   1.563411e-03   1.337806e-03   1.225830e-05   0.000000e+00   9.324427e-01   6.792802e-07 
          2740   6.997510e-07   1.563392e-03   1.335061e-03   1.224962e-05   0.000000e+00   9.321911e-01   6.791581e-07 
     Iteration     Continuity     X-momentum     Y-momentum     Z-momentum         Energy            Tke            Sdr 
          2741   7.030615e-07   1.563376e-03   1.332334e-03   1.224020e-05   0.000000e+00   9.319420e-01   6.790368e-07 
          2742   7.074909e-07   1.563360e-03   1.329179e-03   1.223214e-05   0.000000e+00   9.316938e-01   6.789153e-07 
          2743   7.133797e-07   1.563345e-03   1.326198e-03   1.222220e-05   0.000000e+00   9.314454e-01   6.787943e-07 
          2744   7.192149e-07   1.563330e-03   1.323246e-03   1.221420e-05   0.000000e+00   9.311975e-01   6.786733e-07 
          2745   7.250030e-07   1.563317e-03   1.320504e-03   1.220548e-05   0.000000e+00   9.309501e-01   6.785524e-07 
          2746   7.293547e-07   1.563304e-03   1.317876e-03   1.219617e-05   0.000000e+00   9.307028e-01   6.784317e-07 
          2747   7.343593e-07   1.563291e-03   1.315622e-03   1.218803e-05   0.000000e+00   9.304557e-01   6.783111e-07 
          2748   7.375550e-07   1.563279e-03   1.313207e-03   1.217905e-05   0.000000e+00   9.302087e-01   6.781905e-07 
          2749   7.409344e-07   1.563267e-03   1.310623e-03   1.216961e-05   0.000000e+00   9.299617e-01   6.780703e-07 
          2750   7.432753e-07   1.563255e-03   1.308103e-03   1.216126e-05   0.000000e+00   9.297149e-01   6.779499e-07 
     Iteration     Continuity     X-momentum     Y-momentum     Z-momentum         Energy            Tke            Sdr 
          2751   7.448054e-07   1.563244e-03   1.305491e-03   1.215181e-05   0.000000e+00   9.294680e-01   6.778298e-07 
          2752   7.439236e-07   1.563233e-03   1.303219e-03   1.214280e-05   0.000000e+00   9.292212e-01   6.777097e-07 
          2753   7.424976e-07   1.563222e-03   1.300857e-03   1.213349e-05   0.000000e+00   9.289744e-01   6.775898e-07 
          2754   7.392024e-07   1.563211e-03   1.298521e-03   1.212431e-05   0.000000e+00   9.287276e-01   6.774700e-07 
          2755   7.369134e-07   1.563201e-03   1.296030e-03   1.211520e-05   0.000000e+00   9.284808e-01   6.773502e-07 
          2756   7.344312e-07   1.563190e-03   1.294274e-03   1.210576e-05   0.000000e+00   9.282340e-01   6.772306e-07 
          2757   7.319307e-07   1.563180e-03   1.292030e-03   1.209669e-05   0.000000e+00   9.279872e-01   6.771109e-07 
          2758   7.283734e-07   1.563170e-03   1.289956e-03   1.208735e-05   0.000000e+00   9.277404e-01   6.769916e-07 
          2759   7.248319e-07   1.563160e-03   1.287846e-03   1.207845e-05   0.000000e+00   9.274936e-01   6.768721e-07 
          2760   7.192277e-07   1.563150e-03   1.285973e-03   1.206871e-05   0.000000e+00   9.272467e-01   6.767528e-07 
     Iteration     Continuity     X-momentum     Y-momentum     Z-momentum         Energy            Tke            Sdr 
          2761   7.149746e-07   1.563141e-03   1.283765e-03   1.205942e-05   0.000000e+00   9.269999e-01   6.766338e-07 
          2762   7.107841e-07   1.563131e-03   1.281770e-03   1.205063e-05   0.000000e+00   9.267530e-01   6.765145e-07 
          2763   7.076809e-07   1.563122e-03   1.279937e-03   1.204080e-05   0.000000e+00   9.265061e-01   6.763956e-07 
          2764   7.044568e-07   1.563112e-03   1.277530e-03   1.203252e-05   0.000000e+00   9.262592e-01   6.762767e-07 
          2765   7.016981e-07   1.563103e-03   1.276036e-03   1.202311e-05   0.000000e+00   9.260122e-01   6.761579e-07 
          2766   7.000108e-07   1.563094e-03   1.274300e-03   1.201439e-05   0.000000e+00   9.257653e-01   6.760392e-07 
          2767   6.996705e-07   1.563085e-03   1.272349e-03   1.200528e-05   0.000000e+00   9.255182e-01   6.759207e-07 
          2768   6.989815e-07   1.563075e-03   1.270672e-03   1.199721e-05   0.000000e+00   9.252712e-01   6.758021e-07 
          2769   6.993452e-07   1.563066e-03   1.269150e-03   1.198812e-05   0.000000e+00   9.250241e-01   6.756835e-07 
          2770   6.986941e-07   1.563057e-03   1.267202e-03   1.197918e-05   0.000000e+00   9.247770e-01   6.755653e-07 
     Iteration     Continuity     X-momentum     Y-momentum     Z-momentum         Energy            Tke            Sdr 
          2771   6.988974e-07   1.563048e-03   1.265865e-03   1.197102e-05   0.000000e+00   9.245298e-01   6.754470e-07 
          2772   6.970236e-07   1.563039e-03   1.264681e-03   1.196231e-05   0.000000e+00   9.242826e-01   6.753288e-07 
          2773   6.937393e-07   1.563030e-03   1.262903e-03   1.195347e-05   0.000000e+00   9.240353e-01   6.752106e-07 
          2774   6.903852e-07   1.563021e-03   1.261918e-03   1.194482e-05   0.000000e+00   9.237881e-01   6.750926e-07 
          2775   6.893861e-07   1.563012e-03   1.260409e-03   1.193632e-05   0.000000e+00   9.235407e-01   6.749746e-07 
          2776   6.881588e-07   1.563003e-03   1.258923e-03   1.192758e-05   0.000000e+00   9.232934e-01   6.748568e-07 
          2777   6.885115e-07   1.562994e-03   1.257918e-03   1.191913e-05   0.000000e+00   9.230461e-01   6.747390e-07 
          2778   6.877835e-07   1.562985e-03   1.256690e-03   1.191027e-05   0.000000e+00   9.227987e-01   6.746213e-07 
          2779   6.875148e-07   1.562976e-03   1.255623e-03   1.190180e-05   0.000000e+00   9.225514e-01   6.745037e-07 
          2780   6.863322e-07   1.562967e-03   1.254204e-03   1.189281e-05   0.000000e+00   9.223040e-01   6.743863e-07 
     Iteration     Continuity     X-momentum     Y-momentum     Z-momentum         Energy            Tke            Sdr 
          2781   6.864153e-07   1.562958e-03   1.253627e-03   1.188428e-05   0.000000e+00   9.220566e-01   6.742688e-07 
          2782   6.844309e-07   1.562949e-03   1.252585e-03   1.187521e-05   0.000000e+00   9.218089e-01   6.741514e-07 
          2783   6.851564e-07   1.562939e-03   1.251605e-03   1.186643e-05   0.000000e+00   9.215609e-01   6.740341e-07 
          2784   6.861017e-07   1.562926e-03   1.250398e-03   1.185755e-05   0.000000e+00   9.213090e-01   6.739165e-07 
          2785   6.871023e-07   1.562914e-03   1.249880e-03   1.184912e-05   0.000000e+00   9.210583e-01   6.737989e-07 
          2786   6.864079e-07   1.562903e-03   1.248890e-03   1.184000e-05   0.000000e+00   9.208088e-01   6.736819e-07 
          2787   6.878307e-07   1.562893e-03   1.248456e-03   1.183225e-05   0.000000e+00   9.205599e-01   6.735647e-07 
          2788   6.894068e-07   1.562882e-03   1.247643e-03   1.182378e-05   0.000000e+00   9.203112e-01   6.734475e-07 
          2789   6.918902e-07   1.562872e-03   1.246861e-03   1.181514e-05   0.000000e+00   9.200626e-01   6.733308e-07 
          2790   6.944254e-07   1.562862e-03   1.246398e-03   1.180837e-05   0.000000e+00   9.198139e-01   6.732139e-07 
     Iteration     Continuity     X-momentum     Y-momentum     Z-momentum         Energy            Tke            Sdr 
          2791   6.963580e-07   1.562851e-03   1.245940e-03   1.179974e-05   0.000000e+00   9.195645e-01   6.730972e-07 
          2792   6.992516e-07   1.562840e-03   1.245387e-03   1.179239e-05   0.000000e+00   9.193156e-01   6.729805e-07 
          2793   7.010223e-07   1.562830e-03   1.244994e-03   1.178376e-05   0.000000e+00   9.190668e-01   6.728639e-07 
          2794   7.038689e-07   1.562820e-03   1.244574e-03   1.177609e-05   0.000000e+00   9.188181e-01   6.727474e-07 
          2795   7.049910e-07   1.562810e-03   1.244275e-03   1.176740e-05   0.000000e+00   9.185694e-01   6.726310e-07 
          2796   7.061862e-07   1.562799e-03   1.244080e-03   1.175957e-05   0.000000e+00   9.183208e-01   6.725147e-07 
          2797   7.065064e-07   1.562789e-03   1.243680e-03   1.175108e-05   0.000000e+00   9.180721e-01   6.723983e-07 
          2798   7.062092e-07   1.562779e-03   1.243336e-03   1.174226e-05   0.000000e+00   9.178234e-01   6.722822e-07 
          2799   7.056688e-07   1.562769e-03   1.242910e-03   1.173415e-05   0.000000e+00   9.175747e-01   6.721659e-07 
          2800   7.045864e-07   1.562759e-03   1.242587e-03   1.172524e-05   0.000000e+00   9.173259e-01   6.720499e-07 
     Iteration     Continuity     X-momentum     Y-momentum     Z-momentum         Energy            Tke            Sdr 
          2801   7.036426e-07   1.562748e-03   1.242723e-03   1.171666e-05   0.000000e+00   9.170771e-01   6.719338e-07 
          2802   7.024983e-07   1.562738e-03   1.243044e-03   1.170757e-05   0.000000e+00   9.168282e-01   6.718180e-07 
          2803   7.022973e-07   1.562713e-03   1.243069e-03   1.169927e-05   0.000000e+00   9.165699e-01   6.717008e-07 
          2804   7.024532e-07   1.562683e-03   1.243231e-03   1.169013e-05   0.000000e+00   9.163090e-01   6.715836e-07 
          2805   7.034835e-07   1.562658e-03   1.243575e-03   1.168155e-05   0.000000e+00   9.160526e-01   6.714668e-07 
          2806   7.041980e-07   1.562630e-03   1.243906e-03   1.167217e-05   0.000000e+00   9.157946e-01   6.713502e-07 
          2807   7.042361e-07   1.562586e-03   1.244538e-03   1.166383e-05   0.000000e+00   9.155285e-01   6.712329e-07 
          2808   7.006718e-07   1.562551e-03   1.245018e-03   1.165474e-05   0.000000e+00   9.152682e-01   6.711161e-07 
          2809   6.986021e-07   1.562520e-03   1.244789e-03   1.164556e-05   0.000000e+00   9.150108e-01   6.709999e-07 
          2810   6.980304e-07   1.562493e-03   1.245389e-03   1.163709e-05   0.000000e+00   9.147551e-01   6.708837e-07 
     Iteration     Continuity     X-momentum     Y-momentum     Z-momentum         Energy            Tke            Sdr 
          2811   6.966986e-07   1.562468e-03   1.245459e-03   1.162794e-05   0.000000e+00   9.145005e-01   6.707678e-07 
          2812   6.948492e-07   1.562445e-03   1.245755e-03   1.161934e-05   0.000000e+00   9.142466e-01   6.706519e-07 
          2813   6.939826e-07   1.562423e-03   1.246509e-03   1.161056e-05   0.000000e+00   9.139933e-01   6.705360e-07 
          2814   6.938717e-07   1.562402e-03   1.246556e-03   1.160151e-05   0.000000e+00   9.137401e-01   6.704206e-07 
          2815   6.951509e-07   1.562381e-03   1.247263e-03   1.159331e-05   0.000000e+00   9.134874e-01   6.703049e-07 
          2816   6.955215e-07   1.562361e-03   1.247633e-03   1.158429e-05   0.000000e+00   9.132351e-01   6.701895e-07 
          2817   6.955168e-07   1.562343e-03   1.248437e-03   1.157584e-05   0.000000e+00   9.129831e-01   6.700739e-07 
          2818   6.958348e-07   1.562324e-03   1.249255e-03   1.156657e-05   0.000000e+00   9.127314e-01   6.699587e-07 
          2819   6.962473e-07   1.562307e-03   1.249886e-03   1.155839e-05   0.000000e+00   9.124798e-01   6.698434e-07 
          2820   6.950513e-07   1.562289e-03   1.250874e-03   1.154954e-05   0.000000e+00   9.122277e-01   6.697281e-07 
     Iteration     Continuity     X-momentum     Y-momentum     Z-momentum         Energy            Tke            Sdr 
          2821   6.948700e-07   1.562268e-03   1.251786e-03   1.154095e-05   0.000000e+00   9.119722e-01   6.696122e-07 
          2822   6.949058e-07   1.562250e-03   1.252811e-03   1.153195e-05   0.000000e+00   9.117189e-01   6.694970e-07 
          2823   6.963505e-07   1.562232e-03   1.254076e-03   1.152389e-05   0.000000e+00   9.114667e-01   6.693818e-07 
          2824   6.967457e-07   1.562215e-03   1.255097e-03   1.151506e-05   0.000000e+00   9.112148e-01   6.692667e-07 
          2825   6.975211e-07   1.562198e-03   1.256063e-03   1.150658e-05   0.000000e+00   9.109633e-01   6.691516e-07 
          2826   6.975471e-07   1.562182e-03   1.257160e-03   1.149832e-05   0.000000e+00   9.107117e-01   6.690365e-07 
          2827   6.975976e-07   1.562165e-03   1.258248e-03   1.148963e-05   0.000000e+00   9.104593e-01   6.689217e-07 
          2828   6.969190e-07   1.562144e-03   1.259719e-03   1.148185e-05   0.000000e+00   9.102072e-01   6.688020e-07 
          2829   6.958498e-07   1.562124e-03   1.261275e-03   1.147333e-05   0.000000e+00   9.099554e-01   6.686831e-07 
          2830   6.925439e-07   1.562105e-03   1.262314e-03   1.146535e-05   0.000000e+00   9.097039e-01   6.685647e-07 
     Iteration     Continuity     X-momentum     Y-momentum     Z-momentum         Energy            Tke            Sdr 
          2831   6.910945e-07   1.562087e-03   1.263491e-03   1.145620e-05   0.000000e+00   9.094524e-01   6.684470e-07 
          2832   6.905925e-07   1.562068e-03   1.264584e-03   1.144789e-05   0.000000e+00   9.092010e-01   6.683295e-07 
          2833   6.901759e-07   1.562050e-03   1.265876e-03   1.143887e-05   0.000000e+00   9.089496e-01   6.682121e-07 
          2834   6.892908e-07   1.562033e-03   1.266975e-03   1.142947e-05   0.000000e+00   9.086984e-01   6.680951e-07 
          2835   6.888461e-07   1.562015e-03   1.268232e-03   1.142112e-05   0.000000e+00   9.084471e-01   6.679781e-07 
          2836   6.872191e-07   1.561996e-03   1.269494e-03   1.141225e-05   0.000000e+00   9.081940e-01   6.678610e-07 
          2837   6.860426e-07   1.561968e-03   1.270620e-03   1.140383e-05   0.000000e+00   9.079323e-01   6.677427e-07 
          2838   6.844011e-07   1.561944e-03   1.271997e-03   1.139580e-05   0.000000e+00   9.076756e-01   6.676255e-07 
          2839   6.835061e-07   1.561923e-03   1.273376e-03   1.138816e-05   0.000000e+00   9.074211e-01   6.675085e-07 
          2840   6.820216e-07   1.561902e-03   1.274943e-03   1.138024e-05   0.000000e+00   9.071676e-01   6.673917e-07 
     Iteration     Continuity     X-momentum     Y-momentum     Z-momentum         Energy            Tke            Sdr 
          2841   6.823313e-07   1.561882e-03   1.276331e-03   1.137233e-05   0.000000e+00   9.069145e-01   6.672753e-07 
          2842   6.812680e-07   1.561863e-03   1.278015e-03   1.136531e-05   0.000000e+00   9.066618e-01   6.671589e-07 
          2843   6.794823e-07   1.561845e-03   1.279528e-03   1.135722e-05   0.000000e+00   9.064094e-01   6.670428e-07 
          2844   6.774565e-07   1.561826e-03   1.280968e-03   1.134995e-05   0.000000e+00   9.061570e-01   6.669265e-07 
          2845   6.768480e-07   1.561808e-03   1.282107e-03   1.134141e-05   0.000000e+00   9.059048e-01   6.668107e-07 
          2846   6.768979e-07   1.561790e-03   1.283914e-03   1.133391e-05   0.000000e+00   9.056526e-01   6.666947e-07 
          2847   6.769596e-07   1.561772e-03   1.286146e-03   1.132567e-05   0.000000e+00   9.054005e-01   6.665790e-07 
          2848   6.754260e-07   1.561755e-03   1.287857e-03   1.131775e-05   0.000000e+00   9.051484e-01   6.664632e-07 
          2849   6.730676e-07   1.561737e-03   1.290052e-03   1.130893e-05   0.000000e+00   9.048964e-01   6.663477e-07 
          2850   6.718401e-07   1.561719e-03   1.291842e-03   1.130109e-05   0.000000e+00   9.046441e-01   6.662322e-07 
     Iteration     Continuity     X-momentum     Y-momentum     Z-momentum         Energy            Tke            Sdr 
          2851   6.708897e-07   1.561699e-03   1.294067e-03   1.129252e-05   0.000000e+00   9.043879e-01   6.661161e-07 
          2852   6.702796e-07   1.561679e-03   1.295855e-03   1.128368e-05   0.000000e+00   9.041336e-01   6.660005e-07 
          2853   6.705927e-07   1.561643e-03   1.298132e-03   1.127517e-05   0.000000e+00   9.038657e-01   6.658829e-07 
          2854   6.701972e-07   1.561614e-03   1.299631e-03   1.126654e-05   0.000000e+00   9.036046e-01   6.657663e-07 
          2855   6.689747e-07   1.561587e-03   1.301465e-03   1.125764e-05   0.000000e+00   9.033470e-01   6.656503e-07 
          2856   6.623889e-07   1.561563e-03   1.303123e-03   1.124845e-05   0.000000e+00   9.030908e-01   6.655348e-07 
          2857   6.573167e-07   1.561541e-03   1.304962e-03   1.123902e-05   0.000000e+00   9.028356e-01   6.654193e-07 
          2858   6.545696e-07   1.561519e-03   1.307000e-03   1.122910e-05   0.000000e+00   9.025809e-01   6.653039e-07 
          2859   6.532550e-07   1.561498e-03   1.309034e-03   1.121956e-05   0.000000e+00   9.023266e-01   6.651888e-07 
          2860   6.497384e-07   1.561477e-03   1.311104e-03   1.120925e-05   0.000000e+00   9.020725e-01   6.650738e-07 
     Iteration     Continuity     X-momentum     Y-momentum     Z-momentum         Energy            Tke            Sdr 
          2861   6.494426e-07   1.561457e-03   1.313384e-03   1.119900e-05   0.000000e+00   9.018187e-01   6.649587e-07 
          2862   6.493024e-07   1.561437e-03   1.315446e-03   1.118755e-05   0.000000e+00   9.015649e-01   6.648440e-07 
          2863   6.508530e-07   1.561417e-03   1.317890e-03   1.117729e-05   0.000000e+00   9.013113e-01   6.647291e-07 
          2864   6.504122e-07   1.561397e-03   1.319869e-03   1.116613e-05   0.000000e+00   9.010578e-01   6.646145e-07 
          2865   6.506468e-07   1.561378e-03   1.322093e-03   1.115646e-05   0.000000e+00   9.008043e-01   6.644998e-07 
          2866   6.514947e-07   1.561358e-03   1.324180e-03   1.114639e-05   0.000000e+00   9.005509e-01   6.643853e-07 
          2867   6.538916e-07   1.561339e-03   1.326788e-03   1.113768e-05   0.000000e+00   9.002975e-01   6.642709e-07 
          2868   6.549072e-07   1.561320e-03   1.328351e-03   1.112896e-05   0.000000e+00   9.000441e-01   6.641563e-07 
          2869   6.566868e-07   1.561301e-03   1.330767e-03   1.112003e-05   0.000000e+00   8.997907e-01   6.640422e-07 
          2870   6.589511e-07   1.561282e-03   1.332797e-03   1.111235e-05   0.000000e+00   8.995373e-01   6.639278e-07 
     Iteration     Continuity     X-momentum     Y-momentum     Z-momentum         Energy            Tke            Sdr 
          2871   6.609422e-07   1.561263e-03   1.335137e-03   1.110398e-05   0.000000e+00   8.992840e-01   6.638138e-07 
          2872   6.615507e-07   1.561244e-03   1.337163e-03   1.109616e-05   0.000000e+00   8.990308e-01   6.636995e-07 
          2873   6.624978e-07   1.561225e-03   1.339790e-03   1.108813e-05   0.000000e+00   8.987775e-01   6.635854e-07 
          2874   6.626391e-07   1.561205e-03   1.341670e-03   1.108009e-05   0.000000e+00   8.985229e-01   6.634715e-07 
          2875   6.633433e-07   1.561183e-03   1.343842e-03   1.107254e-05   0.000000e+00   8.982656e-01   6.633570e-07 
          2876   6.628659e-07   1.561161e-03   1.345726e-03   1.106431e-05   0.000000e+00   8.980096e-01   6.632429e-07 
          2877   6.623012e-07   1.561141e-03   1.347332e-03   1.105652e-05   0.000000e+00   8.977547e-01   6.631287e-07 
          2878   6.601836e-07   1.561120e-03   1.348931e-03   1.104785e-05   0.000000e+00   8.975001e-01   6.630149e-07 
          2879   6.565324e-07   1.561095e-03   1.351004e-03   1.103999e-05   0.000000e+00   8.972444e-01   6.628999e-07 
          2880   6.513703e-07   1.561062e-03   1.352628e-03   1.103110e-05   0.000000e+00   8.969873e-01   6.627835e-07 
     Iteration     Continuity     X-momentum     Y-momentum     Z-momentum         Energy            Tke            Sdr 
          2881   6.475641e-07   1.561031e-03   1.354140e-03   1.102232e-05   0.000000e+00   8.967310e-01   6.626679e-07 
          2882   6.443147e-07   1.560999e-03   1.355687e-03   1.101377e-05   0.000000e+00   8.964735e-01   6.625525e-07 
          2883   6.433017e-07   1.560950e-03   1.356953e-03   1.100455e-05   0.000000e+00   8.962109e-01   6.624376e-07 
          2884   6.433792e-07   1.560908e-03   1.357701e-03   1.099640e-05   0.000000e+00   8.959507e-01   6.623227e-07 
          2885   6.437325e-07   1.560869e-03   1.358278e-03   1.098763e-05   0.000000e+00   8.956919e-01   6.622082e-07 
          2886   6.433812e-07   1.560832e-03   1.359093e-03   1.097928e-05   0.000000e+00   8.954337e-01   6.620938e-07 
          2887   6.437810e-07   1.560797e-03   1.359870e-03   1.097071e-05   0.000000e+00   8.951760e-01   6.619797e-07 
          2888   6.423588e-07   1.560764e-03   1.360581e-03   1.096238e-05   0.000000e+00   8.949186e-01   6.618656e-07 
          2889   6.418487e-07   1.560731e-03   1.361445e-03   1.095398e-05   0.000000e+00   8.946616e-01   6.617518e-07 
          2890   6.389874e-07   1.560698e-03   1.362284e-03   1.094563e-05   0.000000e+00   8.944038e-01   6.616379e-07 
     Iteration     Continuity     X-momentum     Y-momentum     Z-momentum         Energy            Tke            Sdr 
          2891   6.362974e-07   1.560666e-03   1.363056e-03   1.093719e-05   0.000000e+00   8.941459e-01   6.615243e-07 
          2892   6.330181e-07   1.560634e-03   1.363501e-03   1.092889e-05   0.000000e+00   8.938888e-01   6.614107e-07 
          2893   6.313406e-07   1.560603e-03   1.364188e-03   1.092046e-05   0.000000e+00   8.936319e-01   6.612973e-07 
          2894   6.281167e-07   1.560571e-03   1.365019e-03   1.091215e-05   0.000000e+00   8.933719e-01   6.611836e-07 
          2895   6.258070e-07   1.560539e-03   1.365749e-03   1.090381e-05   0.000000e+00   8.931138e-01   6.610703e-07 
          2896   6.221867e-07   1.560509e-03   1.366505e-03   1.089579e-05   0.000000e+00   8.928566e-01   6.609570e-07 
          2897   6.199042e-07   1.560480e-03   1.367167e-03   1.088703e-05   0.000000e+00   8.925998e-01   6.608441e-07 
          2898   6.188785e-07   1.560451e-03   1.367863e-03   1.087921e-05   0.000000e+00   8.923433e-01   6.607312e-07 
          2899   6.181651e-07   1.560422e-03   1.368589e-03   1.087071e-05   0.000000e+00   8.920869e-01   6.606183e-07 
          2900   6.164103e-07   1.560394e-03   1.369289e-03   1.086234e-05   0.000000e+00   8.918307e-01   6.605057e-07 
     Iteration     Continuity     X-momentum     Y-momentum     Z-momentum         Energy            Tke            Sdr 
          2901   6.146739e-07   1.560366e-03   1.370075e-03   1.085408e-05   0.000000e+00   8.915745e-01   6.603931e-07 
          2902   6.123995e-07   1.560337e-03   1.371028e-03   1.084538e-05   0.000000e+00   8.913174e-01   6.602806e-07 
          2903   6.111785e-07   1.560306e-03   1.371650e-03   1.083744e-05   0.000000e+00   8.910572e-01   6.601677e-07 
          2904   6.086545e-07   1.560269e-03   1.371944e-03   1.082906e-05   0.000000e+00   8.907916e-01   6.600537e-07 
          2905   6.060957e-07   1.560227e-03   1.372484e-03   1.082055e-05   0.000000e+00   8.905236e-01   6.599395e-07 
          2906   6.032990e-07   1.560178e-03   1.373265e-03   1.081193e-05   0.000000e+00   8.902523e-01   6.598252e-07 
          2907   6.021044e-07   1.560135e-03   1.373880e-03   1.080399e-05   0.000000e+00   8.899860e-01   6.597115e-07 
          2908   6.001708e-07   1.560095e-03   1.374307e-03   1.079563e-05   0.000000e+00   8.897210e-01   6.595981e-07 
          2909   5.986916e-07   1.560057e-03   1.374365e-03   1.078696e-05   0.000000e+00   8.894589e-01   6.594853e-07 
          2910   5.964684e-07   1.560022e-03   1.374765e-03   1.077921e-05   0.000000e+00   8.891983e-01   6.593727e-07 
     Iteration     Continuity     X-momentum     Y-momentum     Z-momentum         Energy            Tke            Sdr 
          2911   5.928024e-07   1.559988e-03   1.374953e-03   1.077063e-05   0.000000e+00   8.889377e-01   6.592601e-07 
          2912   5.883737e-07   1.559954e-03   1.375022e-03   1.076197e-05   0.000000e+00   8.886773e-01   6.591477e-07 
          2913   5.839495e-07   1.559922e-03   1.375095e-03   1.075446e-05   0.000000e+00   8.884179e-01   6.590353e-07 
          2914   5.808116e-07   1.559891e-03   1.375224e-03   1.074639e-05   0.000000e+00   8.881592e-01   6.589233e-07 
          2915   5.799427e-07   1.559860e-03   1.374924e-03   1.073946e-05   0.000000e+00   8.879008e-01   6.588112e-07 
          2916   5.796213e-07   1.559829e-03   1.375027e-03   1.073152e-05   0.000000e+00   8.876415e-01   6.586990e-07 
          2917   5.819623e-07   1.559797e-03   1.374967e-03   1.072315e-05   0.000000e+00   8.873806e-01   6.585869e-07 
          2918   5.848007e-07   1.559765e-03   1.375292e-03   1.071528e-05   0.000000e+00   8.871202e-01   6.584746e-07 
          2919   5.875301e-07   1.559735e-03   1.375132e-03   1.070645e-05   0.000000e+00   8.868611e-01   6.583628e-07 
          2920   5.884071e-07   1.559705e-03   1.375239e-03   1.069811e-05   0.000000e+00   8.866026e-01   6.582508e-07 
     Iteration     Continuity     X-momentum     Y-momentum     Z-momentum         Energy            Tke            Sdr 
          2921   5.894274e-07   1.559674e-03   1.375250e-03   1.068882e-05   0.000000e+00   8.863423e-01   6.581390e-07 
          2922   5.867920e-07   1.559642e-03   1.375138e-03   1.068065e-05   0.000000e+00   8.860807e-01   6.580269e-07 
          2923   5.845157e-07   1.559610e-03   1.374953e-03   1.067179e-05   0.000000e+00   8.858187e-01   6.579148e-07 
          2924   5.837627e-07   1.559579e-03   1.374666e-03   1.066272e-05   0.000000e+00   8.855588e-01   6.578029e-07 
          2925   5.848709e-07   1.559549e-03   1.374257e-03   1.065368e-05   0.000000e+00   8.852998e-01   6.576914e-07 
          2926   5.853268e-07   1.559520e-03   1.373856e-03   1.064512e-05   0.000000e+00   8.850411e-01   6.575797e-07 
          2927   5.868929e-07   1.559491e-03   1.373360e-03   1.063617e-05   0.000000e+00   8.847828e-01   6.574684e-07 
          2928   5.894186e-07   1.559463e-03   1.373046e-03   1.062801e-05   0.000000e+00   8.845246e-01   6.573569e-07 
          2929   5.935543e-07   1.559435e-03   1.372469e-03   1.061941e-05   0.000000e+00   8.842665e-01   6.572456e-07 
          2930   5.962651e-07   1.559407e-03   1.371891e-03   1.061138e-05   0.000000e+00   8.840085e-01   6.571341e-07 
     Iteration     Continuity     X-momentum     Y-momentum     Z-momentum         Energy            Tke            Sdr 
          2931   5.993220e-07   1.559379e-03   1.371478e-03   1.060248e-05   0.000000e+00   8.837505e-01   6.570229e-07 
          2932   6.015997e-07   1.559352e-03   1.371057e-03   1.059463e-05   0.000000e+00   8.834926e-01   6.569116e-07 
          2933   6.034661e-07   1.559325e-03   1.370641e-03   1.058612e-05   0.000000e+00   8.832346e-01   6.568004e-07 
          2934   6.034539e-07   1.559297e-03   1.370100e-03   1.057815e-05   0.000000e+00   8.829767e-01   6.566892e-07 
          2935   6.038142e-07   1.559270e-03   1.369662e-03   1.056975e-05   0.000000e+00   8.827187e-01   6.565780e-07 
          2936   6.031537e-07   1.559240e-03   1.369246e-03   1.056114e-05   0.000000e+00   8.824592e-01   6.564671e-07 
          2937   6.032406e-07   1.559189e-03   1.368712e-03   1.055347e-05   0.000000e+00   8.821912e-01   6.563560e-07 
          2938   6.006444e-07   1.559145e-03   1.368342e-03   1.054506e-05   0.000000e+00   8.819266e-01   6.562450e-07 
          2939   5.978734e-07   1.559104e-03   1.367877e-03   1.053770e-05   0.000000e+00   8.816640e-01   6.561340e-07 
          2940   5.924445e-07   1.559066e-03   1.367502e-03   1.053044e-05   0.000000e+00   8.814023e-01   6.560232e-07 
     Iteration     Continuity     X-momentum     Y-momentum     Z-momentum         Energy            Tke            Sdr 
          2941   5.883230e-07   1.559030e-03   1.367221e-03   1.052397e-05   0.000000e+00   8.811412e-01   6.559123e-07 
          2942   5.840213e-07   1.558994e-03   1.366973e-03   1.051695e-05   0.000000e+00   8.808805e-01   6.558015e-07 
          2943   5.816683e-07   1.558959e-03   1.366636e-03   1.050991e-05   0.000000e+00   8.806201e-01   6.556908e-07 
          2944   5.790337e-07   1.558925e-03   1.366276e-03   1.050284e-05   0.000000e+00   8.803599e-01   6.555801e-07 
          2945   5.781763e-07   1.558892e-03   1.366162e-03   1.049555e-05   0.000000e+00   8.800999e-01   6.554694e-07 
          2946   5.766214e-07   1.558859e-03   1.366000e-03   1.048806e-05   0.000000e+00   8.798400e-01   6.553589e-07 
          2947   5.749251e-07   1.558826e-03   1.366041e-03   1.048071e-05   0.000000e+00   8.795801e-01   6.552469e-07 
          2948   5.753705e-07   1.558790e-03   1.366022e-03   1.047249e-05   0.000000e+00   8.793202e-01   6.551324e-07 
          2949   5.782459e-07   1.558755e-03   1.365938e-03   1.046477e-05   0.000000e+00   8.790603e-01   6.550184e-07 
          2950   5.809313e-07   1.558721e-03   1.366015e-03   1.045633e-05   0.000000e+00   8.788006e-01   6.549051e-07 
     Iteration     Continuity     X-momentum     Y-momentum     Z-momentum         Energy            Tke            Sdr 
          2951   5.846733e-07   1.558687e-03   1.365948e-03   1.044816e-05   0.000000e+00   8.785409e-01   6.547918e-07 
          2952   5.874220e-07   1.558653e-03   1.365837e-03   1.043898e-05   0.000000e+00   8.782813e-01   6.546790e-07 
          2953   5.907863e-07   1.558620e-03   1.365764e-03   1.043026e-05   0.000000e+00   8.780218e-01   6.545661e-07 
          2954   5.942466e-07   1.558587e-03   1.365908e-03   1.042060e-05   0.000000e+00   8.777622e-01   6.544536e-07 
          2955   5.978050e-07   1.558554e-03   1.366115e-03   1.041194e-05   0.000000e+00   8.775027e-01   6.543412e-07 
          2956   6.001951e-07   1.558522e-03   1.366459e-03   1.040250e-05   0.000000e+00   8.772432e-01   6.542289e-07 
          2957   6.025543e-07   1.558489e-03   1.366642e-03   1.039365e-05   0.000000e+00   8.769837e-01   6.541165e-07 
          2958   6.038828e-07   1.558457e-03   1.366937e-03   1.038422e-05   0.000000e+00   8.767242e-01   6.540044e-07 
          2959   6.051658e-07   1.558425e-03   1.367163e-03   1.037581e-05   0.000000e+00   8.764648e-01   6.538924e-07 
          2960   6.048302e-07   1.558393e-03   1.367539e-03   1.036724e-05   0.000000e+00   8.762053e-01   6.537803e-07 
     Iteration     Continuity     X-momentum     Y-momentum     Z-momentum         Energy            Tke            Sdr 
          2961   6.049801e-07   1.558356e-03   1.367808e-03   1.035854e-05   0.000000e+00   8.759401e-01   6.536674e-07 
          2962   6.027020e-07   1.558317e-03   1.368005e-03   1.034988e-05   0.000000e+00   8.756738e-01   6.535546e-07 
          2963   6.003616e-07   1.558281e-03   1.368156e-03   1.034198e-05   0.000000e+00   8.754106e-01   6.534423e-07 
          2964   5.972744e-07   1.558246e-03   1.368306e-03   1.033368e-05   0.000000e+00   8.751487e-01   6.533302e-07 
          2965   5.950873e-07   1.558211e-03   1.368674e-03   1.032515e-05   0.000000e+00   8.748875e-01   6.532185e-07 
          2966   5.925338e-07   1.558178e-03   1.368881e-03   1.031757e-05   0.000000e+00   8.746267e-01   6.531068e-07 
          2967   5.898664e-07   1.558144e-03   1.369180e-03   1.030937e-05   0.000000e+00   8.743661e-01   6.529952e-07 
          2968   5.877293e-07   1.558111e-03   1.369589e-03   1.030128e-05   0.000000e+00   8.741056e-01   6.528838e-07 
          2969   5.858741e-07   1.558078e-03   1.370296e-03   1.029354e-05   0.000000e+00   8.738452e-01   6.527723e-07 
          2970   5.836052e-07   1.558046e-03   1.370978e-03   1.028505e-05   0.000000e+00   8.735848e-01   6.526611e-07 
     Iteration     Continuity     X-momentum     Y-momentum     Z-momentum         Energy            Tke            Sdr 
          2971   5.821141e-07   1.558013e-03   1.371234e-03   1.027746e-05   0.000000e+00   8.733245e-01   6.525499e-07 
          2972   5.803324e-07   1.557976e-03   1.371709e-03   1.026940e-05   0.000000e+00   8.730601e-01   6.524380e-07 
          2973   5.800961e-07   1.557931e-03   1.371971e-03   1.026114e-05   0.000000e+00   8.727893e-01   6.523253e-07 
          2974   5.798998e-07   1.557890e-03   1.372402e-03   1.025335e-05   0.000000e+00   8.725232e-01   6.522134e-07 
          2975   5.797173e-07   1.557851e-03   1.372717e-03   1.024534e-05   0.000000e+00   8.722592e-01   6.521019e-07 
          2976   5.786505e-07   1.557814e-03   1.373394e-03   1.023756e-05   0.000000e+00   8.719963e-01   6.519906e-07 
          2977   5.767570e-07   1.557778e-03   1.373730e-03   1.022933e-05   0.000000e+00   8.717339e-01   6.518796e-07 
          2978   5.728268e-07   1.557743e-03   1.374165e-03   1.022172e-05   0.000000e+00   8.714719e-01   6.517684e-07 
          2979   5.704381e-07   1.557708e-03   1.374782e-03   1.021339e-05   0.000000e+00   8.712101e-01   6.516576e-07 
          2980   5.675121e-07   1.557673e-03   1.375543e-03   1.020577e-05   0.000000e+00   8.709486e-01   6.515466e-07 
     Iteration     Continuity     X-momentum     Y-momentum     Z-momentum         Energy            Tke            Sdr 
          2981   5.654989e-07   1.557639e-03   1.376009e-03   1.019768e-05   0.000000e+00   8.706871e-01   6.514358e-07 
          2982   5.628549e-07   1.557605e-03   1.376625e-03   1.018934e-05   0.000000e+00   8.704258e-01   6.513252e-07 
          2983   5.616036e-07   1.557571e-03   1.377018e-03   1.018185e-05   0.000000e+00   8.701645e-01   6.512145e-07 
          2984   5.591104e-07   1.557537e-03   1.377624e-03   1.017364e-05   0.000000e+00   8.699033e-01   6.511039e-07 
          2985   5.572745e-07   1.557503e-03   1.378360e-03   1.016566e-05   0.000000e+00   8.696421e-01   6.509933e-07 
          2986   5.552638e-07   1.557470e-03   1.379343e-03   1.015739e-05   0.000000e+00   8.693809e-01   6.508829e-07 
          2987   5.546143e-07   1.557436e-03   1.380251e-03   1.014953e-05   0.000000e+00   8.691198e-01   6.507724e-07 
          2988   5.543745e-07   1.557403e-03   1.381156e-03   1.014135e-05   0.000000e+00   8.688586e-01   6.506621e-07 
          2989   5.542599e-07   1.557369e-03   1.382092e-03   1.013350e-05   0.000000e+00   8.685975e-01   6.505518e-07 
          2990   5.530462e-07   1.557336e-03   1.383119e-03   1.012525e-05   0.000000e+00   8.683363e-01   6.504417e-07 
     Iteration     Continuity     X-momentum     Y-momentum     Z-momentum         Energy            Tke            Sdr 
          2991   5.535618e-07   1.557302e-03   1.383904e-03   1.011753e-05   0.000000e+00   8.680752e-01   6.503315e-07 
          2992   5.534719e-07   1.557269e-03   1.384910e-03   1.010933e-05   0.000000e+00   8.678140e-01   6.502215e-07 
          2993   5.539173e-07   1.557235e-03   1.386010e-03   1.010135e-05   0.000000e+00   8.675528e-01   6.501114e-07 
          2994   5.536240e-07   1.557202e-03   1.387160e-03   1.009328e-05   0.000000e+00   8.672915e-01   6.500015e-07 
          2995   5.529798e-07   1.557168e-03   1.388242e-03   1.008555e-05   0.000000e+00   8.670303e-01   6.498915e-07 
          2996   5.513245e-07   1.557135e-03   1.389478e-03   1.007711e-05   0.000000e+00   8.667690e-01   6.497818e-07 
          2997   5.504337e-07   1.557101e-03   1.390699e-03   1.006933e-05   0.000000e+00   8.665076e-01   6.496719e-07 
          2998   5.486623e-07   1.557068e-03   1.391963e-03   1.006105e-05   0.000000e+00   8.662463e-01   6.495623e-07 
          2999   5.469421e-07   1.557034e-03   1.393236e-03   1.005302e-05   0.000000e+00   8.659849e-01   6.494525e-07 
          3000   5.441950e-07   1.557001e-03   1.394756e-03   1.004453e-05   0.000000e+00   8.657235e-01   6.493430e-07 
     Iteration     Continuity     X-momentum     Y-momentum     Z-momentum         Energy            Tke            Sdr 
          3001   5.427573e-07   1.556967e-03   1.396016e-03   1.003675e-05   0.000000e+00   8.654620e-01   6.492335e-07 
          3002   5.378883e-07   1.556933e-03   1.397563e-03   1.002862e-05   0.000000e+00   8.652005e-01   6.491238e-07 
          3003   5.353783e-07   1.556899e-03   1.398940e-03   1.002022e-05   0.000000e+00   8.649390e-01   6.490144e-07 
          3004   5.317024e-07   1.556865e-03   1.400335e-03   1.001224e-05   0.000000e+00   8.646774e-01   6.489047e-07 
          3005   5.299785e-07   1.556831e-03   1.401895e-03   1.000405e-05   0.000000e+00   8.644158e-01   6.487949e-07 
          3006   5.288899e-07   1.556797e-03   1.403429e-03   9.996645e-06   0.000000e+00   8.641541e-01   6.486850e-07 
          3007   5.291413e-07   1.556763e-03   1.404992e-03   9.988747e-06   0.000000e+00   8.638925e-01   6.485753e-07 
          3008   5.284474e-07   1.556729e-03   1.406589e-03   9.981016e-06   0.000000e+00   8.636307e-01   6.484657e-07 
          3009   5.284789e-07   1.556694e-03   1.408163e-03   9.973503e-06   0.000000e+00   8.633690e-01   6.483562e-07 
          3010   5.272992e-07   1.556660e-03   1.409914e-03   9.965964e-06   0.000000e+00   8.631072e-01   6.482465e-07 
     Iteration     Continuity     X-momentum     Y-momentum     Z-momentum         Energy            Tke            Sdr 
          3011   5.268485e-07   1.556625e-03   1.411681e-03   9.957939e-06   0.000000e+00   8.628453e-01   6.481372e-07 
          3012   5.259684e-07   1.556591e-03   1.413553e-03   9.949883e-06   0.000000e+00   8.625834e-01   6.480278e-07 
          3013   5.252040e-07   1.556556e-03   1.415396e-03   9.941507e-06   0.000000e+00   8.623215e-01   6.479186e-07 
          3014   5.219512e-07   1.556521e-03   1.417225e-03   9.933417e-06   0.000000e+00   8.620596e-01   6.478092e-07 
          3015   5.195839e-07   1.556486e-03   1.419052e-03   9.924555e-06   0.000000e+00   8.617976e-01   6.477002e-07 
          3016   5.187888e-07   1.556451e-03   1.420851e-03   9.916190e-06   0.000000e+00   8.615355e-01   6.475911e-07 
          3017   5.183528e-07   1.556416e-03   1.423161e-03   9.907694e-06   0.000000e+00   8.612735e-01   6.474820e-07 
          3018   5.174516e-07   1.556381e-03   1.425509e-03   9.898834e-06   0.000000e+00   8.610113e-01   6.473731e-07 
          3019   5.184332e-07   1.556346e-03   1.427759e-03   9.890786e-06   0.000000e+00   8.607492e-01   6.472641e-07 
          3020   5.190640e-07   1.556307e-03   1.430149e-03   9.882140e-06   0.000000e+00   8.604841e-01   6.471549e-07 
     Iteration     Continuity     X-momentum     Y-momentum     Z-momentum         Energy            Tke            Sdr 
          3021   5.205990e-07   1.556250e-03   1.432516e-03   9.873934e-06   0.000000e+00   8.602087e-01   6.470445e-07 
          3022   5.219896e-07   1.556200e-03   1.434925e-03   9.865671e-06   0.000000e+00   8.599386e-01   6.469348e-07 
          3023   5.235859e-07   1.556154e-03   1.437245e-03   9.857494e-06   0.000000e+00   8.596712e-01   6.468256e-07 
          3024   5.225311e-07   1.556109e-03   1.439757e-03   9.849690e-06   0.000000e+00   8.594050e-01   6.467163e-07 
          3025   5.206088e-07   1.556066e-03   1.442075e-03   9.841786e-06   0.000000e+00   8.591395e-01   6.466075e-07 
          3026   5.213493e-07   1.556023e-03   1.444445e-03   9.834777e-06   0.000000e+00   8.588740e-01   6.464981e-07 
          3027   5.236723e-07   1.555969e-03   1.446833e-03   9.828428e-06   0.000000e+00   8.586069e-01   6.463860e-07 
          3028   5.267322e-07   1.555918e-03   1.449036e-03   9.822336e-06   0.000000e+00   8.583406e-01   6.462748e-07 
          3029   5.319482e-07   1.555863e-03   1.451409e-03   9.817405e-06   0.000000e+00   8.580672e-01   6.461630e-07 
          3030   5.369382e-07   1.555810e-03   1.453781e-03   9.812229e-06   0.000000e+00   8.577972e-01   6.460519e-07 
     Iteration     Continuity     X-momentum     Y-momentum     Z-momentum         Energy            Tke            Sdr 
          3031   5.417775e-07   1.555760e-03   1.456200e-03   9.806600e-06   0.000000e+00   8.575295e-01   6.459416e-07 
          3032   5.468293e-07   1.555712e-03   1.458615e-03   9.800841e-06   0.000000e+00   8.572628e-01   6.458314e-07 
          3033   5.506432e-07   1.555665e-03   1.460948e-03   9.794294e-06   0.000000e+00   8.569968e-01   6.457217e-07 
          3034   5.532371e-07   1.555619e-03   1.463329e-03   9.787493e-06   0.000000e+00   8.567312e-01   6.456119e-07 
          3035   5.558357e-07   1.555573e-03   1.465801e-03   9.780078e-06   0.000000e+00   8.564659e-01   6.455022e-07 
          3036   5.577697e-07   1.555528e-03   1.468422e-03   9.771985e-06   0.000000e+00   8.562009e-01   6.453929e-07 
          3037   5.604615e-07   1.555484e-03   1.470966e-03   9.764560e-06   0.000000e+00   8.559360e-01   6.452837e-07 
          3038   5.616553e-07   1.555439e-03   1.473528e-03   9.755836e-06   0.000000e+00   8.556713e-01   6.451746e-07 
          3039   5.631260e-07   1.555396e-03   1.476153e-03   9.747929e-06   0.000000e+00   8.554066e-01   6.450656e-07 
          3040   5.630266e-07   1.555352e-03   1.478860e-03   9.739194e-06   0.000000e+00   8.551421e-01   6.449568e-07 
     Iteration     Continuity     X-momentum     Y-momentum     Z-momentum         Energy            Tke            Sdr 
          3041   5.636967e-07   1.555308e-03   1.481560e-03   9.731058e-06   0.000000e+00   8.548777e-01   6.448478e-07 
          3042   5.636238e-07   1.555265e-03   1.484333e-03   9.722061e-06   0.000000e+00   8.546133e-01   6.447392e-07 
          3043   5.642565e-07   1.555222e-03   1.487009e-03   9.713978e-06   0.000000e+00   8.543490e-01   6.446306e-07 
          3044   5.633502e-07   1.555179e-03   1.489778e-03   9.705423e-06   0.000000e+00   8.540847e-01   6.445222e-07 
          3045   5.628371e-07   1.555137e-03   1.492765e-03   9.697295e-06   0.000000e+00   8.538205e-01   6.444138e-07 
          3046   5.618853e-07   1.555094e-03   1.495678e-03   9.688907e-06   0.000000e+00   8.535563e-01   6.443054e-07 
          3047   5.612205e-07   1.555052e-03   1.498711e-03   9.680498e-06   0.000000e+00   8.532921e-01   6.441972e-07 
          3048   5.603818e-07   1.555009e-03   1.501751e-03   9.672130e-06   0.000000e+00   8.530278e-01   6.440890e-07 
          3049   5.593706e-07   1.554946e-03   1.504809e-03   9.663553e-06   0.000000e+00   8.527533e-01   6.439806e-07 
          3050   5.588450e-07   1.554886e-03   1.507881e-03   9.655465e-06   0.000000e+00   8.524811e-01   6.438723e-07 
     Iteration     Continuity     X-momentum     Y-momentum     Z-momentum         Energy            Tke            Sdr 
          3051   5.580466e-07   1.554830e-03   1.510988e-03   9.646834e-06   0.000000e+00   8.522117e-01   6.437640e-07 
          3052   5.575305e-07   1.554777e-03   1.514024e-03   9.638733e-06   0.000000e+00   8.519435e-01   6.436561e-07 
          3053   5.565675e-07   1.554725e-03   1.517132e-03   9.630368e-06   0.000000e+00   8.516761e-01   6.435482e-07 
          3054   5.559288e-07   1.554675e-03   1.520200e-03   9.622399e-06   0.000000e+00   8.514093e-01   6.434403e-07 
          3055   5.548020e-07   1.554626e-03   1.523388e-03   9.614426e-06   0.000000e+00   8.511429e-01   6.433325e-07 
          3056   5.531164e-07   1.554577e-03   1.526534e-03   9.606325e-06   0.000000e+00   8.508769e-01   6.432250e-07 
          3057   5.527023e-07   1.554530e-03   1.529628e-03   9.598547e-06   0.000000e+00   8.506111e-01   6.431172e-07 
          3058   5.511519e-07   1.554482e-03   1.532916e-03   9.590593e-06   0.000000e+00   8.503455e-01   6.430097e-07 
          3059   5.492368e-07   1.554436e-03   1.536264e-03   9.582511e-06   0.000000e+00   8.500800e-01   6.429023e-07 
          3060   5.475639e-07   1.554389e-03   1.539566e-03   9.574908e-06   0.000000e+00   8.498147e-01   6.427947e-07 
     Iteration     Continuity     X-momentum     Y-momentum     Z-momentum         Energy            Tke            Sdr 
          3061   5.455706e-07   1.554343e-03   1.542992e-03   9.566820e-06   0.000000e+00   8.495494e-01   6.426875e-07 
          3062   5.433822e-07   1.554298e-03   1.546309e-03   9.559304e-06   0.000000e+00   8.492843e-01   6.425801e-07 
          3063   5.406172e-07   1.554253e-03   1.549669e-03   9.551356e-06   0.000000e+00   8.490190e-01   6.424730e-07 
          3064   5.349871e-07   1.554194e-03   1.553098e-03   9.543829e-06   0.000000e+00   8.487497e-01   6.423652e-07 
          3065   5.276010e-07   1.554133e-03   1.556449e-03   9.535669e-06   0.000000e+00   8.484801e-01   6.422576e-07 
          3066   5.205166e-07   1.554068e-03   1.559831e-03   9.527010e-06   0.000000e+00   8.482063e-01   6.421495e-07 
          3067   5.132667e-07   1.553996e-03   1.563453e-03   9.517006e-06   0.000000e+00   8.479270e-01   6.420406e-07 
          3068   5.082889e-07   1.553931e-03   1.566991e-03   9.507387e-06   0.000000e+00   8.476531e-01   6.419324e-07 
          3069   5.037278e-07   1.553869e-03   1.570375e-03   9.497691e-06   0.000000e+00   8.473818e-01   6.418249e-07 
          3070   5.000774e-07   1.553808e-03   1.573824e-03   9.488652e-06   0.000000e+00   8.471118e-01   6.417144e-07 
     Iteration     Continuity     X-momentum     Y-momentum     Z-momentum         Energy            Tke            Sdr 
          3071   4.969894e-07   1.553749e-03   1.577162e-03   9.480804e-06   0.000000e+00   8.468426e-01   6.416039e-07 
          3072   4.944282e-07   1.553682e-03   1.580473e-03   9.471992e-06   0.000000e+00   8.465691e-01   6.414935e-07 
          3073   4.927087e-07   1.553605e-03   1.583738e-03   9.464130e-06   0.000000e+00   8.462900e-01   6.413830e-07 
          3074   4.909610e-07   1.553535e-03   1.586806e-03   9.456432e-06   0.000000e+00   8.460156e-01   6.412733e-07 
          3075   4.905153e-07   1.553469e-03   1.590006e-03   9.449341e-06   0.000000e+00   8.457436e-01   6.411639e-07 
          3076   4.895620e-07   1.553406e-03   1.593092e-03   9.442111e-06   0.000000e+00   8.454729e-01   6.410546e-07 
          3077   4.892571e-07   1.553346e-03   1.596310e-03   9.435455e-06   0.000000e+00   8.452032e-01   6.409456e-07 
          3078   4.885159e-07   1.553287e-03   1.599496e-03   9.428229e-06   0.000000e+00   8.449342e-01   6.408369e-07 
          3079   4.889129e-07   1.553229e-03   1.602539e-03   9.421492e-06   0.000000e+00   8.446658e-01   6.407282e-07 
          3080   4.879849e-07   1.553172e-03   1.605568e-03   9.414415e-06   0.000000e+00   8.443978e-01   6.406196e-07 
     Iteration     Continuity     X-momentum     Y-momentum     Z-momentum         Energy            Tke            Sdr 
          3081   4.862583e-07   1.553116e-03   1.608833e-03   9.407252e-06   0.000000e+00   8.441301e-01   6.405113e-07 
          3082   4.859878e-07   1.553062e-03   1.611809e-03   9.400346e-06   0.000000e+00   8.438628e-01   6.404029e-07 
          3083   4.852061e-07   1.553007e-03   1.614920e-03   9.392838e-06   0.000000e+00   8.435958e-01   6.402947e-07 
          3084   4.857733e-07   1.552954e-03   1.618093e-03   9.385710e-06   0.000000e+00   8.433289e-01   6.401866e-07 
          3085   4.850672e-07   1.552901e-03   1.621358e-03   9.378591e-06   0.000000e+00   8.430623e-01   6.400785e-07 
          3086   4.848888e-07   1.552849e-03   1.624592e-03   9.371074e-06   0.000000e+00   8.427957e-01   6.399707e-07 
          3087   4.853944e-07   1.552797e-03   1.627627e-03   9.363925e-06   0.000000e+00   8.425293e-01   6.398630e-07 
          3088   4.852070e-07   1.552745e-03   1.630696e-03   9.356334e-06   0.000000e+00   8.422630e-01   6.397552e-07 
          3089   4.855125e-07   1.552694e-03   1.633882e-03   9.348940e-06   0.000000e+00   8.419969e-01   6.396476e-07 
          3090   4.860372e-07   1.552643e-03   1.637023e-03   9.341374e-06   0.000000e+00   8.417310e-01   6.395402e-07 
     Iteration     Continuity     X-momentum     Y-momentum     Z-momentum         Energy            Tke            Sdr 
          3091   4.865107e-07   1.552593e-03   1.640282e-03   9.333789e-06   0.000000e+00   8.414651e-01   6.394327e-07 
          3092   4.877660e-07   1.552543e-03   1.643661e-03   9.326305e-06   0.000000e+00   8.411994e-01   6.393254e-07 
          3093   4.892463e-07   1.552493e-03   1.646965e-03   9.318824e-06   0.000000e+00   8.409337e-01   6.392180e-07 
          3094   4.907626e-07   1.552443e-03   1.650214e-03   9.311078e-06   0.000000e+00   8.406681e-01   6.391110e-07 
          3095   4.928833e-07   1.552394e-03   1.653467e-03   9.303850e-06   0.000000e+00   8.404026e-01   6.390039e-07 
          3096   4.935540e-07   1.552345e-03   1.656768e-03   9.295853e-06   0.000000e+00   8.401371e-01   6.388969e-07 
          3097   4.955893e-07   1.552296e-03   1.660010e-03   9.288459e-06   0.000000e+00   8.398717e-01   6.387900e-07 
          3098   4.952829e-07   1.552248e-03   1.663480e-03   9.280572e-06   0.000000e+00   8.396063e-01   6.386833e-07 
          3099   4.961145e-07   1.552199e-03   1.666940e-03   9.272908e-06   0.000000e+00   8.393410e-01   6.385765e-07 
          3100   4.977771e-07   1.552151e-03   1.670309e-03   9.265238e-06   0.000000e+00   8.390755e-01   6.384697e-07 
     Iteration     Continuity     X-momentum     Y-momentum     Z-momentum         Energy            Tke            Sdr 
          3101   4.990938e-07   1.552096e-03   1.673737e-03   9.257750e-06   0.000000e+00   8.388028e-01   6.383619e-07 
          3102   5.001283e-07   1.552043e-03   1.677203e-03   9.250184e-06   0.000000e+00   8.385337e-01   6.382548e-07 
          3103   5.007637e-07   1.551992e-03   1.680527e-03   9.242595e-06   0.000000e+00   8.382663e-01   6.381481e-07 
          3104   5.021701e-07   1.551942e-03   1.683935e-03   9.235231e-06   0.000000e+00   8.379996e-01   6.380413e-07 
          3105   5.036772e-07   1.551893e-03   1.687516e-03   9.227518e-06   0.000000e+00   8.377333e-01   6.379348e-07 
          3106   5.063239e-07   1.551844e-03   1.690969e-03   9.220323e-06   0.000000e+00   8.374672e-01   6.378283e-07 
          3107   5.089809e-07   1.551795e-03   1.694509e-03   9.212484e-06   0.000000e+00   8.372013e-01   6.377220e-07 
          3108   5.118709e-07   1.551746e-03   1.697973e-03   9.205196e-06   0.000000e+00   8.369356e-01   6.376158e-07 
          3109   5.140280e-07   1.551698e-03   1.701499e-03   9.197534e-06   0.000000e+00   8.366699e-01   6.375097e-07 
          3110   5.167906e-07   1.551650e-03   1.705044e-03   9.190029e-06   0.000000e+00   8.364043e-01   6.374035e-07 
     Iteration     Continuity     X-momentum     Y-momentum     Z-momentum         Energy            Tke            Sdr 
          3111   5.193597e-07   1.551602e-03   1.708531e-03   9.182738e-06   0.000000e+00   8.361388e-01   6.372976e-07 
          3112   5.211583e-07   1.551554e-03   1.712009e-03   9.175178e-06   0.000000e+00   8.358733e-01   6.371916e-07 
          3113   5.228546e-07   1.551506e-03   1.715507e-03   9.167607e-06   0.000000e+00   8.356079e-01   6.370858e-07 
          3114   5.250290e-07   1.551459e-03   1.719033e-03   9.160178e-06   0.000000e+00   8.353425e-01   6.369801e-07 
          3115   5.256684e-07   1.551411e-03   1.722662e-03   9.152648e-06   0.000000e+00   8.350771e-01   6.368743e-07 
          3116   5.258004e-07   1.551363e-03   1.726267e-03   9.145080e-06   0.000000e+00   8.348118e-01   6.367687e-07 
          3117   5.251286e-07   1.551316e-03   1.729791e-03   9.137477e-06   0.000000e+00   8.345465e-01   6.366630e-07 
          3118   5.227211e-07   1.551269e-03   1.733465e-03   9.129755e-06   0.000000e+00   8.342812e-01   6.365576e-07 
          3119   5.206987e-07   1.551221e-03   1.737093e-03   9.122239e-06   0.000000e+00   8.340159e-01   6.364522e-07 
          3120   5.179234e-07   1.551174e-03   1.740880e-03   9.114570e-06   0.000000e+00   8.337506e-01   6.363467e-07 
     Iteration     Continuity     X-momentum     Y-momentum     Z-momentum         Energy            Tke            Sdr 
          3121   5.144184e-07   1.551126e-03   1.744588e-03   9.106788e-06   0.000000e+00   8.334850e-01   6.362414e-07 
          3122   5.120346e-07   1.551078e-03   1.748260e-03   9.099517e-06   0.000000e+00   8.332195e-01   6.361362e-07 
          3123   5.106167e-07   1.551023e-03   1.752015e-03   9.091646e-06   0.000000e+00   8.329471e-01   6.360300e-07 
          3124   5.106000e-07   1.550965e-03   1.755589e-03   9.084300e-06   0.000000e+00   8.326739e-01   6.359237e-07 
          3125   5.099514e-07   1.550911e-03   1.759286e-03   9.076701e-06   0.000000e+00   8.324041e-01   6.358181e-07 
          3126   5.085372e-07   1.550858e-03   1.762953e-03   9.069272e-06   0.000000e+00   8.321358e-01   6.357125e-07 
          3127   5.069143e-07   1.550807e-03   1.766668e-03   9.061809e-06   0.000000e+00   8.318683e-01   6.356072e-07 
          3128   5.031928e-07   1.550756e-03   1.770436e-03   9.054331e-06   0.000000e+00   8.316013e-01   6.355019e-07 
          3129   4.999076e-07   1.550706e-03   1.774077e-03   9.046682e-06   0.000000e+00   8.313346e-01   6.353969e-07 
          3130   4.970174e-07   1.550656e-03   1.777801e-03   9.039077e-06   0.000000e+00   8.310682e-01   6.352918e-07 
     Iteration     Continuity     X-momentum     Y-momentum     Z-momentum         Energy            Tke            Sdr 
          3131   4.945685e-07   1.550607e-03   1.781689e-03   9.031909e-06   0.000000e+00   8.308019e-01   6.351869e-07 
          3132   4.903507e-07   1.550558e-03   1.785533e-03   9.024105e-06   0.000000e+00   8.305357e-01   6.350821e-07 
          3133   4.871574e-07   1.550509e-03   1.789284e-03   9.016791e-06   0.000000e+00   8.302697e-01   6.349773e-07 
          3134   4.837862e-07   1.550460e-03   1.793129e-03   9.009125e-06   0.000000e+00   8.300037e-01   6.348726e-07 
          3135   4.818027e-07   1.550411e-03   1.796985e-03   9.001784e-06   0.000000e+00   8.297378e-01   6.347678e-07 
          3136   4.794684e-07   1.550363e-03   1.800862e-03   8.994216e-06   0.000000e+00   8.294719e-01   6.346633e-07 
          3137   4.779959e-07   1.550314e-03   1.804758e-03   8.986974e-06   0.000000e+00   8.292061e-01   6.345588e-07 
          3138   4.749393e-07   1.550265e-03   1.808651e-03   8.979287e-06   0.000000e+00   8.289404e-01   6.344544e-07 
          3139   4.731808e-07   1.550217e-03   1.812473e-03   8.971766e-06   0.000000e+00   8.286746e-01   6.343499e-07 
          3140   4.719180e-07   1.550169e-03   1.816405e-03   8.964494e-06   0.000000e+00   8.284089e-01   6.342456e-07 
     Iteration     Continuity     X-momentum     Y-momentum     Z-momentum         Energy            Tke            Sdr 
          3141   4.705366e-07   1.550120e-03   1.820355e-03   8.956913e-06   0.000000e+00   8.281432e-01   6.341413e-07 
          3142   4.694238e-07   1.550072e-03   1.824313e-03   8.949506e-06   0.000000e+00   8.278775e-01   6.340370e-07 
          3143   4.691404e-07   1.550024e-03   1.828250e-03   8.941965e-06   0.000000e+00   8.276119e-01   6.339328e-07 
          3144   4.695692e-07   1.549975e-03   1.832384e-03   8.934752e-06   0.000000e+00   8.273462e-01   6.338288e-07 
          3145   4.696433e-07   1.549925e-03   1.836233e-03   8.927353e-06   0.000000e+00   8.270795e-01   6.337245e-07 
          3146   4.694714e-07   1.549855e-03   1.839840e-03   8.919782e-06   0.000000e+00   8.268055e-01   6.336206e-07 
          3147   4.701769e-07   1.549790e-03   1.842920e-03   8.912433e-06   0.000000e+00   8.265344e-01   6.335165e-07 
          3148   4.692645e-07   1.549729e-03   1.846787e-03   8.904708e-06   0.000000e+00   8.262649e-01   6.334126e-07 
          3149   4.693762e-07   1.549670e-03   1.850651e-03   8.897143e-06   0.000000e+00   8.259961e-01   6.333086e-07 
          3150   4.692674e-07   1.549613e-03   1.854690e-03   8.889944e-06   0.000000e+00   8.257278e-01   6.332048e-07 
     Iteration     Continuity     X-momentum     Y-momentum     Z-momentum         Energy            Tke            Sdr 
          3151   4.689868e-07   1.549556e-03   1.858787e-03   8.882327e-06   0.000000e+00   8.254599e-01   6.331010e-07 
          3152   4.674356e-07   1.549500e-03   1.862685e-03   8.874900e-06   0.000000e+00   8.251922e-01   6.329971e-07 
          3153   4.663722e-07   1.549445e-03   1.866686e-03   8.867587e-06   0.000000e+00   8.249248e-01   6.328934e-07 
          3154   4.650122e-07   1.549390e-03   1.870777e-03   8.860266e-06   0.000000e+00   8.246575e-01   6.327897e-07 
          3155   4.639759e-07   1.549335e-03   1.874857e-03   8.852750e-06   0.000000e+00   8.243905e-01   6.326862e-07 
          3156   4.634023e-07   1.549281e-03   1.878856e-03   8.845558e-06   0.000000e+00   8.241235e-01   6.325828e-07 
          3157   4.620852e-07   1.549228e-03   1.882988e-03   8.838240e-06   0.000000e+00   8.238567e-01   6.324792e-07 
          3158   4.611342e-07   1.549174e-03   1.887222e-03   8.831051e-06   0.000000e+00   8.235900e-01   6.323758e-07 
          3159   4.604293e-07   1.549121e-03   1.891381e-03   8.823680e-06   0.000000e+00   8.233233e-01   6.322725e-07 
          3160   4.599165e-07   1.549068e-03   1.895583e-03   8.816507e-06   0.000000e+00   8.230568e-01   6.321693e-07 
     Iteration     Continuity     X-momentum     Y-momentum     Z-momentum         Energy            Tke            Sdr 
          3161   4.590804e-07   1.549015e-03   1.899744e-03   8.809151e-06   0.000000e+00   8.227903e-01   6.320660e-07 
          3162   4.589375e-07   1.548963e-03   1.904040e-03   8.801838e-06   0.000000e+00   8.225239e-01   6.319627e-07 
          3163   4.603286e-07   1.548910e-03   1.908399e-03   8.795058e-06   0.000000e+00   8.222576e-01   6.318596e-07 
          3164   4.611384e-07   1.548858e-03   1.912858e-03   8.788083e-06   0.000000e+00   8.219913e-01   6.317565e-07 
          3165   4.624684e-07   1.548803e-03   1.917223e-03   8.780909e-06   0.000000e+00   8.217222e-01   6.316531e-07 
          3166   4.642961e-07   1.548746e-03   1.921551e-03   8.773657e-06   0.000000e+00   8.214507e-01   6.315492e-07 
          3167   4.657888e-07   1.548691e-03   1.925906e-03   8.766623e-06   0.000000e+00   8.211817e-01   6.314459e-07 
          3168   4.671719e-07   1.548637e-03   1.930346e-03   8.759224e-06   0.000000e+00   8.209139e-01   6.313426e-07 
          3169   4.690728e-07   1.548583e-03   1.934786e-03   8.751841e-06   0.000000e+00   8.206466e-01   6.312396e-07 
          3170   4.716716e-07   1.548530e-03   1.939128e-03   8.744494e-06   0.000000e+00   8.203796e-01   6.311367e-07 
     Iteration     Continuity     X-momentum     Y-momentum     Z-momentum         Energy            Tke            Sdr 
          3171   4.718228e-07   1.548476e-03   1.943604e-03   8.737237e-06   0.000000e+00   8.201124e-01   6.310334e-07 
          3172   4.726091e-07   1.548412e-03   1.948065e-03   8.729837e-06   0.000000e+00   8.198437e-01   6.309268e-07 
          3173   4.729014e-07   1.548351e-03   1.952610e-03   8.722325e-06   0.000000e+00   8.195755e-01   6.308213e-07 
          3174   4.736341e-07   1.548291e-03   1.957053e-03   8.715212e-06   0.000000e+00   8.193078e-01   6.307164e-07 
          3175   4.737520e-07   1.548232e-03   1.961600e-03   8.707639e-06   0.000000e+00   8.190403e-01   6.306119e-07 
          3176   4.748211e-07   1.548174e-03   1.966084e-03   8.700524e-06   0.000000e+00   8.187730e-01   6.305076e-07 
          3177   4.749694e-07   1.548116e-03   1.970670e-03   8.693249e-06   0.000000e+00   8.185059e-01   6.304036e-07 
          3178   4.754628e-07   1.548059e-03   1.975133e-03   8.686050e-06   0.000000e+00   8.182388e-01   6.302997e-07 
          3179   4.759179e-07   1.548002e-03   1.979607e-03   8.679101e-06   0.000000e+00   8.179719e-01   6.301960e-07 
          3180   4.758201e-07   1.547946e-03   1.984055e-03   8.671978e-06   0.000000e+00   8.177051e-01   6.300923e-07 
     Iteration     Continuity     X-momentum     Y-momentum     Z-momentum         Energy            Tke            Sdr 
          3181   4.757974e-07   1.547889e-03   1.988560e-03   8.664857e-06   0.000000e+00   8.174383e-01   6.299890e-07 
          3182   4.765158e-07   1.547833e-03   1.992823e-03   8.657798e-06   0.000000e+00   8.171716e-01   6.298857e-07 
          3183   4.769964e-07   1.547777e-03   1.997252e-03   8.650680e-06   0.000000e+00   8.169050e-01   6.297824e-07 
          3184   4.774372e-07   1.547721e-03   2.001781e-03   8.643541e-06   0.000000e+00   8.166384e-01   6.296795e-07 
          3185   4.769809e-07   1.547666e-03   2.006353e-03   8.636383e-06   0.000000e+00   8.163719e-01   6.295764e-07 
          3186   4.771356e-07   1.547609e-03   2.010946e-03   8.629210e-06   0.000000e+00   8.161048e-01   6.294735e-07 
          3187   4.770489e-07   1.547553e-03   2.015616e-03   8.621881e-06   0.000000e+00   8.158380e-01   6.293708e-07 
          3188   4.767461e-07   1.547497e-03   2.020108e-03   8.614547e-06   0.000000e+00   8.155713e-01   6.292680e-07 
          3189   4.765002e-07   1.547442e-03   2.024654e-03   8.607349e-06   0.000000e+00   8.153048e-01   6.291654e-07 
          3190   4.760178e-07   1.547386e-03   2.029214e-03   8.600056e-06   0.000000e+00   8.150384e-01   6.290628e-07 
     Iteration     Continuity     X-momentum     Y-momentum     Z-momentum         Energy            Tke            Sdr 
          3191   4.764944e-07   1.547331e-03   2.033700e-03   8.592694e-06   0.000000e+00   8.147720e-01   6.289605e-07 
          3192   4.763809e-07   1.547276e-03   2.038167e-03   8.585432e-06   0.000000e+00   8.145057e-01   6.288581e-07 
          3193   4.749926e-07   1.547221e-03   2.042695e-03   8.578508e-06   0.000000e+00   8.142394e-01   6.287559e-07 
          3194   4.723356e-07   1.547166e-03   2.047252e-03   8.571035e-06   0.000000e+00   8.139732e-01   6.286538e-07 
          3195   4.714069e-07   1.547111e-03   2.051643e-03   8.564089e-06   0.000000e+00   8.137069e-01   6.285517e-07 
          3196   4.699691e-07   1.547055e-03   2.056257e-03   8.556724e-06   0.000000e+00   8.134406e-01   6.284490e-07 
          3197   4.686841e-07   1.546998e-03   2.060789e-03   8.549674e-06   0.000000e+00   8.131743e-01   6.283440e-07 
          3198   4.686613e-07   1.546941e-03   2.065454e-03   8.542515e-06   0.000000e+00   8.129079e-01   6.282398e-07 
          3199   4.696284e-07   1.546884e-03   2.069967e-03   8.535242e-06   0.000000e+00   8.126417e-01   6.281357e-07 
          3200   4.708831e-07   1.546828e-03   2.074529e-03   8.528443e-06   0.000000e+00   8.123754e-01   6.280320e-07 
     Iteration     Continuity     X-momentum     Y-momentum     Z-momentum         Energy            Tke            Sdr 
          3201   4.713931e-07   1.546771e-03   2.079052e-03   8.521103e-06   0.000000e+00   8.121092e-01   6.279285e-07 
          3202   4.724969e-07   1.546715e-03   2.083543e-03   8.514190e-06   0.000000e+00   8.118431e-01   6.278252e-07 
          3203   4.733539e-07   1.546659e-03   2.088090e-03   8.506873e-06   0.000000e+00   8.115769e-01   6.277220e-07 
          3204   4.746019e-07   1.546603e-03   2.092599e-03   8.499777e-06   0.000000e+00   8.113108e-01   6.276189e-07 
          3205   4.755125e-07   1.546547e-03   2.097165e-03   8.492545e-06   0.000000e+00   8.110447e-01   6.275159e-07 
          3206   4.758398e-07   1.546484e-03   2.101755e-03   8.485482e-06   0.000000e+00   8.107734e-01   6.274124e-07 
          3207   4.753299e-07   1.546414e-03   2.106386e-03   8.478190e-06   0.000000e+00   8.104974e-01   6.273082e-07 
          3208   4.746960e-07   1.546348e-03   2.110980e-03   8.470991e-06   0.000000e+00   8.102257e-01   6.272047e-07 
          3209   4.726584e-07   1.546285e-03   2.115591e-03   8.463700e-06   0.000000e+00   8.099559e-01   6.271017e-07 
          3210   4.704278e-07   1.546223e-03   2.120131e-03   8.456722e-06   0.000000e+00   8.096871e-01   6.269988e-07 
     Iteration     Continuity     X-momentum     Y-momentum     Z-momentum         Energy            Tke            Sdr 
          3211   4.685144e-07   1.546163e-03   2.124720e-03   8.449552e-06   0.000000e+00   8.094190e-01   6.268962e-07 
          3212   4.669862e-07   1.546103e-03   2.129284e-03   8.442407e-06   0.000000e+00   8.091512e-01   6.267937e-07 
          3213   4.657168e-07   1.546027e-03   2.133894e-03   8.435351e-06   0.000000e+00   8.088731e-01   6.266900e-07 
          3214   4.640558e-07   1.545954e-03   2.138526e-03   8.428222e-06   0.000000e+00   8.085976e-01   6.265869e-07 
          3215   4.624350e-07   1.545884e-03   2.143085e-03   8.421251e-06   0.000000e+00   8.083254e-01   6.264840e-07 
          3216   4.594900e-07   1.545818e-03   2.147651e-03   8.414124e-06   0.000000e+00   8.080548e-01   6.263816e-07 
          3217   4.573604e-07   1.545753e-03   2.152071e-03   8.407227e-06   0.000000e+00   8.077852e-01   6.262793e-07 
          3218   4.541737e-07   1.545690e-03   2.156596e-03   8.400091e-06   0.000000e+00   8.075162e-01   6.261771e-07 
          3219   4.521766e-07   1.545623e-03   2.161102e-03   8.393170e-06   0.000000e+00   8.072439e-01   6.260745e-07 
          3220   4.506869e-07   1.545557e-03   2.165555e-03   8.386167e-06   0.000000e+00   8.069717e-01   6.259718e-07 
     Iteration     Continuity     X-momentum     Y-momentum     Z-momentum         Energy            Tke            Sdr 
          3221   4.495724e-07   1.545494e-03   2.170143e-03   8.379018e-06   0.000000e+00   8.067017e-01   6.258697e-07 
          3222   4.493268e-07   1.545431e-03   2.174551e-03   8.372275e-06   0.000000e+00   8.064328e-01   6.257677e-07 
          3223   4.486654e-07   1.545369e-03   2.179072e-03   8.365276e-06   0.000000e+00   8.061646e-01   6.256659e-07 
          3224   4.474891e-07   1.545308e-03   2.183539e-03   8.358361e-06   0.000000e+00   8.058967e-01   6.255641e-07 
          3225   4.464948e-07   1.545248e-03   2.188074e-03   8.351268e-06   0.000000e+00   8.056292e-01   6.254626e-07 
          3226   4.458323e-07   1.545188e-03   2.192520e-03   8.344161e-06   0.000000e+00   8.053620e-01   6.253610e-07 
          3227   4.446237e-07   1.545128e-03   2.197069e-03   8.336946e-06   0.000000e+00   8.050949e-01   6.252595e-07 
          3228   4.434803e-07   1.545069e-03   2.201536e-03   8.329896e-06   0.000000e+00   8.048281e-01   6.251582e-07 
          3229   4.422844e-07   1.545010e-03   2.205993e-03   8.322682e-06   0.000000e+00   8.045614e-01   6.250568e-07 
          3230   4.419827e-07   1.544951e-03   2.210576e-03   8.315285e-06   0.000000e+00   8.042943e-01   6.249556e-07 
     Iteration     Continuity     X-momentum     Y-momentum     Z-momentum         Energy            Tke            Sdr 
          3231   4.424327e-07   1.544892e-03   2.214947e-03   8.308408e-06   0.000000e+00   8.040276e-01   6.248545e-07 
          3232   4.415315e-07   1.544834e-03   2.219538e-03   8.300987e-06   0.000000e+00   8.037611e-01   6.247535e-07 
          3233   4.416546e-07   1.544775e-03   2.223958e-03   8.294057e-06   0.000000e+00   8.034947e-01   6.246525e-07 
          3234   4.412842e-07   1.544717e-03   2.228486e-03   8.286839e-06   0.000000e+00   8.032285e-01   6.245517e-07 
          3235   4.420906e-07   1.544659e-03   2.232888e-03   8.279770e-06   0.000000e+00   8.029624e-01   6.244508e-07 
          3236   4.438441e-07   1.544601e-03   2.237211e-03   8.272644e-06   0.000000e+00   8.026963e-01   6.243501e-07 
          3237   4.456199e-07   1.544543e-03   2.241394e-03   8.265490e-06   0.000000e+00   8.024304e-01   6.242494e-07 
          3238   4.471658e-07   1.544486e-03   2.245597e-03   8.258449e-06   0.000000e+00   8.021645e-01   6.241488e-07 
          3239   4.487914e-07   1.544428e-03   2.249754e-03   8.251432e-06   0.000000e+00   8.018986e-01   6.240482e-07 
          3240   4.497364e-07   1.544370e-03   2.253948e-03   8.244419e-06   0.000000e+00   8.016324e-01   6.239479e-07 
     Iteration     Continuity     X-momentum     Y-momentum     Z-momentum         Energy            Tke            Sdr 
          3241   4.509319e-07   1.544309e-03   2.258039e-03   8.237441e-06   0.000000e+00   8.013650e-01   6.238472e-07 
          3242   4.517180e-07   1.544235e-03   2.262161e-03   8.230307e-06   0.000000e+00   8.010943e-01   6.237455e-07 
          3243   4.515449e-07   1.544159e-03   2.265985e-03   8.223314e-06   0.000000e+00   8.008203e-01   6.236436e-07 
          3244   4.499135e-07   1.544081e-03   2.268781e-03   8.216424e-06   0.000000e+00   8.005439e-01   6.235415e-07 
          3245   4.487119e-07   1.544007e-03   2.270085e-03   8.209640e-06   0.000000e+00   8.002715e-01   6.234399e-07 
          3246   4.481294e-07   1.543937e-03   2.270510e-03   8.202704e-06   0.000000e+00   8.000012e-01   6.233390e-07 
          3247   4.476167e-07   1.543868e-03   2.270140e-03   8.195855e-06   0.000000e+00   7.997318e-01   6.232381e-07 
          3248   4.465049e-07   1.543801e-03   2.269229e-03   8.188966e-06   0.000000e+00   7.994632e-01   6.231375e-07 
          3249   4.457251e-07   1.543735e-03   2.267792e-03   8.182481e-06   0.000000e+00   7.991950e-01   6.230371e-07 
          3250   4.441380e-07   1.543670e-03   2.266059e-03   8.175610e-06   0.000000e+00   7.989272e-01   6.229368e-07 
     Iteration     Continuity     X-momentum     Y-momentum     Z-momentum         Energy            Tke            Sdr 
          3251   4.439145e-07   1.543606e-03   2.263979e-03   8.168849e-06   0.000000e+00   7.986597e-01   6.228365e-07 
          3252   4.434732e-07   1.543542e-03   2.261690e-03   8.162156e-06   0.000000e+00   7.983924e-01   6.227364e-07 
          3253   4.433335e-07   1.543478e-03   2.259197e-03   8.155335e-06   0.000000e+00   7.981254e-01   6.226363e-07 
          3254   4.430089e-07   1.543415e-03   2.256661e-03   8.148332e-06   0.000000e+00   7.978586e-01   6.225364e-07 
          3255   4.433346e-07   1.543353e-03   2.253863e-03   8.141623e-06   0.000000e+00   7.975919e-01   6.224365e-07 
          3256   4.420837e-07   1.543290e-03   2.251106e-03   8.134433e-06   0.000000e+00   7.973253e-01   6.223368e-07 
          3257   4.414771e-07   1.543229e-03   2.248203e-03   8.127655e-06   0.000000e+00   7.970589e-01   6.222371e-07 
          3258   4.405939e-07   1.543167e-03   2.245323e-03   8.120692e-06   0.000000e+00   7.967926e-01   6.221374e-07 
          3259   4.394455e-07   1.543105e-03   2.242368e-03   8.113653e-06   0.000000e+00   7.965264e-01   6.220380e-07 
          3260   4.389742e-07   1.543044e-03   2.239366e-03   8.106738e-06   0.000000e+00   7.962603e-01   6.219384e-07 
     Iteration     Continuity     X-momentum     Y-momentum     Z-momentum         Energy            Tke            Sdr 
          3261   4.389141e-07   1.542983e-03   2.236420e-03   8.099846e-06   0.000000e+00   7.959944e-01   6.218390e-07 
          3262   4.385445e-07   1.542923e-03   2.233449e-03   8.092938e-06   0.000000e+00   7.957284e-01   6.217396e-07 
          3263   4.391347e-07   1.542861e-03   2.230528e-03   8.085913e-06   0.000000e+00   7.954614e-01   6.216402e-07 
          3264   4.401708e-07   1.542796e-03   2.227537e-03   8.079077e-06   0.000000e+00   7.951906e-01   6.215401e-07 
          3265   4.412114e-07   1.542733e-03   2.224597e-03   8.072248e-06   0.000000e+00   7.949223e-01   6.214407e-07 
          3266   4.418414e-07   1.542670e-03   2.221594e-03   8.065426e-06   0.000000e+00   7.946552e-01   6.213413e-07 
          3267   4.424194e-07   1.542609e-03   2.218679e-03   8.058453e-06   0.000000e+00   7.943885e-01   6.212422e-07 
          3268   4.431705e-07   1.542548e-03   2.215674e-03   8.051765e-06   0.000000e+00   7.941222e-01   6.211431e-07 
          3269   4.431291e-07   1.542487e-03   2.212701e-03   8.044880e-06   0.000000e+00   7.938560e-01   6.210441e-07 
          3270   4.430203e-07   1.542426e-03   2.209748e-03   8.038050e-06   0.000000e+00   7.935899e-01   6.209453e-07 
     Iteration     Continuity     X-momentum     Y-momentum     Z-momentum         Energy            Tke            Sdr 
          3271   4.431068e-07   1.542366e-03   2.206806e-03   8.031313e-06   0.000000e+00   7.933240e-01   6.208464e-07 
          3272   4.426915e-07   1.542306e-03   2.203964e-03   8.024400e-06   0.000000e+00   7.930583e-01   6.207477e-07 
          3273   4.425555e-07   1.542245e-03   2.200987e-03   8.017834e-06   0.000000e+00   7.927926e-01   6.206491e-07 
          3274   4.411603e-07   1.542186e-03   2.198149e-03   8.011115e-06   0.000000e+00   7.925271e-01   6.205504e-07 
          3275   4.392324e-07   1.542126e-03   2.195334e-03   8.004198e-06   0.000000e+00   7.922616e-01   6.204519e-07 
          3276   4.373403e-07   1.542066e-03   2.192338e-03   7.997506e-06   0.000000e+00   7.919962e-01   6.203534e-07 
          3277   4.355835e-07   1.542006e-03   2.189557e-03   7.990490e-06   0.000000e+00   7.917309e-01   6.202550e-07 
          3278   4.339268e-07   1.541947e-03   2.186685e-03   7.983591e-06   0.000000e+00   7.914654e-01   6.201565e-07 
          3279   4.322901e-07   1.541867e-03   2.183905e-03   7.976771e-06   0.000000e+00   7.911911e-01   6.200581e-07 
          3280   4.309598e-07   1.541791e-03   2.181026e-03   7.970217e-06   0.000000e+00   7.909196e-01   6.199597e-07 
     Iteration     Continuity     X-momentum     Y-momentum     Z-momentum         Energy            Tke            Sdr 
          3281   4.298703e-07   1.541719e-03   2.178142e-03   7.963936e-06   0.000000e+00   7.906501e-01   6.198614e-07 
          3282   4.285304e-07   1.541649e-03   2.175243e-03   7.957477e-06   0.000000e+00   7.903815e-01   6.197632e-07 
          3283   4.276938e-07   1.541581e-03   2.172335e-03   7.950911e-06   0.000000e+00   7.901133e-01   6.196651e-07 
          3284   4.265614e-07   1.541513e-03   2.169422e-03   7.944387e-06   0.000000e+00   7.898452e-01   6.195669e-07 
          3285   4.251676e-07   1.541446e-03   2.166527e-03   7.937602e-06   0.000000e+00   7.895779e-01   6.194689e-07 
          3286   4.242652e-07   1.541380e-03   2.163668e-03   7.930997e-06   0.000000e+00   7.893109e-01   6.193710e-07 
          3287   4.233336e-07   1.541315e-03   2.160931e-03   7.924129e-06   0.000000e+00   7.890443e-01   6.192731e-07 
          3288   4.213156e-07   1.541251e-03   2.158140e-03   7.917269e-06   0.000000e+00   7.887780e-01   6.191752e-07 
          3289   4.203056e-07   1.541187e-03   2.155262e-03   7.910360e-06   0.000000e+00   7.885119e-01   6.190774e-07 
          3290   4.199646e-07   1.541123e-03   2.152529e-03   7.903492e-06   0.000000e+00   7.882459e-01   6.189797e-07 
     Iteration     Continuity     X-momentum     Y-momentum     Z-momentum         Energy            Tke            Sdr 
          3291   4.204113e-07   1.541060e-03   2.149662e-03   7.896608e-06   0.000000e+00   7.879802e-01   6.188820e-07 
          3292   4.207377e-07   1.540997e-03   2.146869e-03   7.889781e-06   0.000000e+00   7.877145e-01   6.187844e-07 
          3293   4.134678e-07   1.540934e-03   2.144095e-03   7.882915e-06   0.000000e+00   7.874490e-01   6.186868e-07 
          3294   4.090017e-07   1.540872e-03   2.141403e-03   7.876087e-06   0.000000e+00   7.871837e-01   6.185893e-07 
          3295   4.070951e-07   1.540810e-03   2.138632e-03   7.869296e-06   0.000000e+00   7.869184e-01   6.184917e-07 
          3296   4.064907e-07   1.540748e-03   2.135902e-03   7.862477e-06   0.000000e+00   7.866533e-01   6.183943e-07 
          3297   4.074952e-07   1.540685e-03   2.133079e-03   7.855745e-06   0.000000e+00   7.863874e-01   6.182969e-07 
          3298   4.090353e-07   1.540603e-03   2.130345e-03   7.849000e-06   0.000000e+00   7.861108e-01   6.181987e-07 
          3299   4.111057e-07   1.540527e-03   2.127505e-03   7.842411e-06   0.000000e+00   7.858390e-01   6.181010e-07 
          3300   4.125833e-07   1.540455e-03   2.124669e-03   7.835838e-06   0.000000e+00   7.855695e-01   6.180034e-07 
     Iteration     Continuity     X-momentum     Y-momentum     Z-momentum         Energy            Tke            Sdr 
          3301   4.135079e-07   1.540382e-03   2.121826e-03   7.829134e-06   0.000000e+00   7.852976e-01   6.179054e-07 
          3302   4.147985e-07   1.540310e-03   2.118847e-03   7.822714e-06   0.000000e+00   7.850268e-01   6.178076e-07 
          3303   4.153885e-07   1.540241e-03   2.115951e-03   7.816081e-06   0.000000e+00   7.847580e-01   6.177100e-07 
          3304   4.161859e-07   1.540173e-03   2.113017e-03   7.809516e-06   0.000000e+00   7.844904e-01   6.176128e-07 
          3305   4.174356e-07   1.540106e-03   2.110017e-03   7.802940e-06   0.000000e+00   7.842234e-01   6.175154e-07 
          3306   4.187187e-07   1.540040e-03   2.107098e-03   7.796446e-06   0.000000e+00   7.839568e-01   6.174184e-07 
          3307   4.197894e-07   1.539974e-03   2.104052e-03   7.789842e-06   0.000000e+00   7.836907e-01   6.173212e-07 
          3308   4.204657e-07   1.539910e-03   2.101128e-03   7.783222e-06   0.000000e+00   7.834248e-01   6.172241e-07 
          3309   4.208802e-07   1.539841e-03   2.098084e-03   7.776753e-06   0.000000e+00   7.831553e-01   6.171265e-07 
          3310   4.207077e-07   1.539768e-03   2.095104e-03   7.770170e-06   0.000000e+00   7.828819e-01   6.170282e-07 
     Iteration     Continuity     X-momentum     Y-momentum     Z-momentum         Energy            Tke            Sdr 
          3311   4.208744e-07   1.539698e-03   2.092173e-03   7.763602e-06   0.000000e+00   7.826122e-01   6.169306e-07 
          3312   4.209597e-07   1.539630e-03   2.089137e-03   7.757187e-06   0.000000e+00   7.823443e-01   6.168333e-07 
          3313   4.205914e-07   1.539564e-03   2.086152e-03   7.750667e-06   0.000000e+00   7.820773e-01   6.167362e-07 
          3314   4.197122e-07   1.539494e-03   2.083077e-03   7.744097e-06   0.000000e+00   7.818100e-01   6.166374e-07 
          3315   4.192756e-07   1.539420e-03   2.079915e-03   7.737403e-06   0.000000e+00   7.815424e-01   6.165369e-07 
          3316   4.186031e-07   1.539348e-03   2.076678e-03   7.730813e-06   0.000000e+00   7.812748e-01   6.164373e-07 
          3317   4.173253e-07   1.539277e-03   2.073471e-03   7.724201e-06   0.000000e+00   7.810078e-01   6.163380e-07 
          3318   4.171041e-07   1.539207e-03   2.070396e-03   7.717544e-06   0.000000e+00   7.807414e-01   6.162393e-07 
          3319   4.183653e-07   1.539138e-03   2.067280e-03   7.711128e-06   0.000000e+00   7.804753e-01   6.161408e-07 
          3320   4.190594e-07   1.539070e-03   2.064167e-03   7.704522e-06   0.000000e+00   7.802096e-01   6.160425e-07 
     Iteration     Continuity     X-momentum     Y-momentum     Z-momentum         Energy            Tke            Sdr 
          3321   4.201430e-07   1.539003e-03   2.061015e-03   7.697986e-06   0.000000e+00   7.799441e-01   6.159443e-07 
          3322   4.195869e-07   1.538936e-03   2.057973e-03   7.691359e-06   0.000000e+00   7.796788e-01   6.158463e-07 
          3323   4.197982e-07   1.538870e-03   2.054815e-03   7.684958e-06   0.000000e+00   7.794136e-01   6.157484e-07 
          3324   4.189068e-07   1.538799e-03   2.051735e-03   7.678298e-06   0.000000e+00   7.791461e-01   6.156506e-07 
          3325   4.189760e-07   1.538712e-03   2.048520e-03   7.671701e-06   0.000000e+00   7.788713e-01   6.155525e-07 
          3326   4.189952e-07   1.538632e-03   2.045358e-03   7.665212e-06   0.000000e+00   7.786004e-01   6.154547e-07 
          3327   4.169167e-07   1.538556e-03   2.042022e-03   7.658638e-06   0.000000e+00   7.783315e-01   6.153572e-07 
          3328   4.138930e-07   1.538481e-03   2.038744e-03   7.652050e-06   0.000000e+00   7.780635e-01   6.152588e-07 
          3329   4.123650e-07   1.538406e-03   2.035484e-03   7.645623e-06   0.000000e+00   7.777962e-01   6.151590e-07 
          3330   4.104457e-07   1.538333e-03   2.032065e-03   7.639191e-06   0.000000e+00   7.775294e-01   6.150596e-07 
     Iteration     Continuity     X-momentum     Y-momentum     Z-momentum         Energy            Tke            Sdr 
          3331   4.100410e-07   1.538261e-03   2.028619e-03   7.632665e-06   0.000000e+00   7.772630e-01   6.149606e-07 
          3332   4.104576e-07   1.538188e-03   2.025196e-03   7.626116e-06   0.000000e+00   7.769956e-01   6.148615e-07 
          3333   4.103080e-07   1.538100e-03   2.021903e-03   7.619801e-06   0.000000e+00   7.767150e-01   6.147608e-07 
          3334   4.089827e-07   1.538018e-03   2.018455e-03   7.613189e-06   0.000000e+00   7.764415e-01   6.146612e-07 
          3335   4.090820e-07   1.537940e-03   2.014989e-03   7.606876e-06   0.000000e+00   7.761713e-01   6.145621e-07 
          3336   4.089686e-07   1.537865e-03   2.011494e-03   7.600684e-06   0.000000e+00   7.759026e-01   6.144633e-07 
          3337   4.086626e-07   1.537791e-03   2.008133e-03   7.594778e-06   0.000000e+00   7.756350e-01   6.143647e-07 
          3338   4.070847e-07   1.537719e-03   2.004720e-03   7.588800e-06   0.000000e+00   7.753681e-01   6.142662e-07 
          3339   4.055875e-07   1.537647e-03   2.001260e-03   7.582816e-06   0.000000e+00   7.751017e-01   6.141680e-07 
          3340   4.044304e-07   1.537577e-03   1.997742e-03   7.576968e-06   0.000000e+00   7.748357e-01   6.140697e-07 
     Iteration     Continuity     X-momentum     Y-momentum     Z-momentum         Energy            Tke            Sdr 
          3341   4.035095e-07   1.537508e-03   1.994298e-03   7.570988e-06   0.000000e+00   7.745701e-01   6.139718e-07 
          3342   4.027100e-07   1.537438e-03   1.990789e-03   7.565186e-06   0.000000e+00   7.743038e-01   6.138738e-07 
          3343   4.015837e-07   1.537368e-03   1.987362e-03   7.559046e-06   0.000000e+00   7.740380e-01   6.137759e-07 
          3344   4.006666e-07   1.537300e-03   1.983928e-03   7.552929e-06   0.000000e+00   7.737727e-01   6.136781e-07 
          3345   3.981043e-07   1.537232e-03   1.980594e-03   7.546787e-06   0.000000e+00   7.735077e-01   6.135805e-07 
          3346   3.960932e-07   1.537165e-03   1.976906e-03   7.540390e-06   0.000000e+00   7.732430e-01   6.134828e-07 
          3347   3.952391e-07   1.537098e-03   1.973417e-03   7.534068e-06   0.000000e+00   7.729782e-01   6.133854e-07 
          3348   3.942874e-07   1.537014e-03   1.969964e-03   7.527583e-06   0.000000e+00   7.727078e-01   6.132878e-07 
          3349   3.940919e-07   1.536932e-03   1.966004e-03   7.521014e-06   0.000000e+00   7.724386e-01   6.131903e-07 
          3350   3.946992e-07   1.536853e-03   1.962095e-03   7.514568e-06   0.000000e+00   7.721709e-01   6.130930e-07 
     Iteration     Continuity     X-momentum     Y-momentum     Z-momentum         Energy            Tke            Sdr 
          3351   3.948023e-07   1.536777e-03   1.958406e-03   7.507997e-06   0.000000e+00   7.719041e-01   6.129957e-07 
          3352   3.950535e-07   1.536703e-03   1.954850e-03   7.501478e-06   0.000000e+00   7.716378e-01   6.128985e-07 
          3353   3.953772e-07   1.536630e-03   1.951316e-03   7.494963e-06   0.000000e+00   7.713720e-01   6.128014e-07 
          3354   3.955191e-07   1.536557e-03   1.947824e-03   7.488412e-06   0.000000e+00   7.711065e-01   6.127045e-07 
          3355   3.956762e-07   1.536486e-03   1.944310e-03   7.481824e-06   0.000000e+00   7.708413e-01   6.126075e-07 
          3356   3.956408e-07   1.536415e-03   1.940908e-03   7.475421e-06   0.000000e+00   7.705763e-01   6.125107e-07 
          3357   3.952031e-07   1.536345e-03   1.937405e-03   7.468853e-06   0.000000e+00   7.703116e-01   6.124139e-07 
          3358   3.950980e-07   1.536275e-03   1.933969e-03   7.462361e-06   0.000000e+00   7.700470e-01   6.123173e-07 
          3359   3.952975e-07   1.536203e-03   1.930516e-03   7.455773e-06   0.000000e+00   7.697789e-01   6.122200e-07 
          3360   3.953875e-07   1.536131e-03   1.927108e-03   7.449249e-06   0.000000e+00   7.695123e-01   6.121232e-07 
     Iteration     Continuity     X-momentum     Y-momentum     Z-momentum         Energy            Tke            Sdr 
          3361   3.957346e-07   1.536061e-03   1.923682e-03   7.442834e-06   0.000000e+00   7.692468e-01   6.120266e-07 
          3362   3.951376e-07   1.535992e-03   1.920274e-03   7.436349e-06   0.000000e+00   7.689820e-01   6.119301e-07 
          3363   3.945789e-07   1.535922e-03   1.916883e-03   7.429941e-06   0.000000e+00   7.687164e-01   6.118335e-07 
          3364   3.939000e-07   1.535853e-03   1.913508e-03   7.423649e-06   0.000000e+00   7.684515e-01   6.117370e-07 
          3365   3.930951e-07   1.535785e-03   1.910173e-03   7.417263e-06   0.000000e+00   7.681871e-01   6.116407e-07 
          3366   3.923453e-07   1.535717e-03   1.906742e-03   7.411026e-06   0.000000e+00   7.679230e-01   6.115446e-07 
          3367   3.915981e-07   1.535650e-03   1.903325e-03   7.404702e-06   0.000000e+00   7.676591e-01   6.114484e-07 
          3368   3.917021e-07   1.535583e-03   1.900001e-03   7.398634e-06   0.000000e+00   7.673953e-01   6.113524e-07 
          3369   3.904259e-07   1.535516e-03   1.896625e-03   7.392392e-06   0.000000e+00   7.671317e-01   6.112564e-07 
          3370   3.887392e-07   1.535450e-03   1.893378e-03   7.386254e-06   0.000000e+00   7.668683e-01   6.111606e-07 
     Iteration     Continuity     X-momentum     Y-momentum     Z-momentum         Energy            Tke            Sdr 
          3371   3.873827e-07   1.535384e-03   1.890149e-03   7.380020e-06   0.000000e+00   7.666049e-01   6.110647e-07 
          3372   3.870907e-07   1.535318e-03   1.886936e-03   7.373935e-06   0.000000e+00   7.663417e-01   6.109689e-07 
          3373   3.873035e-07   1.535253e-03   1.883639e-03   7.367780e-06   0.000000e+00   7.660786e-01   6.108733e-07 
          3374   3.878507e-07   1.535187e-03   1.880357e-03   7.361834e-06   0.000000e+00   7.658155e-01   6.107776e-07 
          3375   3.878191e-07   1.535118e-03   1.877071e-03   7.355484e-06   0.000000e+00   7.655492e-01   6.106815e-07 
          3376   3.882521e-07   1.535045e-03   1.873704e-03   7.349466e-06   0.000000e+00   7.652789e-01   6.105847e-07 
          3377   3.877059e-07   1.534974e-03   1.870282e-03   7.343201e-06   0.000000e+00   7.650119e-01   6.104885e-07 
          3378   3.877890e-07   1.534905e-03   1.866969e-03   7.337155e-06   0.000000e+00   7.647466e-01   6.103927e-07 
          3379   3.879967e-07   1.534836e-03   1.863752e-03   7.330867e-06   0.000000e+00   7.644812e-01   6.102970e-07 
          3380   3.882561e-07   1.534747e-03   1.860534e-03   7.324705e-06   0.000000e+00   7.642013e-01   6.101995e-07 
     Iteration     Continuity     X-momentum     Y-momentum     Z-momentum         Energy            Tke            Sdr 
          3381   3.886646e-07   1.534665e-03   1.857304e-03   7.318660e-06   0.000000e+00   7.639281e-01   6.101029e-07 
          3382   3.898841e-07   1.534588e-03   1.854092e-03   7.312596e-06   0.000000e+00   7.636587e-01   6.100069e-07 
          3383   3.912882e-07   1.534513e-03   1.850817e-03   7.306565e-06   0.000000e+00   7.633911e-01   6.099111e-07 
          3384   3.925122e-07   1.534440e-03   1.847521e-03   7.300485e-06   0.000000e+00   7.631247e-01   6.098155e-07 
          3385   3.935107e-07   1.534369e-03   1.844222e-03   7.294543e-06   0.000000e+00   7.628590e-01   6.097200e-07 
          3386   3.946310e-07   1.534298e-03   1.840949e-03   7.288428e-06   0.000000e+00   7.625939e-01   6.096246e-07 
          3387   3.956568e-07   1.534229e-03   1.837687e-03   7.282451e-06   0.000000e+00   7.623292e-01   6.095293e-07 
          3388   3.966627e-07   1.534160e-03   1.834503e-03   7.276395e-06   0.000000e+00   7.620649e-01   6.094340e-07 
          3389   3.978992e-07   1.534092e-03   1.831241e-03   7.270523e-06   0.000000e+00   7.618009e-01   6.093388e-07 
          3390   3.989269e-07   1.534024e-03   1.827981e-03   7.264634e-06   0.000000e+00   7.615371e-01   6.092437e-07 
     Iteration     Continuity     X-momentum     Y-momentum     Z-momentum         Energy            Tke            Sdr 
          3391   3.997618e-07   1.533957e-03   1.824690e-03   7.258798e-06   0.000000e+00   7.612736e-01   6.091487e-07 
          3392   4.004108e-07   1.533889e-03   1.821481e-03   7.252852e-06   0.000000e+00   7.610096e-01   6.090536e-07 
          3393   4.017411e-07   1.533821e-03   1.818176e-03   7.247015e-06   0.000000e+00   7.607452e-01   6.089585e-07 
          3394   4.025582e-07   1.533754e-03   1.814668e-03   7.241222e-06   0.000000e+00   7.604816e-01   6.088636e-07 
          3395   4.020201e-07   1.533688e-03   1.811316e-03   7.235289e-06   0.000000e+00   7.602183e-01   6.087686e-07 
          3396   4.002567e-07   1.533619e-03   1.807974e-03   7.229182e-06   0.000000e+00   7.599530e-01   6.086735e-07 
          3397   3.988016e-07   1.533551e-03   1.804391e-03   7.223139e-06   0.000000e+00   7.596877e-01   6.085784e-07 
          3398   3.969924e-07   1.533484e-03   1.800929e-03   7.216624e-06   0.000000e+00   7.594237e-01   6.084835e-07 
          3399   3.971809e-07   1.533417e-03   1.797456e-03   7.210591e-06   0.000000e+00   7.591602e-01   6.083886e-07 
          3400   3.971914e-07   1.533351e-03   1.793949e-03   7.204087e-06   0.000000e+00   7.588971e-01   6.082938e-07 
     Iteration     Continuity     X-momentum     Y-momentum     Z-momentum         Energy            Tke            Sdr 
          3401   3.978430e-07   1.533285e-03   1.790380e-03   7.197995e-06   0.000000e+00   7.586341e-01   6.081991e-07 
          3402   3.982535e-07   1.533219e-03   1.786769e-03   7.191653e-06   0.000000e+00   7.583712e-01   6.081045e-07 
          3403   3.993343e-07   1.533152e-03   1.783032e-03   7.185574e-06   0.000000e+00   7.581070e-01   6.080097e-07 
          3404   3.997284e-07   1.533086e-03   1.779219e-03   7.179783e-06   0.000000e+00   7.578437e-01   6.079151e-07 
          3405   3.999091e-07   1.533020e-03   1.775520e-03   7.173870e-06   0.000000e+00   7.575808e-01   6.078205e-07 
          3406   4.001955e-07   1.532955e-03   1.772054e-03   7.168266e-06   0.000000e+00   7.573182e-01   6.077261e-07 
          3407   4.004382e-07   1.532889e-03   1.768484e-03   7.162657e-06   0.000000e+00   7.570554e-01   6.076317e-07 
          3408   4.013980e-07   1.532822e-03   1.764889e-03   7.157047e-06   0.000000e+00   7.567901e-01   6.075368e-07 
          3409   4.027726e-07   1.532755e-03   1.761334e-03   7.151463e-06   0.000000e+00   7.565263e-01   6.074424e-07 
          3410   4.039706e-07   1.532688e-03   1.757833e-03   7.145789e-06   0.000000e+00   7.562619e-01   6.073478e-07 
     Iteration     Continuity     X-momentum     Y-momentum     Z-momentum         Energy            Tke            Sdr 
          3411   4.053028e-07   1.532621e-03   1.754318e-03   7.140182e-06   0.000000e+00   7.559980e-01   6.072532e-07 
          3412   4.067181e-07   1.532555e-03   1.750651e-03   7.134669e-06   0.000000e+00   7.557348e-01   6.071589e-07 
          3413   4.079843e-07   1.532489e-03   1.746978e-03   7.129180e-06   0.000000e+00   7.554719e-01   6.070645e-07 
          3414   4.088554e-07   1.532424e-03   1.743400e-03   7.123689e-06   0.000000e+00   7.552093e-01   6.069703e-07 
          3415   4.102649e-07   1.532355e-03   1.739908e-03   7.118270e-06   0.000000e+00   7.549435e-01   6.068757e-07 
          3416   4.106026e-07   1.532273e-03   1.736344e-03   7.112257e-06   0.000000e+00   7.546745e-01   6.067796e-07 
          3417   4.116937e-07   1.532194e-03   1.732795e-03   7.106470e-06   0.000000e+00   7.544075e-01   6.066839e-07 
          3418   4.117652e-07   1.532115e-03   1.729360e-03   7.100288e-06   0.000000e+00   7.541398e-01   6.065885e-07 
          3419   4.122769e-07   1.532037e-03   1.725851e-03   7.094230e-06   0.000000e+00   7.538714e-01   6.064930e-07 
          3420   4.124876e-07   1.531961e-03   1.722402e-03   7.088254e-06   0.000000e+00   7.536052e-01   6.063981e-07 
     Iteration     Continuity     X-momentum     Y-momentum     Z-momentum         Energy            Tke            Sdr 
          3421   4.124308e-07   1.531886e-03   1.718595e-03   7.082190e-06   0.000000e+00   7.533400e-01   6.063033e-07 
          3422   4.122833e-07   1.531813e-03   1.714835e-03   7.076214e-06   0.000000e+00   7.530755e-01   6.062086e-07 
          3423   4.119886e-07   1.531741e-03   1.711258e-03   7.070170e-06   0.000000e+00   7.528114e-01   6.061141e-07 
          3424   4.115543e-07   1.531670e-03   1.707709e-03   7.064101e-06   0.000000e+00   7.525476e-01   6.060197e-07 
          3425   4.110273e-07   1.531599e-03   1.704180e-03   7.058074e-06   0.000000e+00   7.522841e-01   6.059254e-07 
          3426   4.098471e-07   1.531528e-03   1.700611e-03   7.051938e-06   0.000000e+00   7.520207e-01   6.058312e-07 
          3427   4.089221e-07   1.531458e-03   1.697000e-03   7.045896e-06   0.000000e+00   7.517575e-01   6.057370e-07 
          3428   4.077474e-07   1.531388e-03   1.693419e-03   7.040020e-06   0.000000e+00   7.514945e-01   6.056430e-07 
          3429   4.062935e-07   1.531319e-03   1.689821e-03   7.033946e-06   0.000000e+00   7.512316e-01   6.055490e-07 
          3430   4.047766e-07   1.531250e-03   1.686159e-03   7.028026e-06   0.000000e+00   7.509688e-01   6.054550e-07 
     Iteration     Continuity     X-momentum     Y-momentum     Z-momentum         Energy            Tke            Sdr 
          3431   4.032534e-07   1.531181e-03   1.682571e-03   7.022250e-06   0.000000e+00   7.507060e-01   6.053612e-07 
          3432   4.016601e-07   1.531112e-03   1.678965e-03   7.016474e-06   0.000000e+00   7.504433e-01   6.052673e-07 
          3433   3.961210e-07   1.531043e-03   1.675463e-03   7.010221e-06   0.000000e+00   7.501807e-01   6.051735e-07 
          3434   3.911369e-07   1.530975e-03   1.671872e-03   7.003610e-06   0.000000e+00   7.499182e-01   6.050798e-07 
          3435   3.869415e-07   1.530906e-03   1.668277e-03   6.996849e-06   0.000000e+00   7.496558e-01   6.049862e-07 
          3436   3.847995e-07   1.530838e-03   1.664753e-03   6.990112e-06   0.000000e+00   7.493934e-01   6.048926e-07 
          3437   3.826371e-07   1.530770e-03   1.661288e-03   6.983256e-06   0.000000e+00   7.491311e-01   6.047990e-07 
          3438   3.807703e-07   1.530702e-03   1.657923e-03   6.976126e-06   0.000000e+00   7.488688e-01   6.047056e-07 
          3439   3.788341e-07   1.530634e-03   1.654521e-03   6.968776e-06   0.000000e+00   7.486066e-01   6.046121e-07 
          3440   3.779244e-07   1.530567e-03   1.651206e-03   6.961601e-06   0.000000e+00   7.483445e-01   6.045187e-07 
     Iteration     Continuity     X-momentum     Y-momentum     Z-momentum         Energy            Tke            Sdr 
          3441   3.776198e-07   1.530499e-03   1.647731e-03   6.954590e-06   0.000000e+00   7.480824e-01   6.044253e-07 
          3442   3.773216e-07   1.530432e-03   1.644216e-03   6.947691e-06   0.000000e+00   7.478204e-01   6.043320e-07 
          3443   3.771731e-07   1.530364e-03   1.640768e-03   6.941147e-06   0.000000e+00   7.475584e-01   6.042387e-07 
          3444   3.777286e-07   1.530297e-03   1.637394e-03   6.934739e-06   0.000000e+00   7.472964e-01   6.041455e-07 
          3445   3.787857e-07   1.530230e-03   1.634024e-03   6.928696e-06   0.000000e+00   7.470345e-01   6.040524e-07 
          3446   3.795354e-07   1.530162e-03   1.630593e-03   6.922731e-06   0.000000e+00   7.467726e-01   6.039592e-07 
          3447   3.807277e-07   1.530095e-03   1.627366e-03   6.916897e-06   0.000000e+00   7.465106e-01   6.038661e-07 
          3448   3.814308e-07   1.530028e-03   1.624014e-03   6.911190e-06   0.000000e+00   7.462485e-01   6.037731e-07 
          3449   3.813684e-07   1.529960e-03   1.620747e-03   6.905203e-06   0.000000e+00   7.459866e-01   6.036802e-07 
          3450   3.814221e-07   1.529893e-03   1.617316e-03   6.899481e-06   0.000000e+00   7.457248e-01   6.035872e-07 
     Iteration     Continuity     X-momentum     Y-momentum     Z-momentum         Energy            Tke            Sdr 
          3451   3.809805e-07   1.529826e-03   1.613930e-03   6.893719e-06   0.000000e+00   7.454630e-01   6.034943e-07 
          3452   3.808145e-07   1.529757e-03   1.610580e-03   6.888094e-06   0.000000e+00   7.451995e-01   6.034012e-07 
          3453   3.795497e-07   1.529682e-03   1.607398e-03   6.882518e-06   0.000000e+00   7.449305e-01   6.033070e-07 
          3454   3.772869e-07   1.529606e-03   1.604124e-03   6.876936e-06   0.000000e+00   7.446642e-01   6.032122e-07 
          3455   3.749663e-07   1.529527e-03   1.600529e-03   6.871301e-06   0.000000e+00   7.443988e-01   6.031154e-07 
          3456   3.734488e-07   1.529450e-03   1.596672e-03   6.865762e-06   0.000000e+00   7.441343e-01   6.030194e-07 
          3457   3.721271e-07   1.529375e-03   1.593025e-03   6.860307e-06   0.000000e+00   7.438705e-01   6.029242e-07 
          3458   3.708203e-07   1.529301e-03   1.589384e-03   6.854577e-06   0.000000e+00   7.436070e-01   6.028292e-07 
          3459   3.693214e-07   1.529227e-03   1.585912e-03   6.848951e-06   0.000000e+00   7.433439e-01   6.027346e-07 
          3460   3.677189e-07   1.529154e-03   1.582330e-03   6.843192e-06   0.000000e+00   7.430809e-01   6.026400e-07 
     Iteration     Continuity     X-momentum     Y-momentum     Z-momentum         Energy            Tke            Sdr 
          3461   3.665675e-07   1.529082e-03   1.578835e-03   6.837538e-06   0.000000e+00   7.428182e-01   6.025457e-07 
          3462   3.657919e-07   1.529009e-03   1.575285e-03   6.831567e-06   0.000000e+00   7.425555e-01   6.024516e-07 
          3463   3.652383e-07   1.528937e-03   1.571818e-03   6.825489e-06   0.000000e+00   7.422930e-01   6.023575e-07 
          3464   3.644951e-07   1.528865e-03   1.568394e-03   6.819481e-06   0.000000e+00   7.420307e-01   6.022637e-07 
          3465   3.635359e-07   1.528794e-03   1.564952e-03   6.813410e-06   0.000000e+00   7.417684e-01   6.021698e-07 
          3466   3.629957e-07   1.528722e-03   1.561528e-03   6.807348e-06   0.000000e+00   7.415062e-01   6.020762e-07 
          3467   3.625184e-07   1.528651e-03   1.558078e-03   6.801408e-06   0.000000e+00   7.412440e-01   6.019825e-07 
          3468   3.598153e-07   1.528578e-03   1.554699e-03   6.795213e-06   0.000000e+00   7.409818e-01   6.018870e-07 
          3469   3.576835e-07   1.528506e-03   1.551270e-03   6.789275e-06   0.000000e+00   7.407197e-01   6.017917e-07 
          3470   3.559341e-07   1.528433e-03   1.547896e-03   6.783374e-06   0.000000e+00   7.404576e-01   6.016968e-07 
     Iteration     Continuity     X-momentum     Y-momentum     Z-momentum         Energy            Tke            Sdr 
          3471   3.548218e-07   1.528361e-03   1.544472e-03   6.777620e-06   0.000000e+00   7.401956e-01   6.016021e-07 
          3472   3.538888e-07   1.528290e-03   1.541080e-03   6.771829e-06   0.000000e+00   7.399337e-01   6.015075e-07 
          3473   3.530701e-07   1.528218e-03   1.537707e-03   6.766083e-06   0.000000e+00   7.396718e-01   6.014131e-07 
          3474   3.528503e-07   1.528146e-03   1.534215e-03   6.760555e-06   0.000000e+00   7.394098e-01   6.013188e-07 
          3475   3.523301e-07   1.528074e-03   1.530885e-03   6.754755e-06   0.000000e+00   7.391479e-01   6.012246e-07 
          3476   3.521616e-07   1.528002e-03   1.527576e-03   6.748968e-06   0.000000e+00   7.388861e-01   6.011305e-07 
          3477   3.513830e-07   1.527931e-03   1.524262e-03   6.743319e-06   0.000000e+00   7.386244e-01   6.010365e-07 
          3478   3.499734e-07   1.527859e-03   1.521001e-03   6.737546e-06   0.000000e+00   7.383627e-01   6.009426e-07 
          3479   3.496790e-07   1.527788e-03   1.517854e-03   6.731850e-06   0.000000e+00   7.381010e-01   6.008489e-07 
          3480   3.496498e-07   1.527717e-03   1.514583e-03   6.726293e-06   0.000000e+00   7.378394e-01   6.007551e-07 
     Iteration     Continuity     X-momentum     Y-momentum     Z-momentum         Energy            Tke            Sdr 
          3481   3.493453e-07   1.527645e-03   1.511372e-03   6.720550e-06   0.000000e+00   7.375779e-01   6.006615e-07 
          3482   3.500388e-07   1.527574e-03   1.508111e-03   6.714924e-06   0.000000e+00   7.373164e-01   6.005679e-07 
          3483   3.506061e-07   1.527503e-03   1.504899e-03   6.709236e-06   0.000000e+00   7.370549e-01   6.004745e-07 
          3484   3.511276e-07   1.527432e-03   1.501650e-03   6.703527e-06   0.000000e+00   7.367935e-01   6.003810e-07 
          3485   3.519637e-07   1.527361e-03   1.498447e-03   6.697871e-06   0.000000e+00   7.365321e-01   6.002877e-07 
          3486   3.529278e-07   1.527290e-03   1.495259e-03   6.692192e-06   0.000000e+00   7.362708e-01   6.001945e-07 
          3487   3.537114e-07   1.527214e-03   1.492097e-03   6.686489e-06   0.000000e+00   7.360063e-01   6.001009e-07 
          3488   3.540704e-07   1.527132e-03   1.489096e-03   6.680815e-06   0.000000e+00   7.357367e-01   6.000067e-07 
          3489   3.540098e-07   1.527053e-03   1.486062e-03   6.675229e-06   0.000000e+00   7.354708e-01   5.999132e-07 
          3490   3.535841e-07   1.526976e-03   1.483047e-03   6.669500e-06   0.000000e+00   7.352065e-01   5.998198e-07 
     Iteration     Continuity     X-momentum     Y-momentum     Z-momentum         Energy            Tke            Sdr 
          3491   3.538748e-07   1.526900e-03   1.480052e-03   6.663973e-06   0.000000e+00   7.349431e-01   5.997267e-07 
          3492   3.538252e-07   1.526826e-03   1.477083e-03   6.658188e-06   0.000000e+00   7.346802e-01   5.996336e-07 
          3493   3.540788e-07   1.526751e-03   1.474110e-03   6.652527e-06   0.000000e+00   7.344177e-01   5.995406e-07 
          3494   3.542854e-07   1.526678e-03   1.471177e-03   6.646870e-06   0.000000e+00   7.341554e-01   5.994478e-07 
          3495   3.545967e-07   1.526604e-03   1.468269e-03   6.641331e-06   0.000000e+00   7.338934e-01   5.993550e-07 
          3496   3.550475e-07   1.526531e-03   1.465357e-03   6.635678e-06   0.000000e+00   7.336314e-01   5.992623e-07 
          3497   3.557485e-07   1.526447e-03   1.462448e-03   6.630078e-06   0.000000e+00   7.333633e-01   5.991693e-07 
          3498   3.560316e-07   1.526359e-03   1.459542e-03   6.624379e-06   0.000000e+00   7.330936e-01   5.990761e-07 
          3499   3.567080e-07   1.526274e-03   1.456624e-03   6.618782e-06   0.000000e+00   7.328261e-01   5.989834e-07 
          3500   3.572321e-07   1.526173e-03   1.453675e-03   6.613031e-06   0.000000e+00   7.325534e-01   5.988906e-07 
     Iteration     Continuity     X-momentum     Y-momentum     Z-momentum         Energy            Tke            Sdr 
          3501   3.580423e-07   1.526079e-03   1.450658e-03   6.607589e-06   0.000000e+00   7.322843e-01   5.987980e-07 
          3502   3.583649e-07   1.525989e-03   1.447740e-03   6.601861e-06   0.000000e+00   7.320172e-01   5.987056e-07 
          3503   3.587246e-07   1.525903e-03   1.444906e-03   6.596187e-06   0.000000e+00   7.317513e-01   5.986130e-07 
          3504   3.591071e-07   1.525818e-03   1.442033e-03   6.590539e-06   0.000000e+00   7.314861e-01   5.985207e-07 
          3505   3.593804e-07   1.525734e-03   1.439140e-03   6.584833e-06   0.000000e+00   7.312216e-01   5.984286e-07 
          3506   3.593643e-07   1.525652e-03   1.436232e-03   6.579165e-06   0.000000e+00   7.309576e-01   5.983364e-07 
          3507   3.595654e-07   1.525570e-03   1.433340e-03   6.573507e-06   0.000000e+00   7.306935e-01   5.982443e-07 
          3508   3.597532e-07   1.525489e-03   1.430511e-03   6.568018e-06   0.000000e+00   7.304300e-01   5.981524e-07 
          3509   3.596545e-07   1.525409e-03   1.427741e-03   6.562179e-06   0.000000e+00   7.301669e-01   5.980605e-07 
          3510   3.601735e-07   1.525330e-03   1.424959e-03   6.556563e-06   0.000000e+00   7.299041e-01   5.979687e-07 
     Iteration     Continuity     X-momentum     Y-momentum     Z-momentum         Energy            Tke            Sdr 
          3511   3.607383e-07   1.525251e-03   1.422255e-03   6.550768e-06   0.000000e+00   7.296416e-01   5.978770e-07 
          3512   3.619240e-07   1.525173e-03   1.419612e-03   6.545015e-06   0.000000e+00   7.293793e-01   5.977853e-07 
          3513   3.628961e-07   1.525096e-03   1.416931e-03   6.539293e-06   0.000000e+00   7.291173e-01   5.976935e-07 
          3514   3.642702e-07   1.525018e-03   1.414167e-03   6.534010e-06   0.000000e+00   7.288554e-01   5.976020e-07 
          3515   3.656022e-07   1.524942e-03   1.411498e-03   6.528985e-06   0.000000e+00   7.285937e-01   5.975105e-07 
          3516   3.670643e-07   1.524865e-03   1.408844e-03   6.523851e-06   0.000000e+00   7.283322e-01   5.974190e-07 
          3517   3.686911e-07   1.524789e-03   1.406253e-03   6.518608e-06   0.000000e+00   7.280708e-01   5.973275e-07 
          3518   3.707583e-07   1.524713e-03   1.403634e-03   6.513025e-06   0.000000e+00   7.278096e-01   5.972363e-07 
          3519   3.727670e-07   1.524638e-03   1.401064e-03   6.507391e-06   0.000000e+00   7.275485e-01   5.971450e-07 
          3520   3.742830e-07   1.524562e-03   1.398586e-03   6.501511e-06   0.000000e+00   7.272875e-01   5.970537e-07 
     Iteration     Continuity     X-momentum     Y-momentum     Z-momentum         Energy            Tke            Sdr 
          3521   3.752255e-07   1.524487e-03   1.396066e-03   6.495663e-06   0.000000e+00   7.270267e-01   5.969625e-07 
          3522   3.765660e-07   1.524412e-03   1.393514e-03   6.489849e-06   0.000000e+00   7.267659e-01   5.968715e-07 
          3523   3.774177e-07   1.524338e-03   1.390963e-03   6.483985e-06   0.000000e+00   7.265052e-01   5.967804e-07 
          3524   3.780789e-07   1.524263e-03   1.388496e-03   6.478143e-06   0.000000e+00   7.262446e-01   5.966894e-07 
          3525   3.786751e-07   1.524189e-03   1.386076e-03   6.472440e-06   0.000000e+00   7.259840e-01   5.965984e-07 
          3526   3.787222e-07   1.524104e-03   1.383765e-03   6.466599e-06   0.000000e+00   7.257166e-01   5.965068e-07 
          3527   3.788920e-07   1.524018e-03   1.381431e-03   6.461155e-06   0.000000e+00   7.254487e-01   5.964152e-07 
          3528   3.783495e-07   1.523935e-03   1.379060e-03   6.455267e-06   0.000000e+00   7.251838e-01   5.963239e-07 
          3529   3.781234e-07   1.523854e-03   1.376705e-03   6.449903e-06   0.000000e+00   7.249203e-01   5.962328e-07 
          3530   3.768534e-07   1.523775e-03   1.374393e-03   6.444156e-06   0.000000e+00   7.246576e-01   5.961419e-07 
     Iteration     Continuity     X-momentum     Y-momentum     Z-momentum         Energy            Tke            Sdr 
          3531   3.761715e-07   1.523697e-03   1.372128e-03   6.438919e-06   0.000000e+00   7.243955e-01   5.960511e-07 
          3532   3.749677e-07   1.523619e-03   1.369881e-03   6.433444e-06   0.000000e+00   7.241338e-01   5.959603e-07 
          3533   3.739690e-07   1.523542e-03   1.367701e-03   6.428243e-06   0.000000e+00   7.238724e-01   5.958697e-07 
          3534   3.725604e-07   1.523460e-03   1.365532e-03   6.423009e-06   0.000000e+00   7.236057e-01   5.957781e-07 
          3535   3.711502e-07   1.523378e-03   1.363401e-03   6.417787e-06   0.000000e+00   7.233402e-01   5.956867e-07 
          3536   3.696396e-07   1.523299e-03   1.361352e-03   6.412542e-06   0.000000e+00   7.230767e-01   5.955958e-07 
          3537   3.678041e-07   1.523221e-03   1.359221e-03   6.407292e-06   0.000000e+00   7.228143e-01   5.955050e-07 
          3538   3.659636e-07   1.523143e-03   1.357030e-03   6.401914e-06   0.000000e+00   7.225526e-01   5.954144e-07 
          3539   3.637562e-07   1.523067e-03   1.354903e-03   6.396595e-06   0.000000e+00   7.222912e-01   5.953238e-07 
          3540   3.616680e-07   1.522990e-03   1.352834e-03   6.391179e-06   0.000000e+00   7.220301e-01   5.952334e-07 
     Iteration     Continuity     X-momentum     Y-momentum     Z-momentum         Energy            Tke            Sdr 
          3541   3.572217e-07   1.522915e-03   1.350810e-03   6.385788e-06   0.000000e+00   7.217693e-01   5.951430e-07 
          3542   3.511485e-07   1.522839e-03   1.348845e-03   6.380300e-06   0.000000e+00   7.215087e-01   5.950526e-07 
          3543   3.462293e-07   1.522764e-03   1.346836e-03   6.374853e-06   0.000000e+00   7.212483e-01   5.949624e-07 
          3544   3.424728e-07   1.522689e-03   1.344945e-03   6.369343e-06   0.000000e+00   7.209879e-01   5.948722e-07 
          3545   3.394353e-07   1.522602e-03   1.343033e-03   6.363871e-06   0.000000e+00   7.207236e-01   5.947816e-07 
          3546   3.370419e-07   1.522512e-03   1.340610e-03   6.358526e-06   0.000000e+00   7.204592e-01   5.946911e-07 
          3547   3.342301e-07   1.522426e-03   1.338092e-03   6.353072e-06   0.000000e+00   7.201961e-01   5.946007e-07 
          3548   3.312389e-07   1.522342e-03   1.335442e-03   6.347800e-06   0.000000e+00   7.199338e-01   5.945103e-07 
          3549   3.284977e-07   1.522260e-03   1.332948e-03   6.343214e-06   0.000000e+00   7.196719e-01   5.944202e-07 
          3550   3.263271e-07   1.522178e-03   1.330524e-03   6.338921e-06   0.000000e+00   7.194104e-01   5.943301e-07 
     Iteration     Continuity     X-momentum     Y-momentum     Z-momentum         Energy            Tke            Sdr 
          3551   3.239388e-07   1.522097e-03   1.328156e-03   6.334310e-06   0.000000e+00   7.191492e-01   5.942401e-07 
          3552   3.221345e-07   1.522017e-03   1.325752e-03   6.329749e-06   0.000000e+00   7.188883e-01   5.941502e-07 
          3553   3.206524e-07   1.521938e-03   1.323385e-03   6.325109e-06   0.000000e+00   7.186275e-01   5.940603e-07 
          3554   3.199729e-07   1.521859e-03   1.320981e-03   6.320323e-06   0.000000e+00   7.183670e-01   5.939704e-07 
          3555   3.193487e-07   1.521780e-03   1.318557e-03   6.315459e-06   0.000000e+00   7.181066e-01   5.938807e-07 
          3556   3.188120e-07   1.521702e-03   1.316113e-03   6.310426e-06   0.000000e+00   7.178463e-01   5.937909e-07 
          3557   3.185864e-07   1.521624e-03   1.313631e-03   6.305321e-06   0.000000e+00   7.175861e-01   5.937012e-07 
          3558   3.188541e-07   1.521531e-03   1.311119e-03   6.300125e-06   0.000000e+00   7.173183e-01   5.936114e-07 
          3559   3.187489e-07   1.521438e-03   1.308563e-03   6.294764e-06   0.000000e+00   7.170517e-01   5.935216e-07 
          3560   3.190418e-07   1.521350e-03   1.306057e-03   6.289070e-06   0.000000e+00   7.167875e-01   5.934319e-07 
     Iteration     Continuity     X-momentum     Y-momentum     Z-momentum         Energy            Tke            Sdr 
          3561   3.189222e-07   1.521264e-03   1.303490e-03   6.283333e-06   0.000000e+00   7.165245e-01   5.933422e-07 
          3562   3.188737e-07   1.521180e-03   1.300831e-03   6.277690e-06   0.000000e+00   7.162623e-01   5.932528e-07 
          3563   3.185218e-07   1.521097e-03   1.298174e-03   6.272108e-06   0.000000e+00   7.160006e-01   5.931633e-07 
          3564   3.176040e-07   1.521007e-03   1.295549e-03   6.266341e-06   0.000000e+00   7.157354e-01   5.930739e-07 
          3565   3.167968e-07   1.520908e-03   1.292918e-03   6.260635e-06   0.000000e+00   7.154671e-01   5.929845e-07 
          3566   3.166055e-07   1.520814e-03   1.290330e-03   6.255028e-06   0.000000e+00   7.152016e-01   5.928951e-07 
          3567   3.164117e-07   1.520724e-03   1.287773e-03   6.249406e-06   0.000000e+00   7.149377e-01   5.928059e-07 
          3568   3.163249e-07   1.520636e-03   1.285117e-03   6.243964e-06   0.000000e+00   7.146748e-01   5.927167e-07 
          3569   3.157903e-07   1.520549e-03   1.282431e-03   6.238383e-06   0.000000e+00   7.144125e-01   5.926275e-07 
          3570   3.153628e-07   1.520464e-03   1.279852e-03   6.232857e-06   0.000000e+00   7.141507e-01   5.925384e-07 
     Iteration     Continuity     X-momentum     Y-momentum     Z-momentum         Energy            Tke            Sdr 
          3571   3.144358e-07   1.520380e-03   1.277240e-03   6.227423e-06   0.000000e+00   7.138893e-01   5.924494e-07 
          3572   3.139735e-07   1.520296e-03   1.274533e-03   6.222088e-06   0.000000e+00   7.136283e-01   5.923603e-07 
          3573   3.141713e-07   1.520214e-03   1.271868e-03   6.216926e-06   0.000000e+00   7.133676e-01   5.922714e-07 
          3574   3.148241e-07   1.520132e-03   1.269203e-03   6.211720e-06   0.000000e+00   7.131072e-01   5.921824e-07 
          3575   3.157470e-07   1.520051e-03   1.266433e-03   6.206502e-06   0.000000e+00   7.128471e-01   5.920935e-07 
          3576   3.172229e-07   1.519970e-03   1.263631e-03   6.201218e-06   0.000000e+00   7.125871e-01   5.920047e-07 
          3577   3.183078e-07   1.519890e-03   1.260753e-03   6.195666e-06   0.000000e+00   7.123274e-01   5.919159e-07 
          3578   3.198393e-07   1.519810e-03   1.257746e-03   6.190164e-06   0.000000e+00   7.120678e-01   5.918272e-07 
          3579   3.203495e-07   1.519731e-03   1.254942e-03   6.184494e-06   0.000000e+00   7.118085e-01   5.917384e-07 
          3580   3.208296e-07   1.519652e-03   1.252376e-03   6.178810e-06   0.000000e+00   7.115493e-01   5.916498e-07 
     Iteration     Continuity     X-momentum     Y-momentum     Z-momentum         Energy            Tke            Sdr 
          3581   3.214736e-07   1.519573e-03   1.249759e-03   6.173254e-06   0.000000e+00   7.112902e-01   5.915612e-07 
          3582   3.217878e-07   1.519495e-03   1.247116e-03   6.167615e-06   0.000000e+00   7.110313e-01   5.914727e-07 
          3583   3.225512e-07   1.519417e-03   1.244436e-03   6.162136e-06   0.000000e+00   7.107725e-01   5.913841e-07 
          3584   3.239303e-07   1.519339e-03   1.241740e-03   6.156699e-06   0.000000e+00   7.105139e-01   5.912957e-07 
          3585   3.250596e-07   1.519261e-03   1.238991e-03   6.151275e-06   0.000000e+00   7.102553e-01   5.912072e-07 
          3586   3.265279e-07   1.519184e-03   1.236252e-03   6.146067e-06   0.000000e+00   7.099968e-01   5.911189e-07 
          3587   3.274977e-07   1.519100e-03   1.233425e-03   6.140824e-06   0.000000e+00   7.097366e-01   5.910293e-07 
          3588   3.283973e-07   1.519011e-03   1.230590e-03   6.135699e-06   0.000000e+00   7.094756e-01   5.909391e-07 
          3589   3.290003e-07   1.518924e-03   1.227611e-03   6.130567e-06   0.000000e+00   7.092153e-01   5.908494e-07 
          3590   3.294067e-07   1.518840e-03   1.224586e-03   6.125504e-06   0.000000e+00   7.089556e-01   5.907601e-07 
     Iteration     Continuity     X-momentum     Y-momentum     Z-momentum         Energy            Tke            Sdr 
          3591   3.306672e-07   1.518755e-03   1.221644e-03   6.120488e-06   0.000000e+00   7.086959e-01   5.906707e-07 
          3592   3.316565e-07   1.518665e-03   1.218732e-03   6.115515e-06   0.000000e+00   7.084355e-01   5.905778e-07 
          3593   3.323781e-07   1.518576e-03   1.215537e-03   6.110528e-06   0.000000e+00   7.081755e-01   5.904858e-07 
          3594   3.328044e-07   1.518489e-03   1.212644e-03   6.105265e-06   0.000000e+00   7.079158e-01   5.903946e-07 
          3595   3.336098e-07   1.518403e-03   1.209795e-03   6.100132e-06   0.000000e+00   7.076564e-01   5.903038e-07 
          3596   3.344523e-07   1.518318e-03   1.206821e-03   6.095055e-06   0.000000e+00   7.073972e-01   5.902132e-07 
          3597   3.355965e-07   1.518233e-03   1.203813e-03   6.090111e-06   0.000000e+00   7.071382e-01   5.901230e-07 
          3598   3.360846e-07   1.518149e-03   1.200724e-03   6.085042e-06   0.000000e+00   7.068794e-01   5.900328e-07 
          3599   3.370153e-07   1.518065e-03   1.197628e-03   6.080026e-06   0.000000e+00   7.066207e-01   5.899429e-07 
          3600   3.380325e-07   1.517982e-03   1.194481e-03   6.075041e-06   0.000000e+00   7.063622e-01   5.898532e-07 
     Iteration     Continuity     X-momentum     Y-momentum     Z-momentum         Energy            Tke            Sdr 
          3601   3.388813e-07   1.517899e-03   1.191356e-03   6.069998e-06   0.000000e+00   7.061037e-01   5.897636e-07 
          3602   3.398097e-07   1.517809e-03   1.188197e-03   6.064917e-06   0.000000e+00   7.058395e-01   5.896733e-07 
          3603   3.409747e-07   1.517718e-03   1.185226e-03   6.059873e-06   0.000000e+00   7.055749e-01   5.895832e-07 
          3604   3.420587e-07   1.517629e-03   1.182223e-03   6.054881e-06   0.000000e+00   7.053130e-01   5.894935e-07 
          3605   3.425250e-07   1.517538e-03   1.179016e-03   6.049817e-06   0.000000e+00   7.050482e-01   5.894034e-07 
          3606   3.431182e-07   1.517448e-03   1.175832e-03   6.044739e-06   0.000000e+00   7.047840e-01   5.893135e-07 
          3607   3.437740e-07   1.517360e-03   1.172642e-03   6.039614e-06   0.000000e+00   7.045222e-01   5.892240e-07 
          3608   3.446098e-07   1.517274e-03   1.169516e-03   6.034722e-06   0.000000e+00   7.042616e-01   5.891348e-07 
          3609   3.450737e-07   1.517189e-03   1.166550e-03   6.029598e-06   0.000000e+00   7.040017e-01   5.890459e-07 
          3610   3.454088e-07   1.517105e-03   1.163504e-03   6.024435e-06   0.000000e+00   7.037424e-01   5.889570e-07 
     Iteration     Continuity     X-momentum     Y-momentum     Z-momentum         Energy            Tke            Sdr 
          3611   3.459973e-07   1.517022e-03   1.160501e-03   6.019501e-06   0.000000e+00   7.034835e-01   5.888683e-07 
          3612   3.457360e-07   1.516939e-03   1.157576e-03   6.014431e-06   0.000000e+00   7.032248e-01   5.887798e-07 
          3613   3.454263e-07   1.516857e-03   1.154820e-03   6.009358e-06   0.000000e+00   7.029665e-01   5.886913e-07 
          3614   3.448856e-07   1.516775e-03   1.152106e-03   6.004254e-06   0.000000e+00   7.027083e-01   5.886029e-07 
          3615   3.441927e-07   1.516694e-03   1.149412e-03   5.999296e-06   0.000000e+00   7.024504e-01   5.885147e-07 
          3616   3.436501e-07   1.516612e-03   1.146722e-03   5.994066e-06   0.000000e+00   7.021925e-01   5.884266e-07 
          3617   3.437580e-07   1.516530e-03   1.144104e-03   5.988990e-06   0.000000e+00   7.019344e-01   5.883375e-07 
          3618   3.422566e-07   1.516448e-03   1.141534e-03   5.983871e-06   0.000000e+00   7.016767e-01   5.882479e-07 
          3619   3.409839e-07   1.516366e-03   1.139020e-03   5.978781e-06   0.000000e+00   7.014191e-01   5.881587e-07 
          3620   3.397652e-07   1.516285e-03   1.136577e-03   5.973715e-06   0.000000e+00   7.011618e-01   5.880696e-07 
     Iteration     Continuity     X-momentum     Y-momentum     Z-momentum         Energy            Tke            Sdr 
          3621   3.386178e-07   1.516204e-03   1.134135e-03   5.968591e-06   0.000000e+00   7.009046e-01   5.879807e-07 
          3622   3.378112e-07   1.516124e-03   1.131841e-03   5.963603e-06   0.000000e+00   7.006476e-01   5.878919e-07 
          3623   3.370438e-07   1.516043e-03   1.129544e-03   5.958524e-06   0.000000e+00   7.003906e-01   5.878032e-07 
          3624   3.364165e-07   1.515963e-03   1.127243e-03   5.953573e-06   0.000000e+00   7.001338e-01   5.877147e-07 
          3625   3.353832e-07   1.515883e-03   1.124925e-03   5.948479e-06   0.000000e+00   6.998767e-01   5.876262e-07 
          3626   3.346073e-07   1.515802e-03   1.122594e-03   5.943417e-06   0.000000e+00   6.996196e-01   5.875378e-07 
          3627   3.336094e-07   1.515722e-03   1.120233e-03   5.938370e-06   0.000000e+00   6.993627e-01   5.874495e-07 
          3628   3.325437e-07   1.515642e-03   1.117853e-03   5.933316e-06   0.000000e+00   6.991061e-01   5.873613e-07 
          3629   3.318242e-07   1.515563e-03   1.115509e-03   5.928343e-06   0.000000e+00   6.988495e-01   5.872733e-07 
          3630   3.307531e-07   1.515484e-03   1.113313e-03   5.923354e-06   0.000000e+00   6.985931e-01   5.871852e-07 
     Iteration     Continuity     X-momentum     Y-momentum     Z-momentum         Energy            Tke            Sdr 
          3631   3.301328e-07   1.515404e-03   1.111058e-03   5.917939e-06   0.000000e+00   6.983367e-01   5.870974e-07 
          3632   3.290247e-07   1.515325e-03   1.108839e-03   5.912570e-06   0.000000e+00   6.980804e-01   5.870094e-07 
          3633   3.275814e-07   1.515246e-03   1.106558e-03   5.907518e-06   0.000000e+00   6.978242e-01   5.869217e-07 
          3634   3.253335e-07   1.515168e-03   1.104359e-03   5.902292e-06   0.000000e+00   6.975681e-01   5.868341e-07 
          3635   3.237436e-07   1.515089e-03   1.102202e-03   5.897143e-06   0.000000e+00   6.973120e-01   5.867465e-07 
          3636   3.226057e-07   1.515010e-03   1.100109e-03   5.891951e-06   0.000000e+00   6.970561e-01   5.866589e-07 
          3637   3.216536e-07   1.514932e-03   1.097893e-03   5.886947e-06   0.000000e+00   6.968001e-01   5.865714e-07 
          3638   3.206659e-07   1.514854e-03   1.095767e-03   5.881891e-06   0.000000e+00   6.965443e-01   5.864841e-07 
          3639   3.166605e-07   1.514775e-03   1.093623e-03   5.877154e-06   0.000000e+00   6.962884e-01   5.863968e-07 
          3640   3.135113e-07   1.514697e-03   1.091423e-03   5.871999e-06   0.000000e+00   6.960327e-01   5.863096e-07 
     Iteration     Continuity     X-momentum     Y-momentum     Z-momentum         Energy            Tke            Sdr 
          3641   3.116908e-07   1.514619e-03   1.089416e-03   5.867231e-06   0.000000e+00   6.957770e-01   5.862225e-07 
          3642   3.097531e-07   1.514541e-03   1.087309e-03   5.862357e-06   0.000000e+00   6.955214e-01   5.861354e-07 
          3643   3.087183e-07   1.514463e-03   1.085218e-03   5.857539e-06   0.000000e+00   6.952659e-01   5.860485e-07 
          3644   3.080833e-07   1.514385e-03   1.083216e-03   5.852646e-06   0.000000e+00   6.950105e-01   5.859615e-07 
          3645   3.078493e-07   1.514307e-03   1.081060e-03   5.847871e-06   0.000000e+00   6.947551e-01   5.858747e-07 
          3646   3.076947e-07   1.514229e-03   1.079051e-03   5.842894e-06   0.000000e+00   6.944998e-01   5.857879e-07 
          3647   3.079921e-07   1.514151e-03   1.076912e-03   5.837984e-06   0.000000e+00   6.942445e-01   5.857012e-07 
          3648   3.071777e-07   1.514073e-03   1.074753e-03   5.833083e-06   0.000000e+00   6.939893e-01   5.856146e-07 
          3649   3.058419e-07   1.513996e-03   1.072784e-03   5.828119e-06   0.000000e+00   6.937341e-01   5.855280e-07 
          3650   3.046024e-07   1.513918e-03   1.070793e-03   5.823204e-06   0.000000e+00   6.934790e-01   5.854415e-07 
     Iteration     Continuity     X-momentum     Y-momentum     Z-momentum         Energy            Tke            Sdr 
          3651   3.024559e-07   1.513841e-03   1.068831e-03   5.818386e-06   0.000000e+00   6.932240e-01   5.853551e-07 
          3652   3.004224e-07   1.513763e-03   1.066890e-03   5.813479e-06   0.000000e+00   6.929690e-01   5.852687e-07 
          3653   2.994583e-07   1.513686e-03   1.064830e-03   5.808694e-06   0.000000e+00   6.927141e-01   5.851825e-07 
          3654   2.980983e-07   1.513608e-03   1.062840e-03   5.803816e-06   0.000000e+00   6.924593e-01   5.850963e-07 
          3655   2.961273e-07   1.513531e-03   1.060896e-03   5.798921e-06   0.000000e+00   6.922045e-01   5.850101e-07 
          3656   2.951750e-07   1.513453e-03   1.058968e-03   5.794207e-06   0.000000e+00   6.919497e-01   5.849241e-07 
          3657   2.948654e-07   1.513376e-03   1.056959e-03   5.789677e-06   0.000000e+00   6.916950e-01   5.848381e-07 
          3658   2.946487e-07   1.513299e-03   1.055106e-03   5.784931e-06   0.000000e+00   6.914404e-01   5.847522e-07 
          3659   2.949608e-07   1.513217e-03   1.053296e-03   5.780337e-06   0.000000e+00   6.911832e-01   5.846661e-07 
          3660   2.950373e-07   1.513127e-03   1.051511e-03   5.775817e-06   0.000000e+00   6.909206e-01   5.845795e-07 
     Iteration     Continuity     X-momentum     Y-momentum     Z-momentum         Energy            Tke            Sdr 
          3661   2.955149e-07   1.513037e-03   1.049577e-03   5.771300e-06   0.000000e+00   6.906567e-01   5.844925e-07 
          3662   2.870564e-07   1.512948e-03   1.047650e-03   5.766991e-06   0.000000e+00   6.903956e-01   5.844059e-07 
          3663   2.803894e-07   1.512863e-03   1.045791e-03   5.762181e-06   0.000000e+00   6.901368e-01   5.843198e-07 
          3664   2.769645e-07   1.512779e-03   1.043674e-03   5.757124e-06   0.000000e+00   6.898793e-01   5.842338e-07 
          3665   2.753231e-07   1.512696e-03   1.041680e-03   5.751866e-06   0.000000e+00   6.896224e-01   5.841480e-07 
          3666   2.743936e-07   1.512606e-03   1.039930e-03   5.746561e-06   0.000000e+00   6.893593e-01   5.840613e-07 
          3667   2.739904e-07   1.512516e-03   1.037947e-03   5.741170e-06   0.000000e+00   6.890979e-01   5.839749e-07 
          3668   2.742378e-07   1.512430e-03   1.036356e-03   5.735805e-06   0.000000e+00   6.888391e-01   5.838889e-07 
          3669   2.750879e-07   1.512345e-03   1.034770e-03   5.730603e-06   0.000000e+00   6.885811e-01   5.838031e-07 
          3670   2.761581e-07   1.512244e-03   1.033117e-03   5.725436e-06   0.000000e+00   6.883147e-01   5.837168e-07 
     Iteration     Continuity     X-momentum     Y-momentum     Z-momentum         Energy            Tke            Sdr 
          3671   2.776329e-07   1.512150e-03   1.031475e-03   5.720382e-06   0.000000e+00   6.880527e-01   5.836310e-07 
          3672   2.788497e-07   1.512059e-03   1.029810e-03   5.715339e-06   0.000000e+00   6.877931e-01   5.835452e-07 
          3673   2.801864e-07   1.511970e-03   1.028172e-03   5.710337e-06   0.000000e+00   6.875343e-01   5.834597e-07 
          3674   2.815675e-07   1.511883e-03   1.026407e-03   5.705264e-06   0.000000e+00   6.872762e-01   5.833742e-07 
          3675   2.826619e-07   1.511797e-03   1.024787e-03   5.699893e-06   0.000000e+00   6.870190e-01   5.832889e-07 
          3676   2.838315e-07   1.511711e-03   1.023092e-03   5.694735e-06   0.000000e+00   6.867624e-01   5.832036e-07 
          3677   2.853031e-07   1.511627e-03   1.021500e-03   5.689756e-06   0.000000e+00   6.865063e-01   5.831184e-07 
          3678   2.869395e-07   1.511544e-03   1.019905e-03   5.684962e-06   0.000000e+00   6.862505e-01   5.830333e-07 
          3679   2.882317e-07   1.511461e-03   1.018255e-03   5.680127e-06   0.000000e+00   6.859951e-01   5.829483e-07 
          3680   2.893524e-07   1.511378e-03   1.016454e-03   5.675368e-06   0.000000e+00   6.857399e-01   5.828633e-07 
     Iteration     Continuity     X-momentum     Y-momentum     Z-momentum         Energy            Tke            Sdr 
          3681   2.901017e-07   1.511297e-03   1.014670e-03   5.670608e-06   0.000000e+00   6.854850e-01   5.827783e-07 
          3682   2.906011e-07   1.511215e-03   1.012916e-03   5.665930e-06   0.000000e+00   6.852303e-01   5.826935e-07 
          3683   2.910548e-07   1.511134e-03   1.011167e-03   5.661203e-06   0.000000e+00   6.849757e-01   5.826086e-07 
          3684   2.916789e-07   1.511053e-03   1.009506e-03   5.656649e-06   0.000000e+00   6.847214e-01   5.825239e-07 
          3685   2.920167e-07   1.510973e-03   1.007850e-03   5.651960e-06   0.000000e+00   6.844672e-01   5.824391e-07 
          3686   2.916680e-07   1.510892e-03   1.006191e-03   5.647326e-06   0.000000e+00   6.842132e-01   5.823545e-07 
          3687   2.898126e-07   1.510812e-03   1.004454e-03   5.642788e-06   0.000000e+00   6.839593e-01   5.822699e-07 
          3688   2.885361e-07   1.510732e-03   1.002683e-03   5.638624e-06   0.000000e+00   6.837055e-01   5.821854e-07 
          3689   2.886388e-07   1.510653e-03   1.001102e-03   5.634958e-06   0.000000e+00   6.834519e-01   5.821009e-07 
          3690   2.893874e-07   1.510573e-03   9.993838e-04   5.631488e-06   0.000000e+00   6.831983e-01   5.820164e-07 
     Iteration     Continuity     X-momentum     Y-momentum     Z-momentum         Energy            Tke            Sdr 
          3691   2.910441e-07   1.510494e-03   9.978677e-04   5.628631e-06   0.000000e+00   6.829449e-01   5.819320e-07 
          3692   2.922339e-07   1.510415e-03   9.963243e-04   5.625803e-06   0.000000e+00   6.826916e-01   5.818477e-07 
          3693   2.935965e-07   1.510336e-03   9.946685e-04   5.623033e-06   0.000000e+00   6.824384e-01   5.817634e-07 
          3694   2.944770e-07   1.510257e-03   9.930416e-04   5.619856e-06   0.000000e+00   6.821852e-01   5.816791e-07 
          3695   2.952923e-07   1.510178e-03   9.913066e-04   5.616261e-06   0.000000e+00   6.819322e-01   5.815949e-07 
          3696   2.960525e-07   1.510100e-03   9.898108e-04   5.612349e-06   0.000000e+00   6.816792e-01   5.815107e-07 
          3697   2.954425e-07   1.510021e-03   9.880846e-04   5.608186e-06   0.000000e+00   6.814263e-01   5.814266e-07 
          3698   2.938705e-07   1.509942e-03   9.866110e-04   5.603517e-06   0.000000e+00   6.811735e-01   5.813425e-07 
          3699   2.925838e-07   1.509864e-03   9.861021e-04   5.598679e-06   0.000000e+00   6.809208e-01   5.812585e-07 
          3700   2.915900e-07   1.509786e-03   9.849709e-04   5.593762e-06   0.000000e+00   6.806682e-01   5.811746e-07 
     Iteration     Continuity     X-momentum     Y-momentum     Z-momentum         Energy            Tke            Sdr 
          3701   2.908209e-07   1.509707e-03   9.826530e-04   5.588647e-06   0.000000e+00   6.804156e-01   5.810906e-07 
          3702   2.903428e-07   1.509629e-03   9.808801e-04   5.583616e-06   0.000000e+00   6.801631e-01   5.810067e-07 
          3703   2.894813e-07   1.509551e-03   9.792688e-04   5.578612e-06   0.000000e+00   6.799106e-01   5.809229e-07 
          3704   2.887730e-07   1.509470e-03   9.778388e-04   5.573591e-06   0.000000e+00   6.796561e-01   5.808387e-07 
          3705   2.882556e-07   1.509388e-03   9.767851e-04   5.568563e-06   0.000000e+00   6.793996e-01   5.807543e-07 
          3706   2.871901e-07   1.509307e-03   9.754717e-04   5.563481e-06   0.000000e+00   6.791451e-01   5.806702e-07 
          3707   2.865908e-07   1.509226e-03   9.742436e-04   5.558437e-06   0.000000e+00   6.788915e-01   5.805863e-07 
          3708   2.858226e-07   1.509147e-03   9.730421e-04   5.553384e-06   0.000000e+00   6.786383e-01   5.805025e-07 
          3709   2.852650e-07   1.509067e-03   9.720995e-04   5.548491e-06   0.000000e+00   6.783855e-01   5.804188e-07 
          3710   2.843669e-07   1.508988e-03   9.714373e-04   5.543462e-06   0.000000e+00   6.781329e-01   5.803352e-07 
     Iteration     Continuity     X-momentum     Y-momentum     Z-momentum         Energy            Tke            Sdr 
          3711   2.838648e-07   1.508909e-03   9.699012e-04   5.538417e-06   0.000000e+00   6.778804e-01   5.802516e-07 
          3712   2.832067e-07   1.508830e-03   9.682711e-04   5.533605e-06   0.000000e+00   6.776281e-01   5.801680e-07 
          3713   2.823224e-07   1.508751e-03   9.669766e-04   5.528776e-06   0.000000e+00   6.773751e-01   5.800844e-07 
          3714   2.814963e-07   1.508654e-03   9.656011e-04   5.524051e-06   0.000000e+00   6.771161e-01   5.800008e-07 
          3715   2.806365e-07   1.508561e-03   9.640446e-04   5.519120e-06   0.000000e+00   6.768595e-01   5.799173e-07 
          3716   2.803652e-07   1.508472e-03   9.624259e-04   5.514386e-06   0.000000e+00   6.766044e-01   5.798339e-07 
          3717   2.800896e-07   1.508384e-03   9.609191e-04   5.509634e-06   0.000000e+00   6.763499e-01   5.797505e-07 
          3718   2.802431e-07   1.508298e-03   9.594795e-04   5.504920e-06   0.000000e+00   6.760960e-01   5.796671e-07 
          3719   2.803643e-07   1.508212e-03   9.580924e-04   5.500273e-06   0.000000e+00   6.758424e-01   5.795838e-07 
          3720   2.804562e-07   1.508127e-03   9.566762e-04   5.495690e-06   0.000000e+00   6.755891e-01   5.795006e-07 
     Iteration     Continuity     X-momentum     Y-momentum     Z-momentum         Energy            Tke            Sdr 
          3721   2.803829e-07   1.508043e-03   9.552220e-04   5.491055e-06   0.000000e+00   6.753360e-01   5.794174e-07 
          3722   2.801655e-07   1.507960e-03   9.538591e-04   5.486488e-06   0.000000e+00   6.750832e-01   5.793343e-07 
          3723   2.793020e-07   1.507876e-03   9.524499e-04   5.481828e-06   0.000000e+00   6.748306e-01   5.792512e-07 
          3724   2.787626e-07   1.507793e-03   9.511233e-04   5.477256e-06   0.000000e+00   6.745782e-01   5.791682e-07 
          3725   2.783428e-07   1.507711e-03   9.498478e-04   5.472696e-06   0.000000e+00   6.743258e-01   5.790852e-07 
          3726   2.780596e-07   1.507623e-03   9.486111e-04   5.468069e-06   0.000000e+00   6.740728e-01   5.789994e-07 
          3727   2.776218e-07   1.507535e-03   9.472302e-04   5.463420e-06   0.000000e+00   6.738199e-01   5.789133e-07 
          3728   2.765821e-07   1.507448e-03   9.459474e-04   5.458537e-06   0.000000e+00   6.735672e-01   5.788278e-07 
          3729   2.753653e-07   1.507362e-03   9.449419e-04   5.453491e-06   0.000000e+00   6.733148e-01   5.787428e-07 
          3730   2.736869e-07   1.507277e-03   9.438226e-04   5.448805e-06   0.000000e+00   6.730626e-01   5.786580e-07 
     Iteration     Continuity     X-momentum     Y-momentum     Z-momentum         Energy            Tke            Sdr 
          3731   2.720799e-07   1.507192e-03   9.426904e-04   5.444091e-06   0.000000e+00   6.728105e-01   5.785734e-07 
          3732   2.713827e-07   1.507107e-03   9.415060e-04   5.439513e-06   0.000000e+00   6.725585e-01   5.784889e-07 
          3733   2.707408e-07   1.507023e-03   9.404548e-04   5.434814e-06   0.000000e+00   6.723067e-01   5.784047e-07 
          3734   2.701570e-07   1.506938e-03   9.393481e-04   5.430043e-06   0.000000e+00   6.720550e-01   5.783205e-07 
          3735   2.691866e-07   1.506855e-03   9.383810e-04   5.425492e-06   0.000000e+00   6.718034e-01   5.782365e-07 
          3736   2.684563e-07   1.506771e-03   9.373611e-04   5.420880e-06   0.000000e+00   6.715518e-01   5.781525e-07 
          3737   2.679958e-07   1.506679e-03   9.363147e-04   5.416312e-06   0.000000e+00   6.712935e-01   5.780676e-07 
          3738   2.677289e-07   1.506580e-03   9.349365e-04   5.411775e-06   0.000000e+00   6.710347e-01   5.779826e-07 
          3739   2.675014e-07   1.506478e-03   9.338405e-04   5.407257e-06   0.000000e+00   6.707767e-01   5.778978e-07 
          3740   2.674439e-07   1.506375e-03   9.330041e-04   5.402595e-06   0.000000e+00   6.705161e-01   5.778126e-07 
     Iteration     Continuity     X-momentum     Y-momentum     Z-momentum         Energy            Tke            Sdr 
          3741   2.679829e-07   1.506277e-03   9.320109e-04   5.398052e-06   0.000000e+00   6.702587e-01   5.777280e-07 
          3742   2.685153e-07   1.506181e-03   9.310246e-04   5.393499e-06   0.000000e+00   6.700031e-01   5.776438e-07 
          3743   2.693279e-07   1.506088e-03   9.300971e-04   5.388932e-06   0.000000e+00   6.697484e-01   5.775599e-07 
          3744   2.699215e-07   1.505994e-03   9.293737e-04   5.384379e-06   0.000000e+00   6.694937e-01   5.774760e-07 
          3745   2.705820e-07   1.505902e-03   9.286655e-04   5.379870e-06   0.000000e+00   6.692398e-01   5.773923e-07 
          3746   2.710517e-07   1.505812e-03   9.280352e-04   5.375546e-06   0.000000e+00   6.689865e-01   5.773088e-07 
          3747   2.712331e-07   1.505722e-03   9.271556e-04   5.370827e-06   0.000000e+00   6.687337e-01   5.772254e-07 
          3748   2.714965e-07   1.505633e-03   9.263525e-04   5.366353e-06   0.000000e+00   6.684813e-01   5.771422e-07 
          3749   2.714540e-07   1.505544e-03   9.256265e-04   5.361754e-06   0.000000e+00   6.682291e-01   5.770590e-07 
          3750   2.711169e-07   1.505456e-03   9.248969e-04   5.357304e-06   0.000000e+00   6.679772e-01   5.769759e-07 
     Iteration     Continuity     X-momentum     Y-momentum     Z-momentum         Energy            Tke            Sdr 
          3751   2.702531e-07   1.505368e-03   9.242226e-04   5.352397e-06   0.000000e+00   6.677256e-01   5.768930e-07 
          3752   2.696702e-07   1.505281e-03   9.235029e-04   5.347089e-06   0.000000e+00   6.674741e-01   5.768101e-07 
          3753   2.694721e-07   1.505195e-03   9.228305e-04   5.341585e-06   0.000000e+00   6.672229e-01   5.767273e-07 
          3754   2.698950e-07   1.505108e-03   9.221728e-04   5.335994e-06   0.000000e+00   6.669718e-01   5.766446e-07 
          3755   2.704312e-07   1.505020e-03   9.214807e-04   5.330743e-06   0.000000e+00   6.667201e-01   5.765614e-07 
          3756   2.709582e-07   1.504922e-03   9.208197e-04   5.325564e-06   0.000000e+00   6.664667e-01   5.764764e-07 
          3757   2.715272e-07   1.504828e-03   9.200841e-04   5.320745e-06   0.000000e+00   6.662142e-01   5.763921e-07 
          3758   2.720529e-07   1.504735e-03   9.193883e-04   5.315981e-06   0.000000e+00   6.659621e-01   5.763084e-07 
          3759   2.725296e-07   1.504643e-03   9.188319e-04   5.311566e-06   0.000000e+00   6.657105e-01   5.762248e-07 
          3760   2.725125e-07   1.504553e-03   9.182807e-04   5.307164e-06   0.000000e+00   6.654591e-01   5.761415e-07 
     Iteration     Continuity     X-momentum     Y-momentum     Z-momentum         Energy            Tke            Sdr 
          3761   2.723792e-07   1.504463e-03   9.177991e-04   5.303012e-06   0.000000e+00   6.652079e-01   5.760585e-07 
          3762   2.720168e-07   1.504373e-03   9.173307e-04   5.298802e-06   0.000000e+00   6.649569e-01   5.759754e-07 
          3763   2.719372e-07   1.504284e-03   9.168572e-04   5.294773e-06   0.000000e+00   6.647061e-01   5.758926e-07 
          3764   2.715708e-07   1.504194e-03   9.164755e-04   5.290970e-06   0.000000e+00   6.644544e-01   5.758099e-07 
          3765   2.711360e-07   1.504089e-03   9.159599e-04   5.286744e-06   0.000000e+00   6.641955e-01   5.757271e-07 
          3766   2.707895e-07   1.503989e-03   9.155280e-04   5.282852e-06   0.000000e+00   6.639400e-01   5.756445e-07 
          3767   2.697357e-07   1.503892e-03   9.151241e-04   5.278771e-06   0.000000e+00   6.636861e-01   5.755621e-07 
          3768   2.686617e-07   1.503797e-03   9.146894e-04   5.274763e-06   0.000000e+00   6.634331e-01   5.754798e-07 
          3769   2.676627e-07   1.503703e-03   9.144399e-04   5.270686e-06   0.000000e+00   6.631798e-01   5.753974e-07 
          3770   2.669418e-07   1.503605e-03   9.140417e-04   5.266596e-06   0.000000e+00   6.629233e-01   5.753147e-07 
     Iteration     Continuity     X-momentum     Y-momentum     Z-momentum         Energy            Tke            Sdr 
          3771   2.659818e-07   1.503511e-03   9.135658e-04   5.262492e-06   0.000000e+00   6.626695e-01   5.752323e-07 
          3772   2.654985e-07   1.503418e-03   9.131302e-04   5.258266e-06   0.000000e+00   6.624169e-01   5.751502e-07 
          3773   2.649053e-07   1.503326e-03   9.128581e-04   5.254119e-06   0.000000e+00   6.621651e-01   5.750683e-07 
          3774   2.644425e-07   1.503235e-03   9.124988e-04   5.249844e-06   0.000000e+00   6.619139e-01   5.749865e-07 
          3775   2.640830e-07   1.503145e-03   9.122392e-04   5.245665e-06   0.000000e+00   6.616630e-01   5.749047e-07 
          3776   2.640412e-07   1.503056e-03   9.120419e-04   5.241244e-06   0.000000e+00   6.614125e-01   5.748232e-07 
          3777   2.640758e-07   1.502967e-03   9.119426e-04   5.236973e-06   0.000000e+00   6.611622e-01   5.747417e-07 
          3778   2.643572e-07   1.502879e-03   9.118252e-04   5.232467e-06   0.000000e+00   6.609123e-01   5.746603e-07 
          3779   2.633740e-07   1.502792e-03   9.117240e-04   5.228177e-06   0.000000e+00   6.606625e-01   5.745789e-07 
          3780   2.623930e-07   1.502704e-03   9.114335e-04   5.223499e-06   0.000000e+00   6.604129e-01   5.744974e-07 
     Iteration     Continuity     X-momentum     Y-momentum     Z-momentum         Energy            Tke            Sdr 
          3781   2.616156e-07   1.502616e-03   9.112479e-04   5.219098e-06   0.000000e+00   6.601634e-01   5.744151e-07 
          3782   2.613249e-07   1.502529e-03   9.110501e-04   5.214536e-06   0.000000e+00   6.599141e-01   5.743329e-07 
          3783   2.612230e-07   1.502442e-03   9.110894e-04   5.210221e-06   0.000000e+00   6.596651e-01   5.742509e-07 
          3784   2.612176e-07   1.502355e-03   9.111003e-04   5.205691e-06   0.000000e+00   6.594161e-01   5.741691e-07 
          3785   2.612565e-07   1.502269e-03   9.112055e-04   5.201406e-06   0.000000e+00   6.591673e-01   5.740874e-07 
          3786   2.614165e-07   1.502183e-03   9.112712e-04   5.196967e-06   0.000000e+00   6.589187e-01   5.740057e-07 
          3787   2.614091e-07   1.502097e-03   9.114183e-04   5.192774e-06   0.000000e+00   6.586702e-01   5.739243e-07 
          3788   2.611802e-07   1.502012e-03   9.115782e-04   5.188320e-06   0.000000e+00   6.584218e-01   5.738428e-07 
          3789   2.606616e-07   1.501926e-03   9.117906e-04   5.183965e-06   0.000000e+00   6.581735e-01   5.737615e-07 
          3790   2.606907e-07   1.501840e-03   9.119500e-04   5.179616e-06   0.000000e+00   6.579247e-01   5.736802e-07 
     Iteration     Continuity     X-momentum     Y-momentum     Z-momentum         Energy            Tke            Sdr 
          3791   2.607146e-07   1.501755e-03   9.121626e-04   5.174998e-06   0.000000e+00   6.576759e-01   5.735989e-07 
          3792   2.609161e-07   1.501669e-03   9.124103e-04   5.170161e-06   0.000000e+00   6.574276e-01   5.735177e-07 
          3793   2.611292e-07   1.501584e-03   9.126207e-04   5.165577e-06   0.000000e+00   6.571795e-01   5.734367e-07 
          3794   2.613829e-07   1.501498e-03   9.128798e-04   5.161164e-06   0.000000e+00   6.569296e-01   5.733554e-07 
          3795   2.614710e-07   1.501397e-03   9.132165e-04   5.156801e-06   0.000000e+00   6.566739e-01   5.732740e-07 
          3796   2.614420e-07   1.501296e-03   9.134526e-04   5.152533e-06   0.000000e+00   6.564192e-01   5.731930e-07 
          3797   2.611765e-07   1.501200e-03   9.136147e-04   5.148168e-06   0.000000e+00   6.561670e-01   5.731121e-07 
          3798   2.610373e-07   1.501105e-03   9.135296e-04   5.143868e-06   0.000000e+00   6.559160e-01   5.730313e-07 
          3799   2.610171e-07   1.501013e-03   9.134858e-04   5.139558e-06   0.000000e+00   6.556658e-01   5.729506e-07 
          3800   2.607010e-07   1.500922e-03   9.134775e-04   5.135347e-06   0.000000e+00   6.554162e-01   5.728700e-07 
     Iteration     Continuity     X-momentum     Y-momentum     Z-momentum         Energy            Tke            Sdr 
          3801   2.601684e-07   1.500831e-03   9.136280e-04   5.130979e-06   0.000000e+00   6.551670e-01   5.727895e-07 
          3802   2.594418e-07   1.500742e-03   9.135691e-04   5.126747e-06   0.000000e+00   6.549181e-01   5.727090e-07 
          3803   2.587766e-07   1.500653e-03   9.136541e-04   5.122547e-06   0.000000e+00   6.546696e-01   5.726286e-07 
          3804   2.582967e-07   1.500565e-03   9.138015e-04   5.118270e-06   0.000000e+00   6.544214e-01   5.725483e-07 
          3805   2.580125e-07   1.500477e-03   9.140416e-04   5.114047e-06   0.000000e+00   6.541732e-01   5.724681e-07 
          3806   2.577732e-07   1.500375e-03   9.143125e-04   5.109768e-06   0.000000e+00   6.539184e-01   5.723879e-07 
          3807   2.576474e-07   1.500273e-03   9.143891e-04   5.105627e-06   0.000000e+00   6.536643e-01   5.723076e-07 
          3808   2.575607e-07   1.500176e-03   9.144197e-04   5.101298e-06   0.000000e+00   6.534127e-01   5.722275e-07 
          3809   2.574194e-07   1.500081e-03   9.145503e-04   5.097026e-06   0.000000e+00   6.531623e-01   5.721474e-07 
          3810   2.573943e-07   1.499987e-03   9.146057e-04   5.092881e-06   0.000000e+00   6.529126e-01   5.720674e-07 
     Iteration     Continuity     X-momentum     Y-momentum     Z-momentum         Energy            Tke            Sdr 
          3811   2.574233e-07   1.499895e-03   9.145984e-04   5.088594e-06   0.000000e+00   6.526635e-01   5.719874e-07 
          3812   2.572751e-07   1.499804e-03   9.147445e-04   5.084507e-06   0.000000e+00   6.524149e-01   5.719076e-07 
          3813   2.570923e-07   1.499714e-03   9.149968e-04   5.080279e-06   0.000000e+00   6.521667e-01   5.718278e-07 
          3814   2.571851e-07   1.499622e-03   9.152908e-04   5.076161e-06   0.000000e+00   6.519159e-01   5.717477e-07 
          3815   2.576902e-07   1.499530e-03   9.155465e-04   5.072062e-06   0.000000e+00   6.516662e-01   5.716677e-07 
          3816   2.579642e-07   1.499440e-03   9.158392e-04   5.067896e-06   0.000000e+00   6.514176e-01   5.715880e-07 
          3817   2.584446e-07   1.499351e-03   9.159884e-04   5.063780e-06   0.000000e+00   6.511696e-01   5.715083e-07 
          3818   2.588303e-07   1.499263e-03   9.162139e-04   5.059731e-06   0.000000e+00   6.509219e-01   5.714288e-07 
          3819   2.589436e-07   1.499169e-03   9.165170e-04   5.055593e-06   0.000000e+00   6.506702e-01   5.713489e-07 
          3820   2.592344e-07   1.499070e-03   9.168932e-04   5.051388e-06   0.000000e+00   6.504158e-01   5.712688e-07 
     Iteration     Continuity     X-momentum     Y-momentum     Z-momentum         Energy            Tke            Sdr 
          3821   2.595375e-07   1.498973e-03   9.173232e-04   5.047194e-06   0.000000e+00   6.501624e-01   5.711886e-07 
          3822   2.596875e-07   1.498868e-03   9.177910e-04   5.043141e-06   0.000000e+00   6.499035e-01   5.711080e-07 
          3823   2.596525e-07   1.498758e-03   9.181980e-04   5.038851e-06   0.000000e+00   6.496441e-01   5.710275e-07 
          3824   2.592206e-07   1.498655e-03   9.186804e-04   5.034772e-06   0.000000e+00   6.493894e-01   5.709475e-07 
          3825   2.587833e-07   1.498557e-03   9.190552e-04   5.030684e-06   0.000000e+00   6.491371e-01   5.708679e-07 
          3826   2.581594e-07   1.498460e-03   9.194411e-04   5.026648e-06   0.000000e+00   6.488864e-01   5.707883e-07 
          3827   2.570815e-07   1.498366e-03   9.198694e-04   5.022327e-06   0.000000e+00   6.486367e-01   5.707089e-07 
          3828   2.565293e-07   1.498273e-03   9.201693e-04   5.018302e-06   0.000000e+00   6.483877e-01   5.706296e-07 
          3829   2.560284e-07   1.498179e-03   9.204312e-04   5.014039e-06   0.000000e+00   6.481368e-01   5.705500e-07 
          3830   2.558808e-07   1.498085e-03   9.208496e-04   5.009938e-06   0.000000e+00   6.478868e-01   5.704706e-07 
     Iteration     Continuity     X-momentum     Y-momentum     Z-momentum         Energy            Tke            Sdr 
          3831   2.549480e-07   1.497992e-03   9.213815e-04   5.005774e-06   0.000000e+00   6.476371e-01   5.703912e-07 
          3832   2.536644e-07   1.497901e-03   9.218590e-04   5.001653e-06   0.000000e+00   6.473887e-01   5.703120e-07 
          3833   2.522588e-07   1.497811e-03   9.225081e-04   4.997629e-06   0.000000e+00   6.471411e-01   5.702329e-07 
          3834   2.516173e-07   1.497723e-03   9.230729e-04   4.993554e-06   0.000000e+00   6.468940e-01   5.701539e-07 
          3835   2.510654e-07   1.497634e-03   9.236685e-04   4.989481e-06   0.000000e+00   6.466473e-01   5.700750e-07 
          3836   2.506055e-07   1.497547e-03   9.243159e-04   4.985386e-06   0.000000e+00   6.464010e-01   5.699962e-07 
          3837   2.499481e-07   1.497460e-03   9.249461e-04   4.981310e-06   0.000000e+00   6.461549e-01   5.699174e-07 
          3838   2.497097e-07   1.497373e-03   9.256249e-04   4.977205e-06   0.000000e+00   6.459089e-01   5.698386e-07 
          3839   2.495192e-07   1.497285e-03   9.263261e-04   4.973103e-06   0.000000e+00   6.456610e-01   5.697596e-07 
          3840   2.498011e-07   1.497196e-03   9.270945e-04   4.968996e-06   0.000000e+00   6.454126e-01   5.696806e-07 
     Iteration     Continuity     X-momentum     Y-momentum     Z-momentum         Energy            Tke            Sdr 
          3841   2.503664e-07   1.497108e-03   9.277504e-04   4.964893e-06   0.000000e+00   6.451657e-01   5.696017e-07 
          3842   2.513645e-07   1.497021e-03   9.281708e-04   4.960799e-06   0.000000e+00   6.449196e-01   5.695231e-07 
          3843   2.521610e-07   1.496935e-03   9.287427e-04   4.956728e-06   0.000000e+00   6.446740e-01   5.694445e-07 
          3844   2.526600e-07   1.496850e-03   9.293107e-04   4.952722e-06   0.000000e+00   6.444283e-01   5.693659e-07 
          3845   2.528354e-07   1.496763e-03   9.298963e-04   4.948652e-06   0.000000e+00   6.441817e-01   5.692873e-07 
          3846   2.528977e-07   1.496675e-03   9.305171e-04   4.944527e-06   0.000000e+00   6.439339e-01   5.692084e-07 
          3847   2.530345e-07   1.496588e-03   9.311319e-04   4.940551e-06   0.000000e+00   6.436873e-01   5.691298e-07 
          3848   2.532968e-07   1.496500e-03   9.319241e-04   4.936526e-06   0.000000e+00   6.434400e-01   5.690511e-07 
          3849   2.535955e-07   1.496411e-03   9.325850e-04   4.932533e-06   0.000000e+00   6.431915e-01   5.689722e-07 
          3850   2.539755e-07   1.496324e-03   9.329107e-04   4.928539e-06   0.000000e+00   6.429449e-01   5.688937e-07 
     Iteration     Continuity     X-momentum     Y-momentum     Z-momentum         Energy            Tke            Sdr 
          3851   2.540384e-07   1.496238e-03   9.336364e-04   4.924523e-06   0.000000e+00   6.426992e-01   5.688152e-07 
          3852   2.543545e-07   1.496153e-03   9.344897e-04   4.920461e-06   0.000000e+00   6.424540e-01   5.687369e-07 
          3853   2.545252e-07   1.496068e-03   9.353827e-04   4.916459e-06   0.000000e+00   6.422092e-01   5.686587e-07 
          3854   2.536957e-07   1.495984e-03   9.362583e-04   4.912340e-06   0.000000e+00   6.419647e-01   5.685805e-07 
          3855   2.532242e-07   1.495901e-03   9.371685e-04   4.908327e-06   0.000000e+00   6.417205e-01   5.685024e-07 
          3856   2.528941e-07   1.495817e-03   9.381561e-04   4.904316e-06   0.000000e+00   6.414764e-01   5.684244e-07 
          3857   2.525028e-07   1.495732e-03   9.390725e-04   4.900232e-06   0.000000e+00   6.412320e-01   5.683448e-07 
          3858   2.521716e-07   1.495643e-03   9.399074e-04   4.896165e-06   0.000000e+00   6.409874e-01   5.682636e-07 
          3859   2.519284e-07   1.495556e-03   9.406863e-04   4.892159e-06   0.000000e+00   6.407430e-01   5.681830e-07 
          3860   2.516500e-07   1.495469e-03   9.415254e-04   4.888231e-06   0.000000e+00   6.404989e-01   5.681029e-07 
     Iteration     Continuity     X-momentum     Y-momentum     Z-momentum         Energy            Tke            Sdr 
          3861   2.511648e-07   1.495383e-03   9.422079e-04   4.884207e-06   0.000000e+00   6.402550e-01   5.680229e-07 
          3862   2.507896e-07   1.495297e-03   9.432582e-04   4.880207e-06   0.000000e+00   6.400112e-01   5.679433e-07 
          3863   2.505853e-07   1.495212e-03   9.443009e-04   4.876208e-06   0.000000e+00   6.397675e-01   5.678637e-07 
          3864   2.501009e-07   1.495127e-03   9.449462e-04   4.871754e-06   0.000000e+00   6.395240e-01   5.677843e-07 
          3865   2.489817e-07   1.495042e-03   9.460409e-04   4.867483e-06   0.000000e+00   6.392805e-01   5.677050e-07 
          3866   2.478936e-07   1.494957e-03   9.473183e-04   4.863366e-06   0.000000e+00   6.390372e-01   5.676259e-07 
          3867   2.469370e-07   1.494873e-03   9.488073e-04   4.859301e-06   0.000000e+00   6.387939e-01   5.675468e-07 
          3868   2.462396e-07   1.494789e-03   9.501713e-04   4.855235e-06   0.000000e+00   6.385508e-01   5.674678e-07 
          3869   2.459060e-07   1.494705e-03   9.512016e-04   4.851231e-06   0.000000e+00   6.383077e-01   5.673889e-07 
          3870   2.453797e-07   1.494621e-03   9.525092e-04   4.847069e-06   0.000000e+00   6.380647e-01   5.673101e-07 
     Iteration     Continuity     X-momentum     Y-momentum     Z-momentum         Energy            Tke            Sdr 
          3871   2.451970e-07   1.494537e-03   9.539821e-04   4.843020e-06   0.000000e+00   6.378218e-01   5.672314e-07 
          3872   2.448044e-07   1.494454e-03   9.555431e-04   4.839000e-06   0.000000e+00   6.375789e-01   5.671528e-07 
          3873   2.442976e-07   1.494370e-03   9.570277e-04   4.834932e-06   0.000000e+00   6.373362e-01   5.670742e-07 
          3874   2.440042e-07   1.494287e-03   9.586182e-04   4.830944e-06   0.000000e+00   6.370935e-01   5.669957e-07 
          3875   2.440446e-07   1.494203e-03   9.602015e-04   4.826989e-06   0.000000e+00   6.368509e-01   5.669173e-07 
          3876   2.442335e-07   1.494120e-03   9.618055e-04   4.823085e-06   0.000000e+00   6.366083e-01   5.668390e-07 
          3877   2.444664e-07   1.494037e-03   9.634297e-04   4.819019e-06   0.000000e+00   6.363658e-01   5.667607e-07 
          3878   2.446273e-07   1.493954e-03   9.650216e-04   4.815240e-06   0.000000e+00   6.361234e-01   5.666825e-07 
          3879   2.446068e-07   1.493871e-03   9.667686e-04   4.811216e-06   0.000000e+00   6.358811e-01   5.666044e-07 
          3880   2.446525e-07   1.493788e-03   9.684937e-04   4.807240e-06   0.000000e+00   6.356388e-01   5.665263e-07 
     Iteration     Continuity     X-momentum     Y-momentum     Z-momentum         Energy            Tke            Sdr 
          3881   2.451025e-07   1.493705e-03   9.702578e-04   4.803274e-06   0.000000e+00   6.353966e-01   5.664483e-07 
          3882   2.456138e-07   1.493622e-03   9.721632e-04   4.799414e-06   0.000000e+00   6.351544e-01   5.663704e-07 
          3883   2.460009e-07   1.493539e-03   9.740284e-04   4.795407e-06   0.000000e+00   6.349123e-01   5.662926e-07 
          3884   2.462645e-07   1.493457e-03   9.758495e-04   4.791417e-06   0.000000e+00   6.346703e-01   5.662148e-07 
          3885   2.467531e-07   1.493374e-03   9.776513e-04   4.787573e-06   0.000000e+00   6.344283e-01   5.661370e-07 
          3886   2.469712e-07   1.493291e-03   9.796421e-04   4.783698e-06   0.000000e+00   6.341864e-01   5.660594e-07 
          3887   2.475396e-07   1.493209e-03   9.817372e-04   4.779910e-06   0.000000e+00   6.339446e-01   5.659818e-07 
          3888   2.479324e-07   1.493126e-03   9.838100e-04   4.775796e-06   0.000000e+00   6.337028e-01   5.659043e-07 
          3889   2.478601e-07   1.493044e-03   9.856949e-04   4.771979e-06   0.000000e+00   6.334612e-01   5.658268e-07 
          3890   2.473755e-07   1.492961e-03   9.877010e-04   4.767931e-06   0.000000e+00   6.332196e-01   5.657495e-07 
     Iteration     Continuity     X-momentum     Y-momentum     Z-momentum         Energy            Tke            Sdr 
          3891   2.470005e-07   1.492879e-03   9.898016e-04   4.764159e-06   0.000000e+00   6.329780e-01   5.656721e-07 
          3892   2.460045e-07   1.492796e-03   9.919081e-04   4.760208e-06   0.000000e+00   6.327365e-01   5.655949e-07 
          3893   2.452073e-07   1.492714e-03   9.940902e-04   4.756488e-06   0.000000e+00   6.324951e-01   5.655176e-07 
          3894   2.446230e-07   1.492632e-03   9.963229e-04   4.752611e-06   0.000000e+00   6.322537e-01   5.654404e-07 
          3895   2.445439e-07   1.492549e-03   9.986256e-04   4.748746e-06   0.000000e+00   6.320123e-01   5.653633e-07 
          3896   2.445771e-07   1.492467e-03   1.000888e-03   4.744943e-06   0.000000e+00   6.317710e-01   5.652862e-07 
          3897   2.445507e-07   1.492384e-03   1.003183e-03   4.741132e-06   0.000000e+00   6.315297e-01   5.652092e-07 
          3898   2.446366e-07   1.492302e-03   1.005633e-03   4.737240e-06   0.000000e+00   6.312885e-01   5.651322e-07 
          3899   2.449151e-07   1.492220e-03   1.007981e-03   4.733471e-06   0.000000e+00   6.310474e-01   5.650553e-07 
          3900   2.451821e-07   1.492137e-03   1.010260e-03   4.729549e-06   0.000000e+00   6.308062e-01   5.649785e-07 
     Iteration     Continuity     X-momentum     Y-momentum     Z-momentum         Energy            Tke            Sdr 
          3901   2.453667e-07   1.492055e-03   1.012607e-03   4.725755e-06   0.000000e+00   6.305652e-01   5.649017e-07 
          3902   2.455348e-07   1.491973e-03   1.015020e-03   4.721780e-06   0.000000e+00   6.303242e-01   5.648250e-07 
          3903   2.457490e-07   1.491890e-03   1.017435e-03   4.717983e-06   0.000000e+00   6.300832e-01   5.647483e-07 
          3904   2.459933e-07   1.491808e-03   1.020003e-03   4.714037e-06   0.000000e+00   6.298423e-01   5.646717e-07 
          3905   2.462510e-07   1.491725e-03   1.022646e-03   4.710260e-06   0.000000e+00   6.296010e-01   5.645952e-07 
          3906   2.462657e-07   1.491642e-03   1.025368e-03   4.706368e-06   0.000000e+00   6.293599e-01   5.645187e-07 
          3907   2.459896e-07   1.491559e-03   1.028040e-03   4.702507e-06   0.000000e+00   6.291190e-01   5.644422e-07 
          3908   2.460645e-07   1.491477e-03   1.030746e-03   4.698706e-06   0.000000e+00   6.288781e-01   5.643659e-07 
          3909   2.461708e-07   1.491394e-03   1.033353e-03   4.694820e-06   0.000000e+00   6.286374e-01   5.642895e-07 
          3910   2.462061e-07   1.491312e-03   1.036074e-03   4.691009e-06   0.000000e+00   6.283967e-01   5.642133e-07 
     Iteration     Continuity     X-momentum     Y-momentum     Z-momentum         Energy            Tke            Sdr 
          3911   2.466501e-07   1.491226e-03   1.038787e-03   4.687162e-06   0.000000e+00   6.281535e-01   5.641367e-07 
          3912   2.469873e-07   1.491137e-03   1.041463e-03   4.683336e-06   0.000000e+00   6.279078e-01   5.640598e-07 
          3913   2.474056e-07   1.491050e-03   1.044221e-03   4.679406e-06   0.000000e+00   6.276644e-01   5.639832e-07 
          3914   2.477404e-07   1.490964e-03   1.047028e-03   4.675604e-06   0.000000e+00   6.274220e-01   5.639070e-07 
          3915   2.482302e-07   1.490879e-03   1.049958e-03   4.671638e-06   0.000000e+00   6.271802e-01   5.638307e-07 
          3916   2.483871e-07   1.490795e-03   1.052762e-03   4.667839e-06   0.000000e+00   6.269388e-01   5.637546e-07 
          3917   2.486634e-07   1.490710e-03   1.055678e-03   4.663968e-06   0.000000e+00   6.266976e-01   5.636785e-07 
          3918   2.490277e-07   1.490626e-03   1.058584e-03   4.660188e-06   0.000000e+00   6.264566e-01   5.636026e-07 
          3919   2.493100e-07   1.490542e-03   1.061296e-03   4.656282e-06   0.000000e+00   6.262158e-01   5.635266e-07 
          3920   2.491685e-07   1.490455e-03   1.064041e-03   4.652457e-06   0.000000e+00   6.259743e-01   5.634500e-07 
     Iteration     Continuity     X-momentum     Y-momentum     Z-momentum         Energy            Tke            Sdr 
          3921   2.491559e-07   1.490362e-03   1.066919e-03   4.648692e-06   0.000000e+00   6.257316e-01   5.633716e-07 
          3922   2.486900e-07   1.490270e-03   1.069834e-03   4.644847e-06   0.000000e+00   6.254894e-01   5.632938e-07 
          3923   2.483018e-07   1.490163e-03   1.072805e-03   4.641061e-06   0.000000e+00   6.252425e-01   5.632162e-07 
          3924   2.480804e-07   1.490061e-03   1.075905e-03   4.637230e-06   0.000000e+00   6.249975e-01   5.631389e-07 
          3925   2.476973e-07   1.489963e-03   1.078987e-03   4.633627e-06   0.000000e+00   6.247538e-01   5.630619e-07 
          3926   2.471724e-07   1.489866e-03   1.082404e-03   4.629823e-06   0.000000e+00   6.245106e-01   5.629851e-07 
          3927   2.465094e-07   1.489771e-03   1.085369e-03   4.626029e-06   0.000000e+00   6.242678e-01   5.629084e-07 
          3928   2.456535e-07   1.489664e-03   1.088251e-03   4.622252e-06   0.000000e+00   6.240220e-01   5.628308e-07 
          3929   2.452116e-07   1.489556e-03   1.090755e-03   4.618477e-06   0.000000e+00   6.237750e-01   5.627532e-07 
          3930   2.444846e-07   1.489443e-03   1.092973e-03   4.615010e-06   0.000000e+00   6.235244e-01   5.626756e-07 
     Iteration     Continuity     X-momentum     Y-momentum     Z-momentum         Energy            Tke            Sdr 
          3931   2.435643e-07   1.489336e-03   1.094601e-03   4.611467e-06   0.000000e+00   6.232772e-01   5.625984e-07 
          3932   2.428050e-07   1.489232e-03   1.096225e-03   4.607892e-06   0.000000e+00   6.230318e-01   5.625217e-07 
          3933   2.426377e-07   1.489130e-03   1.097689e-03   4.604115e-06   0.000000e+00   6.227873e-01   5.624451e-07 
          3934   2.426381e-07   1.489030e-03   1.098921e-03   4.600235e-06   0.000000e+00   6.225436e-01   5.623686e-07 
          3935   2.429273e-07   1.488931e-03   1.100274e-03   4.596376e-06   0.000000e+00   6.223005e-01   5.622924e-07 
          3936   2.432758e-07   1.488833e-03   1.101620e-03   4.592535e-06   0.000000e+00   6.220578e-01   5.622163e-07 
          3937   2.437117e-07   1.488736e-03   1.102872e-03   4.588877e-06   0.000000e+00   6.218155e-01   5.621403e-07 
          3938   2.439765e-07   1.488640e-03   1.104064e-03   4.585144e-06   0.000000e+00   6.215735e-01   5.620645e-07 
          3939   2.444644e-07   1.488544e-03   1.105142e-03   4.581443e-06   0.000000e+00   6.213318e-01   5.619888e-07 
          3940   2.439585e-07   1.488449e-03   1.106110e-03   4.577552e-06   0.000000e+00   6.210903e-01   5.619131e-07 
     Iteration     Continuity     X-momentum     Y-momentum     Z-momentum         Energy            Tke            Sdr 
          3941   2.436651e-07   1.488355e-03   1.107011e-03   4.573870e-06   0.000000e+00   6.208491e-01   5.618376e-07 
          3942   2.434597e-07   1.488262e-03   1.108128e-03   4.570065e-06   0.000000e+00   6.206080e-01   5.617621e-07 
          3943   2.436061e-07   1.488155e-03   1.109360e-03   4.566304e-06   0.000000e+00   6.203604e-01   5.616866e-07 
          3944   2.438616e-07   1.488051e-03   1.110375e-03   4.562622e-06   0.000000e+00   6.201145e-01   5.616112e-07 
          3945   2.441181e-07   1.487950e-03   1.111377e-03   4.558806e-06   0.000000e+00   6.198706e-01   5.615359e-07 
          3946   2.443092e-07   1.487851e-03   1.112074e-03   4.554980e-06   0.000000e+00   6.196277e-01   5.614608e-07 
          3947   2.446603e-07   1.487754e-03   1.112831e-03   4.550923e-06   0.000000e+00   6.193854e-01   5.613857e-07 
          3948   2.449425e-07   1.487657e-03   1.113763e-03   4.547081e-06   0.000000e+00   6.191437e-01   5.613108e-07 
          3949   2.455861e-07   1.487562e-03   1.114864e-03   4.543352e-06   0.000000e+00   6.189024e-01   5.612359e-07 
          3950   2.459569e-07   1.487467e-03   1.116012e-03   4.539918e-06   0.000000e+00   6.186614e-01   5.611612e-07 
     Iteration     Continuity     X-momentum     Y-momentum     Z-momentum         Energy            Tke            Sdr 
          3951   2.462108e-07   1.487373e-03   1.116905e-03   4.536196e-06   0.000000e+00   6.184207e-01   5.610864e-07 
          3952   2.462795e-07   1.487280e-03   1.117838e-03   4.532446e-06   0.000000e+00   6.181803e-01   5.610119e-07 
          3953   2.456238e-07   1.487187e-03   1.119013e-03   4.528635e-06   0.000000e+00   6.179402e-01   5.609373e-07 
          3954   2.439761e-07   1.487095e-03   1.120159e-03   4.524919e-06   0.000000e+00   6.177002e-01   5.608628e-07 
          3955   2.426970e-07   1.487003e-03   1.121335e-03   4.521273e-06   0.000000e+00   6.174605e-01   5.607884e-07 
          3956   2.414455e-07   1.486912e-03   1.122523e-03   4.517521e-06   0.000000e+00   6.172210e-01   5.607141e-07 
          3957   2.407753e-07   1.486821e-03   1.123566e-03   4.513842e-06   0.000000e+00   6.169816e-01   5.606399e-07 
          3958   2.401828e-07   1.486731e-03   1.124593e-03   4.510245e-06   0.000000e+00   6.167424e-01   5.605657e-07 
          3959   2.397714e-07   1.486640e-03   1.125756e-03   4.506695e-06   0.000000e+00   6.165033e-01   5.604916e-07 
          3960   2.390781e-07   1.486550e-03   1.126897e-03   4.503079e-06   0.000000e+00   6.162644e-01   5.604175e-07 
     Iteration     Continuity     X-momentum     Y-momentum     Z-momentum         Energy            Tke            Sdr 
          3961   2.385959e-07   1.486461e-03   1.128054e-03   4.499539e-06   0.000000e+00   6.160257e-01   5.603436e-07 
          3962   2.383817e-07   1.486371e-03   1.129303e-03   4.495843e-06   0.000000e+00   6.157870e-01   5.602697e-07 
          3963   2.382888e-07   1.486270e-03   1.130575e-03   4.492250e-06   0.000000e+00   6.155413e-01   5.601952e-07 
          3964   2.380119e-07   1.486171e-03   1.131836e-03   4.488539e-06   0.000000e+00   6.152982e-01   5.601202e-07 
          3965   2.378903e-07   1.486074e-03   1.133060e-03   4.484980e-06   0.000000e+00   6.150568e-01   5.600455e-07 
          3966   2.376251e-07   1.485980e-03   1.134411e-03   4.481299e-06   0.000000e+00   6.148164e-01   5.599710e-07 
          3967   2.375263e-07   1.485886e-03   1.135766e-03   4.477734e-06   0.000000e+00   6.145765e-01   5.598965e-07 
          3968   2.370209e-07   1.485793e-03   1.137189e-03   4.474219e-06   0.000000e+00   6.143371e-01   5.598222e-07 
          3969   2.369076e-07   1.485702e-03   1.138746e-03   4.470913e-06   0.000000e+00   6.140980e-01   5.597480e-07 
          3970   2.367080e-07   1.485610e-03   1.140204e-03   4.467107e-06   0.000000e+00   6.138592e-01   5.596738e-07 
     Iteration     Continuity     X-momentum     Y-momentum     Z-momentum         Energy            Tke            Sdr 
          3971   2.367932e-07   1.485519e-03   1.141606e-03   4.463627e-06   0.000000e+00   6.136206e-01   5.595998e-07 
          3972   2.365950e-07   1.485429e-03   1.143006e-03   4.459860e-06   0.000000e+00   6.133823e-01   5.595258e-07 
          3973   2.370395e-07   1.485339e-03   1.144413e-03   4.456422e-06   0.000000e+00   6.131441e-01   5.594518e-07 
          3974   2.375566e-07   1.485249e-03   1.145830e-03   4.452756e-06   0.000000e+00   6.129061e-01   5.593780e-07 
          3975   2.384461e-07   1.485160e-03   1.147276e-03   4.449328e-06   0.000000e+00   6.126683e-01   5.593042e-07 
          3976   2.391195e-07   1.485071e-03   1.148977e-03   4.445701e-06   0.000000e+00   6.124307e-01   5.592305e-07 
          3977   2.394741e-07   1.484982e-03   1.150456e-03   4.442199e-06   0.000000e+00   6.121932e-01   5.591568e-07 
          3978   2.397452e-07   1.484893e-03   1.151816e-03   4.438627e-06   0.000000e+00   6.119558e-01   5.590832e-07 
          3979   2.398059e-07   1.484805e-03   1.153095e-03   4.435132e-06   0.000000e+00   6.117186e-01   5.590097e-07 
          3980   2.400803e-07   1.484717e-03   1.154529e-03   4.431637e-06   0.000000e+00   6.114814e-01   5.589362e-07 
     Iteration     Continuity     X-momentum     Y-momentum     Z-momentum         Energy            Tke            Sdr 
          3981   2.401122e-07   1.484629e-03   1.156058e-03   4.428170e-06   0.000000e+00   6.112444e-01   5.588627e-07 
          3982   2.402109e-07   1.484541e-03   1.157529e-03   4.424660e-06   0.000000e+00   6.110075e-01   5.587894e-07 
          3983   2.398489e-07   1.484453e-03   1.159031e-03   4.421156e-06   0.000000e+00   6.107706e-01   5.587161e-07 
          3984   2.386458e-07   1.484366e-03   1.160562e-03   4.417622e-06   0.000000e+00   6.105336e-01   5.586428e-07 
          3985   2.374122e-07   1.484277e-03   1.161944e-03   4.414109e-06   0.000000e+00   6.102966e-01   5.585692e-07 
          3986   2.366823e-07   1.484185e-03   1.163363e-03   4.410551e-06   0.000000e+00   6.100592e-01   5.584929e-07 
          3987   2.358399e-07   1.484093e-03   1.164804e-03   4.407053e-06   0.000000e+00   6.098221e-01   5.584171e-07 
          3988   2.353093e-07   1.484002e-03   1.166282e-03   4.403541e-06   0.000000e+00   6.095851e-01   5.583418e-07 
          3989   2.347086e-07   1.483909e-03   1.167919e-03   4.400069e-06   0.000000e+00   6.093464e-01   5.582666e-07 
          3990   2.345150e-07   1.483810e-03   1.169566e-03   4.396479e-06   0.000000e+00   6.091025e-01   5.581909e-07 
     Iteration     Continuity     X-momentum     Y-momentum     Z-momentum         Energy            Tke            Sdr 
          3991   2.340873e-07   1.483706e-03   1.171190e-03   4.392920e-06   0.000000e+00   6.088570e-01   5.581153e-07 
          3992   2.341339e-07   1.483607e-03   1.172915e-03   4.389398e-06   0.000000e+00   6.086152e-01   5.580402e-07 
          3993   2.342763e-07   1.483510e-03   1.173828e-03   4.385943e-06   0.000000e+00   6.083751e-01   5.579654e-07 
          3994   2.347551e-07   1.483415e-03   1.174087e-03   4.382379e-06   0.000000e+00   6.081360e-01   5.578909e-07 
          3995   2.349734e-07   1.483321e-03   1.174141e-03   4.378896e-06   0.000000e+00   6.078976e-01   5.578164e-07 
          3996   2.352394e-07   1.483228e-03   1.174133e-03   4.375422e-06   0.000000e+00   6.076597e-01   5.577422e-07 
          3997   2.354046e-07   1.483136e-03   1.174048e-03   4.371791e-06   0.000000e+00   6.074222e-01   5.576681e-07 
          3998   2.358409e-07   1.483044e-03   1.173974e-03   4.368394e-06   0.000000e+00   6.071850e-01   5.575941e-07 
          3999   2.361024e-07   1.482953e-03   1.173857e-03   4.364756e-06   0.000000e+00   6.069480e-01   5.575202e-07 
          4000   2.365562e-07   1.482862e-03   1.173730e-03   4.361203e-06   0.000000e+00   6.067113e-01   5.574464e-07 
     Iteration     Continuity     X-momentum     Y-momentum     Z-momentum         Energy            Tke            Sdr 
          4001   2.368657e-07   1.482771e-03   1.173716e-03   4.357850e-06   0.000000e+00   6.064748e-01   5.573728e-07 
          4002   2.372304e-07   1.482681e-03   1.173632e-03   4.354344e-06   0.000000e+00   6.062385e-01   5.572991e-07 
          4003   2.374810e-07   1.482591e-03   1.173491e-03   4.350999e-06   0.000000e+00   6.060024e-01   5.572257e-07 
          4004   2.376502e-07   1.482501e-03   1.173321e-03   4.347438e-06   0.000000e+00   6.057664e-01   5.571522e-07 
          4005   2.377637e-07   1.482412e-03   1.173250e-03   4.344146e-06   0.000000e+00   6.055306e-01   5.570789e-07 
          4006   2.380725e-07   1.482323e-03   1.173175e-03   4.340595e-06   0.000000e+00   6.052949e-01   5.570057e-07 
          4007   2.377643e-07   1.482234e-03   1.173127e-03   4.337280e-06   0.000000e+00   6.050593e-01   5.569325e-07 
          4008   2.377026e-07   1.482145e-03   1.173070e-03   4.333658e-06   0.000000e+00   6.048238e-01   5.568594e-07 
          4009   2.378813e-07   1.482056e-03   1.173099e-03   4.330355e-06   0.000000e+00   6.045885e-01   5.567865e-07 
          4010   2.383607e-07   1.481968e-03   1.173076e-03   4.326775e-06   0.000000e+00   6.043533e-01   5.567135e-07 
     Iteration     Continuity     X-momentum     Y-momentum     Z-momentum         Energy            Tke            Sdr 
          4011   2.388185e-07   1.481879e-03   1.173122e-03   4.323450e-06   0.000000e+00   6.041182e-01   5.566407e-07 
          4012   2.395422e-07   1.481791e-03   1.173139e-03   4.319950e-06   0.000000e+00   6.038832e-01   5.565679e-07 
          4013   2.401657e-07   1.481703e-03   1.173245e-03   4.316501e-06   0.000000e+00   6.036482e-01   5.564952e-07 
          4014   2.408735e-07   1.481615e-03   1.173410e-03   4.313121e-06   0.000000e+00   6.034134e-01   5.564226e-07 
          4015   2.414998e-07   1.481527e-03   1.173374e-03   4.309694e-06   0.000000e+00   6.031787e-01   5.563501e-07 
          4016   2.421087e-07   1.481440e-03   1.173390e-03   4.306167e-06   0.000000e+00   6.029441e-01   5.562776e-07 
          4017   2.426721e-07   1.481352e-03   1.173463e-03   4.302667e-06   0.000000e+00   6.027095e-01   5.562052e-07 
          4018   2.430606e-07   1.481264e-03   1.173454e-03   4.299352e-06   0.000000e+00   6.024744e-01   5.561329e-07 
          4019   2.431732e-07   1.481165e-03   1.173644e-03   4.295926e-06   0.000000e+00   6.022355e-01   5.560606e-07 
          4020   2.432822e-07   1.481049e-03   1.173986e-03   4.292474e-06   0.000000e+00   6.019898e-01   5.559882e-07 
     Iteration     Continuity     X-momentum     Y-momentum     Z-momentum         Energy            Tke            Sdr 
          4021   2.428817e-07   1.480939e-03   1.174224e-03   4.289134e-06   0.000000e+00   6.017477e-01   5.559160e-07 
          4022   2.423561e-07   1.480835e-03   1.174441e-03   4.285806e-06   0.000000e+00   6.015079e-01   5.558439e-07 
          4023   2.417261e-07   1.480733e-03   1.174787e-03   4.282382e-06   0.000000e+00   6.012693e-01   5.557719e-07 
          4024   2.412652e-07   1.480633e-03   1.175144e-03   4.278938e-06   0.000000e+00   6.010315e-01   5.556999e-07 
          4025   2.404692e-07   1.480535e-03   1.175554e-03   4.275540e-06   0.000000e+00   6.007943e-01   5.556281e-07 
          4026   2.399251e-07   1.480437e-03   1.176759e-03   4.271884e-06   0.000000e+00   6.005576e-01   5.555563e-07 
          4027   2.393317e-07   1.480341e-03   1.176432e-03   4.268114e-06   0.000000e+00   6.003213e-01   5.554846e-07 
          4028   2.383972e-07   1.480246e-03   1.176835e-03   4.264625e-06   0.000000e+00   6.000854e-01   5.554129e-07 
          4029   2.375912e-07   1.480151e-03   1.175723e-03   4.261088e-06   0.000000e+00   5.998497e-01   5.553413e-07 
          4030   2.366191e-07   1.480057e-03   1.175479e-03   4.257677e-06   0.000000e+00   5.996144e-01   5.552698e-07 
     Iteration     Continuity     X-momentum     Y-momentum     Z-momentum         Energy            Tke            Sdr 
          4031   2.361762e-07   1.479963e-03   1.175725e-03   4.254366e-06   0.000000e+00   5.993793e-01   5.551984e-07 
          4032   2.361510e-07   1.479870e-03   1.176196e-03   4.250969e-06   0.000000e+00   5.991444e-01   5.551270e-07 
          4033   2.360406e-07   1.479778e-03   1.176727e-03   4.247693e-06   0.000000e+00   5.989097e-01   5.550557e-07 
          4034   2.359567e-07   1.479686e-03   1.177193e-03   4.244378e-06   0.000000e+00   5.986752e-01   5.549844e-07 
          4035   2.361761e-07   1.479594e-03   1.177891e-03   4.241255e-06   0.000000e+00   5.984409e-01   5.549132e-07 
          4036   2.363308e-07   1.479503e-03   1.178432e-03   4.237798e-06   0.000000e+00   5.982067e-01   5.548421e-07 
          4037   2.283144e-07   1.479412e-03   1.178964e-03   4.234407e-06   0.000000e+00   5.979728e-01   5.547710e-07 
          4038   2.195001e-07   1.479321e-03   1.179467e-03   4.230596e-06   0.000000e+00   5.977390e-01   5.547000e-07 
          4039   2.150292e-07   1.479231e-03   1.179935e-03   4.226940e-06   0.000000e+00   5.975053e-01   5.546291e-07 
          4040   2.126075e-07   1.479140e-03   1.180552e-03   4.223413e-06   0.000000e+00   5.972717e-01   5.545582e-07 
     Iteration     Continuity     X-momentum     Y-momentum     Z-momentum         Energy            Tke            Sdr 
          4041   2.113680e-07   1.479051e-03   1.181031e-03   4.220097e-06   0.000000e+00   5.970384e-01   5.544874e-07 
          4042   2.111334e-07   1.478961e-03   1.181473e-03   4.216812e-06   0.000000e+00   5.968051e-01   5.544166e-07 
          4043   2.111402e-07   1.478871e-03   1.182055e-03   4.213624e-06   0.000000e+00   5.965719e-01   5.543459e-07 
          4044   2.114996e-07   1.478781e-03   1.182770e-03   4.210281e-06   0.000000e+00   5.963382e-01   5.542753e-07 
          4045   2.115600e-07   1.478676e-03   1.183502e-03   4.206942e-06   0.000000e+00   5.960990e-01   5.542047e-07 
          4046   2.115954e-07   1.478576e-03   1.184008e-03   4.203702e-06   0.000000e+00   5.958621e-01   5.541342e-07 
          4047   2.107920e-07   1.478478e-03   1.184657e-03   4.200319e-06   0.000000e+00   5.956266e-01   5.540638e-07 
          4048   2.103845e-07   1.478382e-03   1.185090e-03   4.196897e-06   0.000000e+00   5.953917e-01   5.539934e-07 
          4049   2.098225e-07   1.478285e-03   1.185601e-03   4.193561e-06   0.000000e+00   5.951552e-01   5.539228e-07 
          4050   2.095580e-07   1.478185e-03   1.186125e-03   4.190195e-06   0.000000e+00   5.949171e-01   5.538520e-07 
     Iteration     Continuity     X-momentum     Y-momentum     Z-momentum         Energy            Tke            Sdr 
          4051   2.089701e-07   1.478089e-03   1.186688e-03   4.186932e-06   0.000000e+00   5.946811e-01   5.537815e-07 
          4052   2.087077e-07   1.477993e-03   1.187223e-03   4.183679e-06   0.000000e+00   5.944461e-01   5.537111e-07 
          4053   2.083848e-07   1.477899e-03   1.187908e-03   4.180378e-06   0.000000e+00   5.942118e-01   5.536409e-07 
          4054   2.104314e-07   1.477806e-03   1.188343e-03   4.177116e-06   0.000000e+00   5.939779e-01   5.535708e-07 
          4055   2.138491e-07   1.477713e-03   1.188750e-03   4.173744e-06   0.000000e+00   5.937444e-01   5.535007e-07 
          4056   2.165638e-07   1.477621e-03   1.189222e-03   4.170505e-06   0.000000e+00   5.935112e-01   5.534308e-07 
          4057   2.188119e-07   1.477529e-03   1.189841e-03   4.167252e-06   0.000000e+00   5.932782e-01   5.533608e-07 
          4058   2.208238e-07   1.477438e-03   1.190446e-03   4.164030e-06   0.000000e+00   5.930455e-01   5.532910e-07 
          4059   2.228542e-07   1.477347e-03   1.190898e-03   4.160800e-06   0.000000e+00   5.928129e-01   5.532212e-07 
          4060   2.243331e-07   1.477256e-03   1.191381e-03   4.157672e-06   0.000000e+00   5.925806e-01   5.531515e-07 
     Iteration     Continuity     X-momentum     Y-momentum     Z-momentum         Energy            Tke            Sdr 
          4061   2.253706e-07   1.477166e-03   1.191929e-03   4.154430e-06   0.000000e+00   5.923482e-01   5.530818e-07 
          4062   2.265401e-07   1.477075e-03   1.192479e-03   4.151189e-06   0.000000e+00   5.921157e-01   5.530122e-07 
          4063   2.275845e-07   1.476985e-03   1.193109e-03   4.147889e-06   0.000000e+00   5.918836e-01   5.529427e-07 
          4064   2.289012e-07   1.476892e-03   1.193604e-03   4.144540e-06   0.000000e+00   5.916495e-01   5.528729e-07 
          4065   2.298246e-07   1.476794e-03   1.193877e-03   4.141191e-06   0.000000e+00   5.914121e-01   5.528028e-07 
          4066   2.304798e-07   1.476699e-03   1.193719e-03   4.138123e-06   0.000000e+00   5.911772e-01   5.527331e-07 
          4067   2.309418e-07   1.476606e-03   1.193616e-03   4.134891e-06   0.000000e+00   5.909436e-01   5.526635e-07 
          4068   2.315168e-07   1.476513e-03   1.193419e-03   4.131845e-06   0.000000e+00   5.907106e-01   5.525941e-07 
          4069   2.317623e-07   1.476422e-03   1.193296e-03   4.128671e-06   0.000000e+00   5.904782e-01   5.525247e-07 
          4070   2.321736e-07   1.476331e-03   1.193108e-03   4.125442e-06   0.000000e+00   5.902461e-01   5.524554e-07 
     Iteration     Continuity     X-momentum     Y-momentum     Z-momentum         Energy            Tke            Sdr 
          4071   2.322760e-07   1.476240e-03   1.192863e-03   4.122229e-06   0.000000e+00   5.900143e-01   5.523862e-07 
          4072   2.323526e-07   1.476151e-03   1.192595e-03   4.119162e-06   0.000000e+00   5.897827e-01   5.523171e-07 
          4073   2.323626e-07   1.476061e-03   1.192292e-03   4.115975e-06   0.000000e+00   5.895513e-01   5.522480e-07 
          4074   2.325947e-07   1.475972e-03   1.191910e-03   4.112848e-06   0.000000e+00   5.893202e-01   5.521789e-07 
          4075   2.323126e-07   1.475883e-03   1.191615e-03   4.109716e-06   0.000000e+00   5.890892e-01   5.521100e-07 
          4076   2.323939e-07   1.475794e-03   1.191256e-03   4.106657e-06   0.000000e+00   5.888584e-01   5.520411e-07 
          4077   2.321632e-07   1.475705e-03   1.190843e-03   4.103439e-06   0.000000e+00   5.886277e-01   5.519722e-07 
          4078   2.321807e-07   1.475617e-03   1.190276e-03   4.100274e-06   0.000000e+00   5.883971e-01   5.519035e-07 
          4079   2.320934e-07   1.475529e-03   1.189737e-03   4.097043e-06   0.000000e+00   5.881667e-01   5.518347e-07 
          4080   2.320725e-07   1.475441e-03   1.189161e-03   4.093882e-06   0.000000e+00   5.879364e-01   5.517660e-07 
     Iteration     Continuity     X-momentum     Y-momentum     Z-momentum         Energy            Tke            Sdr 
          4081   2.318645e-07   1.475352e-03   1.188675e-03   4.090838e-06   0.000000e+00   5.877059e-01   5.516970e-07 
          4082   2.318592e-07   1.475254e-03   1.188054e-03   4.087723e-06   0.000000e+00   5.874739e-01   5.516255e-07 
          4083   2.314388e-07   1.475159e-03   1.187225e-03   4.084650e-06   0.000000e+00   5.872424e-01   5.515548e-07 
          4084   2.314905e-07   1.475065e-03   1.186246e-03   4.081588e-06   0.000000e+00   5.870112e-01   5.514846e-07 
          4085   2.312952e-07   1.474972e-03   1.185356e-03   4.078315e-06   0.000000e+00   5.867803e-01   5.514147e-07 
          4086   2.315033e-07   1.474879e-03   1.184404e-03   4.075042e-06   0.000000e+00   5.865496e-01   5.513450e-07 
          4087   2.313121e-07   1.474787e-03   1.183688e-03   4.072055e-06   0.000000e+00   5.863191e-01   5.512754e-07 
          4088   2.312539e-07   1.474695e-03   1.182906e-03   4.068906e-06   0.000000e+00   5.860887e-01   5.512061e-07 
          4089   2.312444e-07   1.474604e-03   1.182120e-03   4.065737e-06   0.000000e+00   5.858586e-01   5.511367e-07 
          4090   2.311021e-07   1.474513e-03   1.180890e-03   4.062615e-06   0.000000e+00   5.856285e-01   5.510676e-07 
     Iteration     Continuity     X-momentum     Y-momentum     Z-momentum         Energy            Tke            Sdr 
          4091   2.308924e-07   1.474422e-03   1.179680e-03   4.059502e-06   0.000000e+00   5.853986e-01   5.509985e-07 
          4092   2.308124e-07   1.474331e-03   1.178556e-03   4.056363e-06   0.000000e+00   5.851688e-01   5.509295e-07 
          4093   2.305458e-07   1.474241e-03   1.177426e-03   4.053275e-06   0.000000e+00   5.849390e-01   5.508607e-07 
          4094   2.305283e-07   1.474147e-03   1.176210e-03   4.050226e-06   0.000000e+00   5.847063e-01   5.507914e-07 
          4095   2.301429e-07   1.474053e-03   1.174919e-03   4.047178e-06   0.000000e+00   5.844738e-01   5.507223e-07 
          4096   2.301418e-07   1.473960e-03   1.173627e-03   4.044189e-06   0.000000e+00   5.842426e-01   5.506534e-07 
          4097   2.299955e-07   1.473868e-03   1.172366e-03   4.041071e-06   0.000000e+00   5.840121e-01   5.505847e-07 
          4098   2.295913e-07   1.473777e-03   1.171039e-03   4.037977e-06   0.000000e+00   5.837820e-01   5.505161e-07 
          4099   2.295017e-07   1.473685e-03   1.169527e-03   4.034950e-06   0.000000e+00   5.835519e-01   5.504475e-07 
          4100   2.294389e-07   1.473594e-03   1.167836e-03   4.031825e-06   0.000000e+00   5.833219e-01   5.503788e-07 
     Iteration     Continuity     X-momentum     Y-momentum     Z-momentum         Energy            Tke            Sdr 
          4101   2.292749e-07   1.473502e-03   1.166088e-03   4.028682e-06   0.000000e+00   5.830916e-01   5.503103e-07 
          4102   2.290771e-07   1.473398e-03   1.164306e-03   4.025590e-06   0.000000e+00   5.828554e-01   5.502417e-07 
          4103   2.291080e-07   1.473299e-03   1.162513e-03   4.022546e-06   0.000000e+00   5.826220e-01   5.501733e-07 
          4104   2.292068e-07   1.473202e-03   1.160732e-03   4.019454e-06   0.000000e+00   5.823902e-01   5.501050e-07 
          4105   2.290817e-07   1.473106e-03   1.158910e-03   4.016421e-06   0.000000e+00   5.821591e-01   5.500369e-07 
          4106   2.292432e-07   1.473012e-03   1.157093e-03   4.013317e-06   0.000000e+00   5.819287e-01   5.499688e-07 
          4107   2.290006e-07   1.472918e-03   1.155390e-03   4.010273e-06   0.000000e+00   5.816986e-01   5.499008e-07 
          4108   2.285937e-07   1.472825e-03   1.153663e-03   4.007182e-06   0.000000e+00   5.814688e-01   5.498328e-07 
          4109   2.281387e-07   1.472733e-03   1.151927e-03   4.004218e-06   0.000000e+00   5.812394e-01   5.497650e-07 
          4110   2.280353e-07   1.472641e-03   1.150139e-03   4.001110e-06   0.000000e+00   5.810101e-01   5.496972e-07 
     Iteration     Continuity     X-momentum     Y-momentum     Z-momentum         Energy            Tke            Sdr 
          4111   2.275093e-07   1.472546e-03   1.148492e-03   3.998045e-06   0.000000e+00   5.807806e-01   5.496273e-07 
          4112   2.273132e-07   1.472451e-03   1.146803e-03   3.994925e-06   0.000000e+00   5.805512e-01   5.495571e-07 
          4113   2.275812e-07   1.472356e-03   1.144934e-03   3.991811e-06   0.000000e+00   5.803220e-01   5.494873e-07 
          4114   2.277925e-07   1.472255e-03   1.143277e-03   3.988858e-06   0.000000e+00   5.800911e-01   5.494169e-07 
          4115   2.279224e-07   1.472151e-03   1.141700e-03   3.985761e-06   0.000000e+00   5.798597e-01   5.493462e-07 
          4116   2.278234e-07   1.472049e-03   1.140197e-03   3.982767e-06   0.000000e+00   5.796292e-01   5.492762e-07 
          4117   2.283272e-07   1.471949e-03   1.138785e-03   3.979872e-06   0.000000e+00   5.793992e-01   5.492065e-07 
          4118   2.288697e-07   1.471850e-03   1.137329e-03   3.976855e-06   0.000000e+00   5.791695e-01   5.491371e-07 
          4119   2.296084e-07   1.471752e-03   1.135816e-03   3.973828e-06   0.000000e+00   5.789402e-01   5.490678e-07 
          4120   2.304382e-07   1.471655e-03   1.134264e-03   3.970718e-06   0.000000e+00   5.787111e-01   5.489987e-07 
     Iteration     Continuity     X-momentum     Y-momentum     Z-momentum         Energy            Tke            Sdr 
          4121   2.307475e-07   1.471559e-03   1.132704e-03   3.967672e-06   0.000000e+00   5.784822e-01   5.489299e-07 
          4122   2.316099e-07   1.471463e-03   1.131109e-03   3.964531e-06   0.000000e+00   5.782535e-01   5.488611e-07 
          4123   2.319951e-07   1.471367e-03   1.129531e-03   3.961629e-06   0.000000e+00   5.780250e-01   5.487925e-07 
          4124   2.327128e-07   1.471272e-03   1.127919e-03   3.958625e-06   0.000000e+00   5.777967e-01   5.487240e-07 
          4125   2.328612e-07   1.471177e-03   1.126372e-03   3.955655e-06   0.000000e+00   5.775685e-01   5.486557e-07 
          4126   2.329992e-07   1.471082e-03   1.124829e-03   3.952753e-06   0.000000e+00   5.773405e-01   5.485874e-07 
          4127   2.329234e-07   1.470987e-03   1.123321e-03   3.949747e-06   0.000000e+00   5.771119e-01   5.485192e-07 
          4128   2.328964e-07   1.470871e-03   1.121729e-03   3.946660e-06   0.000000e+00   5.768752e-01   5.484503e-07 
          4129   2.331025e-07   1.470755e-03   1.119968e-03   3.943636e-06   0.000000e+00   5.766383e-01   5.483814e-07 
          4130   2.332278e-07   1.470642e-03   1.118125e-03   3.940597e-06   0.000000e+00   5.764016e-01   5.483126e-07 
     Iteration     Continuity     X-momentum     Y-momentum     Z-momentum         Energy            Tke            Sdr 
          4131   2.333903e-07   1.470533e-03   1.116223e-03   3.937516e-06   0.000000e+00   5.761680e-01   5.482441e-07 
          4132   2.334947e-07   1.470427e-03   1.114194e-03   3.934584e-06   0.000000e+00   5.759361e-01   5.481760e-07 
          4133   2.335821e-07   1.470323e-03   1.112152e-03   3.931563e-06   0.000000e+00   5.757052e-01   5.481081e-07 
          4134   2.335738e-07   1.470220e-03   1.110072e-03   3.928277e-06   0.000000e+00   5.754750e-01   5.480403e-07 
          4135   2.338727e-07   1.470119e-03   1.107901e-03   3.924882e-06   0.000000e+00   5.752454e-01   5.479727e-07 
          4136   2.339927e-07   1.470018e-03   1.105890e-03   3.921701e-06   0.000000e+00   5.750162e-01   5.479052e-07 
          4137   2.340204e-07   1.469919e-03   1.104021e-03   3.918504e-06   0.000000e+00   5.747875e-01   5.478378e-07 
          4138   2.340938e-07   1.469820e-03   1.101959e-03   3.915543e-06   0.000000e+00   5.745591e-01   5.477706e-07 
          4139   2.345184e-07   1.469722e-03   1.099938e-03   3.912829e-06   0.000000e+00   5.743310e-01   5.477035e-07 
          4140   2.349115e-07   1.469625e-03   1.097973e-03   3.909882e-06   0.000000e+00   5.741031e-01   5.476365e-07 
     Iteration     Continuity     X-momentum     Y-momentum     Z-momentum         Energy            Tke            Sdr 
          4141   2.353592e-07   1.469528e-03   1.095958e-03   3.907004e-06   0.000000e+00   5.738755e-01   5.475696e-07 
          4142   2.352710e-07   1.469432e-03   1.094122e-03   3.904013e-06   0.000000e+00   5.736482e-01   5.475027e-07 
          4143   2.353654e-07   1.469336e-03   1.092200e-03   3.901015e-06   0.000000e+00   5.734211e-01   5.474360e-07 
          4144   2.353869e-07   1.469241e-03   1.090262e-03   3.897995e-06   0.000000e+00   5.731942e-01   5.473694e-07 
          4145   2.352389e-07   1.469146e-03   1.088262e-03   3.895004e-06   0.000000e+00   5.729675e-01   5.473028e-07 
          4146   2.350966e-07   1.469051e-03   1.086383e-03   3.892215e-06   0.000000e+00   5.727409e-01   5.472363e-07 
          4147   2.348957e-07   1.468957e-03   1.084387e-03   3.889276e-06   0.000000e+00   5.725146e-01   5.471700e-07 
          4148   2.349651e-07   1.468863e-03   1.082413e-03   3.886303e-06   0.000000e+00   5.722884e-01   5.471037e-07 
          4149   2.346133e-07   1.468769e-03   1.080607e-03   3.883388e-06   0.000000e+00   5.720624e-01   5.470375e-07 
          4150   2.345449e-07   1.468676e-03   1.078731e-03   3.880385e-06   0.000000e+00   5.718365e-01   5.469714e-07 
     Iteration     Continuity     X-momentum     Y-momentum     Z-momentum         Energy            Tke            Sdr 
          4151   2.345263e-07   1.468583e-03   1.076996e-03   3.877496e-06   0.000000e+00   5.716108e-01   5.469054e-07 
          4152   2.345669e-07   1.468491e-03   1.075267e-03   3.874641e-06   0.000000e+00   5.713852e-01   5.468395e-07 
          4153   2.347937e-07   1.468398e-03   1.073565e-03   3.871755e-06   0.000000e+00   5.711597e-01   5.467736e-07 
          4154   2.347930e-07   1.468306e-03   1.071866e-03   3.869055e-06   0.000000e+00   5.709344e-01   5.467078e-07 
          4155   2.347830e-07   1.468208e-03   1.070244e-03   3.866069e-06   0.000000e+00   5.707048e-01   5.466417e-07 
          4156   2.349437e-07   1.468109e-03   1.068506e-03   3.863127e-06   0.000000e+00   5.704748e-01   5.465755e-07 
          4157   2.349458e-07   1.468012e-03   1.066817e-03   3.860061e-06   0.000000e+00   5.702469e-01   5.465097e-07 
          4158   2.346315e-07   1.467917e-03   1.065025e-03   3.857070e-06   0.000000e+00   5.700200e-01   5.464440e-07 
          4159   2.344919e-07   1.467819e-03   1.063245e-03   3.854000e-06   0.000000e+00   5.697903e-01   5.463780e-07 
          4160   2.341569e-07   1.467722e-03   1.061489e-03   3.851078e-06   0.000000e+00   5.695623e-01   5.463122e-07 
     Iteration     Continuity     X-momentum     Y-momentum     Z-momentum         Energy            Tke            Sdr 
          4161   2.337730e-07   1.467627e-03   1.059808e-03   3.848085e-06   0.000000e+00   5.693355e-01   5.462467e-07 
          4162   2.331374e-07   1.467533e-03   1.058142e-03   3.845157e-06   0.000000e+00   5.691093e-01   5.461813e-07 
          4163   2.327690e-07   1.467439e-03   1.056442e-03   3.842303e-06   0.000000e+00   5.688835e-01   5.461160e-07 
          4164   2.262572e-07   1.467346e-03   1.054803e-03   3.839299e-06   0.000000e+00   5.686582e-01   5.460509e-07 
          4165   2.210504e-07   1.467254e-03   1.053159e-03   3.836352e-06   0.000000e+00   5.684330e-01   5.459858e-07 
          4166   2.174785e-07   1.467162e-03   1.051337e-03   3.833351e-06   0.000000e+00   5.682082e-01   5.459208e-07 
          4167   2.147494e-07   1.467070e-03   1.049675e-03   3.830506e-06   0.000000e+00   5.679835e-01   5.458558e-07 
          4168   2.127499e-07   1.466978e-03   1.048029e-03   3.827643e-06   0.000000e+00   5.677591e-01   5.457910e-07 
          4169   2.113179e-07   1.466887e-03   1.046483e-03   3.824961e-06   0.000000e+00   5.675348e-01   5.457262e-07 
          4170   2.102223e-07   1.466797e-03   1.044714e-03   3.822057e-06   0.000000e+00   5.673107e-01   5.456615e-07 
     Iteration     Continuity     X-momentum     Y-momentum     Z-momentum         Energy            Tke            Sdr 
          4171   2.093806e-07   1.466706e-03   1.043203e-03   3.819145e-06   0.000000e+00   5.670867e-01   5.455969e-07 
          4172   2.087349e-07   1.466616e-03   1.041752e-03   3.816179e-06   0.000000e+00   5.668629e-01   5.455323e-07 
          4173   2.079607e-07   1.466525e-03   1.040470e-03   3.813357e-06   0.000000e+00   5.666392e-01   5.454679e-07 
          4174   2.073387e-07   1.466436e-03   1.038976e-03   3.810411e-06   0.000000e+00   5.664156e-01   5.454034e-07 
          4175   2.065933e-07   1.466345e-03   1.037394e-03   3.807616e-06   0.000000e+00   5.661917e-01   5.453386e-07 
          4176   2.059977e-07   1.466253e-03   1.035840e-03   3.804764e-06   0.000000e+00   5.659677e-01   5.452736e-07 
          4177   2.053123e-07   1.466163e-03   1.034260e-03   3.802032e-06   0.000000e+00   5.657440e-01   5.452088e-07 
          4178   2.043004e-07   1.466073e-03   1.032679e-03   3.799162e-06   0.000000e+00   5.655207e-01   5.451441e-07 
          4179   2.030601e-07   1.465982e-03   1.031060e-03   3.796486e-06   0.000000e+00   5.652975e-01   5.450795e-07 
          4180   2.021732e-07   1.465893e-03   1.029413e-03   3.793638e-06   0.000000e+00   5.650744e-01   5.450150e-07 
     Iteration     Continuity     X-momentum     Y-momentum     Z-momentum         Energy            Tke            Sdr 
          4181   2.006042e-07   1.465803e-03   1.027782e-03   3.790817e-06   0.000000e+00   5.648515e-01   5.449506e-07 
          4182   1.998753e-07   1.465714e-03   1.026085e-03   3.787942e-06   0.000000e+00   5.646287e-01   5.448862e-07 
          4183   1.996678e-07   1.465622e-03   1.024466e-03   3.785154e-06   0.000000e+00   5.644037e-01   5.448216e-07 
          4184   1.995202e-07   1.465529e-03   1.022792e-03   3.782351e-06   0.000000e+00   5.641789e-01   5.447571e-07 
          4185   1.990788e-07   1.465438e-03   1.021218e-03   3.779538e-06   0.000000e+00   5.639551e-01   5.446927e-07 
          4186   1.982536e-07   1.465348e-03   1.019648e-03   3.776729e-06   0.000000e+00   5.637318e-01   5.446284e-07 
          4187   1.975855e-07   1.465258e-03   1.018034e-03   3.774068e-06   0.000000e+00   5.635088e-01   5.445643e-07 
          4188   1.969763e-07   1.465168e-03   1.016404e-03   3.771247e-06   0.000000e+00   5.632861e-01   5.445002e-07 
          4189   1.965478e-07   1.465079e-03   1.014758e-03   3.768365e-06   0.000000e+00   5.630636e-01   5.444362e-07 
          4190   1.958195e-07   1.464989e-03   1.012811e-03   3.765473e-06   0.000000e+00   5.628412e-01   5.443722e-07 
     Iteration     Continuity     X-momentum     Y-momentum     Z-momentum         Energy            Tke            Sdr 
          4191   1.954052e-07   1.464900e-03   1.011048e-03   3.762559e-06   0.000000e+00   5.626189e-01   5.443083e-07 
          4192   1.951925e-07   1.464810e-03   1.009412e-03   3.759773e-06   0.000000e+00   5.623959e-01   5.442445e-07 
          4193   1.950787e-07   1.464720e-03   1.007840e-03   3.756944e-06   0.000000e+00   5.621734e-01   5.441806e-07 
          4194   1.949174e-07   1.464631e-03   1.006067e-03   3.754264e-06   0.000000e+00   5.619512e-01   5.441169e-07 
          4195   1.947552e-07   1.464542e-03   1.004250e-03   3.751446e-06   0.000000e+00   5.617292e-01   5.440532e-07 
          4196   1.944389e-07   1.464453e-03   1.002626e-03   3.748727e-06   0.000000e+00   5.615074e-01   5.439897e-07 
          4197   1.943882e-07   1.464364e-03   1.001026e-03   3.746120e-06   0.000000e+00   5.612857e-01   5.439261e-07 
          4198   1.944611e-07   1.464276e-03   9.993759e-04   3.743315e-06   0.000000e+00   5.610642e-01   5.438627e-07 
          4199   1.946699e-07   1.464188e-03   9.977429e-04   3.740589e-06   0.000000e+00   5.608427e-01   5.437993e-07 
          4200   1.947863e-07   1.464099e-03   9.961362e-04   3.737766e-06   0.000000e+00   5.606214e-01   5.437360e-07 
     Iteration     Continuity     X-momentum     Y-momentum     Z-momentum         Energy            Tke            Sdr 
          4201   1.949254e-07   1.464011e-03   9.946159e-04   3.734956e-06   0.000000e+00   5.604001e-01   5.436727e-07 
          4202   1.950380e-07   1.463921e-03   9.929829e-04   3.732177e-06   0.000000e+00   5.601774e-01   5.436092e-07 
          4203   1.949926e-07   1.463829e-03   9.913743e-04   3.729445e-06   0.000000e+00   5.599534e-01   5.435458e-07 
          4204   1.950593e-07   1.463725e-03   9.896545e-04   3.726630e-06   0.000000e+00   5.597250e-01   5.434825e-07 
          4205   1.948587e-07   1.463625e-03   9.880099e-04   3.723980e-06   0.000000e+00   5.594984e-01   5.434192e-07 
          4206   1.948223e-07   1.463527e-03   9.863883e-04   3.721170e-06   0.000000e+00   5.592736e-01   5.433560e-07 
          4207   1.943823e-07   1.463432e-03   9.847442e-04   3.718428e-06   0.000000e+00   5.590499e-01   5.432929e-07 
          4208   1.942168e-07   1.463337e-03   9.828375e-04   3.715711e-06   0.000000e+00   5.588269e-01   5.432299e-07 
          4209   1.937911e-07   1.463244e-03   9.810007e-04   3.712870e-06   0.000000e+00   5.586043e-01   5.431670e-07 
          4210   1.936142e-07   1.463151e-03   9.791162e-04   3.710086e-06   0.000000e+00   5.583822e-01   5.431042e-07 
     Iteration     Continuity     X-momentum     Y-momentum     Z-momentum         Energy            Tke            Sdr 
          4211   1.933992e-07   1.463059e-03   9.774179e-04   3.707235e-06   0.000000e+00   5.581603e-01   5.430414e-07 
          4212   1.931343e-07   1.462967e-03   9.757060e-04   3.704485e-06   0.000000e+00   5.579387e-01   5.429787e-07 
          4213   1.930185e-07   1.462876e-03   9.739580e-04   3.701675e-06   0.000000e+00   5.577173e-01   5.429160e-07 
          4214   1.927645e-07   1.462785e-03   9.722688e-04   3.698991e-06   0.000000e+00   5.574960e-01   5.428533e-07 
          4215   1.926037e-07   1.462694e-03   9.703721e-04   3.696422e-06   0.000000e+00   5.572750e-01   5.427908e-07 
          4216   1.924653e-07   1.462602e-03   9.686544e-04   3.693703e-06   0.000000e+00   5.570524e-01   5.427281e-07 
          4217   1.923990e-07   1.462507e-03   9.669044e-04   3.690967e-06   0.000000e+00   5.568287e-01   5.426652e-07 
          4218   1.923202e-07   1.462415e-03   9.651191e-04   3.688196e-06   0.000000e+00   5.566064e-01   5.426026e-07 
          4219   1.921358e-07   1.462323e-03   9.633311e-04   3.685477e-06   0.000000e+00   5.563849e-01   5.425401e-07 
          4220   1.920511e-07   1.462232e-03   9.615731e-04   3.682659e-06   0.000000e+00   5.561639e-01   5.424776e-07 
     Iteration     Continuity     X-momentum     Y-momentum     Z-momentum         Energy            Tke            Sdr 
          4221   1.915641e-07   1.462142e-03   9.598633e-04   3.680068e-06   0.000000e+00   5.559431e-01   5.424153e-07 
          4222   1.912269e-07   1.462051e-03   9.580793e-04   3.677375e-06   0.000000e+00   5.557226e-01   5.423529e-07 
          4223   1.907025e-07   1.461962e-03   9.564269e-04   3.674735e-06   0.000000e+00   5.555023e-01   5.422907e-07 
          4224   1.905949e-07   1.461871e-03   9.545945e-04   3.672131e-06   0.000000e+00   5.552813e-01   5.422284e-07 
          4225   1.903932e-07   1.461780e-03   9.528742e-04   3.669433e-06   0.000000e+00   5.550604e-01   5.421662e-07 
          4226   1.903749e-07   1.461689e-03   9.509927e-04   3.666722e-06   0.000000e+00   5.548396e-01   5.421040e-07 
          4227   1.903364e-07   1.461597e-03   9.492845e-04   3.664050e-06   0.000000e+00   5.546175e-01   5.420417e-07 
          4228   1.905158e-07   1.461506e-03   9.475930e-04   3.661321e-06   0.000000e+00   5.543966e-01   5.419795e-07 
          4229   1.903365e-07   1.461415e-03   9.460395e-04   3.658815e-06   0.000000e+00   5.541762e-01   5.419175e-07 
          4230   1.899775e-07   1.461325e-03   9.444706e-04   3.656156e-06   0.000000e+00   5.539556e-01   5.418555e-07 
     Iteration     Continuity     X-momentum     Y-momentum     Z-momentum         Energy            Tke            Sdr 
          4231   1.897530e-07   1.461233e-03   9.431326e-04   3.653509e-06   0.000000e+00   5.537347e-01   5.417934e-07 
          4232   1.900344e-07   1.461143e-03   9.416573e-04   3.650848e-06   0.000000e+00   5.535140e-01   5.417315e-07 
          4233   1.905188e-07   1.461050e-03   9.401257e-04   3.648216e-06   0.000000e+00   5.532922e-01   5.416692e-07 
          4234   1.911903e-07   1.460952e-03   9.385219e-04   3.645525e-06   0.000000e+00   5.530689e-01   5.416045e-07 
          4235   1.919487e-07   1.460844e-03   9.366476e-04   3.642717e-06   0.000000e+00   5.528401e-01   5.415397e-07 
          4236   1.925335e-07   1.460741e-03   9.348765e-04   3.639985e-06   0.000000e+00   5.526147e-01   5.414756e-07 
          4237   1.931900e-07   1.460642e-03   9.328004e-04   3.637086e-06   0.000000e+00   5.523913e-01   5.414120e-07 
          4238   1.939416e-07   1.460531e-03   9.311082e-04   3.634271e-06   0.000000e+00   5.521649e-01   5.413477e-07 
          4239   1.941674e-07   1.460415e-03   9.293934e-04   3.631426e-06   0.000000e+00   5.519384e-01   5.412813e-07 
          4240   1.941076e-07   1.460303e-03   9.274599e-04   3.628823e-06   0.000000e+00   5.517139e-01   5.412158e-07 
     Iteration     Continuity     X-momentum     Y-momentum     Z-momentum         Energy            Tke            Sdr 
          4241   1.942702e-07   1.460196e-03   9.257838e-04   3.626200e-06   0.000000e+00   5.514905e-01   5.411509e-07 
          4242   1.946161e-07   1.460090e-03   9.242343e-04   3.623629e-06   0.000000e+00   5.512679e-01   5.410864e-07 
          4243   1.950964e-07   1.459986e-03   9.225916e-04   3.621004e-06   0.000000e+00   5.510458e-01   5.410221e-07 
          4244   1.956438e-07   1.459883e-03   9.209554e-04   3.618545e-06   0.000000e+00   5.508243e-01   5.409580e-07 
          4245   1.961821e-07   1.459782e-03   9.193777e-04   3.615877e-06   0.000000e+00   5.506032e-01   5.408941e-07 
          4246   1.968041e-07   1.459681e-03   9.178565e-04   3.613164e-06   0.000000e+00   5.503825e-01   5.408304e-07 
          4247   1.968583e-07   1.459582e-03   9.163986e-04   3.610537e-06   0.000000e+00   5.501620e-01   5.407668e-07 
          4248   1.970444e-07   1.459483e-03   9.149440e-04   3.607840e-06   0.000000e+00   5.499418e-01   5.407034e-07 
          4249   1.972208e-07   1.459375e-03   9.134425e-04   3.605248e-06   0.000000e+00   5.497173e-01   5.406399e-07 
          4250   1.975647e-07   1.459268e-03   9.120326e-04   3.602532e-06   0.000000e+00   5.494932e-01   5.405766e-07 
     Iteration     Continuity     X-momentum     Y-momentum     Z-momentum         Energy            Tke            Sdr 
          4251   1.975898e-07   1.459164e-03   9.106790e-04   3.599856e-06   0.000000e+00   5.492709e-01   5.405135e-07 
          4252   1.979256e-07   1.459060e-03   9.093830e-04   3.597316e-06   0.000000e+00   5.490482e-01   5.404503e-07 
          4253   1.979706e-07   1.458952e-03   9.081312e-04   3.594699e-06   0.000000e+00   5.488228e-01   5.403869e-07 
          4254   1.980932e-07   1.458848e-03   9.070112e-04   3.592195e-06   0.000000e+00   5.485998e-01   5.403238e-07 
          4255   1.981306e-07   1.458746e-03   9.059130e-04   3.589763e-06   0.000000e+00   5.483782e-01   5.402610e-07 
          4256   1.984087e-07   1.458645e-03   9.046054e-04   3.587367e-06   0.000000e+00   5.481573e-01   5.401983e-07 
          4257   1.985024e-07   1.458545e-03   9.035424e-04   3.585032e-06   0.000000e+00   5.479370e-01   5.401357e-07 
          4258   1.987991e-07   1.458446e-03   9.025641e-04   3.582609e-06   0.000000e+00   5.477172e-01   5.400733e-07 
          4259   1.990752e-07   1.458348e-03   9.015445e-04   3.580240e-06   0.000000e+00   5.474978e-01   5.400109e-07 
          4260   1.987204e-07   1.458250e-03   9.005169e-04   3.577959e-06   0.000000e+00   5.472787e-01   5.399487e-07 
     Iteration     Continuity     X-momentum     Y-momentum     Z-momentum         Energy            Tke            Sdr 
          4261   1.980817e-07   1.458153e-03   8.996308e-04   3.575604e-06   0.000000e+00   5.470599e-01   5.398865e-07 
          4262   1.979968e-07   1.458057e-03   8.987553e-04   3.573156e-06   0.000000e+00   5.468413e-01   5.398244e-07 
          4263   1.980164e-07   1.457961e-03   8.979181e-04   3.570768e-06   0.000000e+00   5.466230e-01   5.397624e-07 
          4264   1.981192e-07   1.457866e-03   8.971499e-04   3.568413e-06   0.000000e+00   5.464049e-01   5.397006e-07 
          4265   1.983259e-07   1.457771e-03   8.964482e-04   3.565832e-06   0.000000e+00   5.461869e-01   5.396387e-07 
          4266   1.983614e-07   1.457664e-03   8.957014e-04   3.563461e-06   0.000000e+00   5.459640e-01   5.395770e-07 
          4267   1.985507e-07   1.457559e-03   8.950134e-04   3.561104e-06   0.000000e+00   5.457425e-01   5.395154e-07 
          4268   1.986537e-07   1.457456e-03   8.943509e-04   3.558435e-06   0.000000e+00   5.455224e-01   5.394538e-07 
          4269   1.988737e-07   1.457356e-03   8.936678e-04   3.555890e-06   0.000000e+00   5.453030e-01   5.393923e-07 
          4270   1.989491e-07   1.457256e-03   8.930680e-04   3.553208e-06   0.000000e+00   5.450839e-01   5.393309e-07 
     Iteration     Continuity     X-momentum     Y-momentum     Z-momentum         Energy            Tke            Sdr 
          4271   1.991507e-07   1.457158e-03   8.925547e-04   3.550659e-06   0.000000e+00   5.448652e-01   5.392696e-07 
          4272   1.991787e-07   1.457060e-03   8.920924e-04   3.548008e-06   0.000000e+00   5.446469e-01   5.392084e-07 
          4273   1.992044e-07   1.456963e-03   8.915380e-04   3.545389e-06   0.000000e+00   5.444290e-01   5.391472e-07 
          4274   1.992131e-07   1.456866e-03   8.910843e-04   3.542825e-06   0.000000e+00   5.442114e-01   5.390861e-07 
          4275   1.993738e-07   1.456770e-03   8.906588e-04   3.540164e-06   0.000000e+00   5.439940e-01   5.390250e-07 
          4276   1.993939e-07   1.456674e-03   8.904754e-04   3.537708e-06   0.000000e+00   5.437764e-01   5.389641e-07 
          4277   1.994093e-07   1.456565e-03   8.903070e-04   3.535126e-06   0.000000e+00   5.435543e-01   5.389030e-07 
          4278   1.993389e-07   1.456460e-03   8.900606e-04   3.532585e-06   0.000000e+00   5.433341e-01   5.388420e-07 
          4279   1.993107e-07   1.456358e-03   8.897538e-04   3.530017e-06   0.000000e+00   5.431151e-01   5.387811e-07 
          4280   1.992075e-07   1.456257e-03   8.894957e-04   3.527611e-06   0.000000e+00   5.428967e-01   5.387203e-07 
     Iteration     Continuity     X-momentum     Y-momentum     Z-momentum         Energy            Tke            Sdr 
          4281   1.992149e-07   1.456157e-03   8.892975e-04   3.525119e-06   0.000000e+00   5.426788e-01   5.386596e-07 
          4282   1.990939e-07   1.456059e-03   8.891433e-04   3.522776e-06   0.000000e+00   5.424613e-01   5.385990e-07 
          4283   1.991148e-07   1.455961e-03   8.891151e-04   3.520247e-06   0.000000e+00   5.422440e-01   5.385384e-07 
          4284   1.989757e-07   1.455864e-03   8.890555e-04   3.517927e-06   0.000000e+00   5.420271e-01   5.384779e-07 
          4285   1.989011e-07   1.455768e-03   8.890631e-04   3.515520e-06   0.000000e+00   5.418104e-01   5.384175e-07 
          4286   1.988556e-07   1.455672e-03   8.891587e-04   3.513155e-06   0.000000e+00   5.415940e-01   5.383571e-07 
          4287   1.988170e-07   1.455576e-03   8.891614e-04   3.510843e-06   0.000000e+00   5.413777e-01   5.382969e-07 
          4288   1.987474e-07   1.455481e-03   8.892965e-04   3.508496e-06   0.000000e+00   5.411617e-01   5.382367e-07 
          4289   1.984864e-07   1.455387e-03   8.893338e-04   3.506150e-06   0.000000e+00   5.409459e-01   5.381765e-07 
          4290   1.984430e-07   1.455292e-03   8.894389e-04   3.503871e-06   0.000000e+00   5.407302e-01   5.381165e-07 
     Iteration     Continuity     X-momentum     Y-momentum     Z-momentum         Energy            Tke            Sdr 
          4291   1.983612e-07   1.455199e-03   8.897458e-04   3.501399e-06   0.000000e+00   5.405146e-01   5.380565e-07 
          4292   1.982751e-07   1.455100e-03   8.901170e-04   3.498823e-06   0.000000e+00   5.402961e-01   5.379963e-07 
          4293   1.980539e-07   1.454999e-03   8.895897e-04   3.496353e-06   0.000000e+00   5.400763e-01   5.379362e-07 
          4294   1.979506e-07   1.454900e-03   8.891143e-04   3.493900e-06   0.000000e+00   5.398584e-01   5.378761e-07 
          4295   1.977673e-07   1.454803e-03   8.888040e-04   3.491679e-06   0.000000e+00   5.396415e-01   5.378163e-07 
          4296   1.975888e-07   1.454707e-03   8.885774e-04   3.489314e-06   0.000000e+00   5.394250e-01   5.377565e-07 
          4297   1.972635e-07   1.454601e-03   8.884614e-04   3.487021e-06   0.000000e+00   5.392065e-01   5.376949e-07 
          4298   1.971070e-07   1.454497e-03   8.881717e-04   3.484736e-06   0.000000e+00   5.389889e-01   5.376339e-07 
          4299   1.969607e-07   1.454396e-03   8.878974e-04   3.482291e-06   0.000000e+00   5.387720e-01   5.375732e-07 
          4300   1.965802e-07   1.454296e-03   8.876742e-04   3.479927e-06   0.000000e+00   5.385557e-01   5.375128e-07 
     Iteration     Continuity     X-momentum     Y-momentum     Z-momentum         Energy            Tke            Sdr 
          4301   1.964760e-07   1.454197e-03   8.873081e-04   3.477510e-06   0.000000e+00   5.383396e-01   5.374526e-07 
          4302   1.961721e-07   1.454099e-03   8.869809e-04   3.475168e-06   0.000000e+00   5.381239e-01   5.373925e-07 
          4303   1.960296e-07   1.454001e-03   8.866004e-04   3.472689e-06   0.000000e+00   5.379085e-01   5.373326e-07 
          4304   1.956378e-07   1.453905e-03   8.862030e-04   3.470414e-06   0.000000e+00   5.376933e-01   5.372727e-07 
          4305   1.953595e-07   1.453808e-03   8.857584e-04   3.468031e-06   0.000000e+00   5.374783e-01   5.372130e-07 
          4306   1.950532e-07   1.453713e-03   8.854284e-04   3.465723e-06   0.000000e+00   5.372635e-01   5.371534e-07 
          4307   1.947879e-07   1.453617e-03   8.850128e-04   3.463344e-06   0.000000e+00   5.370490e-01   5.370938e-07 
          4308   1.945344e-07   1.453523e-03   8.846025e-04   3.460982e-06   0.000000e+00   5.368346e-01   5.370344e-07 
          4309   1.941418e-07   1.453428e-03   8.842278e-04   3.458641e-06   0.000000e+00   5.366203e-01   5.369750e-07 
          4310   1.938667e-07   1.453334e-03   8.837257e-04   3.456337e-06   0.000000e+00   5.364063e-01   5.369158e-07 
     Iteration     Continuity     X-momentum     Y-momentum     Z-momentum         Energy            Tke            Sdr 
          4311   1.936579e-07   1.453240e-03   8.834083e-04   3.453917e-06   0.000000e+00   5.361924e-01   5.368566e-07 
          4312   1.932424e-07   1.453147e-03   8.830100e-04   3.451759e-06   0.000000e+00   5.359786e-01   5.367975e-07 
          4313   1.929616e-07   1.453053e-03   8.824706e-04   3.449471e-06   0.000000e+00   5.357649e-01   5.367385e-07 
          4314   1.925492e-07   1.452960e-03   8.820913e-04   3.447204e-06   0.000000e+00   5.355514e-01   5.366796e-07 
          4315   1.924327e-07   1.452868e-03   8.816959e-04   3.444820e-06   0.000000e+00   5.353380e-01   5.366207e-07 
          4316   1.920858e-07   1.452775e-03   8.813920e-04   3.442576e-06   0.000000e+00   5.351248e-01   5.365619e-07 
          4317   1.917255e-07   1.452683e-03   8.809868e-04   3.440352e-06   0.000000e+00   5.349116e-01   5.365032e-07 
          4318   1.910193e-07   1.452591e-03   8.807076e-04   3.438078e-06   0.000000e+00   5.346986e-01   5.364445e-07 
          4319   1.902184e-07   1.452499e-03   8.803786e-04   3.435741e-06   0.000000e+00   5.344856e-01   5.363859e-07 
          4320   1.893355e-07   1.452408e-03   8.801093e-04   3.433464e-06   0.000000e+00   5.342728e-01   5.363274e-07 
     Iteration     Continuity     X-momentum     Y-momentum     Z-momentum         Energy            Tke            Sdr 
          4321   1.887137e-07   1.452316e-03   8.797888e-04   3.431172e-06   0.000000e+00   5.340601e-01   5.362690e-07 
          4322   1.881451e-07   1.452225e-03   8.795655e-04   3.428809e-06   0.000000e+00   5.338475e-01   5.362106e-07 
          4323   1.876752e-07   1.452134e-03   8.792686e-04   3.426636e-06   0.000000e+00   5.336350e-01   5.361523e-07 
          4324   1.873600e-07   1.452043e-03   8.790606e-04   3.424401e-06   0.000000e+00   5.334226e-01   5.360941e-07 
          4325   1.869886e-07   1.451952e-03   8.789170e-04   3.422129e-06   0.000000e+00   5.332103e-01   5.360359e-07 
          4326   1.869585e-07   1.451862e-03   8.787388e-04   3.419823e-06   0.000000e+00   5.329981e-01   5.359778e-07 
          4327   1.868875e-07   1.451771e-03   8.786591e-04   3.417652e-06   0.000000e+00   5.327860e-01   5.359198e-07 
          4328   1.869804e-07   1.451681e-03   8.784949e-04   3.415376e-06   0.000000e+00   5.325738e-01   5.358618e-07 
          4329   1.870919e-07   1.451579e-03   8.784017e-04   3.413073e-06   0.000000e+00   5.323586e-01   5.358030e-07 
          4330   1.873389e-07   1.451479e-03   8.783388e-04   3.410777e-06   0.000000e+00   5.321441e-01   5.357443e-07 
     Iteration     Continuity     X-momentum     Y-momentum     Z-momentum         Energy            Tke            Sdr 
          4331   1.873931e-07   1.451381e-03   8.783115e-04   3.408581e-06   0.000000e+00   5.319304e-01   5.356860e-07 
          4332   1.876371e-07   1.451284e-03   8.782009e-04   3.406381e-06   0.000000e+00   5.317172e-01   5.356278e-07 
          4333   1.878655e-07   1.451189e-03   8.782187e-04   3.404147e-06   0.000000e+00   5.315042e-01   5.355698e-07 
          4334   1.879991e-07   1.451093e-03   8.782834e-04   3.401779e-06   0.000000e+00   5.312912e-01   5.355118e-07 
          4335   1.881166e-07   1.450998e-03   8.780242e-04   3.399455e-06   0.000000e+00   5.310784e-01   5.354540e-07 
          4336   1.882051e-07   1.450903e-03   8.778214e-04   3.397150e-06   0.000000e+00   5.308660e-01   5.353962e-07 
          4337   1.880080e-07   1.450807e-03   8.778165e-04   3.395066e-06   0.000000e+00   5.306519e-01   5.353384e-07 
          4338   1.878114e-07   1.450708e-03   8.779053e-04   3.392862e-06   0.000000e+00   5.304359e-01   5.352803e-07 
          4339   1.873897e-07   1.450611e-03   8.780077e-04   3.390704e-06   0.000000e+00   5.302216e-01   5.352226e-07 
          4340   1.873114e-07   1.450515e-03   8.780546e-04   3.388583e-06   0.000000e+00   5.300082e-01   5.351649e-07 
     Iteration     Continuity     X-momentum     Y-momentum     Z-momentum         Energy            Tke            Sdr 
          4341   1.871937e-07   1.450420e-03   8.781355e-04   3.386260e-06   0.000000e+00   5.297954e-01   5.351075e-07 
          4342   1.872176e-07   1.450325e-03   8.782040e-04   3.383915e-06   0.000000e+00   5.295830e-01   5.350501e-07 
          4343   1.869955e-07   1.450231e-03   8.785223e-04   3.381582e-06   0.000000e+00   5.293708e-01   5.349928e-07 
          4344   1.869636e-07   1.450138e-03   8.785463e-04   3.379101e-06   0.000000e+00   5.291589e-01   5.349355e-07 
          4345   1.869043e-07   1.450045e-03   8.787428e-04   3.376679e-06   0.000000e+00   5.289472e-01   5.348784e-07 
          4346   1.870333e-07   1.449952e-03   8.789308e-04   3.374242e-06   0.000000e+00   5.287357e-01   5.348213e-07 
          4347   1.869800e-07   1.449860e-03   8.790335e-04   3.372082e-06   0.000000e+00   5.285244e-01   5.347643e-07 
          4348   1.865855e-07   1.449768e-03   8.792041e-04   3.369846e-06   0.000000e+00   5.283133e-01   5.347074e-07 
          4349   1.861667e-07   1.449676e-03   8.794319e-04   3.367639e-06   0.000000e+00   5.281022e-01   5.346505e-07 
          4350   1.860090e-07   1.449585e-03   8.796574e-04   3.365373e-06   0.000000e+00   5.278914e-01   5.345937e-07 
     Iteration     Continuity     X-momentum     Y-momentum     Z-momentum         Energy            Tke            Sdr 
          4351   1.857587e-07   1.449493e-03   8.799108e-04   3.363325e-06   0.000000e+00   5.276806e-01   5.345370e-07 
          4352   1.856184e-07   1.449402e-03   8.803314e-04   3.361152e-06   0.000000e+00   5.274700e-01   5.344803e-07 
          4353   1.856115e-07   1.449311e-03   8.807915e-04   3.358996e-06   0.000000e+00   5.272594e-01   5.344237e-07 
          4354   1.855000e-07   1.449218e-03   8.811039e-04   3.356841e-06   0.000000e+00   5.270486e-01   5.343653e-07 
          4355   1.856642e-07   1.449124e-03   8.815329e-04   3.354637e-06   0.000000e+00   5.268379e-01   5.343066e-07 
          4356   1.856205e-07   1.449031e-03   8.819781e-04   3.352598e-06   0.000000e+00   5.266274e-01   5.342483e-07 
          4357   1.853073e-07   1.448938e-03   8.823563e-04   3.350517e-06   0.000000e+00   5.264170e-01   5.341903e-07 
          4358   1.851243e-07   1.448845e-03   8.828705e-04   3.348499e-06   0.000000e+00   5.262067e-01   5.341325e-07 
          4359   1.851914e-07   1.448753e-03   8.833495e-04   3.346275e-06   0.000000e+00   5.259965e-01   5.340748e-07 
          4360   1.855668e-07   1.448661e-03   8.838824e-04   3.344075e-06   0.000000e+00   5.257865e-01   5.340173e-07 
     Iteration     Continuity     X-momentum     Y-momentum     Z-momentum         Energy            Tke            Sdr 
          4361   1.861213e-07   1.448569e-03   8.843759e-04   3.341777e-06   0.000000e+00   5.255765e-01   5.339598e-07 
          4362   1.864713e-07   1.448477e-03   8.847467e-04   3.339618e-06   0.000000e+00   5.253667e-01   5.339024e-07 
          4363   1.868347e-07   1.448386e-03   8.852346e-04   3.337458e-06   0.000000e+00   5.251569e-01   5.338451e-07 
          4364   1.872146e-07   1.448294e-03   8.857629e-04   3.335315e-06   0.000000e+00   5.249473e-01   5.337879e-07 
          4365   1.877093e-07   1.448203e-03   8.862348e-04   3.332981e-06   0.000000e+00   5.247378e-01   5.337308e-07 
          4366   1.877622e-07   1.448112e-03   8.868143e-04   3.330770e-06   0.000000e+00   5.245284e-01   5.336738e-07 
          4367   1.878417e-07   1.448021e-03   8.874396e-04   3.328646e-06   0.000000e+00   5.243190e-01   5.336168e-07 
          4368   1.879996e-07   1.447920e-03   8.881469e-04   3.326288e-06   0.000000e+00   5.241042e-01   5.335597e-07 
          4369   1.883820e-07   1.447811e-03   8.886506e-04   3.324066e-06   0.000000e+00   5.238860e-01   5.335026e-07 
          4370   1.886454e-07   1.447708e-03   8.892881e-04   3.321930e-06   0.000000e+00   5.236712e-01   5.334457e-07 
     Iteration     Continuity     X-momentum     Y-momentum     Z-momentum         Energy            Tke            Sdr 
          4371   1.889824e-07   1.447607e-03   8.899840e-04   3.319774e-06   0.000000e+00   5.234582e-01   5.333889e-07 
          4372   1.891028e-07   1.447508e-03   8.907906e-04   3.317788e-06   0.000000e+00   5.232460e-01   5.333322e-07 
          4373   1.893821e-07   1.447410e-03   8.914761e-04   3.315709e-06   0.000000e+00   5.230346e-01   5.332756e-07 
          4374   1.894852e-07   1.447313e-03   8.922297e-04   3.313661e-06   0.000000e+00   5.228236e-01   5.332191e-07 
          4375   1.898881e-07   1.447217e-03   8.931069e-04   3.311539e-06   0.000000e+00   5.226129e-01   5.331626e-07 
          4376   1.901689e-07   1.447121e-03   8.928826e-04   3.308823e-06   0.000000e+00   5.224023e-01   5.331062e-07 
          4377   1.902911e-07   1.447026e-03   8.935708e-04   3.306339e-06   0.000000e+00   5.221921e-01   5.330499e-07 
          4378   1.905238e-07   1.446931e-03   8.949280e-04   3.303986e-06   0.000000e+00   5.219822e-01   5.329937e-07 
          4379   1.908190e-07   1.446837e-03   8.953999e-04   3.301743e-06   0.000000e+00   5.217726e-01   5.329375e-07 
          4380   1.908323e-07   1.446744e-03   8.956470e-04   3.299643e-06   0.000000e+00   5.215633e-01   5.328814e-07 
     Iteration     Continuity     X-momentum     Y-momentum     Z-momentum         Energy            Tke            Sdr 
          4381   1.910706e-07   1.446651e-03   8.963493e-04   3.297684e-06   0.000000e+00   5.213541e-01   5.328254e-07 
          4382   1.911860e-07   1.446558e-03   8.973342e-04   3.295600e-06   0.000000e+00   5.211451e-01   5.327694e-07 
          4383   1.911551e-07   1.446465e-03   8.982710e-04   3.293792e-06   0.000000e+00   5.209363e-01   5.327136e-07 
          4384   1.911024e-07   1.446373e-03   8.991751e-04   3.291737e-06   0.000000e+00   5.207276e-01   5.326577e-07 
          4385   1.911113e-07   1.446281e-03   9.000553e-04   3.289595e-06   0.000000e+00   5.205191e-01   5.326020e-07 
          4386   1.910545e-07   1.446189e-03   9.009073e-04   3.287435e-06   0.000000e+00   5.203108e-01   5.325463e-07 
          4387   1.909190e-07   1.446097e-03   9.017120e-04   3.285235e-06   0.000000e+00   5.201026e-01   5.324906e-07 
          4388   1.909539e-07   1.446006e-03   9.025146e-04   3.283162e-06   0.000000e+00   5.198945e-01   5.324350e-07 
          4389   1.910584e-07   1.445915e-03   9.034119e-04   3.281097e-06   0.000000e+00   5.196865e-01   5.323795e-07 
          4390   1.913481e-07   1.445824e-03   9.042555e-04   3.278936e-06   0.000000e+00   5.194785e-01   5.323241e-07 
     Iteration     Continuity     X-momentum     Y-momentum     Z-momentum         Energy            Tke            Sdr 
          4391   1.917338e-07   1.445726e-03   9.050762e-04   3.276718e-06   0.000000e+00   5.192694e-01   5.322659e-07 
          4392   1.916743e-07   1.445628e-03   9.060008e-04   3.274718e-06   0.000000e+00   5.190606e-01   5.322082e-07 
          4393   1.909368e-07   1.445532e-03   9.069600e-04   3.272435e-06   0.000000e+00   5.188522e-01   5.321510e-07 
          4394   1.905638e-07   1.445437e-03   9.079400e-04   3.270119e-06   0.000000e+00   5.186440e-01   5.320942e-07 
          4395   1.906681e-07   1.445342e-03   9.089328e-04   3.267843e-06   0.000000e+00   5.184359e-01   5.320375e-07 
          4396   1.909202e-07   1.445248e-03   9.099746e-04   3.265599e-06   0.000000e+00   5.182280e-01   5.319811e-07 
          4397   1.911919e-07   1.445154e-03   9.110574e-04   3.263468e-06   0.000000e+00   5.180202e-01   5.319248e-07 
          4398   1.915214e-07   1.445060e-03   9.127021e-04   3.261304e-06   0.000000e+00   5.178124e-01   5.318686e-07 
          4399   1.916898e-07   1.444966e-03   9.135669e-04   3.259288e-06   0.000000e+00   5.176048e-01   5.318125e-07 
          4400   1.918428e-07   1.444873e-03   9.153094e-04   3.257138e-06   0.000000e+00   5.173973e-01   5.317566e-07 
     Iteration     Continuity     X-momentum     Y-momentum     Z-momentum         Energy            Tke            Sdr 
          4401   1.919795e-07   1.444780e-03   9.162813e-04   3.255018e-06   0.000000e+00   5.171899e-01   5.317008e-07 
          4402   1.919889e-07   1.444682e-03   9.171239e-04   3.252923e-06   0.000000e+00   5.169789e-01   5.316446e-07 
          4403   1.917537e-07   1.444585e-03   9.178322e-04   3.250993e-06   0.000000e+00   5.167692e-01   5.315887e-07 
          4404   1.917469e-07   1.444489e-03   9.187563e-04   3.249058e-06   0.000000e+00   5.165606e-01   5.315330e-07 
          4405   1.919316e-07   1.444395e-03   9.195628e-04   3.247001e-06   0.000000e+00   5.163525e-01   5.314774e-07 
          4406   1.919468e-07   1.444301e-03   9.205057e-04   3.245165e-06   0.000000e+00   5.161448e-01   5.314220e-07 
          4407   1.921308e-07   1.444207e-03   9.216138e-04   3.243086e-06   0.000000e+00   5.159374e-01   5.313667e-07 
          4408   1.922679e-07   1.444114e-03   9.227859e-04   3.240985e-06   0.000000e+00   5.157302e-01   5.313114e-07 
          4409   1.924723e-07   1.444021e-03   9.239425e-04   3.238917e-06   0.000000e+00   5.155232e-01   5.312563e-07 
          4410   1.926932e-07   1.443928e-03   9.250780e-04   3.236810e-06   0.000000e+00   5.153164e-01   5.312012e-07 
     Iteration     Continuity     X-momentum     Y-momentum     Z-momentum         Energy            Tke            Sdr 
          4411   1.927578e-07   1.443835e-03   9.261718e-04   3.234851e-06   0.000000e+00   5.151097e-01   5.311462e-07 
          4412   1.929013e-07   1.443743e-03   9.273075e-04   3.232847e-06   0.000000e+00   5.149032e-01   5.310914e-07 
          4413   1.931954e-07   1.443651e-03   9.284673e-04   3.230637e-06   0.000000e+00   5.146968e-01   5.310366e-07 
          4414   1.933301e-07   1.443559e-03   9.296710e-04   3.228659e-06   0.000000e+00   5.144906e-01   5.309818e-07 
          4415   1.934108e-07   1.443467e-03   9.308079e-04   3.226788e-06   0.000000e+00   5.142845e-01   5.309272e-07 
          4416   1.936353e-07   1.443376e-03   9.320825e-04   3.224647e-06   0.000000e+00   5.140784e-01   5.308726e-07 
          4417   1.938333e-07   1.443283e-03   9.333115e-04   3.222698e-06   0.000000e+00   5.138718e-01   5.308181e-07 
          4418   1.939113e-07   1.443191e-03   9.345290e-04   3.220806e-06   0.000000e+00   5.136656e-01   5.307637e-07 
          4419   1.940185e-07   1.443099e-03   9.358100e-04   3.218704e-06   0.000000e+00   5.134596e-01   5.307093e-07 
          4420   1.942805e-07   1.443001e-03   9.369836e-04   3.216372e-06   0.000000e+00   5.132500e-01   5.306549e-07 
     Iteration     Continuity     X-momentum     Y-momentum     Z-momentum         Energy            Tke            Sdr 
          4421   1.943393e-07   1.442901e-03   9.381928e-04   3.214352e-06   0.000000e+00   5.130403e-01   5.306007e-07 
          4422   1.840483e-07   1.442804e-03   9.395148e-04   3.212051e-06   0.000000e+00   5.128322e-01   5.305465e-07 
          4423   1.745038e-07   1.442708e-03   9.406535e-04   3.210027e-06   0.000000e+00   5.126248e-01   5.304924e-07 
          4424   1.694947e-07   1.442613e-03   9.418959e-04   3.207900e-06   0.000000e+00   5.124180e-01   5.304383e-07 
          4425   1.671361e-07   1.442518e-03   9.431459e-04   3.205955e-06   0.000000e+00   5.122116e-01   5.303844e-07 
          4426   1.663648e-07   1.442425e-03   9.444196e-04   3.203801e-06   0.000000e+00   5.120054e-01   5.303305e-07 
          4427   1.664818e-07   1.442331e-03   9.457058e-04   3.202091e-06   0.000000e+00   5.117995e-01   5.302767e-07 
          4428   1.670203e-07   1.442238e-03   9.470415e-04   3.200035e-06   0.000000e+00   5.115938e-01   5.302230e-07 
          4429   1.679234e-07   1.442146e-03   9.483875e-04   3.198034e-06   0.000000e+00   5.113882e-01   5.301693e-07 
          4430   1.687175e-07   1.442053e-03   9.496468e-04   3.195863e-06   0.000000e+00   5.111829e-01   5.301156e-07 
     Iteration     Continuity     X-momentum     Y-momentum     Z-momentum         Energy            Tke            Sdr 
          4431   1.696417e-07   1.441961e-03   9.510781e-04   3.193754e-06   0.000000e+00   5.109777e-01   5.300616e-07 
          4432   1.703285e-07   1.441868e-03   9.523249e-04   3.191652e-06   0.000000e+00   5.107726e-01   5.300078e-07 
          4433   1.709821e-07   1.441776e-03   9.536641e-04   3.189595e-06   0.000000e+00   5.105677e-01   5.299540e-07 
          4434   1.714875e-07   1.441685e-03   9.549558e-04   3.187647e-06   0.000000e+00   5.103629e-01   5.299003e-07 
          4435   1.720267e-07   1.441593e-03   9.563648e-04   3.185766e-06   0.000000e+00   5.101582e-01   5.298467e-07 
          4436   1.723547e-07   1.441502e-03   9.577192e-04   3.183794e-06   0.000000e+00   5.099537e-01   5.297932e-07 
          4437   1.726465e-07   1.441410e-03   9.591793e-04   3.181807e-06   0.000000e+00   5.097492e-01   5.297397e-07 
          4438   1.727714e-07   1.441319e-03   9.606060e-04   3.179877e-06   0.000000e+00   5.095449e-01   5.296864e-07 
          4439   1.729504e-07   1.441228e-03   9.620260e-04   3.177835e-06   0.000000e+00   5.093407e-01   5.296330e-07 
          4440   1.729623e-07   1.441137e-03   9.634192e-04   3.175857e-06   0.000000e+00   5.091366e-01   5.295798e-07 
     Iteration     Continuity     X-momentum     Y-momentum     Z-momentum         Energy            Tke            Sdr 
          4441   1.730773e-07   1.441046e-03   9.649006e-04   3.173692e-06   0.000000e+00   5.089326e-01   5.295265e-07 
          4442   1.730132e-07   1.440956e-03   9.663339e-04   3.171755e-06   0.000000e+00   5.087287e-01   5.294734e-07 
          4443   1.729653e-07   1.440865e-03   9.678014e-04   3.169867e-06   0.000000e+00   5.085249e-01   5.294203e-07 
          4444   1.728483e-07   1.440775e-03   9.693494e-04   3.167851e-06   0.000000e+00   5.083212e-01   5.293673e-07 
          4445   1.728305e-07   1.440684e-03   9.708877e-04   3.165859e-06   0.000000e+00   5.081176e-01   5.293143e-07 
          4446   1.727040e-07   1.440594e-03   9.724389e-04   3.163731e-06   0.000000e+00   5.079141e-01   5.292614e-07 
          4447   1.725463e-07   1.440504e-03   9.740174e-04   3.161859e-06   0.000000e+00   5.077107e-01   5.292085e-07 
          4448   1.724041e-07   1.440414e-03   9.755922e-04   3.159755e-06   0.000000e+00   5.075073e-01   5.291557e-07 
          4449   1.722806e-07   1.440319e-03   9.772302e-04   3.157669e-06   0.000000e+00   5.073007e-01   5.291026e-07 
          4450   1.721401e-07   1.440226e-03   9.788146e-04   3.155639e-06   0.000000e+00   5.070952e-01   5.290497e-07 
     Iteration     Continuity     X-momentum     Y-momentum     Z-momentum         Energy            Tke            Sdr 
          4451   1.720130e-07   1.440133e-03   9.805642e-04   3.153415e-06   0.000000e+00   5.068907e-01   5.289969e-07 
          4452   1.716589e-07   1.440040e-03   9.821404e-04   3.151407e-06   0.000000e+00   5.066862e-01   5.289441e-07 
          4453   1.714455e-07   1.439936e-03   9.838642e-04   3.149499e-06   0.000000e+00   5.064786e-01   5.288910e-07 
          4454   1.711095e-07   1.439835e-03   9.854380e-04   3.147322e-06   0.000000e+00   5.062720e-01   5.288380e-07 
          4455   1.710430e-07   1.439729e-03   9.870317e-04   3.145317e-06   0.000000e+00   5.060636e-01   5.287853e-07 
          4456   1.706842e-07   1.439621e-03   9.886700e-04   3.143212e-06   0.000000e+00   5.058544e-01   5.287326e-07 
          4457   1.706179e-07   1.439516e-03   9.903082e-04   3.141245e-06   0.000000e+00   5.056470e-01   5.286800e-07 
          4458   1.703119e-07   1.439414e-03   9.919488e-04   3.139160e-06   0.000000e+00   5.054407e-01   5.286276e-07 
          4459   1.702382e-07   1.439313e-03   9.936206e-04   3.137243e-06   0.000000e+00   5.052351e-01   5.285752e-07 
          4460   1.699654e-07   1.439213e-03   9.953092e-04   3.135187e-06   0.000000e+00   5.050299e-01   5.285228e-07 
     Iteration     Continuity     X-momentum     Y-momentum     Z-momentum         Energy            Tke            Sdr 
          4461   1.698646e-07   1.439115e-03   9.970522e-04   3.133297e-06   0.000000e+00   5.048252e-01   5.284706e-07 
          4462   1.695870e-07   1.439017e-03   9.987584e-04   3.131279e-06   0.000000e+00   5.046209e-01   5.284184e-07 
          4463   1.694526e-07   1.438920e-03   1.000408e-03   3.129464e-06   0.000000e+00   5.044168e-01   5.283663e-07 
          4464   1.691780e-07   1.438818e-03   1.002009e-03   3.127589e-06   0.000000e+00   5.042097e-01   5.283140e-07 
          4465   1.687402e-07   1.438716e-03   1.003793e-03   3.125859e-06   0.000000e+00   5.040026e-01   5.282617e-07 
          4466   1.685537e-07   1.438616e-03   1.005475e-03   3.124052e-06   0.000000e+00   5.037971e-01   5.282096e-07 
          4467   1.682201e-07   1.438517e-03   1.007309e-03   3.122449e-06   0.000000e+00   5.035923e-01   5.281576e-07 
          4468   1.669454e-07   1.438420e-03   1.009087e-03   3.120711e-06   0.000000e+00   5.033882e-01   5.281057e-07 
          4469   1.649743e-07   1.438323e-03   1.010964e-03   3.118620e-06   0.000000e+00   5.031845e-01   5.280539e-07 
          4470   1.633907e-07   1.438227e-03   1.012667e-03   3.116544e-06   0.000000e+00   5.029811e-01   5.280021e-07 
     Iteration     Continuity     X-momentum     Y-momentum     Z-momentum         Energy            Tke            Sdr 
          4471   1.620568e-07   1.438131e-03   1.014307e-03   3.114389e-06   0.000000e+00   5.027779e-01   5.279504e-07 
          4472   1.608169e-07   1.438035e-03   1.015939e-03   3.112023e-06   0.000000e+00   5.025748e-01   5.278978e-07 
          4473   1.597000e-07   1.437937e-03   1.017735e-03   3.109631e-06   0.000000e+00   5.023717e-01   5.278442e-07 
          4474   1.587568e-07   1.437840e-03   1.019454e-03   3.107168e-06   0.000000e+00   5.021689e-01   5.277910e-07 
          4475   1.579606e-07   1.437739e-03   1.021286e-03   3.104663e-06   0.000000e+00   5.019651e-01   5.277369e-07 
          4476   1.574251e-07   1.437634e-03   1.023109e-03   3.102293e-06   0.000000e+00   5.017608e-01   5.276823e-07 
          4477   1.569833e-07   1.437532e-03   1.024897e-03   3.100011e-06   0.000000e+00   5.015571e-01   5.276282e-07 
          4478   1.567524e-07   1.437430e-03   1.026753e-03   3.097906e-06   0.000000e+00   5.013538e-01   5.275745e-07 
          4479   1.565364e-07   1.437330e-03   1.028594e-03   3.095899e-06   0.000000e+00   5.011509e-01   5.275211e-07 
          4480   1.564799e-07   1.437231e-03   1.030497e-03   3.093933e-06   0.000000e+00   5.009483e-01   5.274678e-07 
     Iteration     Continuity     X-momentum     Y-momentum     Z-momentum         Energy            Tke            Sdr 
          4481   1.563219e-07   1.437132e-03   1.032209e-03   3.092166e-06   0.000000e+00   5.007458e-01   5.274147e-07 
          4482   1.563002e-07   1.437034e-03   1.033987e-03   3.090310e-06   0.000000e+00   5.005436e-01   5.273617e-07 
          4483   1.561657e-07   1.436936e-03   1.035799e-03   3.088519e-06   0.000000e+00   5.003416e-01   5.273089e-07 
          4484   1.562845e-07   1.436838e-03   1.037644e-03   3.086724e-06   0.000000e+00   5.001393e-01   5.272562e-07 
          4485   1.565122e-07   1.436738e-03   1.039510e-03   3.084789e-06   0.000000e+00   4.999350e-01   5.272033e-07 
          4486   1.566463e-07   1.436637e-03   1.041191e-03   3.083097e-06   0.000000e+00   4.997308e-01   5.271506e-07 
          4487   1.566748e-07   1.436538e-03   1.043116e-03   3.081236e-06   0.000000e+00   4.995277e-01   5.270980e-07 
          4488   1.568149e-07   1.436439e-03   1.045017e-03   3.079346e-06   0.000000e+00   4.993253e-01   5.270456e-07 
          4489   1.569222e-07   1.436342e-03   1.046729e-03   3.077594e-06   0.000000e+00   4.991234e-01   5.269933e-07 
          4490   1.571473e-07   1.436245e-03   1.048698e-03   3.075971e-06   0.000000e+00   4.989217e-01   5.269411e-07 
     Iteration     Continuity     X-momentum     Y-momentum     Z-momentum         Energy            Tke            Sdr 
          4491   1.573328e-07   1.436148e-03   1.050401e-03   3.074247e-06   0.000000e+00   4.987203e-01   5.268890e-07 
          4492   1.574109e-07   1.436052e-03   1.052546e-03   3.072380e-06   0.000000e+00   4.985191e-01   5.268370e-07 
          4493   1.576298e-07   1.435956e-03   1.054523e-03   3.070503e-06   0.000000e+00   4.983181e-01   5.267851e-07 
          4494   1.579642e-07   1.435861e-03   1.056799e-03   3.068579e-06   0.000000e+00   4.981173e-01   5.267333e-07 
          4495   1.584703e-07   1.435766e-03   1.058746e-03   3.066782e-06   0.000000e+00   4.979167e-01   5.266816e-07 
          4496   1.591092e-07   1.435671e-03   1.060961e-03   3.064938e-06   0.000000e+00   4.977162e-01   5.266299e-07 
          4497   1.596782e-07   1.435577e-03   1.062935e-03   3.063179e-06   0.000000e+00   4.975159e-01   5.265784e-07 
          4498   1.602718e-07   1.435482e-03   1.065159e-03   3.061351e-06   0.000000e+00   4.973157e-01   5.265269e-07 
          4499   1.607786e-07   1.435388e-03   1.067129e-03   3.059653e-06   0.000000e+00   4.971157e-01   5.264755e-07 
          4500   1.612107e-07   1.435294e-03   1.069388e-03   3.057806e-06   0.000000e+00   4.969158e-01   5.264241e-07 
     Iteration     Continuity     X-momentum     Y-momentum     Z-momentum         Energy            Tke            Sdr 
          4501   1.615217e-07   1.435201e-03   1.071113e-03   3.055950e-06   0.000000e+00   4.967160e-01   5.263729e-07 
          4502   1.618800e-07   1.435107e-03   1.073287e-03   3.054193e-06   0.000000e+00   4.965163e-01   5.263217e-07 
          4503   1.621032e-07   1.435011e-03   1.074768e-03   3.052284e-06   0.000000e+00   4.963158e-01   5.262705e-07 
          4504   1.624060e-07   1.434906e-03   1.076833e-03   3.050491e-06   0.000000e+00   4.961122e-01   5.262193e-07 
          4505   1.625356e-07   1.434797e-03   1.078665e-03   3.048573e-06   0.000000e+00   4.959074e-01   5.261681e-07 
          4506   1.626280e-07   1.434686e-03   1.080863e-03   3.046788e-06   0.000000e+00   4.957024e-01   5.261170e-07 
          4507   1.625383e-07   1.434579e-03   1.082693e-03   3.044905e-06   0.000000e+00   4.954990e-01   5.260661e-07 
          4508   1.625176e-07   1.434475e-03   1.084962e-03   3.042977e-06   0.000000e+00   4.952966e-01   5.260152e-07 
          4509   1.624235e-07   1.434372e-03   1.086437e-03   3.041012e-06   0.000000e+00   4.950947e-01   5.259644e-07 
          4510   1.624629e-07   1.434269e-03   1.088257e-03   3.038844e-06   0.000000e+00   4.948928e-01   5.259137e-07 
     Iteration     Continuity     X-momentum     Y-momentum     Z-momentum         Energy            Tke            Sdr 
          4511   1.624278e-07   1.434168e-03   1.090080e-03   3.036982e-06   0.000000e+00   4.946916e-01   5.258631e-07 
          4512   1.624185e-07   1.434067e-03   1.091907e-03   3.035016e-06   0.000000e+00   4.944908e-01   5.258125e-07 
          4513   1.623096e-07   1.433968e-03   1.093263e-03   3.033240e-06   0.000000e+00   4.942904e-01   5.257620e-07 
          4514   1.623475e-07   1.433869e-03   1.095051e-03   3.031418e-06   0.000000e+00   4.940902e-01   5.257116e-07 
          4515   1.622672e-07   1.433767e-03   1.096632e-03   3.029730e-06   0.000000e+00   4.938877e-01   5.256610e-07 
          4516   1.622456e-07   1.433666e-03   1.098285e-03   3.027924e-06   0.000000e+00   4.936862e-01   5.256105e-07 
          4517   1.622174e-07   1.433567e-03   1.099804e-03   3.026202e-06   0.000000e+00   4.934857e-01   5.255603e-07 
          4518   1.622104e-07   1.433469e-03   1.101508e-03   3.024356e-06   0.000000e+00   4.932856e-01   5.255100e-07 
          4519   1.621549e-07   1.433371e-03   1.102807e-03   3.022756e-06   0.000000e+00   4.930860e-01   5.254599e-07 
          4520   1.621637e-07   1.433274e-03   1.104384e-03   3.021044e-06   0.000000e+00   4.928867e-01   5.254099e-07 
     Iteration     Continuity     X-momentum     Y-momentum     Z-momentum         Energy            Tke            Sdr 
          4521   1.622307e-07   1.433178e-03   1.105700e-03   3.019387e-06   0.000000e+00   4.926876e-01   5.253599e-07 
          4522   1.622465e-07   1.433080e-03   1.107161e-03   3.017546e-06   0.000000e+00   4.924877e-01   5.253100e-07 
          4523   1.623143e-07   1.432970e-03   1.108552e-03   3.015735e-06   0.000000e+00   4.922823e-01   5.252601e-07 
          4524   1.623969e-07   1.432859e-03   1.109029e-03   3.013834e-06   0.000000e+00   4.920766e-01   5.252103e-07 
          4525   1.624917e-07   1.432753e-03   1.109482e-03   3.011940e-06   0.000000e+00   4.918736e-01   5.251605e-07 
          4526   1.625636e-07   1.432643e-03   1.110723e-03   3.010318e-06   0.000000e+00   4.916705e-01   5.251102e-07 
          4527   1.625921e-07   1.432531e-03   1.112180e-03   3.008643e-06   0.000000e+00   4.914672e-01   5.250595e-07 
          4528   1.626444e-07   1.432422e-03   1.113753e-03   3.006981e-06   0.000000e+00   4.912652e-01   5.250092e-07 
          4529   1.627157e-07   1.432316e-03   1.115268e-03   3.005162e-06   0.000000e+00   4.910639e-01   5.249591e-07 
          4530   1.628106e-07   1.432210e-03   1.116563e-03   3.003421e-06   0.000000e+00   4.908628e-01   5.249091e-07 
     Iteration     Continuity     X-momentum     Y-momentum     Z-momentum         Energy            Tke            Sdr 
          4531   1.629076e-07   1.432106e-03   1.117855e-03   3.001622e-06   0.000000e+00   4.906625e-01   5.248592e-07 
          4532   1.630241e-07   1.432003e-03   1.119148e-03   2.999797e-06   0.000000e+00   4.904627e-01   5.248095e-07 
          4533   1.630912e-07   1.431901e-03   1.120466e-03   2.997794e-06   0.000000e+00   4.902634e-01   5.247599e-07 
          4534   1.630920e-07   1.431800e-03   1.121722e-03   2.996039e-06   0.000000e+00   4.900644e-01   5.247104e-07 
          4535   1.630290e-07   1.431700e-03   1.122944e-03   2.994105e-06   0.000000e+00   4.898658e-01   5.246610e-07 
          4536   1.626272e-07   1.431601e-03   1.124327e-03   2.992431e-06   0.000000e+00   4.896675e-01   5.246117e-07 
          4537   1.622648e-07   1.431502e-03   1.125528e-03   2.990759e-06   0.000000e+00   4.894693e-01   5.245624e-07 
          4538   1.619356e-07   1.431399e-03   1.126861e-03   2.988928e-06   0.000000e+00   4.892705e-01   5.245112e-07 
          4539   1.616220e-07   1.431294e-03   1.127864e-03   2.987233e-06   0.000000e+00   4.890703e-01   5.244595e-07 
          4540   1.614325e-07   1.431189e-03   1.128956e-03   2.985421e-06   0.000000e+00   4.888700e-01   5.244083e-07 
     Iteration     Continuity     X-momentum     Y-momentum     Z-momentum         Energy            Tke            Sdr 
          4541   1.611991e-07   1.431085e-03   1.130063e-03   2.983703e-06   0.000000e+00   4.886709e-01   5.243576e-07 
          4542   1.611142e-07   1.430984e-03   1.131204e-03   2.981782e-06   0.000000e+00   4.884724e-01   5.243071e-07 
          4543   1.609545e-07   1.430883e-03   1.132342e-03   2.980052e-06   0.000000e+00   4.882743e-01   5.242568e-07 
          4544   1.608273e-07   1.430783e-03   1.133542e-03   2.978269e-06   0.000000e+00   4.880766e-01   5.242067e-07 
          4545   1.603981e-07   1.430683e-03   1.134720e-03   2.976434e-06   0.000000e+00   4.878791e-01   5.241567e-07 
          4546   1.600351e-07   1.430583e-03   1.135837e-03   2.974763e-06   0.000000e+00   4.876812e-01   5.241068e-07 
          4547   1.596765e-07   1.430484e-03   1.137062e-03   2.972940e-06   0.000000e+00   4.874839e-01   5.240571e-07 
          4548   1.593956e-07   1.430386e-03   1.138185e-03   2.971154e-06   0.000000e+00   4.872869e-01   5.240075e-07 
          4549   1.592101e-07   1.430288e-03   1.139391e-03   2.969268e-06   0.000000e+00   4.870902e-01   5.239580e-07 
          4550   1.590162e-07   1.430191e-03   1.140415e-03   2.967680e-06   0.000000e+00   4.868937e-01   5.239086e-07 
     Iteration     Continuity     X-momentum     Y-momentum     Z-momentum         Energy            Tke            Sdr 
          4551   1.588748e-07   1.430094e-03   1.141497e-03   2.965854e-06   0.000000e+00   4.866974e-01   5.238594e-07 
          4552   1.590230e-07   1.429998e-03   1.142545e-03   2.964141e-06   0.000000e+00   4.865013e-01   5.238102e-07 
          4553   1.591321e-07   1.429902e-03   1.143535e-03   2.962322e-06   0.000000e+00   4.863055e-01   5.237611e-07 
          4554   1.593735e-07   1.429806e-03   1.144518e-03   2.960441e-06   0.000000e+00   4.861098e-01   5.237121e-07 
          4555   1.594693e-07   1.429711e-03   1.145525e-03   2.958836e-06   0.000000e+00   4.859143e-01   5.236632e-07 
          4556   1.595952e-07   1.429616e-03   1.146433e-03   2.957114e-06   0.000000e+00   4.857189e-01   5.236144e-07 
          4557   1.596991e-07   1.429522e-03   1.147475e-03   2.955401e-06   0.000000e+00   4.855236e-01   5.235657e-07 
          4558   1.598452e-07   1.429425e-03   1.148473e-03   2.953525e-06   0.000000e+00   4.853271e-01   5.235169e-07 
          4559   1.599003e-07   1.429328e-03   1.149412e-03   2.951696e-06   0.000000e+00   4.851296e-01   5.234681e-07 
          4560   1.600341e-07   1.429231e-03   1.150329e-03   2.949888e-06   0.000000e+00   4.849331e-01   5.234195e-07 
     Iteration     Continuity     X-momentum     Y-momentum     Z-momentum         Energy            Tke            Sdr 
          4561   1.602214e-07   1.429135e-03   1.151261e-03   2.948076e-06   0.000000e+00   4.847374e-01   5.233710e-07 
          4562   1.604202e-07   1.429040e-03   1.152165e-03   2.946470e-06   0.000000e+00   4.845420e-01   5.233226e-07 
          4563   1.606269e-07   1.428946e-03   1.153036e-03   2.944717e-06   0.000000e+00   4.843469e-01   5.232743e-07 
          4564   1.609292e-07   1.428851e-03   1.152859e-03   2.943299e-06   0.000000e+00   4.841520e-01   5.232261e-07 
          4565   1.611410e-07   1.428758e-03   1.153330e-03   2.941731e-06   0.000000e+00   4.839573e-01   5.231779e-07 
          4566   1.613304e-07   1.428664e-03   1.153983e-03   2.940184e-06   0.000000e+00   4.837629e-01   5.231298e-07 
          4567   1.615575e-07   1.428571e-03   1.154766e-03   2.938388e-06   0.000000e+00   4.835686e-01   5.230819e-07 
          4568   1.617681e-07   1.428475e-03   1.155546e-03   2.936528e-06   0.000000e+00   4.833722e-01   5.230338e-07 
          4569   1.619394e-07   1.428377e-03   1.156369e-03   2.934744e-06   0.000000e+00   4.831747e-01   5.229857e-07 
          4570   1.620855e-07   1.428279e-03   1.157134e-03   2.932967e-06   0.000000e+00   4.829780e-01   5.229377e-07 
     Iteration     Continuity     X-momentum     Y-momentum     Z-momentum         Energy            Tke            Sdr 
          4571   1.621128e-07   1.428183e-03   1.158129e-03   2.931304e-06   0.000000e+00   4.827821e-01   5.228899e-07 
          4572   1.622625e-07   1.428087e-03   1.158786e-03   2.929759e-06   0.000000e+00   4.825859e-01   5.228420e-07 
          4573   1.622560e-07   1.427990e-03   1.159567e-03   2.927950e-06   0.000000e+00   4.823896e-01   5.227942e-07 
          4574   1.624490e-07   1.427894e-03   1.160180e-03   2.926291e-06   0.000000e+00   4.821942e-01   5.227466e-07 
          4575   1.624060e-07   1.427799e-03   1.160918e-03   2.924441e-06   0.000000e+00   4.819995e-01   5.226990e-07 
          4576   1.625540e-07   1.427705e-03   1.161414e-03   2.922817e-06   0.000000e+00   4.818051e-01   5.226516e-07 
          4577   1.624592e-07   1.427609e-03   1.162041e-03   2.920997e-06   0.000000e+00   4.816092e-01   5.226041e-07 
          4578   1.625421e-07   1.427507e-03   1.162770e-03   2.919169e-06   0.000000e+00   4.814111e-01   5.225567e-07 
          4579   1.624420e-07   1.427408e-03   1.163350e-03   2.917342e-06   0.000000e+00   4.812141e-01   5.225093e-07 
          4580   1.625267e-07   1.427310e-03   1.163133e-03   2.915740e-06   0.000000e+00   4.810185e-01   5.224620e-07 
     Iteration     Continuity     X-momentum     Y-momentum     Z-momentum         Energy            Tke            Sdr 
          4581   1.624391e-07   1.427214e-03   1.162824e-03   2.913984e-06   0.000000e+00   4.808235e-01   5.224148e-07 
          4582   1.624892e-07   1.427116e-03   1.161860e-03   2.912327e-06   0.000000e+00   4.806276e-01   5.223676e-07 
          4583   1.623500e-07   1.427020e-03   1.160955e-03   2.910535e-06   0.000000e+00   4.804324e-01   5.223204e-07 
          4584   1.623611e-07   1.426925e-03   1.159630e-03   2.908657e-06   0.000000e+00   4.802379e-01   5.222734e-07 
          4585   1.623026e-07   1.426828e-03   1.158347e-03   2.906728e-06   0.000000e+00   4.800430e-01   5.222264e-07 
          4586   1.623368e-07   1.426733e-03   1.156775e-03   2.904801e-06   0.000000e+00   4.798486e-01   5.221795e-07 
          4587   1.622807e-07   1.426639e-03   1.155445e-03   2.903080e-06   0.000000e+00   4.796548e-01   5.221326e-07 
          4588   1.622171e-07   1.426543e-03   1.154132e-03   2.901644e-06   0.000000e+00   4.794597e-01   5.220857e-07 
          4589   1.621695e-07   1.426445e-03   1.152965e-03   2.900104e-06   0.000000e+00   4.792643e-01   5.220377e-07 
          4590   1.621914e-07   1.426346e-03   1.151270e-03   2.898500e-06   0.000000e+00   4.790685e-01   5.219891e-07 
     Iteration     Continuity     X-momentum     Y-momentum     Z-momentum         Energy            Tke            Sdr 
          4591   1.621643e-07   1.426248e-03   1.149701e-03   2.896953e-06   0.000000e+00   4.788736e-01   5.219409e-07 
          4592   1.621783e-07   1.426151e-03   1.147515e-03   2.895209e-06   0.000000e+00   4.786796e-01   5.218929e-07 
          4593   1.621377e-07   1.426056e-03   1.145871e-03   2.893338e-06   0.000000e+00   4.784862e-01   5.218451e-07 
          4594   1.621184e-07   1.425961e-03   1.144189e-03   2.891591e-06   0.000000e+00   4.782931e-01   5.217975e-07 
          4595   1.621106e-07   1.425867e-03   1.142508e-03   2.889898e-06   0.000000e+00   4.781004e-01   5.217500e-07 
          4596   1.620728e-07   1.425773e-03   1.141094e-03   2.888340e-06   0.000000e+00   4.779079e-01   5.217025e-07 
          4597   1.620196e-07   1.425680e-03   1.139422e-03   2.886558e-06   0.000000e+00   4.777155e-01   5.216552e-07 
          4598   1.620524e-07   1.425587e-03   1.137802e-03   2.884697e-06   0.000000e+00   4.775234e-01   5.216079e-07 
          4599   1.619404e-07   1.425494e-03   1.136498e-03   2.882974e-06   0.000000e+00   4.773314e-01   5.215607e-07 
          4600   1.619617e-07   1.425402e-03   1.134861e-03   2.881281e-06   0.000000e+00   4.771397e-01   5.215136e-07 
     Iteration     Continuity     X-momentum     Y-momentum     Z-momentum         Energy            Tke            Sdr 
          4601   1.619212e-07   1.425310e-03   1.133452e-03   2.879542e-06   0.000000e+00   4.769481e-01   5.214666e-07 
          4602   1.618792e-07   1.425218e-03   1.131960e-03   2.878057e-06   0.000000e+00   4.767567e-01   5.214196e-07 
          4603   1.617992e-07   1.425127e-03   1.130413e-03   2.876474e-06   0.000000e+00   4.765654e-01   5.213727e-07 
          4604   1.618183e-07   1.425036e-03   1.128894e-03   2.874816e-06   0.000000e+00   4.763743e-01   5.213259e-07 
          4605   1.616404e-07   1.424945e-03   1.127606e-03   2.873272e-06   0.000000e+00   4.761833e-01   5.212791e-07 
          4606   1.614067e-07   1.424854e-03   1.126290e-03   2.871620e-06   0.000000e+00   4.759924e-01   5.212324e-07 
          4607   1.613292e-07   1.424763e-03   1.124764e-03   2.869935e-06   0.000000e+00   4.758016e-01   5.211857e-07 
          4608   1.613181e-07   1.424673e-03   1.123533e-03   2.868517e-06   0.000000e+00   4.756110e-01   5.211391e-07 
          4609   1.613430e-07   1.424583e-03   1.122096e-03   2.866969e-06   0.000000e+00   4.754204e-01   5.210926e-07 
          4610   1.614945e-07   1.424492e-03   1.120682e-03   2.865444e-06   0.000000e+00   4.752298e-01   5.210461e-07 
     Iteration     Continuity     X-momentum     Y-momentum     Z-momentum         Energy            Tke            Sdr 
          4611   1.615742e-07   1.424402e-03   1.119409e-03   2.863703e-06   0.000000e+00   4.750392e-01   5.209997e-07 
          4612   1.616223e-07   1.424312e-03   1.118181e-03   2.861980e-06   0.000000e+00   4.748488e-01   5.209533e-07 
          4613   1.617287e-07   1.424222e-03   1.116699e-03   2.860297e-06   0.000000e+00   4.746586e-01   5.209070e-07 
          4614   1.618550e-07   1.424132e-03   1.115435e-03   2.858460e-06   0.000000e+00   4.744685e-01   5.208608e-07 
          4615   1.618918e-07   1.424043e-03   1.114241e-03   2.856826e-06   0.000000e+00   4.742785e-01   5.208146e-07 
          4616   1.619572e-07   1.423953e-03   1.113067e-03   2.855252e-06   0.000000e+00   4.740886e-01   5.207684e-07 
          4617   1.620160e-07   1.423864e-03   1.111759e-03   2.853701e-06   0.000000e+00   4.738988e-01   5.207224e-07 
          4618   1.620507e-07   1.423774e-03   1.110502e-03   2.851992e-06   0.000000e+00   4.737091e-01   5.206763e-07 
          4619   1.621397e-07   1.423685e-03   1.109371e-03   2.850528e-06   0.000000e+00   4.735195e-01   5.206303e-07 
          4620   1.622173e-07   1.423596e-03   1.108093e-03   2.848898e-06   0.000000e+00   4.733300e-01   5.205844e-07 
     Iteration     Continuity     X-momentum     Y-momentum     Z-momentum         Energy            Tke            Sdr 
          4621   1.622547e-07   1.423507e-03   1.106846e-03   2.847371e-06   0.000000e+00   4.731406e-01   5.205385e-07 
          4622   1.623128e-07   1.423419e-03   1.105706e-03   2.845748e-06   0.000000e+00   4.729513e-01   5.204927e-07 
          4623   1.622935e-07   1.423330e-03   1.104530e-03   2.844084e-06   0.000000e+00   4.727620e-01   5.204470e-07 
          4624   1.622826e-07   1.423241e-03   1.103483e-03   2.842469e-06   0.000000e+00   4.725729e-01   5.204013e-07 
          4625   1.622921e-07   1.423153e-03   1.102170e-03   2.841011e-06   0.000000e+00   4.723837e-01   5.203556e-07 
          4626   1.621750e-07   1.423054e-03   1.101061e-03   2.839417e-06   0.000000e+00   4.721902e-01   5.203100e-07 
          4627   1.622962e-07   1.422957e-03   1.099691e-03   2.837825e-06   0.000000e+00   4.719983e-01   5.202644e-07 
          4628   1.624357e-07   1.422863e-03   1.098668e-03   2.836119e-06   0.000000e+00   4.718073e-01   5.202189e-07 
          4629   1.628385e-07   1.422769e-03   1.097375e-03   2.834392e-06   0.000000e+00   4.716169e-01   5.201735e-07 
          4630   1.632174e-07   1.422676e-03   1.096362e-03   2.832622e-06   0.000000e+00   4.714268e-01   5.201281e-07 
     Iteration     Continuity     X-momentum     Y-momentum     Z-momentum         Energy            Tke            Sdr 
          4631   1.637146e-07   1.422584e-03   1.095088e-03   2.830689e-06   0.000000e+00   4.712369e-01   5.200827e-07 
          4632   1.641368e-07   1.422493e-03   1.093986e-03   2.828756e-06   0.000000e+00   4.710474e-01   5.200374e-07 
          4633   1.645915e-07   1.422401e-03   1.092870e-03   2.826834e-06   0.000000e+00   4.708580e-01   5.199922e-07 
          4634   1.650620e-07   1.422310e-03   1.091956e-03   2.825007e-06   0.000000e+00   4.706688e-01   5.199470e-07 
          4635   1.655744e-07   1.422220e-03   1.090927e-03   2.823160e-06   0.000000e+00   4.704798e-01   5.199018e-07 
          4636   1.659724e-07   1.422129e-03   1.090005e-03   2.821440e-06   0.000000e+00   4.702909e-01   5.198567e-07 
          4637   1.663723e-07   1.422039e-03   1.089003e-03   2.819625e-06   0.000000e+00   4.701022e-01   5.198117e-07 
          4638   1.666556e-07   1.421949e-03   1.088088e-03   2.817975e-06   0.000000e+00   4.699136e-01   5.197667e-07 
          4639   1.669130e-07   1.421859e-03   1.087151e-03   2.816235e-06   0.000000e+00   4.697251e-01   5.197217e-07 
          4640   1.671277e-07   1.421770e-03   1.086238e-03   2.814525e-06   0.000000e+00   4.695368e-01   5.196768e-07 
     Iteration     Continuity     X-momentum     Y-momentum     Z-momentum         Energy            Tke            Sdr 
          4641   1.673099e-07   1.421680e-03   1.085138e-03   2.812602e-06   0.000000e+00   4.693486e-01   5.196319e-07 
          4642   1.674113e-07   1.421591e-03   1.084192e-03   2.810832e-06   0.000000e+00   4.691604e-01   5.195871e-07 
          4643   1.674631e-07   1.421502e-03   1.083200e-03   2.809001e-06   0.000000e+00   4.689724e-01   5.195423e-07 
          4644   1.675645e-07   1.421413e-03   1.082557e-03   2.807444e-06   0.000000e+00   4.687845e-01   5.194976e-07 
          4645   1.676120e-07   1.421324e-03   1.081672e-03   2.805848e-06   0.000000e+00   4.685967e-01   5.194530e-07 
          4646   1.676486e-07   1.421235e-03   1.080892e-03   2.804383e-06   0.000000e+00   4.684090e-01   5.194083e-07 
          4647   1.674182e-07   1.421146e-03   1.080162e-03   2.802881e-06   0.000000e+00   4.682213e-01   5.193638e-07 
          4648   1.670635e-07   1.421058e-03   1.079488e-03   2.801423e-06   0.000000e+00   4.680337e-01   5.193192e-07 
          4649   1.666990e-07   1.420962e-03   1.078712e-03   2.799919e-06   0.000000e+00   4.678446e-01   5.192729e-07 
          4650   1.664084e-07   1.420866e-03   1.077708e-03   2.798312e-06   0.000000e+00   4.676557e-01   5.192267e-07 
     Iteration     Continuity     X-momentum     Y-momentum     Z-momentum         Energy            Tke            Sdr 
          4651   1.662072e-07   1.420771e-03   1.076910e-03   2.796735e-06   0.000000e+00   4.674672e-01   5.191810e-07 
          4652   1.660318e-07   1.420678e-03   1.076081e-03   2.795060e-06   0.000000e+00   4.672790e-01   5.191355e-07 
          4653   1.659362e-07   1.420585e-03   1.075506e-03   2.793529e-06   0.000000e+00   4.670910e-01   5.190901e-07 
          4654   1.658391e-07   1.420490e-03   1.074978e-03   2.791793e-06   0.000000e+00   4.669021e-01   5.190449e-07 
          4655   1.658419e-07   1.420391e-03   1.074510e-03   2.789988e-06   0.000000e+00   4.667104e-01   5.189997e-07 
          4656   1.659565e-07   1.420293e-03   1.073507e-03   2.788319e-06   0.000000e+00   4.665203e-01   5.189547e-07 
          4657   1.661999e-07   1.420198e-03   1.071631e-03   2.786903e-06   0.000000e+00   4.663312e-01   5.189097e-07 
          4658   1.663444e-07   1.420103e-03   1.069894e-03   2.785604e-06   0.000000e+00   4.661425e-01   5.188649e-07 
          4659   1.659772e-07   1.420008e-03   1.068112e-03   2.784432e-06   0.000000e+00   4.659536e-01   5.188201e-07 
          4660   1.654755e-07   1.419909e-03   1.066558e-03   2.783437e-06   0.000000e+00   4.657619e-01   5.187753e-07 
     Iteration     Continuity     X-momentum     Y-momentum     Z-momentum         Energy            Tke            Sdr 
          4661   1.649491e-07   1.419812e-03   1.064780e-03   2.782314e-06   0.000000e+00   4.655720e-01   5.187305e-07 
          4662   1.644448e-07   1.419716e-03   1.063256e-03   2.781300e-06   0.000000e+00   4.653829e-01   5.186859e-07 
          4663   1.638214e-07   1.419619e-03   1.061364e-03   2.780008e-06   0.000000e+00   4.651937e-01   5.186413e-07 
          4664   1.627215e-07   1.419514e-03   1.059430e-03   2.778524e-06   0.000000e+00   4.650025e-01   5.185961e-07 
          4665   1.615407e-07   1.419412e-03   1.057640e-03   2.777013e-06   0.000000e+00   4.648125e-01   5.185513e-07 
          4666   1.611445e-07   1.419312e-03   1.055611e-03   2.775559e-06   0.000000e+00   4.646233e-01   5.185066e-07 
          4667   1.613217e-07   1.419214e-03   1.053725e-03   2.773931e-06   0.000000e+00   4.644346e-01   5.184621e-07 
          4668   1.617480e-07   1.419116e-03   1.051521e-03   2.772345e-06   0.000000e+00   4.642463e-01   5.184177e-07 
          4669   1.620761e-07   1.419019e-03   1.049370e-03   2.770697e-06   0.000000e+00   4.640583e-01   5.183734e-07 
          4670   1.622014e-07   1.418923e-03   1.047485e-03   2.769106e-06   0.000000e+00   4.638706e-01   5.183292e-07 
     Iteration     Continuity     X-momentum     Y-momentum     Z-momentum         Energy            Tke            Sdr 
          4671   1.622757e-07   1.418827e-03   1.045342e-03   2.767475e-06   0.000000e+00   4.636829e-01   5.182851e-07 
          4672   1.622607e-07   1.418732e-03   1.043427e-03   2.765943e-06   0.000000e+00   4.634954e-01   5.182410e-07 
          4673   1.622444e-07   1.418637e-03   1.041335e-03   2.764474e-06   0.000000e+00   4.633082e-01   5.181970e-07 
          4674   1.622352e-07   1.418543e-03   1.039198e-03   2.763075e-06   0.000000e+00   4.631212e-01   5.181531e-07 
          4675   1.621711e-07   1.418448e-03   1.037127e-03   2.761583e-06   0.000000e+00   4.629345e-01   5.181093e-07 
          4676   1.622332e-07   1.418355e-03   1.034938e-03   2.760054e-06   0.000000e+00   4.627479e-01   5.180655e-07 
          4677   1.623193e-07   1.418261e-03   1.032970e-03   2.758477e-06   0.000000e+00   4.625615e-01   5.180218e-07 
          4678   1.615806e-07   1.418168e-03   1.031012e-03   2.756910e-06   0.000000e+00   4.623752e-01   5.179782e-07 
          4679   1.593070e-07   1.418076e-03   1.028887e-03   2.755271e-06   0.000000e+00   4.621890e-01   5.179346e-07 
          4680   1.584089e-07   1.417979e-03   1.027045e-03   2.753734e-06   0.000000e+00   4.620022e-01   5.178892e-07 
     Iteration     Continuity     X-momentum     Y-momentum     Z-momentum         Energy            Tke            Sdr 
          4681   1.584519e-07   1.417881e-03   1.024860e-03   2.752259e-06   0.000000e+00   4.618154e-01   5.178434e-07 
          4682   1.589320e-07   1.417784e-03   1.022959e-03   2.750882e-06   0.000000e+00   4.616290e-01   5.177981e-07 
          4683   1.595664e-07   1.417688e-03   1.020732e-03   2.749312e-06   0.000000e+00   4.614427e-01   5.177531e-07 
          4684   1.601521e-07   1.417593e-03   1.018822e-03   2.747821e-06   0.000000e+00   4.612567e-01   5.177084e-07 
          4685   1.607851e-07   1.417498e-03   1.016560e-03   2.746294e-06   0.000000e+00   4.610708e-01   5.176638e-07 
          4686   1.613085e-07   1.417404e-03   1.014479e-03   2.744715e-06   0.000000e+00   4.608850e-01   5.176193e-07 
          4687   1.616696e-07   1.417309e-03   1.012342e-03   2.743316e-06   0.000000e+00   4.606994e-01   5.175750e-07 
          4688   1.620503e-07   1.417215e-03   1.010157e-03   2.742083e-06   0.000000e+00   4.605139e-01   5.175308e-07 
          4689   1.622668e-07   1.417122e-03   1.008137e-03   2.741014e-06   0.000000e+00   4.603285e-01   5.174867e-07 
          4690   1.624705e-07   1.417028e-03   1.005943e-03   2.739693e-06   0.000000e+00   4.601433e-01   5.174426e-07 
     Iteration     Continuity     X-momentum     Y-momentum     Z-momentum         Energy            Tke            Sdr 
          4691   1.626348e-07   1.416935e-03   1.003868e-03   2.738211e-06   0.000000e+00   4.599582e-01   5.173987e-07 
          4692   1.627309e-07   1.416842e-03   1.001779e-03   2.736638e-06   0.000000e+00   4.597732e-01   5.173549e-07 
          4693   1.628848e-07   1.416749e-03   9.995990e-04   2.734921e-06   0.000000e+00   4.595883e-01   5.173111e-07 
          4694   1.629460e-07   1.416657e-03   9.977342e-04   2.733458e-06   0.000000e+00   4.594035e-01   5.172675e-07 
          4695   1.629983e-07   1.416564e-03   9.955203e-04   2.731889e-06   0.000000e+00   4.592188e-01   5.172239e-07 
          4696   1.629782e-07   1.416472e-03   9.936664e-04   2.730387e-06   0.000000e+00   4.590342e-01   5.171804e-07 
          4697   1.630696e-07   1.416380e-03   9.914953e-04   2.728876e-06   0.000000e+00   4.588498e-01   5.171369e-07 
          4698   1.630830e-07   1.416288e-03   9.895673e-04   2.727378e-06   0.000000e+00   4.586654e-01   5.170936e-07 
          4699   1.631300e-07   1.416196e-03   9.874559e-04   2.725872e-06   0.000000e+00   4.584808e-01   5.170503e-07 
          4700   1.631279e-07   1.416087e-03   9.855324e-04   2.724394e-06   0.000000e+00   4.582891e-01   5.170070e-07 
     Iteration     Continuity     X-momentum     Y-momentum     Z-momentum         Energy            Tke            Sdr 
          4701   1.631643e-07   1.415980e-03   9.833394e-04   2.722894e-06   0.000000e+00   4.580990e-01   5.169638e-07 
          4702   1.631529e-07   1.415877e-03   9.812117e-04   2.721520e-06   0.000000e+00   4.579110e-01   5.169207e-07 
          4703   1.631977e-07   1.415775e-03   9.789109e-04   2.720044e-06   0.000000e+00   4.577239e-01   5.168777e-07 
          4704   1.631068e-07   1.415676e-03   9.769306e-04   2.718653e-06   0.000000e+00   4.575374e-01   5.168347e-07 
          4705   1.632109e-07   1.415576e-03   9.748156e-04   2.717302e-06   0.000000e+00   4.573512e-01   5.167908e-07 
          4706   1.632790e-07   1.415476e-03   9.728573e-04   2.715712e-06   0.000000e+00   4.571654e-01   5.167466e-07 
          4707   1.634651e-07   1.415377e-03   9.707462e-04   2.714217e-06   0.000000e+00   4.569798e-01   5.167026e-07 
          4708   1.635817e-07   1.415278e-03   9.686561e-04   2.712595e-06   0.000000e+00   4.567942e-01   5.166588e-07 
          4709   1.637835e-07   1.415180e-03   9.663869e-04   2.711003e-06   0.000000e+00   4.566089e-01   5.166150e-07 
          4710   1.639173e-07   1.415083e-03   9.645322e-04   2.709737e-06   0.000000e+00   4.564240e-01   5.165715e-07 
     Iteration     Continuity     X-momentum     Y-momentum     Z-momentum         Energy            Tke            Sdr 
          4711   1.640868e-07   1.414986e-03   9.622941e-04   2.708342e-06   0.000000e+00   4.562394e-01   5.165280e-07 
          4712   1.642209e-07   1.414890e-03   9.602450e-04   2.707048e-06   0.000000e+00   4.560550e-01   5.164846e-07 
          4713   1.643518e-07   1.414795e-03   9.579849e-04   2.705809e-06   0.000000e+00   4.558708e-01   5.164413e-07 
          4714   1.644666e-07   1.414699e-03   9.557110e-04   2.704317e-06   0.000000e+00   4.556867e-01   5.163981e-07 
          4715   1.645426e-07   1.414604e-03   9.534247e-04   2.702875e-06   0.000000e+00   4.555029e-01   5.163550e-07 
          4716   1.646242e-07   1.414510e-03   9.509956e-04   2.701268e-06   0.000000e+00   4.553193e-01   5.163119e-07 
          4717   1.645768e-07   1.414416e-03   9.487139e-04   2.699837e-06   0.000000e+00   4.551357e-01   5.162689e-07 
          4718   1.646039e-07   1.414322e-03   9.461936e-04   2.698425e-06   0.000000e+00   4.549524e-01   5.162260e-07 
          4719   1.645856e-07   1.414226e-03   9.438629e-04   2.696960e-06   0.000000e+00   4.547686e-01   5.161829e-07 
          4720   1.646912e-07   1.414123e-03   9.415034e-04   2.695483e-06   0.000000e+00   4.545831e-01   5.161387e-07 
     Iteration     Continuity     X-momentum     Y-momentum     Z-momentum         Energy            Tke            Sdr 
          4721   1.647538e-07   1.414022e-03   9.392363e-04   2.694025e-06   0.000000e+00   4.543984e-01   5.160950e-07 
          4722   1.647674e-07   1.413923e-03   9.369655e-04   2.692628e-06   0.000000e+00   4.542142e-01   5.160516e-07 
          4723   1.647439e-07   1.413825e-03   9.346397e-04   2.691242e-06   0.000000e+00   4.540303e-01   5.160083e-07 
          4724   1.646752e-07   1.413727e-03   9.324122e-04   2.689902e-06   0.000000e+00   4.538467e-01   5.159652e-07 
          4725   1.645872e-07   1.413630e-03   9.300356e-04   2.688538e-06   0.000000e+00   4.536632e-01   5.159222e-07 
          4726   1.644112e-07   1.413527e-03   9.278051e-04   2.687301e-06   0.000000e+00   4.534777e-01   5.158791e-07 
          4727   1.643456e-07   1.413421e-03   9.253917e-04   2.685850e-06   0.000000e+00   4.532918e-01   5.158359e-07 
          4728   1.643379e-07   1.413318e-03   9.231996e-04   2.684286e-06   0.000000e+00   4.531069e-01   5.157930e-07 
          4729   1.642323e-07   1.413211e-03   9.211030e-04   2.682938e-06   0.000000e+00   4.529192e-01   5.157500e-07 
          4730   1.641490e-07   1.413107e-03   9.188361e-04   2.681448e-06   0.000000e+00   4.527332e-01   5.157072e-07 
     Iteration     Continuity     X-momentum     Y-momentum     Z-momentum         Energy            Tke            Sdr 
          4731   1.639716e-07   1.413005e-03   9.166768e-04   2.679999e-06   0.000000e+00   4.525483e-01   5.156645e-07 
          4732   1.637415e-07   1.412904e-03   9.145026e-04   2.678961e-06   0.000000e+00   4.523639e-01   5.156220e-07 
          4733   1.636876e-07   1.412804e-03   9.120146e-04   2.677864e-06   0.000000e+00   4.521800e-01   5.155795e-07 
          4734   1.636283e-07   1.412705e-03   9.098702e-04   2.676918e-06   0.000000e+00   4.519965e-01   5.155372e-07 
          4735   1.636450e-07   1.412606e-03   9.076037e-04   2.675752e-06   0.000000e+00   4.518132e-01   5.154950e-07 
          4736   1.636305e-07   1.412509e-03   9.055617e-04   2.674518e-06   0.000000e+00   4.516302e-01   5.154528e-07 
          4737   1.636822e-07   1.412411e-03   9.034502e-04   2.673079e-06   0.000000e+00   4.514475e-01   5.154108e-07 
          4738   1.636070e-07   1.412314e-03   9.016301e-04   2.671758e-06   0.000000e+00   4.512650e-01   5.153688e-07 
          4739   1.636664e-07   1.412213e-03   8.992994e-04   2.670408e-06   0.000000e+00   4.510809e-01   5.153268e-07 
          4740   1.637452e-07   1.412107e-03   8.971058e-04   2.669005e-06   0.000000e+00   4.508955e-01   5.152848e-07 
     Iteration     Continuity     X-momentum     Y-momentum     Z-momentum         Energy            Tke            Sdr 
          4741   1.638128e-07   1.412004e-03   8.948074e-04   2.667691e-06   0.000000e+00   4.507112e-01   5.152429e-07 
          4742   1.640426e-07   1.411903e-03   8.925054e-04   2.666451e-06   0.000000e+00   4.505277e-01   5.152012e-07 
          4743   1.627819e-07   1.411802e-03   8.904510e-04   2.665378e-06   0.000000e+00   4.503446e-01   5.151595e-07 
          4744   1.622846e-07   1.411703e-03   8.882795e-04   2.664130e-06   0.000000e+00   4.501620e-01   5.151179e-07 
          4745   1.627918e-07   1.411605e-03   8.871157e-04   2.663051e-06   0.000000e+00   4.499796e-01   5.150764e-07 
          4746   1.636785e-07   1.411507e-03   8.849395e-04   2.661945e-06   0.000000e+00   4.497974e-01   5.150349e-07 
          4747   1.646284e-07   1.411409e-03   8.829939e-04   2.660521e-06   0.000000e+00   4.496155e-01   5.149936e-07 
          4748   1.655161e-07   1.411312e-03   8.806859e-04   2.659062e-06   0.000000e+00   4.494335e-01   5.149523e-07 
          4749   1.662876e-07   1.411215e-03   8.782839e-04   2.657509e-06   0.000000e+00   4.492518e-01   5.149110e-07 
          4750   1.669159e-07   1.411119e-03   8.762390e-04   2.656005e-06   0.000000e+00   4.490703e-01   5.148699e-07 
     Iteration     Continuity     X-momentum     Y-momentum     Z-momentum         Energy            Tke            Sdr 
          4751   1.674855e-07   1.411023e-03   8.736348e-04   2.654406e-06   0.000000e+00   4.488891e-01   5.148288e-07 
          4752   1.679047e-07   1.410928e-03   8.713495e-04   2.652880e-06   0.000000e+00   4.487081e-01   5.147878e-07 
          4753   1.683572e-07   1.410833e-03   8.688168e-04   2.651302e-06   0.000000e+00   4.485273e-01   5.147468e-07 
          4754   1.686454e-07   1.410738e-03   8.668105e-04   2.650112e-06   0.000000e+00   4.483466e-01   5.147059e-07 
          4755   1.689600e-07   1.410639e-03   8.644819e-04   2.648908e-06   0.000000e+00   4.481634e-01   5.146650e-07 
          4756   1.692543e-07   1.410540e-03   8.622162e-04   2.647640e-06   0.000000e+00   4.479801e-01   5.146241e-07 
          4757   1.694226e-07   1.410442e-03   8.598820e-04   2.646460e-06   0.000000e+00   4.477979e-01   5.145834e-07 
          4758   1.696681e-07   1.410345e-03   8.574174e-04   2.645139e-06   0.000000e+00   4.476164e-01   5.145424e-07 
          4759   1.698621e-07   1.410249e-03   8.550690e-04   2.643791e-06   0.000000e+00   4.474352e-01   5.145016e-07 
          4760   1.700158e-07   1.410153e-03   8.532212e-04   2.642229e-06   0.000000e+00   4.472545e-01   5.144608e-07 
     Iteration     Continuity     X-momentum     Y-momentum     Z-momentum         Energy            Tke            Sdr 
          4761   1.701612e-07   1.410058e-03   8.511549e-04   2.640842e-06   0.000000e+00   4.470740e-01   5.144201e-07 
          4762   1.702937e-07   1.409964e-03   8.489307e-04   2.639440e-06   0.000000e+00   4.468937e-01   5.143795e-07 
          4763   1.703769e-07   1.409870e-03   8.468740e-04   2.638171e-06   0.000000e+00   4.467137e-01   5.143389e-07 
          4764   1.705378e-07   1.409776e-03   8.447700e-04   2.636902e-06   0.000000e+00   4.465338e-01   5.142984e-07 
          4765   1.706333e-07   1.409683e-03   8.427893e-04   2.635712e-06   0.000000e+00   4.463542e-01   5.142580e-07 
          4766   1.707555e-07   1.409590e-03   8.406951e-04   2.634296e-06   0.000000e+00   4.461747e-01   5.142176e-07 
          4767   1.708566e-07   1.409497e-03   8.387517e-04   2.633020e-06   0.000000e+00   4.459953e-01   5.141772e-07 
          4768   1.708273e-07   1.409405e-03   8.365918e-04   2.631701e-06   0.000000e+00   4.458162e-01   5.141370e-07 
          4769   1.709693e-07   1.409313e-03   8.343659e-04   2.630422e-06   0.000000e+00   4.456371e-01   5.140968e-07 
          4770   1.710079e-07   1.409221e-03   8.324084e-04   2.629237e-06   0.000000e+00   4.454582e-01   5.140566e-07 
     Iteration     Continuity     X-momentum     Y-momentum     Z-momentum         Energy            Tke            Sdr 
          4771   1.711259e-07   1.409129e-03   8.304448e-04   2.628040e-06   0.000000e+00   4.452794e-01   5.140165e-07 
          4772   1.711926e-07   1.409038e-03   8.287630e-04   2.626929e-06   0.000000e+00   4.451008e-01   5.139765e-07 
          4773   1.712423e-07   1.408946e-03   8.270896e-04   2.625541e-06   0.000000e+00   4.449223e-01   5.139365e-07 
          4774   1.712835e-07   1.408855e-03   8.254278e-04   2.624145e-06   0.000000e+00   4.447439e-01   5.138965e-07 
          4775   1.713172e-07   1.408765e-03   8.238250e-04   2.622461e-06   0.000000e+00   4.445656e-01   5.138566e-07 
          4776   1.712718e-07   1.408674e-03   8.220882e-04   2.620930e-06   0.000000e+00   4.443874e-01   5.138168e-07 
          4777   1.713169e-07   1.408583e-03   8.199674e-04   2.619365e-06   0.000000e+00   4.442093e-01   5.137770e-07 
          4778   1.778883e-07   1.408492e-03   8.181066e-04   2.617988e-06   0.000000e+00   4.440305e-01   5.137364e-07 
          4779   1.733074e-07   1.408398e-03   8.324381e-04   2.430586e-06   0.000000e+00   4.438499e-01   5.136982e-07 
          4780   1.714348e-07   1.408304e-03   8.205922e-04   2.482889e-06   0.000000e+00   4.436705e-01   5.136576e-07 
     Iteration     Continuity     X-momentum     Y-momentum     Z-momentum         Energy            Tke            Sdr 
          4781   1.703457e-07   1.408212e-03   8.125687e-04   2.545307e-06   0.000000e+00   4.434918e-01   5.136178e-07 
          4782   1.700823e-07   1.408121e-03   8.118273e-04   2.598493e-06   0.000000e+00   4.433134e-01   5.135782e-07 
          4783   1.765962e-07   1.408029e-03   8.098067e-04   2.629853e-06   0.000000e+00   4.431353e-01   5.135379e-07 
          4784   1.731028e-07   1.407939e-03   8.183664e-04   2.447707e-06   0.000000e+00   4.429573e-01   5.135000e-07 
          4785   1.714722e-07   1.407847e-03   8.072045e-04   2.494658e-06   0.000000e+00   4.427792e-01   5.134598e-07 
          4786   1.705402e-07   1.407757e-03   8.017267e-04   2.544962e-06   0.000000e+00   4.426013e-01   5.134203e-07 
          4787   1.703389e-07   1.407657e-03   8.018377e-04   2.585677e-06   0.000000e+00   4.424197e-01   5.133809e-07 
          4788   1.767854e-07   1.407560e-03   7.999111e-04   2.610142e-06   0.000000e+00   4.422396e-01   5.133409e-07 
          4789   1.731321e-07   1.407464e-03   8.121966e-04   2.430559e-06   0.000000e+00   4.420605e-01   5.133032e-07 
          4790   1.714005e-07   1.407370e-03   8.022406e-04   2.481995e-06   0.000000e+00   4.418819e-01   5.132633e-07 
     Iteration     Continuity     X-momentum     Y-momentum     Z-momentum         Energy            Tke            Sdr 
          4791   1.704432e-07   1.407277e-03   7.941946e-04   2.538174e-06   0.000000e+00   4.417037e-01   5.132240e-07 
          4792   1.701529e-07   1.407184e-03   7.949959e-04   2.583046e-06   0.000000e+00   4.415258e-01   5.131849e-07 
          4793   1.766779e-07   1.407092e-03   7.940751e-04   2.609361e-06   0.000000e+00   4.413482e-01   5.131451e-07 
          4794   1.732606e-07   1.407000e-03   8.018943e-04   2.427033e-06   0.000000e+00   4.411708e-01   5.131077e-07 
          4795   1.715619e-07   1.406909e-03   7.931801e-04   2.475740e-06   0.000000e+00   4.409935e-01   5.130680e-07 
          4796   1.705412e-07   1.406817e-03   7.859463e-04   2.529150e-06   0.000000e+00   4.408165e-01   5.130290e-07 
          4797   1.703922e-07   1.406727e-03   7.861455e-04   2.572739e-06   0.000000e+00   4.406396e-01   5.129901e-07 
          4798   1.768583e-07   1.406636e-03   7.847706e-04   2.598602e-06   0.000000e+00   4.404629e-01   5.129504e-07 
          4799   1.734095e-07   1.406546e-03   7.938770e-04   2.417716e-06   0.000000e+00   4.402863e-01   5.129133e-07 
          4800   1.716245e-07   1.406450e-03   7.863627e-04   2.468406e-06   0.000000e+00   4.401070e-01   5.128738e-07 
     Iteration     Continuity     X-momentum     Y-momentum     Z-momentum         Energy            Tke            Sdr 
          4801   1.706297e-07   1.406353e-03   7.785906e-04   2.523254e-06   0.000000e+00   4.399276e-01   5.128350e-07 
          4802   1.704077e-07   1.406259e-03   7.785089e-04   2.567663e-06   0.000000e+00   4.397495e-01   5.127963e-07 
          4803   1.767556e-07   1.406165e-03   7.779848e-04   2.593848e-06   0.000000e+00   4.395719e-01   5.127569e-07 
          4804   1.734542e-07   1.406073e-03   7.888685e-04   2.411310e-06   0.000000e+00   4.393948e-01   5.127199e-07 
          4805   1.716694e-07   1.405981e-03   7.795136e-04   2.461505e-06   0.000000e+00   4.392179e-01   5.126806e-07 
          4806   1.707169e-07   1.405889e-03   7.731939e-04   2.515856e-06   0.000000e+00   4.390414e-01   5.126420e-07 
          4807   1.705041e-07   1.405798e-03   7.690521e-04   2.560045e-06   0.000000e+00   4.388650e-01   5.126035e-07 
          4808   1.769137e-07   1.405707e-03   7.679016e-04   2.586558e-06   0.000000e+00   4.386889e-01   5.125644e-07 
          4809   1.734686e-07   1.405617e-03   7.801915e-04   2.405001e-06   0.000000e+00   4.385130e-01   5.125275e-07 
          4810   1.716680e-07   1.405527e-03   7.706984e-04   2.454890e-06   0.000000e+00   4.383372e-01   5.124885e-07 
     Iteration     Continuity     X-momentum     Y-momentum     Z-momentum         Energy            Tke            Sdr 
          4811   1.707326e-07   1.405437e-03   7.627212e-04   2.509696e-06   0.000000e+00   4.381615e-01   5.124501e-07 
          4812   1.760407e-07   1.405347e-03   7.582604e-04   2.554336e-06   0.000000e+00   4.379861e-01   5.124111e-07 
          4813   1.729760e-07   1.405258e-03   7.699913e-04   2.393516e-06   0.000000e+00   4.378107e-01   5.123744e-07 
          4814   1.712413e-07   1.405169e-03   7.635525e-04   2.455660e-06   0.000000e+00   4.376355e-01   5.123355e-07 
          4815   1.702629e-07   1.405079e-03   7.542771e-04   2.515661e-06   0.000000e+00   4.374601e-01   5.122973e-07 
          4816   1.758196e-07   1.404986e-03   7.539608e-04   2.559256e-06   0.000000e+00   4.372827e-01   5.122579e-07 
          4817   1.729364e-07   1.404885e-03   7.595781e-04   2.393019e-06   0.000000e+00   4.371037e-01   5.122176e-07 
          4818   1.713062e-07   1.404781e-03   7.551438e-04   2.449640e-06   0.000000e+00   4.369253e-01   5.121748e-07 
          4819   1.706043e-07   1.404681e-03   7.467492e-04   2.506198e-06   0.000000e+00   4.367478e-01   5.121334e-07 
          4820   1.762292e-07   1.404582e-03   7.436616e-04   2.549153e-06   0.000000e+00   4.365708e-01   5.120919e-07 
     Iteration     Continuity     X-momentum     Y-momentum     Z-momentum         Energy            Tke            Sdr 
          4821   1.629153e-07   1.404483e-03   7.537606e-04   2.384211e-06   0.000000e+00   4.363941e-01   5.120519e-07 
          4822   1.532401e-07   1.404385e-03   7.478586e-04   2.443278e-06   0.000000e+00   4.362177e-01   5.120098e-07 
          4823   1.478497e-07   1.404287e-03   7.405796e-04   2.501816e-06   0.000000e+00   4.360415e-01   5.119686e-07 
          4824   1.521112e-07   1.404190e-03   7.369874e-04   2.545927e-06   0.000000e+00   4.358656e-01   5.119270e-07 
          4825   1.462326e-07   1.404094e-03   7.475591e-04   2.380377e-06   0.000000e+00   4.356899e-01   5.118878e-07 
          4826   1.460938e-07   1.403998e-03   7.417741e-04   2.438809e-06   0.000000e+00   4.355144e-01   5.118466e-07 
          4827   1.466104e-07   1.403903e-03   7.346805e-04   2.496453e-06   0.000000e+00   4.353391e-01   5.118062e-07 
          4828   1.540224e-07   1.403807e-03   7.316738e-04   2.540150e-06   0.000000e+00   4.351639e-01   5.117652e-07 
          4829   1.500822e-07   1.403713e-03   7.402724e-04   2.374296e-06   0.000000e+00   4.349889e-01   5.117266e-07 
          4830   1.501422e-07   1.403619e-03   7.356522e-04   2.433217e-06   0.000000e+00   4.348140e-01   5.116860e-07 
     Iteration     Continuity     X-momentum     Y-momentum     Z-momentum         Energy            Tke            Sdr 
          4831   1.505511e-07   1.403524e-03   7.284490e-04   2.491336e-06   0.000000e+00   4.346393e-01   5.116460e-07 
          4832   1.574898e-07   1.403431e-03   7.256076e-04   2.534566e-06   0.000000e+00   4.344647e-01   5.116055e-07 
          4833   1.533380e-07   1.403337e-03   7.362473e-04   2.368706e-06   0.000000e+00   4.342902e-01   5.115673e-07 
          4834   1.528883e-07   1.403244e-03   7.310347e-04   2.427602e-06   0.000000e+00   4.341158e-01   5.115270e-07 
          4835   1.528175e-07   1.403151e-03   7.237011e-04   2.486065e-06   0.000000e+00   4.339416e-01   5.114874e-07 
          4836   1.592662e-07   1.403058e-03   7.206559e-04   2.530007e-06   0.000000e+00   4.337675e-01   5.114473e-07 
          4837   1.549019e-07   1.402966e-03   7.316437e-04   2.363588e-06   0.000000e+00   4.335935e-01   5.114094e-07 
          4838   1.541343e-07   1.402873e-03   7.267687e-04   2.422493e-06   0.000000e+00   4.334196e-01   5.113695e-07 
          4839   1.537742e-07   1.402781e-03   7.200352e-04   2.480917e-06   0.000000e+00   4.332459e-01   5.113303e-07 
          4840   1.599657e-07   1.402689e-03   7.165936e-04   2.524708e-06   0.000000e+00   4.330722e-01   5.112905e-07 
     Iteration     Continuity     X-momentum     Y-momentum     Z-momentum         Energy            Tke            Sdr 
          4841   1.554547e-07   1.402596e-03   7.277091e-04   2.358206e-06   0.000000e+00   4.328981e-01   5.112529e-07 
          4842   1.545253e-07   1.402503e-03   7.236899e-04   2.417369e-06   0.000000e+00   4.327244e-01   5.112133e-07 
          4843   1.540745e-07   1.402411e-03   7.165515e-04   2.475889e-06   0.000000e+00   4.325508e-01   5.111744e-07 
          4844   1.601564e-07   1.402319e-03   7.137744e-04   2.519995e-06   0.000000e+00   4.323774e-01   5.111349e-07 
          4845   1.556089e-07   1.402228e-03   7.250665e-04   2.353072e-06   0.000000e+00   4.322042e-01   5.110976e-07 
          4846   1.545517e-07   1.402136e-03   7.214768e-04   2.412010e-06   0.000000e+00   4.320307e-01   5.110583e-07 
          4847   1.539538e-07   1.402041e-03   7.138996e-04   2.470731e-06   0.000000e+00   4.318553e-01   5.110195e-07 
          4848   1.599515e-07   1.401948e-03   7.111617e-04   2.514758e-06   0.000000e+00   4.316810e-01   5.109803e-07 
          4849   1.553152e-07   1.401855e-03   7.224726e-04   2.347954e-06   0.000000e+00   4.315073e-01   5.109432e-07 
          4850   1.543291e-07   1.401758e-03   7.198895e-04   2.406659e-06   0.000000e+00   4.313316e-01   5.109041e-07 
     Iteration     Continuity     X-momentum     Y-momentum     Z-momentum         Energy            Tke            Sdr 
          4851   1.536847e-07   1.401660e-03   7.116342e-04   2.465018e-06   0.000000e+00   4.311555e-01   5.108657e-07 
          4852   1.597196e-07   1.401563e-03   7.127337e-04   2.509385e-06   0.000000e+00   4.309806e-01   5.108268e-07 
          4853   1.550624e-07   1.401468e-03   7.153201e-04   2.342723e-06   0.000000e+00   4.308064e-01   5.107900e-07 
          4854   1.540894e-07   1.401374e-03   7.166691e-04   2.401954e-06   0.000000e+00   4.306326e-01   5.107513e-07 
          4855   1.534221e-07   1.401280e-03   7.089694e-04   2.460716e-06   0.000000e+00   4.304592e-01   5.107131e-07 
          4856   1.592629e-07   1.401186e-03   7.116921e-04   2.505062e-06   0.000000e+00   4.302860e-01   5.106745e-07 
          4857   1.545429e-07   1.401094e-03   7.125477e-04   2.337259e-06   0.000000e+00   4.301130e-01   5.106380e-07 
          4858   1.534688e-07   1.401001e-03   7.138758e-04   2.396689e-06   0.000000e+00   4.299403e-01   5.105995e-07 
          4859   1.528625e-07   1.400909e-03   7.060450e-04   2.455488e-06   0.000000e+00   4.297677e-01   5.105616e-07 
          4860   1.588787e-07   1.400817e-03   7.096702e-04   2.499988e-06   0.000000e+00   4.295951e-01   5.105232e-07 
     Iteration     Continuity     X-momentum     Y-momentum     Z-momentum         Energy            Tke            Sdr 
          4861   1.543250e-07   1.400725e-03   7.110195e-04   2.331905e-06   0.000000e+00   4.294224e-01   5.104870e-07 
          4862   1.533719e-07   1.400633e-03   7.127437e-04   2.391687e-06   0.000000e+00   4.292500e-01   5.104487e-07 
          4863   1.581296e-07   1.400541e-03   7.036272e-04   2.450554e-06   0.000000e+00   4.290779e-01   5.104104e-07 
          4864   1.541933e-07   1.400450e-03   7.085800e-04   2.310315e-06   0.000000e+00   4.289059e-01   5.103743e-07 
          4865   1.531561e-07   1.400358e-03   7.098070e-04   2.385577e-06   0.000000e+00   4.287334e-01   5.103363e-07 
          4866   1.578971e-07   1.400262e-03   7.020873e-04   2.453293e-06   0.000000e+00   4.285584e-01   5.102980e-07 
          4867   1.541598e-07   1.400167e-03   7.074098e-04   2.314520e-06   0.000000e+00   4.283848e-01   5.102620e-07 
          4868   1.533030e-07   1.400074e-03   7.085417e-04   2.388312e-06   0.000000e+00   4.282121e-01   5.102241e-07 
          4869   1.582131e-07   1.399981e-03   7.019860e-04   2.453365e-06   0.000000e+00   4.280396e-01   5.101861e-07 
          4870   1.545087e-07   1.399886e-03   7.066905e-04   2.310451e-06   0.000000e+00   4.278665e-01   5.101500e-07 
     Iteration     Continuity     X-momentum     Y-momentum     Z-momentum         Energy            Tke            Sdr 
          4871   1.535561e-07   1.399783e-03   7.079808e-04   2.381087e-06   0.000000e+00   4.276913e-01   5.101114e-07 
          4872   1.583137e-07   1.399682e-03   7.011689e-04   2.444693e-06   0.000000e+00   4.275161e-01   5.100728e-07 
          4873   1.545622e-07   1.399583e-03   7.058185e-04   2.303454e-06   0.000000e+00   4.273423e-01   5.100367e-07 
          4874   1.536525e-07   1.399485e-03   7.078659e-04   2.376629e-06   0.000000e+00   4.271691e-01   5.099986e-07 
          4875   1.584186e-07   1.399389e-03   6.999351e-04   2.442252e-06   0.000000e+00   4.269964e-01   5.099606e-07 
          4876   1.547033e-07   1.399289e-03   7.057454e-04   2.301278e-06   0.000000e+00   4.268223e-01   5.099248e-07 
          4877   1.538064e-07   1.399184e-03   7.072548e-04   2.375274e-06   0.000000e+00   4.266465e-01   5.098870e-07 
          4878   1.585719e-07   1.399083e-03   7.006682e-04   2.441095e-06   0.000000e+00   4.264722e-01   5.098492e-07 
          4879   1.549132e-07   1.398983e-03   7.075838e-04   2.298826e-06   0.000000e+00   4.262988e-01   5.098136e-07 
          4880   1.539636e-07   1.398885e-03   7.082729e-04   2.372108e-06   0.000000e+00   4.261260e-01   5.097762e-07 
     Iteration     Continuity     X-momentum     Y-momentum     Z-momentum         Energy            Tke            Sdr 
          4881   1.587415e-07   1.398787e-03   7.020862e-04   2.437325e-06   0.000000e+00   4.259536e-01   5.097386e-07 
          4882   1.550592e-07   1.398691e-03   7.064631e-04   2.294809e-06   0.000000e+00   4.257815e-01   5.097033e-07 
          4883   1.528821e-07   1.398595e-03   7.079637e-04   2.368405e-06   0.000000e+00   4.256098e-01   5.096660e-07 
          4884   1.550637e-07   1.398499e-03   7.012099e-04   2.433436e-06   0.000000e+00   4.254383e-01   5.096286e-07 
          4885   1.501389e-07   1.398405e-03   7.072774e-04   2.291271e-06   0.000000e+00   4.252671e-01   5.095935e-07 
          4886   1.482012e-07   1.398311e-03   7.080764e-04   2.364361e-06   0.000000e+00   4.250961e-01   5.095564e-07 
          4887   1.520033e-07   1.398217e-03   7.034390e-04   2.430197e-06   0.000000e+00   4.249253e-01   5.095193e-07 
          4888   1.482264e-07   1.398124e-03   7.091769e-04   2.288185e-06   0.000000e+00   4.247547e-01   5.094842e-07 
          4889   1.469682e-07   1.398031e-03   7.102062e-04   2.361295e-06   0.000000e+00   4.245843e-01   5.094473e-07 
          4890   1.511462e-07   1.397936e-03   7.058519e-04   2.426520e-06   0.000000e+00   4.244127e-01   5.094103e-07 
     Iteration     Continuity     X-momentum     Y-momentum     Z-momentum         Energy            Tke            Sdr 
          4891   1.478319e-07   1.397840e-03   7.107228e-04   2.284488e-06   0.000000e+00   4.242405e-01   5.093753e-07 
          4892   1.467525e-07   1.397746e-03   7.123098e-04   2.357777e-06   0.000000e+00   4.240692e-01   5.093385e-07 
          4893   1.511304e-07   1.397652e-03   7.084185e-04   2.423185e-06   0.000000e+00   4.238986e-01   5.093017e-07 
          4894   1.478636e-07   1.397559e-03   7.135385e-04   2.281084e-06   0.000000e+00   4.237282e-01   5.092669e-07 
          4895   1.468785e-07   1.397466e-03   7.137401e-04   2.353965e-06   0.000000e+00   4.235582e-01   5.092303e-07 
          4896   1.512162e-07   1.397374e-03   7.093879e-04   2.419364e-06   0.000000e+00   4.233884e-01   5.091937e-07 
          4897   1.479982e-07   1.397283e-03   7.156946e-04   2.277141e-06   0.000000e+00   4.232188e-01   5.091591e-07 
          4898   1.470007e-07   1.397191e-03   7.165950e-04   2.350270e-06   0.000000e+00   4.230493e-01   5.091227e-07 
          4899   1.513273e-07   1.397100e-03   7.136205e-04   2.416099e-06   0.000000e+00   4.228800e-01   5.090862e-07 
          4900   1.482228e-07   1.397010e-03   7.190844e-04   2.273839e-06   0.000000e+00   4.227108e-01   5.090518e-07 
     Iteration     Continuity     X-momentum     Y-momentum     Z-momentum         Energy            Tke            Sdr 
          4901   1.473154e-07   1.396918e-03   7.196416e-04   2.346913e-06   0.000000e+00   4.225410e-01   5.090155e-07 
          4902   1.516597e-07   1.396826e-03   7.163165e-04   2.412729e-06   0.000000e+00   4.223717e-01   5.089791e-07 
          4903   1.486429e-07   1.396736e-03   7.219279e-04   2.270069e-06   0.000000e+00   4.222026e-01   5.089448e-07 
          4904   1.476706e-07   1.396644e-03   7.230206e-04   2.343239e-06   0.000000e+00   4.220331e-01   5.089087e-07 
          4905   1.520121e-07   1.396551e-03   7.196212e-04   2.409213e-06   0.000000e+00   4.218630e-01   5.088723e-07 
          4906   1.489868e-07   1.396460e-03   7.257413e-04   2.266428e-06   0.000000e+00   4.216937e-01   5.088381e-07 
          4907   1.480759e-07   1.396369e-03   7.270320e-04   2.339682e-06   0.000000e+00   4.215246e-01   5.088021e-07 
          4908   1.524105e-07   1.396272e-03   7.227013e-04   2.405640e-06   0.000000e+00   4.213544e-01   5.087649e-07 
          4909   1.494132e-07   1.396174e-03   7.293968e-04   2.262716e-06   0.000000e+00   4.211840e-01   5.087296e-07 
          4910   1.484862e-07   1.396077e-03   7.318875e-04   2.334834e-06   0.000000e+00   4.210136e-01   5.086927e-07 
     Iteration     Continuity     X-momentum     Y-momentum     Z-momentum         Energy            Tke            Sdr 
          4911   1.527947e-07   1.395981e-03   7.269773e-04   2.399596e-06   0.000000e+00   4.208439e-01   5.086559e-07 
          4912   1.497670e-07   1.395886e-03   7.331564e-04   2.257286e-06   0.000000e+00   4.206747e-01   5.086213e-07 
          4913   1.487025e-07   1.395792e-03   7.357716e-04   2.330388e-06   0.000000e+00   4.205057e-01   5.085849e-07 
          4914   1.527828e-07   1.395696e-03   7.308932e-04   2.396325e-06   0.000000e+00   4.203356e-01   5.085484e-07 
          4915   1.496062e-07   1.395602e-03   7.374494e-04   2.254145e-06   0.000000e+00   4.201662e-01   5.085141e-07 
          4916   1.485229e-07   1.395507e-03   7.397184e-04   2.328559e-06   0.000000e+00   4.199966e-01   5.084779e-07 
          4917   1.526691e-07   1.395413e-03   7.352824e-04   2.395222e-06   0.000000e+00   4.198273e-01   5.084417e-07 
          4918   1.495049e-07   1.395319e-03   7.416165e-04   2.251949e-06   0.000000e+00   4.196586e-01   5.084076e-07 
          4919   1.485948e-07   1.395225e-03   7.439902e-04   2.324816e-06   0.000000e+00   4.194897e-01   5.083716e-07 
          4920   1.527746e-07   1.395130e-03   7.394792e-04   2.390232e-06   0.000000e+00   4.193199e-01   5.083356e-07 
     Iteration     Continuity     X-momentum     Y-momentum     Z-momentum         Energy            Tke            Sdr 
          4921   1.497458e-07   1.395035e-03   7.459557e-04   2.247171e-06   0.000000e+00   4.191501e-01   5.083015e-07 
          4922   1.489171e-07   1.394939e-03   7.488186e-04   2.320181e-06   0.000000e+00   4.189802e-01   5.082657e-07 
          4923   1.528530e-07   1.394845e-03   7.444958e-04   2.386187e-06   0.000000e+00   4.188113e-01   5.082299e-07 
          4924   1.493453e-07   1.394752e-03   7.510620e-04   2.243315e-06   0.000000e+00   4.186429e-01   5.081961e-07 
          4925   1.480264e-07   1.394659e-03   7.533065e-04   2.317533e-06   0.000000e+00   4.184749e-01   5.081605e-07 
          4926   1.519664e-07   1.394567e-03   7.492387e-04   2.384325e-06   0.000000e+00   4.183072e-01   5.081248e-07 
          4927   1.488257e-07   1.394476e-03   7.563541e-04   2.240981e-06   0.000000e+00   4.181396e-01   5.080913e-07 
          4928   1.477682e-07   1.394379e-03   7.589584e-04   2.314384e-06   0.000000e+00   4.179698e-01   5.080559e-07 
          4929   1.519012e-07   1.394283e-03   7.550250e-04   2.380298e-06   0.000000e+00   4.178001e-01   5.080203e-07 
          4930   1.488267e-07   1.394188e-03   7.612336e-04   2.237075e-06   0.000000e+00   4.176315e-01   5.079869e-07 
     Iteration     Continuity     X-momentum     Y-momentum     Z-momentum         Energy            Tke            Sdr 
          4931   1.477233e-07   1.394094e-03   7.631348e-04   2.310661e-06   0.000000e+00   4.174633e-01   5.079517e-07 
          4932   1.518923e-07   1.394001e-03   7.589034e-04   2.377080e-06   0.000000e+00   4.172955e-01   5.079164e-07 
          4933   1.487907e-07   1.393909e-03   7.667200e-04   2.233479e-06   0.000000e+00   4.171280e-01   5.078831e-07 
          4934   1.477478e-07   1.393817e-03   7.685171e-04   2.307569e-06   0.000000e+00   4.169609e-01   5.078480e-07 
          4935   1.510998e-07   1.393726e-03   7.648592e-04   2.374374e-06   0.000000e+00   4.167940e-01   5.078128e-07 
          4936   1.470523e-07   1.393635e-03   7.723360e-04   2.230525e-06   0.000000e+00   4.166273e-01   5.077797e-07 
          4937   1.453005e-07   1.393544e-03   7.751521e-04   2.304262e-06   0.000000e+00   4.164607e-01   5.077444e-07 
          4938   1.490725e-07   1.393452e-03   7.705597e-04   2.370524e-06   0.000000e+00   4.162942e-01   5.077083e-07 
          4939   1.458223e-07   1.393360e-03   7.786524e-04   2.226514e-06   0.000000e+00   4.161276e-01   5.076743e-07 
          4940   1.447745e-07   1.393260e-03   7.807363e-04   2.300497e-06   0.000000e+00   4.159580e-01   5.076385e-07 
     Iteration     Continuity     X-momentum     Y-momentum     Z-momentum         Energy            Tke            Sdr 
          4941   1.488714e-07   1.393162e-03   7.763333e-04   2.367305e-06   0.000000e+00   4.157897e-01   5.076026e-07 
          4942   1.456365e-07   1.393066e-03   7.850271e-04   2.223091e-06   0.000000e+00   4.156222e-01   5.075689e-07 
          4943   1.447774e-07   1.392971e-03   7.880042e-04   2.297479e-06   0.000000e+00   4.154551e-01   5.075334e-07 
          4944   1.490227e-07   1.392877e-03   7.826773e-04   2.364457e-06   0.000000e+00   4.152882e-01   5.074979e-07 
          4945   1.460176e-07   1.392774e-03   7.911533e-04   2.220719e-06   0.000000e+00   4.151188e-01   5.074637e-07 
          4946   1.452199e-07   1.392673e-03   7.939312e-04   2.294587e-06   0.000000e+00   4.149504e-01   5.074279e-07 
          4947   1.494791e-07   1.392574e-03   7.894923e-04   2.361584e-06   0.000000e+00   4.147826e-01   5.073919e-07 
          4948   1.465697e-07   1.392472e-03   7.969703e-04   2.216661e-06   0.000000e+00   4.146146e-01   5.073560e-07 
          4949   1.456365e-07   1.392371e-03   7.994789e-04   2.288799e-06   0.000000e+00   4.144471e-01   5.073187e-07 
          4950   1.499505e-07   1.392272e-03   7.943670e-04   2.354196e-06   0.000000e+00   4.142800e-01   5.072817e-07 
     Iteration     Continuity     X-momentum     Y-momentum     Z-momentum         Energy            Tke            Sdr 
          4951   1.469509e-07   1.392174e-03   8.032078e-04   2.209620e-06   0.000000e+00   4.141132e-01   5.072468e-07 
          4952   1.494714e-07   1.392077e-03   8.053830e-04   2.283853e-06   0.000000e+00   4.139467e-01   5.072097e-07 
          4953   1.474313e-07   1.391981e-03   8.078225e-04   2.173647e-06   0.000000e+00   4.137804e-01   5.071751e-07 
          4954   1.461141e-07   1.391884e-03   8.120386e-04   2.270245e-06   0.000000e+00   4.136144e-01   5.071389e-07 
          4955   1.501682e-07   1.391789e-03   8.070803e-04   2.355487e-06   0.000000e+00   4.134485e-01   5.071026e-07 
          4956   1.474112e-07   1.391694e-03   8.151560e-04   2.217114e-06   0.000000e+00   4.132828e-01   5.070683e-07 
          4957   1.500640e-07   1.391599e-03   8.165698e-04   2.291170e-06   0.000000e+00   4.131173e-01   5.070318e-07 
          4958   1.481097e-07   1.391505e-03   8.197717e-04   2.174471e-06   0.000000e+00   4.129519e-01   5.069976e-07 
          4959   1.466404e-07   1.391411e-03   8.213382e-04   2.266113e-06   0.000000e+00   4.127867e-01   5.069619e-07 
          4960   1.506435e-07   1.391318e-03   8.180250e-04   2.348081e-06   0.000000e+00   4.126217e-01   5.069260e-07 
     Iteration     Continuity     X-momentum     Y-momentum     Z-momentum         Energy            Tke            Sdr 
          4961   1.477693e-07   1.391225e-03   8.269098e-04   2.208741e-06   0.000000e+00   4.124568e-01   5.068922e-07 
          4962   1.502454e-07   1.391132e-03   8.313352e-04   2.282454e-06   0.000000e+00   4.122920e-01   5.068561e-07 
          4963   1.481459e-07   1.391036e-03   8.321237e-04   2.167050e-06   0.000000e+00   4.121253e-01   5.068222e-07 
          4964   1.467214e-07   1.390940e-03   8.361940e-04   2.260686e-06   0.000000e+00   4.119585e-01   5.067867e-07 
          4965   1.506191e-07   1.390844e-03   8.310713e-04   2.343758e-06   0.000000e+00   4.117926e-01   5.067512e-07 
          4966   1.477222e-07   1.390750e-03   8.405391e-04   2.204242e-06   0.000000e+00   4.116272e-01   5.067176e-07 
          4967   1.502606e-07   1.390657e-03   8.437918e-04   2.277724e-06   0.000000e+00   4.114622e-01   5.066818e-07 
          4968   1.480071e-07   1.390564e-03   8.454808e-04   2.162025e-06   0.000000e+00   4.112975e-01   5.066483e-07 
          4969   1.497118e-07   1.390465e-03   8.486733e-04   2.254636e-06   0.000000e+00   4.111309e-01   5.066124e-07 
          4970   1.477150e-07   1.390360e-03   8.499733e-04   2.159914e-06   0.000000e+00   4.109619e-01   5.065787e-07 
     Iteration     Continuity     X-momentum     Y-momentum     Z-momentum         Energy            Tke            Sdr 
          4971   1.493697e-07   1.390254e-03   8.549972e-04   2.261170e-06   0.000000e+00   4.107930e-01   5.065429e-07 
          4972   1.475436e-07   1.390152e-03   8.562780e-04   2.164786e-06   0.000000e+00   4.106257e-01   5.065095e-07 
          4973   1.495377e-07   1.390052e-03   8.576855e-04   2.263453e-06   0.000000e+00   4.104593e-01   5.064739e-07 
          4974   1.479524e-07   1.389954e-03   8.623180e-04   2.162997e-06   0.000000e+00   4.102934e-01   5.064407e-07 
          4975   1.499774e-07   1.389856e-03   8.634413e-04   2.259836e-06   0.000000e+00   4.101280e-01   5.064053e-07 
          4976   1.483658e-07   1.389759e-03   8.673570e-04   2.159923e-06   0.000000e+00   4.099629e-01   5.063721e-07 
          4977   1.502253e-07   1.389663e-03   8.702747e-04   2.257210e-06   0.000000e+00   4.097981e-01   5.063369e-07 
          4978   1.485768e-07   1.389568e-03   8.728644e-04   2.158410e-06   0.000000e+00   4.096337e-01   5.063039e-07 
          4979   1.504549e-07   1.389472e-03   8.763386e-04   2.255936e-06   0.000000e+00   4.094692e-01   5.062686e-07 
          4980   1.487335e-07   1.389371e-03   8.789360e-04   2.155901e-06   0.000000e+00   4.093038e-01   5.062336e-07 
     Iteration     Continuity     X-momentum     Y-momentum     Z-momentum         Energy            Tke            Sdr 
          4981   1.506206e-07   1.389271e-03   8.810822e-04   2.253051e-06   0.000000e+00   4.091389e-01   5.061968e-07 
          4982   1.489202e-07   1.389173e-03   8.850224e-04   2.152844e-06   0.000000e+00   4.089744e-01   5.061627e-07 
          4983   1.508556e-07   1.389076e-03   8.870420e-04   2.250175e-06   0.000000e+00   4.088102e-01   5.061266e-07 
          4984   1.492002e-07   1.388979e-03   8.900861e-04   2.150395e-06   0.000000e+00   4.086462e-01   5.060928e-07 
          4985   1.510727e-07   1.388883e-03   8.914218e-04   2.248186e-06   0.000000e+00   4.084824e-01   5.060571e-07 
          4986   1.494088e-07   1.388788e-03   8.954244e-04   2.148369e-06   0.000000e+00   4.083189e-01   5.060236e-07 
          4987   1.512885e-07   1.388693e-03   8.977294e-04   2.246341e-06   0.000000e+00   4.081555e-01   5.059880e-07 
          4988   1.495801e-07   1.388599e-03   9.015970e-04   2.145972e-06   0.000000e+00   4.079923e-01   5.059547e-07 
          4989   1.514230e-07   1.388504e-03   9.039271e-04   2.244055e-06   0.000000e+00   4.078293e-01   5.059194e-07 
          4990   1.497410e-07   1.388411e-03   9.075865e-04   2.143258e-06   0.000000e+00   4.076664e-01   5.058863e-07 
     Iteration     Continuity     X-momentum     Y-momentum     Z-momentum         Energy            Tke            Sdr 
          4991   1.514980e-07   1.388317e-03   9.106290e-04   2.240028e-06   0.000000e+00   4.075037e-01   5.058511e-07 
          4992   1.498487e-07   1.388225e-03   9.144519e-04   2.139218e-06   0.000000e+00   4.073412e-01   5.058182e-07 
          4993   1.517093e-07   1.388132e-03   9.162221e-04   2.235371e-06   0.000000e+00   4.071788e-01   5.057832e-07 
          4994   1.499630e-07   1.388040e-03   9.191561e-04   2.136310e-06   0.000000e+00   4.070165e-01   5.057504e-07 
          4995   1.518747e-07   1.387948e-03   9.220946e-04   2.234770e-06   0.000000e+00   4.068543e-01   5.057156e-07 
          4996   1.501622e-07   1.387856e-03   9.267672e-04   2.135683e-06   0.000000e+00   4.066923e-01   5.056829e-07 
          4997   1.520237e-07   1.387764e-03   9.282732e-04   2.235305e-06   0.000000e+00   4.065302e-01   5.056482e-07 
          4998   1.502680e-07   1.387673e-03   9.326488e-04   2.135533e-06   0.000000e+00   4.063683e-01   5.056157e-07 
          4999   1.520740e-07   1.387581e-03   9.349236e-04   2.233800e-06   0.000000e+00   4.062065e-01   5.055812e-07 
          5000   1.503018e-07   1.387490e-03   9.384858e-04   2.132723e-06   0.000000e+00   4.060449e-01   5.055488e-07 
     Iteration     Continuity     X-momentum     Y-momentum     Z-momentum         Energy            Tke            Sdr 
          5001   1.521110e-07   1.387400e-03   9.408444e-04   2.230288e-06   0.000000e+00   4.058835e-01   5.055144e-07 
          5002   1.504658e-07   1.387309e-03   9.442905e-04   2.129149e-06   0.000000e+00   4.057221e-01   5.054822e-07 
          5003   1.523174e-07   1.387219e-03   9.464808e-04   2.226941e-06   0.000000e+00   4.055609e-01   5.054479e-07 
          5004   1.505188e-07   1.387129e-03   9.502494e-04   2.126520e-06   0.000000e+00   4.053998e-01   5.054158e-07 
          5005   1.524881e-07   1.387039e-03   9.522413e-04   2.225047e-06   0.000000e+00   4.052388e-01   5.053816e-07 
          5006   1.506750e-07   1.386950e-03   9.565065e-04   2.125213e-06   0.000000e+00   4.050779e-01   5.053496e-07 
          5007   1.526787e-07   1.386860e-03   9.585240e-04   2.224086e-06   0.000000e+00   4.049171e-01   5.053156e-07 
          5008   1.508358e-07   1.386771e-03   9.626985e-04   2.123832e-06   0.000000e+00   4.047564e-01   5.052837e-07 
          5009   1.528517e-07   1.386682e-03   9.649612e-04   2.222233e-06   0.000000e+00   4.045958e-01   5.052499e-07 
          5010   1.508159e-07   1.386593e-03   9.690160e-04   2.121837e-06   0.000000e+00   4.044354e-01   5.052180e-07 
     Iteration     Continuity     X-momentum     Y-momentum     Z-momentum         Energy            Tke            Sdr 
          5011   1.529099e-07   1.386504e-03   9.709899e-04   2.219743e-06   0.000000e+00   4.042750e-01   5.051843e-07 
          5012   1.511122e-07   1.386416e-03   9.752139e-04   2.118861e-06   0.000000e+00   4.041147e-01   5.051526e-07 
          5013   1.529987e-07   1.386327e-03   9.773467e-04   2.217196e-06   0.000000e+00   4.039545e-01   5.051189e-07 
          5014   1.510708e-07   1.386239e-03   9.815520e-04   2.116754e-06   0.000000e+00   4.037942e-01   5.050874e-07 
          5015   1.519575e-07   1.386151e-03   9.839655e-04   2.215349e-06   0.000000e+00   4.036342e-01   5.050538e-07 
          5016   1.499906e-07   1.386063e-03   9.880117e-04   2.115057e-06   0.000000e+00   4.034742e-01   5.050224e-07 
          5017   1.526764e-07   1.385974e-03   9.903985e-04   2.213619e-06   0.000000e+00   4.033143e-01   5.049889e-07 
          5018   1.519640e-07   1.385887e-03   9.941062e-04   2.112808e-06   0.000000e+00   4.031546e-01   5.049576e-07 
          5019   1.547823e-07   1.385799e-03   9.958795e-04   2.210887e-06   0.000000e+00   4.029949e-01   5.049242e-07 
          5020   1.535051e-07   1.385711e-03   9.999242e-04   2.109907e-06   0.000000e+00   4.028352e-01   5.048930e-07 
     Iteration     Continuity     X-momentum     Y-momentum     Z-momentum         Energy            Tke            Sdr 
          5021   1.556916e-07   1.385623e-03   1.001846e-03   2.208072e-06   0.000000e+00   4.026755e-01   5.048597e-07 
          5022   1.538307e-07   1.385536e-03   1.006048e-03   2.107324e-06   0.000000e+00   4.025159e-01   5.048286e-07 
          5023   1.556826e-07   1.385448e-03   1.007850e-03   2.205579e-06   0.000000e+00   4.023565e-01   5.047954e-07 
          5024   1.537484e-07   1.385361e-03   1.012111e-03   2.105030e-06   0.000000e+00   4.021972e-01   5.047644e-07 
          5025   1.555795e-07   1.385274e-03   1.014114e-03   2.203666e-06   0.000000e+00   4.020379e-01   5.047313e-07 
          5026   1.537921e-07   1.385187e-03   1.018311e-03   2.103476e-06   0.000000e+00   4.018788e-01   5.047004e-07 
          5027   1.557587e-07   1.385100e-03   1.020438e-03   2.202463e-06   0.000000e+00   4.017197e-01   5.046674e-07 
          5028   1.539548e-07   1.385013e-03   1.024655e-03   2.101797e-06   0.000000e+00   4.015607e-01   5.046365e-07 
          5029   1.559636e-07   1.384926e-03   1.026187e-03   2.200562e-06   0.000000e+00   4.014018e-01   5.046036e-07 
          5030   1.542010e-07   1.384839e-03   1.030736e-03   2.099651e-06   0.000000e+00   4.012430e-01   5.045728e-07 
     Iteration     Continuity     X-momentum     Y-momentum     Z-momentum         Energy            Tke            Sdr 
          5031   1.561575e-07   1.384753e-03   1.032370e-03   2.198142e-06   0.000000e+00   4.010842e-01   5.045401e-07 
          5032   1.543557e-07   1.384666e-03   1.037076e-03   2.097018e-06   0.000000e+00   4.009256e-01   5.045094e-07 
          5033   1.562763e-07   1.384574e-03   1.038972e-03   2.195695e-06   0.000000e+00   4.007640e-01   5.044767e-07 
          5034   1.544848e-07   1.384483e-03   1.043396e-03   2.094935e-06   0.000000e+00   4.006035e-01   5.044460e-07 
          5035   1.564782e-07   1.384394e-03   1.045044e-03   2.193686e-06   0.000000e+00   4.004437e-01   5.044134e-07 
          5036   1.546392e-07   1.384305e-03   1.049992e-03   2.093556e-06   0.000000e+00   4.002842e-01   5.043829e-07 
          5037   1.566181e-07   1.384212e-03   1.051853e-03   2.192551e-06   0.000000e+00   4.001227e-01   5.043502e-07 
          5038   1.548014e-07   1.384121e-03   1.056842e-03   2.091399e-06   0.000000e+00   3.999620e-01   5.043197e-07 
          5039   1.567585e-07   1.384031e-03   1.058020e-03   2.190291e-06   0.000000e+00   3.998020e-01   5.042872e-07 
          5040   1.549465e-07   1.383941e-03   1.063061e-03   2.088913e-06   0.000000e+00   3.996426e-01   5.042568e-07 
     Iteration     Continuity     X-momentum     Y-momentum     Z-momentum         Energy            Tke            Sdr 
          5041   1.568778e-07   1.383852e-03   1.064561e-03   2.187637e-06   0.000000e+00   3.994835e-01   5.042244e-07 
          5042   1.550741e-07   1.383764e-03   1.069738e-03   2.085861e-06   0.000000e+00   3.993246e-01   5.041941e-07 
          5043   1.571146e-07   1.383676e-03   1.071344e-03   2.183634e-06   0.000000e+00   3.991659e-01   5.041618e-07 
          5044   1.552678e-07   1.383582e-03   1.076494e-03   2.081090e-06   0.000000e+00   3.990051e-01   5.041315e-07 
          5045   1.573075e-07   1.383488e-03   1.076943e-03   2.179027e-06   0.000000e+00   3.988442e-01   5.040993e-07 
          5046   1.554257e-07   1.383395e-03   1.083125e-03   2.078051e-06   0.000000e+00   3.986843e-01   5.040691e-07 
          5047   1.574534e-07   1.383304e-03   1.083910e-03   2.177838e-06   0.000000e+00   3.985250e-01   5.040370e-07 
          5048   1.555019e-07   1.383213e-03   1.090417e-03   2.078497e-06   0.000000e+00   3.983660e-01   5.040068e-07 
          5049   1.575374e-07   1.383123e-03   1.091476e-03   2.179123e-06   0.000000e+00   3.982073e-01   5.039748e-07 
          5050   1.557253e-07   1.383034e-03   1.096701e-03   2.078613e-06   0.000000e+00   3.980489e-01   5.039447e-07 
     Iteration     Continuity     X-momentum     Y-momentum     Z-momentum         Energy            Tke            Sdr 
          5051   1.576574e-07   1.382945e-03   1.098357e-03   2.177901e-06   0.000000e+00   3.978906e-01   5.039128e-07 
          5052   1.557535e-07   1.382856e-03   1.103554e-03   2.075886e-06   0.000000e+00   3.977326e-01   5.038828e-07 
          5053   1.575749e-07   1.382768e-03   1.105021e-03   2.174220e-06   0.000000e+00   3.975747e-01   5.038509e-07 
          5054   1.556613e-07   1.382680e-03   1.110612e-03   2.072283e-06   0.000000e+00   3.974170e-01   5.038210e-07 
          5055   1.574699e-07   1.382592e-03   1.111612e-03   2.171157e-06   0.000000e+00   3.972594e-01   5.037892e-07 
          5056   1.555327e-07   1.382503e-03   1.117950e-03   2.070004e-06   0.000000e+00   3.971018e-01   5.037585e-07 
          5057   1.573015e-07   1.382415e-03   1.118449e-03   2.169902e-06   0.000000e+00   3.969443e-01   5.037259e-07 
          5058   1.553996e-07   1.382327e-03   1.125459e-03   2.069079e-06   0.000000e+00   3.967870e-01   5.036954e-07 
          5059   1.572534e-07   1.382239e-03   1.125922e-03   2.168821e-06   0.000000e+00   3.966298e-01   5.036631e-07 
          5060   1.552866e-07   1.382151e-03   1.132564e-03   2.067340e-06   0.000000e+00   3.964726e-01   5.036327e-07 
     Iteration     Continuity     X-momentum     Y-momentum     Z-momentum         Energy            Tke            Sdr 
          5061   1.571781e-07   1.382063e-03   1.133061e-03   2.166323e-06   0.000000e+00   3.963154e-01   5.036004e-07 
          5062   1.552783e-07   1.381975e-03   1.139511e-03   2.064320e-06   0.000000e+00   3.961584e-01   5.035702e-07 
          5063   1.570814e-07   1.381888e-03   1.140488e-03   2.163498e-06   0.000000e+00   3.960016e-01   5.035380e-07 
          5064   1.551825e-07   1.381801e-03   1.146735e-03   2.062089e-06   0.000000e+00   3.958449e-01   5.035078e-07 
          5065   1.570462e-07   1.381714e-03   1.147509e-03   2.162281e-06   0.000000e+00   3.956883e-01   5.034758e-07 
          5066   1.552120e-07   1.381627e-03   1.154305e-03   2.060977e-06   0.000000e+00   3.955318e-01   5.034457e-07 
          5067   1.572297e-07   1.381540e-03   1.154716e-03   2.161121e-06   0.000000e+00   3.953754e-01   5.034137e-07 
          5068   1.554540e-07   1.381448e-03   1.161264e-03   2.059437e-06   0.000000e+00   3.952165e-01   5.033836e-07 
          5069   1.574993e-07   1.381355e-03   1.163131e-03   2.158809e-06   0.000000e+00   3.950579e-01   5.033517e-07 
          5070   1.557751e-07   1.381265e-03   1.170090e-03   2.057018e-06   0.000000e+00   3.949002e-01   5.033217e-07 
     Iteration     Continuity     X-momentum     Y-momentum     Z-momentum         Energy            Tke            Sdr 
          5071   1.577195e-07   1.381175e-03   1.166945e-03   2.156123e-06   0.000000e+00   3.947430e-01   5.032899e-07 
          5072   1.560172e-07   1.381085e-03   1.173285e-03   2.055046e-06   0.000000e+00   3.945856e-01   5.032599e-07 
          5073   1.580038e-07   1.380985e-03   1.168416e-03   2.153908e-06   0.000000e+00   3.944262e-01   5.032257e-07 
          5074   1.561987e-07   1.380885e-03   1.175405e-03   2.053167e-06   0.000000e+00   3.942674e-01   5.031931e-07 
          5075   1.581618e-07   1.380788e-03   1.169976e-03   2.152668e-06   0.000000e+00   3.941093e-01   5.031592e-07 
          5076   1.563771e-07   1.380693e-03   1.177421e-03   2.051249e-06   0.000000e+00   3.939516e-01   5.031275e-07 
          5077   1.582618e-07   1.380598e-03   1.170644e-03   2.150348e-06   0.000000e+00   3.937942e-01   5.030941e-07 
          5078   1.565066e-07   1.380504e-03   1.176998e-03   2.049329e-06   0.000000e+00   3.936371e-01   5.030627e-07 
          5079   1.584354e-07   1.380411e-03   1.171205e-03   2.147777e-06   0.000000e+00   3.934801e-01   5.030296e-07 
          5080   1.565701e-07   1.380318e-03   1.177993e-03   2.046460e-06   0.000000e+00   3.933234e-01   5.029985e-07 
     Iteration     Continuity     X-momentum     Y-momentum     Z-momentum         Energy            Tke            Sdr 
          5081   1.584681e-07   1.380225e-03   1.172044e-03   2.144951e-06   0.000000e+00   3.931668e-01   5.029656e-07 
          5082   1.566111e-07   1.380134e-03   1.178960e-03   2.043923e-06   0.000000e+00   3.930104e-01   5.029347e-07 
          5083   1.582016e-07   1.380042e-03   1.172805e-03   2.142712e-06   0.000000e+00   3.928542e-01   5.029019e-07 
          5084   1.554859e-07   1.379951e-03   1.179662e-03   2.042047e-06   0.000000e+00   3.926981e-01   5.028712e-07 
          5085   1.566192e-07   1.379860e-03   1.173661e-03   2.141342e-06   0.000000e+00   3.925421e-01   5.028386e-07 
          5086   1.542443e-07   1.379769e-03   1.180943e-03   2.040710e-06   0.000000e+00   3.923863e-01   5.028079e-07 
          5087   1.556439e-07   1.379679e-03   1.173788e-03   2.140071e-06   0.000000e+00   3.922306e-01   5.027755e-07 
          5088   1.535004e-07   1.379589e-03   1.181838e-03   2.039548e-06   0.000000e+00   3.920750e-01   5.027450e-07 
          5089   1.549646e-07   1.379497e-03   1.175057e-03   2.138837e-06   0.000000e+00   3.919188e-01   5.027127e-07 
          5090   1.530034e-07   1.379404e-03   1.183296e-03   2.037620e-06   0.000000e+00   3.917612e-01   5.026821e-07 
     Iteration     Continuity     X-momentum     Y-momentum     Z-momentum         Energy            Tke            Sdr 
          5091   1.546914e-07   1.379306e-03   1.176036e-03   2.136662e-06   0.000000e+00   3.916032e-01   5.026487e-07 
          5092   1.528938e-07   1.379207e-03   1.183605e-03   2.034904e-06   0.000000e+00   3.914456e-01   5.026170e-07 
          5093   1.547009e-07   1.379111e-03   1.176699e-03   2.134331e-06   0.000000e+00   3.912887e-01   5.025839e-07 
          5094   1.528312e-07   1.379016e-03   1.184071e-03   2.032969e-06   0.000000e+00   3.911323e-01   5.025528e-07 
          5095   1.546263e-07   1.378921e-03   1.177721e-03   2.132572e-06   0.000000e+00   3.909761e-01   5.025201e-07 
          5096   1.526791e-07   1.378828e-03   1.184742e-03   2.031308e-06   0.000000e+00   3.908202e-01   5.024893e-07 
          5097   1.544471e-07   1.378734e-03   1.178742e-03   2.130907e-06   0.000000e+00   3.906644e-01   5.024569e-07 
          5098   1.525002e-07   1.378641e-03   1.186562e-03   2.029172e-06   0.000000e+00   3.905086e-01   5.024263e-07 
          5099   1.541917e-07   1.378548e-03   1.179295e-03   2.128650e-06   0.000000e+00   3.903531e-01   5.023940e-07 
          5100   1.522729e-07   1.378456e-03   1.187568e-03   2.026836e-06   0.000000e+00   3.901978e-01   5.023636e-07 
     Iteration     Continuity     X-momentum     Y-momentum     Z-momentum         Energy            Tke            Sdr 
          5101   1.540076e-07   1.378364e-03   1.180106e-03   2.126507e-06   0.000000e+00   3.900427e-01   5.023315e-07 
          5102   1.538630e-07   1.378272e-03   1.188003e-03   2.025000e-06   0.000000e+00   3.898878e-01   5.023008e-07 
          5103   1.528152e-07   1.378181e-03   1.181865e-03   1.960124e-06   0.000000e+00   3.897330e-01   5.022702e-07 
          5104   1.529408e-07   1.378090e-03   1.180216e-03   2.084128e-06   0.000000e+00   3.895784e-01   5.022383e-07 
          5105   1.515169e-07   1.378000e-03   1.189578e-03   2.018769e-06   0.000000e+00   3.894239e-01   5.022082e-07 
          5106   1.531156e-07   1.377909e-03   1.182066e-03   2.130236e-06   0.000000e+00   3.892696e-01   5.021765e-07 
          5107   1.534075e-07   1.377819e-03   1.185710e-03   2.027508e-06   0.000000e+00   3.891154e-01   5.021461e-07 
          5108   1.527189e-07   1.377729e-03   1.184044e-03   1.954646e-06   0.000000e+00   3.889612e-01   5.021158e-07 
          5109   1.530981e-07   1.377639e-03   1.183510e-03   2.075101e-06   0.000000e+00   3.888073e-01   5.020843e-07 
          5110   1.517680e-07   1.377550e-03   1.193005e-03   2.008320e-06   0.000000e+00   3.886534e-01   5.020545e-07 
     Iteration     Continuity     X-momentum     Y-momentum     Z-momentum         Energy            Tke            Sdr 
          5111   1.533915e-07   1.377461e-03   1.184147e-03   2.122746e-06   0.000000e+00   3.884996e-01   5.020231e-07 
          5112   1.535746e-07   1.377372e-03   1.190315e-03   2.024168e-06   0.000000e+00   3.883460e-01   5.019931e-07 
          5113   1.526317e-07   1.377283e-03   1.185512e-03   1.954846e-06   0.000000e+00   3.881924e-01   5.019631e-07 
          5114   1.530391e-07   1.377188e-03   1.184818e-03   2.075766e-06   0.000000e+00   3.880364e-01   5.019318e-07 
          5115   1.529992e-07   1.377094e-03   1.193434e-03   2.006680e-06   0.000000e+00   3.878809e-01   5.019019e-07 
          5116   1.523133e-07   1.377002e-03   1.186167e-03   1.953564e-06   0.000000e+00   3.877262e-01   5.018721e-07 
          5117   1.526270e-07   1.376910e-03   1.185588e-03   2.078611e-06   0.000000e+00   3.875719e-01   5.018411e-07 
          5118   1.527560e-07   1.376819e-03   1.192870e-03   2.006203e-06   0.000000e+00   3.874179e-01   5.018113e-07 
          5119   1.520095e-07   1.376729e-03   1.185901e-03   1.951374e-06   0.000000e+00   3.872642e-01   5.017817e-07 
          5120   1.524908e-07   1.376638e-03   1.185276e-03   2.076330e-06   0.000000e+00   3.871106e-01   5.017508e-07 
     Iteration     Continuity     X-momentum     Y-momentum     Z-momentum         Energy            Tke            Sdr 
          5121   1.525597e-07   1.376549e-03   1.191154e-03   2.004724e-06   0.000000e+00   3.869571e-01   5.017211e-07 
          5122   1.519363e-07   1.376451e-03   1.184209e-03   1.949717e-06   0.000000e+00   3.868008e-01   5.016915e-07 
          5123   1.523538e-07   1.376355e-03   1.183691e-03   2.073777e-06   0.000000e+00   3.866457e-01   5.016607e-07 
          5124   1.524877e-07   1.376261e-03   1.188812e-03   2.002211e-06   0.000000e+00   3.864913e-01   5.016312e-07 
          5125   1.517800e-07   1.376168e-03   1.183431e-03   1.947239e-06   0.000000e+00   3.863373e-01   5.016018e-07 
          5126   1.522097e-07   1.376076e-03   1.181877e-03   2.071414e-06   0.000000e+00   3.861836e-01   5.015711e-07 
          5127   1.524683e-07   1.375984e-03   1.186612e-03   1.997791e-06   0.000000e+00   3.860301e-01   5.015418e-07 
          5128   1.517864e-07   1.375893e-03   1.180557e-03   1.942271e-06   0.000000e+00   3.858767e-01   5.015125e-07 
          5129   1.523471e-07   1.375798e-03   1.180644e-03   2.066836e-06   0.000000e+00   3.857211e-01   5.014819e-07 
          5130   1.525194e-07   1.375705e-03   1.185390e-03   1.995671e-06   0.000000e+00   3.855667e-01   5.014527e-07 
     Iteration     Continuity     X-momentum     Y-momentum     Z-momentum         Energy            Tke            Sdr 
          5131   1.518815e-07   1.375612e-03   1.179818e-03   1.941127e-06   0.000000e+00   3.854130e-01   5.014236e-07 
          5132   1.523367e-07   1.375521e-03   1.178295e-03   2.065578e-06   0.000000e+00   3.852597e-01   5.013932e-07 
          5133   1.525448e-07   1.375430e-03   1.182665e-03   1.992949e-06   0.000000e+00   3.851067e-01   5.013641e-07 
          5134   1.518811e-07   1.375340e-03   1.177932e-03   1.937908e-06   0.000000e+00   3.849539e-01   5.013351e-07 
          5135   1.523363e-07   1.375249e-03   1.176536e-03   2.061916e-06   0.000000e+00   3.848012e-01   5.013048e-07 
          5136   1.526309e-07   1.375153e-03   1.180445e-03   1.990342e-06   0.000000e+00   3.846476e-01   5.012738e-07 
          5137   1.519337e-07   1.375059e-03   1.176134e-03   1.934295e-06   0.000000e+00   3.844944e-01   5.012432e-07 
          5138   1.524885e-07   1.374965e-03   1.175056e-03   2.058387e-06   0.000000e+00   3.843415e-01   5.012118e-07 
          5139   1.526737e-07   1.374873e-03   1.179153e-03   1.986592e-06   0.000000e+00   3.841890e-01   5.011818e-07 
          5140   1.520827e-07   1.374781e-03   1.174482e-03   1.932071e-06   0.000000e+00   3.840366e-01   5.011520e-07 
     Iteration     Continuity     X-momentum     Y-momentum     Z-momentum         Energy            Tke            Sdr 
          5141   1.525535e-07   1.374689e-03   1.172564e-03   2.057133e-06   0.000000e+00   3.838843e-01   5.011210e-07 
          5142   1.528185e-07   1.374598e-03   1.176827e-03   1.984804e-06   0.000000e+00   3.837323e-01   5.010914e-07 
          5143   1.520875e-07   1.374507e-03   1.172114e-03   1.929367e-06   0.000000e+00   3.835804e-01   5.010619e-07 
          5144   1.525772e-07   1.374416e-03   1.170516e-03   2.053523e-06   0.000000e+00   3.834287e-01   5.010312e-07 
          5145   1.528444e-07   1.374326e-03   1.174655e-03   1.981200e-06   0.000000e+00   3.832770e-01   5.010018e-07 
          5146   1.521526e-07   1.374236e-03   1.170213e-03   1.925514e-06   0.000000e+00   3.831256e-01   5.009725e-07 
          5147   1.526802e-07   1.374146e-03   1.168518e-03   2.049999e-06   0.000000e+00   3.829742e-01   5.009421e-07 
          5148   1.529581e-07   1.374057e-03   1.172645e-03   1.978185e-06   0.000000e+00   3.828229e-01   5.009129e-07 
          5149   1.522543e-07   1.373966e-03   1.169460e-03   1.923006e-06   0.000000e+00   3.826705e-01   5.008838e-07 
          5150   1.527765e-07   1.373872e-03   1.166688e-03   2.047635e-06   0.000000e+00   3.825170e-01   5.008535e-07 
     Iteration     Continuity     X-momentum     Y-momentum     Z-momentum         Energy            Tke            Sdr 
          5151   1.530703e-07   1.373779e-03   1.170456e-03   1.975587e-06   0.000000e+00   3.823645e-01   5.008245e-07 
          5152   1.523533e-07   1.373688e-03   1.167220e-03   1.920123e-06   0.000000e+00   3.822126e-01   5.007956e-07 
          5153   1.528808e-07   1.373597e-03   1.164661e-03   2.044569e-06   0.000000e+00   3.820610e-01   5.007655e-07 
          5154   1.531719e-07   1.373506e-03   1.168443e-03   1.972502e-06   0.000000e+00   3.819093e-01   5.007367e-07 
          5155   1.524533e-07   1.373416e-03   1.165265e-03   1.917021e-06   0.000000e+00   3.817579e-01   5.007079e-07 
          5156   1.529851e-07   1.373326e-03   1.162822e-03   2.041550e-06   0.000000e+00   3.816068e-01   5.006780e-07 
          5157   1.532526e-07   1.373236e-03   1.166492e-03   1.969655e-06   0.000000e+00   3.814560e-01   5.006493e-07 
          5158   1.525145e-07   1.373147e-03   1.163208e-03   1.914069e-06   0.000000e+00   3.813052e-01   5.006207e-07 
          5159   1.530474e-07   1.373052e-03   1.160840e-03   2.038774e-06   0.000000e+00   3.811529e-01   5.005904e-07 
          5160   1.533766e-07   1.372955e-03   1.164433e-03   1.966803e-06   0.000000e+00   3.809994e-01   5.005613e-07 
     Iteration     Continuity     X-momentum     Y-momentum     Z-momentum         Energy            Tke            Sdr 
          5161   1.526285e-07   1.372858e-03   1.160932e-03   1.911560e-06   0.000000e+00   3.808461e-01   5.005323e-07 
          5162   1.532283e-07   1.372762e-03   1.159019e-03   2.035736e-06   0.000000e+00   3.806939e-01   5.005023e-07 
          5163   1.534640e-07   1.372669e-03   1.162841e-03   1.965348e-06   0.000000e+00   3.805422e-01   5.004736e-07 
          5164   1.528311e-07   1.372576e-03   1.160486e-03   1.909786e-06   0.000000e+00   3.803908e-01   5.004450e-07 
          5165   1.533520e-07   1.372483e-03   1.157888e-03   2.034264e-06   0.000000e+00   3.802398e-01   5.004153e-07 
          5166   1.536832e-07   1.372392e-03   1.160795e-03   1.962676e-06   0.000000e+00   3.800891e-01   5.003869e-07 
          5167   1.529018e-07   1.372301e-03   1.156718e-03   1.907326e-06   0.000000e+00   3.799385e-01   5.003585e-07 
          5168   1.534819e-07   1.372210e-03   1.154987e-03   2.032666e-06   0.000000e+00   3.797882e-01   5.003290e-07 
          5169   1.537354e-07   1.372120e-03   1.158497e-03   1.960438e-06   0.000000e+00   3.796380e-01   5.003007e-07 
          5170   1.530618e-07   1.372030e-03   1.154776e-03   1.904550e-06   0.000000e+00   3.794880e-01   5.002725e-07 
     Iteration     Continuity     X-momentum     Y-momentum     Z-momentum         Energy            Tke            Sdr 
          5171   1.535447e-07   1.371940e-03   1.152606e-03   2.029260e-06   0.000000e+00   3.793382e-01   5.002431e-07 
          5172   1.539189e-07   1.371851e-03   1.156120e-03   1.956914e-06   0.000000e+00   3.791885e-01   5.002150e-07 
          5173   1.531526e-07   1.371762e-03   1.152489e-03   1.900853e-06   0.000000e+00   3.790389e-01   5.001870e-07 
          5174   1.536842e-07   1.371672e-03   1.150537e-03   2.025748e-06   0.000000e+00   3.788890e-01   5.001577e-07 
          5175   1.539424e-07   1.371576e-03   1.154073e-03   1.954022e-06   0.000000e+00   3.787373e-01   5.001296e-07 
          5176   1.530846e-07   1.371481e-03   1.150407e-03   1.898387e-06   0.000000e+00   3.785858e-01   5.001015e-07 
          5177   1.536240e-07   1.371386e-03   1.148373e-03   2.023241e-06   0.000000e+00   3.784350e-01   5.000718e-07 
          5178   1.539613e-07   1.371292e-03   1.151153e-03   1.951514e-06   0.000000e+00   3.782846e-01   5.000431e-07 
          5179   1.531898e-07   1.371199e-03   1.147749e-03   1.895499e-06   0.000000e+00   3.781345e-01   5.000146e-07 
          5180   1.537474e-07   1.371107e-03   1.145646e-03   2.020336e-06   0.000000e+00   3.779847e-01   4.999850e-07 
     Iteration     Continuity     X-momentum     Y-momentum     Z-momentum         Energy            Tke            Sdr 
          5181   1.541295e-07   1.371016e-03   1.148664e-03   1.948490e-06   0.000000e+00   3.778351e-01   4.999567e-07 
          5182   1.533248e-07   1.370925e-03   1.145293e-03   1.892476e-06   0.000000e+00   3.776858e-01   4.999284e-07 
          5183   1.539364e-07   1.370834e-03   1.143330e-03   2.016994e-06   0.000000e+00   3.775366e-01   4.998991e-07 
          5184   1.542161e-07   1.370744e-03   1.146323e-03   1.943841e-06   0.000000e+00   3.773875e-01   4.998709e-07 
          5185   1.544410e-07   1.370653e-03   1.143222e-03   1.887274e-06   0.000000e+00   3.772381e-01   4.998424e-07 
          5186   1.534372e-07   1.370561e-03   1.142094e-03   1.856705e-06   0.000000e+00   3.770878e-01   4.998143e-07 
          5187   1.535143e-07   1.370469e-03   1.140461e-03   1.996561e-06   0.000000e+00   3.769383e-01   4.997851e-07 
          5188   1.539283e-07   1.370379e-03   1.142999e-03   1.943060e-06   0.000000e+00   3.767892e-01   4.997571e-07 
          5189   1.543732e-07   1.370289e-03   1.139862e-03   1.892898e-06   0.000000e+00   3.766402e-01   4.997289e-07 
          5190   1.536107e-07   1.370198e-03   1.138740e-03   1.859867e-06   0.000000e+00   3.764912e-01   4.997010e-07 
     Iteration     Continuity     X-momentum     Y-momentum     Z-momentum         Energy            Tke            Sdr 
          5191   1.537388e-07   1.370108e-03   1.136781e-03   1.997565e-06   0.000000e+00   3.763426e-01   4.996720e-07 
          5192   1.544548e-07   1.370015e-03   1.139757e-03   1.938785e-06   0.000000e+00   3.761921e-01   4.996442e-07 
          5193   1.549021e-07   1.369919e-03   1.135279e-03   1.887208e-06   0.000000e+00   3.760414e-01   4.996151e-07 
          5194   1.540608e-07   1.369823e-03   1.133501e-03   1.854405e-06   0.000000e+00   3.758913e-01   4.995856e-07 
          5195   1.542240e-07   1.369720e-03   1.131637e-03   1.992565e-06   0.000000e+00   3.757392e-01   4.995547e-07 
          5196   1.547582e-07   1.369620e-03   1.136034e-03   1.935075e-06   0.000000e+00   3.755883e-01   4.995255e-07 
          5197   1.551430e-07   1.369522e-03   1.131771e-03   1.883695e-06   0.000000e+00   3.754381e-01   4.994960e-07 
          5198   1.543394e-07   1.369425e-03   1.129909e-03   1.850897e-06   0.000000e+00   3.752884e-01   4.994671e-07 
          5199   1.545364e-07   1.369330e-03   1.128517e-03   1.989479e-06   0.000000e+00   3.751391e-01   4.994372e-07 
          5200   1.551127e-07   1.369235e-03   1.132478e-03   1.931143e-06   0.000000e+00   3.749902e-01   4.994085e-07 
     Iteration     Continuity     X-momentum     Y-momentum     Z-momentum         Energy            Tke            Sdr 
          5201   1.555279e-07   1.369141e-03   1.127177e-03   1.879829e-06   0.000000e+00   3.748414e-01   4.993795e-07 
          5202   1.535594e-07   1.369048e-03   1.125630e-03   1.847055e-06   0.000000e+00   3.746930e-01   4.993510e-07 
          5203   1.524819e-07   1.368954e-03   1.123883e-03   1.985487e-06   0.000000e+00   3.745442e-01   4.993214e-07 
          5204   1.528941e-07   1.368861e-03   1.128236e-03   1.927299e-06   0.000000e+00   3.743957e-01   4.992930e-07 
          5205   1.535291e-07   1.368765e-03   1.123327e-03   1.875704e-06   0.000000e+00   3.742460e-01   4.992643e-07 
          5206   1.530428e-07   1.368672e-03   1.121209e-03   1.843147e-06   0.000000e+00   3.740972e-01   4.992360e-07 
          5207   1.539700e-07   1.368579e-03   1.120182e-03   1.981834e-06   0.000000e+00   3.739489e-01   4.992066e-07 
          5208   1.551996e-07   1.368486e-03   1.124447e-03   1.925046e-06   0.000000e+00   3.738009e-01   4.991784e-07 
          5209   1.563474e-07   1.368395e-03   1.119708e-03   1.873573e-06   0.000000e+00   3.736532e-01   4.991500e-07 
          5210   1.560004e-07   1.368304e-03   1.117057e-03   1.840281e-06   0.000000e+00   3.735057e-01   4.991220e-07 
     Iteration     Continuity     X-momentum     Y-momentum     Z-momentum         Energy            Tke            Sdr 
          5211   1.566786e-07   1.368213e-03   1.116033e-03   1.979186e-06   0.000000e+00   3.733584e-01   4.990929e-07 
          5212   1.578021e-07   1.368123e-03   1.121053e-03   1.921466e-06   0.000000e+00   3.732113e-01   4.990649e-07 
          5213   1.585971e-07   1.368033e-03   1.115674e-03   1.870103e-06   0.000000e+00   3.730644e-01   4.990367e-07 
          5214   1.579212e-07   1.367942e-03   1.113158e-03   1.837873e-06   0.000000e+00   3.729172e-01   4.990089e-07 
          5215   1.583776e-07   1.367852e-03   1.112111e-03   1.976741e-06   0.000000e+00   3.727702e-01   4.989799e-07 
          5216   1.590543e-07   1.367762e-03   1.116481e-03   1.918641e-06   0.000000e+00   3.726234e-01   4.989522e-07 
          5217   1.594867e-07   1.367673e-03   1.111748e-03   1.867029e-06   0.000000e+00   3.724769e-01   4.989242e-07 
          5218   1.585446e-07   1.367584e-03   1.109029e-03   1.834133e-06   0.000000e+00   3.723303e-01   4.988965e-07 
          5219   1.587434e-07   1.367493e-03   1.108131e-03   1.972659e-06   0.000000e+00   3.721828e-01   4.988676e-07 
          5220   1.595008e-07   1.367403e-03   1.112469e-03   1.914523e-06   0.000000e+00   3.720359e-01   4.988399e-07 
     Iteration     Continuity     X-momentum     Y-momentum     Z-momentum         Energy            Tke            Sdr 
          5221   1.600055e-07   1.367313e-03   1.107677e-03   1.862801e-06   0.000000e+00   3.718894e-01   4.988120e-07 
          5222   1.591124e-07   1.367225e-03   1.104936e-03   1.830217e-06   0.000000e+00   3.717432e-01   4.987844e-07 
          5223   1.592667e-07   1.367135e-03   1.103887e-03   1.969599e-06   0.000000e+00   3.715966e-01   4.987557e-07 
          5224   1.599839e-07   1.367046e-03   1.108997e-03   1.912740e-06   0.000000e+00   3.714503e-01   4.987282e-07 
          5225   1.603797e-07   1.366957e-03   1.103942e-03   1.861749e-06   0.000000e+00   3.713043e-01   4.987005e-07 
          5226   1.602012e-07   1.366869e-03   1.101154e-03   1.828404e-06   0.000000e+00   3.711585e-01   4.986727e-07 
          5227   1.590795e-07   1.366781e-03   1.099015e-03   1.814526e-06   0.000000e+00   3.710129e-01   4.986453e-07 
          5228   1.592335e-07   1.366692e-03   1.099587e-03   1.962765e-06   0.000000e+00   3.708665e-01   4.986169e-07 
          5229   1.599173e-07   1.366603e-03   1.104149e-03   1.911145e-06   0.000000e+00   3.707202e-01   4.985896e-07 
          5230   1.605648e-07   1.366513e-03   1.099367e-03   1.860926e-06   0.000000e+00   3.705738e-01   4.985620e-07 
     Iteration     Continuity     X-momentum     Y-momentum     Z-momentum         Energy            Tke            Sdr 
          5231   1.605174e-07   1.366424e-03   1.097731e-03   1.826010e-06   0.000000e+00   3.704279e-01   4.985344e-07 
          5232   1.595292e-07   1.366336e-03   1.094155e-03   1.809763e-06   0.000000e+00   3.702824e-01   4.985073e-07 
          5233   1.594816e-07   1.366248e-03   1.094411e-03   1.956360e-06   0.000000e+00   3.701366e-01   4.984791e-07 
          5234   1.601681e-07   1.366151e-03   1.098197e-03   1.905191e-06   0.000000e+00   3.699872e-01   4.984519e-07 
          5235   1.606688e-07   1.366055e-03   1.093614e-03   1.855439e-06   0.000000e+00   3.698386e-01   4.984245e-07 
          5236   1.499822e-07   1.365960e-03   1.092672e-03   1.820991e-06   0.000000e+00   3.696908e-01   4.983971e-07 
          5237   1.412550e-07   1.365867e-03   1.089701e-03   1.805688e-06   0.000000e+00   3.695438e-01   4.983697e-07 
          5238   1.366000e-07   1.365776e-03   1.089049e-03   1.802337e-06   0.000000e+00   3.693973e-01   4.983424e-07 
          5239   1.345458e-07   1.365685e-03   1.086438e-03   1.805464e-06   0.000000e+00   3.692513e-01   4.983151e-07 
          5240   1.340514e-07   1.365595e-03   1.084922e-03   1.811631e-06   0.000000e+00   3.691057e-01   4.982879e-07 
     Iteration     Continuity     X-momentum     Y-momentum     Z-momentum         Energy            Tke            Sdr 
          5241   1.344386e-07   1.365505e-03   1.082659e-03   1.816876e-06   0.000000e+00   3.689604e-01   4.982607e-07 
          5242   1.353177e-07   1.365416e-03   1.079107e-03   1.819160e-06   0.000000e+00   3.688154e-01   4.982335e-07 
          5243   1.363083e-07   1.365328e-03   1.076294e-03   1.818067e-06   0.000000e+00   3.686706e-01   4.982064e-07 
          5244   1.372961e-07   1.365240e-03   1.073700e-03   1.814644e-06   0.000000e+00   3.685259e-01   4.981793e-07 
          5245   1.375398e-07   1.365152e-03   1.069833e-03   1.810300e-06   0.000000e+00   3.683815e-01   4.981523e-07 
          5246   1.384975e-07   1.365065e-03   1.065411e-03   1.807011e-06   0.000000e+00   3.682372e-01   4.981253e-07 
          5247   1.391134e-07   1.364978e-03   1.062118e-03   1.805577e-06   0.000000e+00   3.680931e-01   4.980984e-07 
          5248   1.397825e-07   1.364892e-03   1.058888e-03   1.805772e-06   0.000000e+00   3.679492e-01   4.980714e-07 
          5249   1.402860e-07   1.364805e-03   1.055990e-03   1.806535e-06   0.000000e+00   3.678054e-01   4.980445e-07 
          5250   1.407425e-07   1.364719e-03   1.052807e-03   1.806946e-06   0.000000e+00   3.676617e-01   4.980177e-07 
     Iteration     Continuity     X-momentum     Y-momentum     Z-momentum         Energy            Tke            Sdr 
          5251   1.410546e-07   1.364633e-03   1.049579e-03   1.806300e-06   0.000000e+00   3.675181e-01   4.979908e-07 
          5252   1.413461e-07   1.364548e-03   1.045484e-03   1.804889e-06   0.000000e+00   3.673746e-01   4.979640e-07 
          5253   1.415770e-07   1.364458e-03   1.041681e-03   1.803041e-06   0.000000e+00   3.672291e-01   4.979372e-07 
          5254   1.417354e-07   1.364370e-03   1.037982e-03   1.801197e-06   0.000000e+00   3.670842e-01   4.979105e-07 
          5255   1.411650e-07   1.364282e-03   1.034927e-03   1.799680e-06   0.000000e+00   3.669400e-01   4.978838e-07 
          5256   1.416219e-07   1.364195e-03   1.031856e-03   1.799182e-06   0.000000e+00   3.667961e-01   4.978571e-07 
          5257   1.418631e-07   1.364109e-03   1.028034e-03   1.799236e-06   0.000000e+00   3.666525e-01   4.978305e-07 
          5258   1.422165e-07   1.364022e-03   1.024062e-03   1.799460e-06   0.000000e+00   3.665092e-01   4.978038e-07 
          5259   1.425007e-07   1.363937e-03   1.021028e-03   1.799388e-06   0.000000e+00   3.663660e-01   4.977773e-07 
          5260   1.427202e-07   1.363851e-03   1.018894e-03   1.798385e-06   0.000000e+00   3.662230e-01   4.977507e-07 
     Iteration     Continuity     X-momentum     Y-momentum     Z-momentum         Energy            Tke            Sdr 
          5261   1.429310e-07   1.363766e-03   1.015787e-03   1.796816e-06   0.000000e+00   3.660801e-01   4.977242e-07 
          5262   1.430886e-07   1.363681e-03   1.012077e-03   1.795175e-06   0.000000e+00   3.659374e-01   4.976977e-07 
          5263   1.424589e-07   1.363597e-03   1.008982e-03   1.793899e-06   0.000000e+00   3.657948e-01   4.976712e-07 
          5264   1.428559e-07   1.363512e-03   1.005765e-03   1.793155e-06   0.000000e+00   3.656523e-01   4.976448e-07 
          5265   1.430126e-07   1.363428e-03   1.001924e-03   1.792548e-06   0.000000e+00   3.655100e-01   4.976184e-07 
          5266   1.431397e-07   1.363344e-03   9.993556e-04   1.792148e-06   0.000000e+00   3.653677e-01   4.975920e-07 
          5267   1.432276e-07   1.363260e-03   9.961659e-04   1.791973e-06   0.000000e+00   3.652254e-01   4.975656e-07 
          5268   1.425925e-07   1.363169e-03   9.930532e-04   1.791603e-06   0.000000e+00   3.650818e-01   4.975376e-07 
          5269   1.429017e-07   1.363078e-03   9.902411e-04   1.791480e-06   0.000000e+00   3.649381e-01   4.975098e-07 
          5270   1.429645e-07   1.362982e-03   9.848127e-04   1.790726e-06   0.000000e+00   3.647935e-01   4.974814e-07 
     Iteration     Continuity     X-momentum     Y-momentum     Z-momentum         Energy            Tke            Sdr 
          5271   1.431629e-07   1.362888e-03   9.813337e-04   1.789840e-06   0.000000e+00   3.646495e-01   4.974534e-07 
          5272   1.432904e-07   1.362796e-03   9.784236e-04   1.789171e-06   0.000000e+00   3.645061e-01   4.974258e-07 
          5273   1.433805e-07   1.362705e-03   9.768435e-04   1.788257e-06   0.000000e+00   3.643629e-01   4.973983e-07 
          5274   1.426538e-07   1.362615e-03   9.746836e-04   1.786853e-06   0.000000e+00   3.642199e-01   4.973710e-07 
          5275   1.430161e-07   1.362525e-03   9.712767e-04   1.785869e-06   0.000000e+00   3.640772e-01   4.973438e-07 
          5276   1.431723e-07   1.362436e-03   9.672239e-04   1.784913e-06   0.000000e+00   3.639347e-01   4.973167e-07 
          5277   1.433649e-07   1.362347e-03   9.641898e-04   1.783947e-06   0.000000e+00   3.637923e-01   4.972897e-07 
          5278   1.434856e-07   1.362258e-03   9.606246e-04   1.782516e-06   0.000000e+00   3.636500e-01   4.972627e-07 
          5279   1.428354e-07   1.362170e-03   9.582695e-04   1.780717e-06   0.000000e+00   3.635079e-01   4.972359e-07 
          5280   1.432381e-07   1.362082e-03   9.555532e-04   1.779601e-06   0.000000e+00   3.633659e-01   4.972091e-07 
     Iteration     Continuity     X-momentum     Y-momentum     Z-momentum         Energy            Tke            Sdr 
          5281   1.433578e-07   1.361995e-03   9.536804e-04   1.778614e-06   0.000000e+00   3.632241e-01   4.971824e-07 
          5282   1.435621e-07   1.361908e-03   9.492458e-04   1.778208e-06   0.000000e+00   3.630823e-01   4.971557e-07 
          5283   1.429773e-07   1.361821e-03   9.462213e-04   1.777933e-06   0.000000e+00   3.629407e-01   4.971291e-07 
          5284   1.434331e-07   1.361734e-03   9.438401e-04   1.777987e-06   0.000000e+00   3.627991e-01   4.971026e-07 
          5285   1.435925e-07   1.361643e-03   9.413861e-04   1.777356e-06   0.000000e+00   3.626568e-01   4.970744e-07 
          5286   1.429999e-07   1.361551e-03   9.399708e-04   1.775836e-06   0.000000e+00   3.625146e-01   4.970463e-07 
          5287   1.434900e-07   1.361461e-03   9.373527e-04   1.774646e-06   0.000000e+00   3.623727e-01   4.970185e-07 
          5288   1.436595e-07   1.361372e-03   9.340439e-04   1.773517e-06   0.000000e+00   3.622310e-01   4.969910e-07 
          5289   1.431662e-07   1.361282e-03   9.320419e-04   1.772220e-06   0.000000e+00   3.620894e-01   4.969636e-07 
          5290   1.435748e-07   1.361194e-03   9.299226e-04   1.771580e-06   0.000000e+00   3.619479e-01   4.969364e-07 
     Iteration     Continuity     X-momentum     Y-momentum     Z-momentum         Energy            Tke            Sdr 
          5291   1.436998e-07   1.361105e-03   9.270602e-04   1.770653e-06   0.000000e+00   3.618066e-01   4.969092e-07 
          5292   1.439002e-07   1.361017e-03   9.230272e-04   1.770308e-06   0.000000e+00   3.616654e-01   4.968822e-07 
          5293   1.432003e-07   1.360929e-03   9.211832e-04   1.770132e-06   0.000000e+00   3.615243e-01   4.968552e-07 
          5294   1.437159e-07   1.360842e-03   9.207349e-04   1.770205e-06   0.000000e+00   3.613834e-01   4.968283e-07 
          5295   1.431417e-07   1.360754e-03   9.176041e-04   1.770273e-06   0.000000e+00   3.612424e-01   4.968016e-07 
          5296   1.436054e-07   1.360662e-03   9.159554e-04   1.770449e-06   0.000000e+00   3.610997e-01   4.967748e-07 
          5297   1.437655e-07   1.360569e-03   9.142587e-04   1.769678e-06   0.000000e+00   3.609568e-01   4.967480e-07 
          5298   1.432408e-07   1.360477e-03   9.125647e-04   1.768301e-06   0.000000e+00   3.608147e-01   4.967214e-07 
          5299   1.436946e-07   1.360387e-03   9.107282e-04   1.766982e-06   0.000000e+00   3.606731e-01   4.966948e-07 
          5300   1.438945e-07   1.360297e-03   9.082416e-04   1.765753e-06   0.000000e+00   3.605317e-01   4.966682e-07 
     Iteration     Continuity     X-momentum     Y-momentum     Z-momentum         Energy            Tke            Sdr 
          5301   1.433368e-07   1.360203e-03   9.070086e-04   1.765060e-06   0.000000e+00   3.603882e-01   4.966418e-07 
          5302   1.438423e-07   1.360110e-03   9.052178e-04   1.765533e-06   0.000000e+00   3.602455e-01   4.966154e-07 
          5303   1.440213e-07   1.360018e-03   9.025996e-04   1.765714e-06   0.000000e+00   3.601034e-01   4.965888e-07 
          5304   1.434022e-07   1.359926e-03   9.005825e-04   1.765129e-06   0.000000e+00   3.599617e-01   4.965620e-07 
          5305   1.439396e-07   1.359835e-03   8.980289e-04   1.764025e-06   0.000000e+00   3.598204e-01   4.965352e-07 
          5306   1.434493e-07   1.359745e-03   8.954108e-04   1.762376e-06   0.000000e+00   3.596793e-01   4.965086e-07 
          5307   1.438951e-07   1.359656e-03   8.929581e-04   1.761425e-06   0.000000e+00   3.595383e-01   4.964821e-07 
          5308   1.440697e-07   1.359564e-03   8.903616e-04   1.760389e-06   0.000000e+00   3.593973e-01   4.964545e-07 
          5309   1.436005e-07   1.359472e-03   8.888949e-04   1.760069e-06   0.000000e+00   3.592562e-01   4.964265e-07 
          5310   1.440710e-07   1.359381e-03   8.874362e-04   1.761551e-06   0.000000e+00   3.591155e-01   4.963987e-07 
     Iteration     Continuity     X-momentum     Y-momentum     Z-momentum         Energy            Tke            Sdr 
          5311   1.435263e-07   1.359291e-03   8.842328e-04   1.762617e-06   0.000000e+00   3.589749e-01   4.963712e-07 
          5312   1.440978e-07   1.359200e-03   8.820945e-04   1.763296e-06   0.000000e+00   3.588345e-01   4.963438e-07 
          5313   1.436234e-07   1.359110e-03   8.799998e-04   1.762428e-06   0.000000e+00   3.586940e-01   4.963165e-07 
          5314   1.440873e-07   1.359021e-03   8.775694e-04   1.761671e-06   0.000000e+00   3.585536e-01   4.962893e-07 
          5315   1.435440e-07   1.358931e-03   8.744235e-04   1.760468e-06   0.000000e+00   3.584135e-01   4.962622e-07 
          5316   1.441321e-07   1.358842e-03   8.717586e-04   1.759713e-06   0.000000e+00   3.582735e-01   4.962352e-07 
          5317   1.436614e-07   1.358754e-03   8.687780e-04   1.758477e-06   0.000000e+00   3.581337e-01   4.962082e-07 
          5318   1.441883e-07   1.358665e-03   8.661446e-04   1.757780e-06   0.000000e+00   3.579940e-01   4.961813e-07 
          5319   1.437381e-07   1.358577e-03   8.631728e-04   1.756637e-06   0.000000e+00   3.578543e-01   4.961545e-07 
          5320   1.442142e-07   1.358488e-03   8.606069e-04   1.755926e-06   0.000000e+00   3.577147e-01   4.961277e-07 
     Iteration     Continuity     X-momentum     Y-momentum     Z-momentum         Energy            Tke            Sdr 
          5321   1.436862e-07   1.358401e-03   8.578544e-04   1.754762e-06   0.000000e+00   3.575753e-01   4.961010e-07 
          5322   1.442795e-07   1.358313e-03   8.553317e-04   1.754029e-06   0.000000e+00   3.574360e-01   4.960744e-07 
          5323   1.438433e-07   1.358226e-03   8.523987e-04   1.752927e-06   0.000000e+00   3.572969e-01   4.960478e-07 
          5324   1.444255e-07   1.358138e-03   8.498814e-04   1.752311e-06   0.000000e+00   3.571579e-01   4.960212e-07 
          5325   1.438956e-07   1.358052e-03   8.474110e-04   1.751287e-06   0.000000e+00   3.570189e-01   4.959947e-07 
          5326   1.442527e-07   1.357965e-03   8.449473e-04   1.750641e-06   0.000000e+00   3.568801e-01   4.959683e-07 
          5327   1.444727e-07   1.357878e-03   8.415059e-04   1.749768e-06   0.000000e+00   3.567414e-01   4.959419e-07 
          5328   1.439186e-07   1.357792e-03   8.393568e-04   1.748638e-06   0.000000e+00   3.566028e-01   4.959156e-07 
          5329   1.444331e-07   1.357704e-03   8.371390e-04   1.747811e-06   0.000000e+00   3.564634e-01   4.958892e-07 
          5330   1.439568e-07   1.357611e-03   8.336892e-04   1.746592e-06   0.000000e+00   3.563225e-01   4.958630e-07 
     Iteration     Continuity     X-momentum     Y-momentum     Z-momentum         Energy            Tke            Sdr 
          5331   1.443519e-07   1.357519e-03   8.294697e-04   1.746060e-06   0.000000e+00   3.561814e-01   4.958368e-07 
          5332   1.445975e-07   1.357426e-03   8.268339e-04   1.745267e-06   0.000000e+00   3.560402e-01   4.958105e-07 
          5333   1.439693e-07   1.357335e-03   8.255707e-04   1.744203e-06   0.000000e+00   3.559000e-01   4.957844e-07 
          5334   1.425450e-07   1.357244e-03   8.230357e-04   1.743550e-06   0.000000e+00   3.557603e-01   4.957583e-07 
          5335   1.396238e-07   1.357155e-03   8.202676e-04   1.742323e-06   0.000000e+00   3.556209e-01   4.957323e-07 
          5336   1.383892e-07   1.357066e-03   8.189551e-04   1.741794e-06   0.000000e+00   3.554819e-01   4.957063e-07 
          5337   1.374385e-07   1.356978e-03   8.164995e-04   1.740960e-06   0.000000e+00   3.553431e-01   4.956804e-07 
          5338   1.361742e-07   1.356890e-03   8.153479e-04   1.739834e-06   0.000000e+00   3.552045e-01   4.956545e-07 
          5339   1.359333e-07   1.356802e-03   8.136516e-04   1.739257e-06   0.000000e+00   3.550661e-01   4.956286e-07 
          5340   1.356046e-07   1.356715e-03   8.106297e-04   1.738346e-06   0.000000e+00   3.549279e-01   4.956028e-07 
     Iteration     Continuity     X-momentum     Y-momentum     Z-momentum         Energy            Tke            Sdr 
          5341   1.347669e-07   1.356628e-03   8.093823e-04   1.737218e-06   0.000000e+00   3.547898e-01   4.955771e-07 
          5342   1.349426e-07   1.356542e-03   8.075603e-04   1.736639e-06   0.000000e+00   3.546519e-01   4.955513e-07 
          5343   1.343368e-07   1.356456e-03   8.046872e-04   1.735499e-06   0.000000e+00   3.545141e-01   4.955257e-07 
          5344   1.345396e-07   1.356370e-03   8.034927e-04   1.735010e-06   0.000000e+00   3.543764e-01   4.955000e-07 
          5345   1.345548e-07   1.356284e-03   8.010874e-04   1.734121e-06   0.000000e+00   3.542389e-01   4.954744e-07 
          5346   1.341088e-07   1.356198e-03   7.996729e-04   1.732993e-06   0.000000e+00   3.541014e-01   4.954489e-07 
          5347   1.344184e-07   1.356113e-03   7.979205e-04   1.732267e-06   0.000000e+00   3.539641e-01   4.954233e-07 
          5348   1.338996e-07   1.356028e-03   7.952880e-04   1.731085e-06   0.000000e+00   3.538269e-01   4.953979e-07 
          5349   1.342676e-07   1.355943e-03   7.941212e-04   1.730503e-06   0.000000e+00   3.536898e-01   4.953724e-07 
          5350   1.337831e-07   1.355858e-03   7.922462e-04   1.729460e-06   0.000000e+00   3.535529e-01   4.953470e-07 
     Iteration     Continuity     X-momentum     Y-momentum     Z-momentum         Energy            Tke            Sdr 
          5351   1.339196e-07   1.355773e-03   7.912204e-04   1.728989e-06   0.000000e+00   3.534160e-01   4.953216e-07 
          5352   1.353511e-07   1.355689e-03   7.895244e-04   1.728166e-06   0.000000e+00   3.532792e-01   4.952963e-07 
          5353   1.370619e-07   1.355605e-03   7.883432e-04   1.727152e-06   0.000000e+00   3.531425e-01   4.952710e-07 
          5354   1.396366e-07   1.355520e-03   7.873541e-04   1.726499e-06   0.000000e+00   3.530059e-01   4.952457e-07 
          5355   1.406305e-07   1.355436e-03   7.852336e-04   1.725294e-06   0.000000e+00   3.528694e-01   4.952205e-07 
          5356   1.420012e-07   1.355353e-03   7.842538e-04   1.724785e-06   0.000000e+00   3.527330e-01   4.951953e-07 
          5357   1.418197e-07   1.355269e-03   7.828085e-04   1.723699e-06   0.000000e+00   3.525966e-01   4.951702e-07 
          5358   1.422259e-07   1.355185e-03   7.818994e-04   1.723286e-06   0.000000e+00   3.524603e-01   4.951451e-07 
          5359   1.422571e-07   1.355101e-03   7.807164e-04   1.722365e-06   0.000000e+00   3.523239e-01   4.951200e-07 
          5360   1.415785e-07   1.355017e-03   7.798086e-04   1.721036e-06   0.000000e+00   3.521877e-01   4.950949e-07 
     Iteration     Continuity     X-momentum     Y-momentum     Z-momentum         Energy            Tke            Sdr 
          5361   1.420867e-07   1.354934e-03   7.778383e-04   1.720598e-06   0.000000e+00   3.520516e-01   4.950698e-07 
          5362   1.414683e-07   1.354850e-03   7.753072e-04   1.719531e-06   0.000000e+00   3.519153e-01   4.950448e-07 
          5363   1.421948e-07   1.354759e-03   7.743101e-04   1.719182e-06   0.000000e+00   3.517769e-01   4.950196e-07 
          5364   1.418022e-07   1.354670e-03   7.731377e-04   1.718011e-06   0.000000e+00   3.516394e-01   4.949946e-07 
          5365   1.425331e-07   1.354582e-03   7.725771e-04   1.717496e-06   0.000000e+00   3.515024e-01   4.949695e-07 
          5366   1.420574e-07   1.354496e-03   7.715131e-04   1.716279e-06   0.000000e+00   3.513657e-01   4.949446e-07 
          5367   1.428353e-07   1.354409e-03   7.709412e-04   1.715766e-06   0.000000e+00   3.512292e-01   4.949197e-07 
          5368   1.423655e-07   1.354321e-03   7.697436e-04   1.714530e-06   0.000000e+00   3.510922e-01   4.948945e-07 
          5369   1.429338e-07   1.354228e-03   7.695409e-04   1.714005e-06   0.000000e+00   3.509542e-01   4.948689e-07 
          5370   1.431521e-07   1.354137e-03   7.687936e-04   1.713047e-06   0.000000e+00   3.508168e-01   4.948435e-07 
     Iteration     Continuity     X-momentum     Y-momentum     Z-momentum         Energy            Tke            Sdr 
          5371   1.424945e-07   1.354044e-03   7.679546e-04   1.711899e-06   0.000000e+00   3.506782e-01   4.948183e-07 
          5372   1.430705e-07   1.353950e-03   7.681850e-04   1.711211e-06   0.000000e+00   3.505397e-01   4.947932e-07 
          5373   1.425538e-07   1.353858e-03   7.660517e-04   1.710121e-06   0.000000e+00   3.504020e-01   4.947681e-07 
          5374   1.430162e-07   1.353767e-03   7.656913e-04   1.709864e-06   0.000000e+00   3.502647e-01   4.947432e-07 
          5375   1.432071e-07   1.353677e-03   7.636927e-04   1.709080e-06   0.000000e+00   3.501278e-01   4.947182e-07 
          5376   1.426757e-07   1.353587e-03   7.638998e-04   1.708153e-06   0.000000e+00   3.499912e-01   4.946934e-07 
          5377   1.432505e-07   1.353499e-03   7.629314e-04   1.707519e-06   0.000000e+00   3.498549e-01   4.946686e-07 
          5378   1.426323e-07   1.353411e-03   7.609347e-04   1.706348e-06   0.000000e+00   3.497187e-01   4.946439e-07 
          5379   1.432299e-07   1.353323e-03   7.605373e-04   1.705850e-06   0.000000e+00   3.495828e-01   4.946191e-07 
          5380   1.427571e-07   1.353235e-03   7.598078e-04   1.704766e-06   0.000000e+00   3.494470e-01   4.945945e-07 
     Iteration     Continuity     X-momentum     Y-momentum     Z-momentum         Energy            Tke            Sdr 
          5381   1.432763e-07   1.353149e-03   7.590389e-04   1.704203e-06   0.000000e+00   3.493114e-01   4.945699e-07 
          5382   1.435159e-07   1.353062e-03   7.581763e-04   1.703431e-06   0.000000e+00   3.491759e-01   4.945453e-07 
          5383   1.430404e-07   1.352976e-03   7.579990e-04   1.702374e-06   0.000000e+00   3.490406e-01   4.945208e-07 
          5384   1.435558e-07   1.352890e-03   7.568522e-04   1.701726e-06   0.000000e+00   3.489054e-01   4.944962e-07 
          5385   1.429124e-07   1.352804e-03   7.567489e-04   1.700543e-06   0.000000e+00   3.487703e-01   4.944718e-07 
          5386   1.435257e-07   1.352718e-03   7.555137e-04   1.699993e-06   0.000000e+00   3.486352e-01   4.944474e-07 
          5387   1.430029e-07   1.352629e-03   7.552803e-04   1.698955e-06   0.000000e+00   3.484984e-01   4.944230e-07 
          5388   1.435766e-07   1.352542e-03   7.547014e-04   1.698585e-06   0.000000e+00   3.483625e-01   4.943986e-07 
          5389   1.431089e-07   1.352455e-03   7.553919e-04   1.697551e-06   0.000000e+00   3.482271e-01   4.943743e-07 
          5390   1.439091e-07   1.352369e-03   7.539802e-04   1.696980e-06   0.000000e+00   3.480919e-01   4.943500e-07 
     Iteration     Continuity     X-momentum     Y-momentum     Z-momentum         Energy            Tke            Sdr 
          5391   1.435234e-07   1.352283e-03   7.547777e-04   1.695439e-06   0.000000e+00   3.479570e-01   4.943257e-07 
          5392   1.441802e-07   1.352198e-03   7.530245e-04   1.694345e-06   0.000000e+00   3.478223e-01   4.943015e-07 
          5393   1.436361e-07   1.352113e-03   7.536486e-04   1.692973e-06   0.000000e+00   3.476878e-01   4.942773e-07 
          5394   1.442627e-07   1.352028e-03   7.527557e-04   1.692338e-06   0.000000e+00   3.475534e-01   4.942531e-07 
          5395   1.437657e-07   1.351944e-03   7.536457e-04   1.691364e-06   0.000000e+00   3.474191e-01   4.942290e-07 
          5396   1.443921e-07   1.351859e-03   7.520926e-04   1.690948e-06   0.000000e+00   3.472848e-01   4.942049e-07 
          5397   1.439241e-07   1.351775e-03   7.529666e-04   1.690048e-06   0.000000e+00   3.471506e-01   4.941808e-07 
          5398   1.445237e-07   1.351691e-03   7.514481e-04   1.689588e-06   0.000000e+00   3.470166e-01   4.941568e-07 
          5399   1.439822e-07   1.351607e-03   7.526074e-04   1.688514e-06   0.000000e+00   3.468827e-01   4.941328e-07 
          5400   1.446578e-07   1.351523e-03   7.513170e-04   1.687940e-06   0.000000e+00   3.467490e-01   4.941088e-07 
     Iteration     Continuity     X-momentum     Y-momentum     Z-momentum         Energy            Tke            Sdr 
          5401   1.441589e-07   1.351440e-03   7.521816e-04   1.686877e-06   0.000000e+00   3.466153e-01   4.940849e-07 
          5402   1.447282e-07   1.351357e-03   7.511142e-04   1.686378e-06   0.000000e+00   3.464818e-01   4.940609e-07 
          5403   1.448805e-07   1.351274e-03   7.513732e-04   1.685518e-06   0.000000e+00   3.463484e-01   4.940370e-07 
          5404   1.443037e-07   1.351191e-03   7.517722e-04   1.684410e-06   0.000000e+00   3.462151e-01   4.940132e-07 
          5405   1.448814e-07   1.351108e-03   7.513606e-04   1.683932e-06   0.000000e+00   3.460818e-01   4.939893e-07 
          5406   1.443417e-07   1.351021e-03   7.524277e-04   1.682966e-06   0.000000e+00   3.459471e-01   4.939652e-07 
          5407   1.448858e-07   1.350932e-03   7.509037e-04   1.682531e-06   0.000000e+00   3.458122e-01   4.939411e-07 
          5408   1.442940e-07   1.350845e-03   7.517136e-04   1.681476e-06   0.000000e+00   3.456779e-01   4.939171e-07 
          5409   1.449635e-07   1.350758e-03   7.510059e-04   1.681010e-06   0.000000e+00   3.455439e-01   4.938932e-07 
          5410   1.444836e-07   1.350673e-03   7.519646e-04   1.679931e-06   0.000000e+00   3.454102e-01   4.938693e-07 
     Iteration     Continuity     X-momentum     Y-momentum     Z-momentum         Energy            Tke            Sdr 
          5411   1.450986e-07   1.350588e-03   7.510454e-04   1.679393e-06   0.000000e+00   3.452767e-01   4.938455e-07 
          5412   1.444971e-07   1.350503e-03   7.519285e-04   1.678263e-06   0.000000e+00   3.451434e-01   4.938217e-07 
          5413   1.451623e-07   1.350418e-03   7.514446e-04   1.677787e-06   0.000000e+00   3.450103e-01   4.937979e-07 
          5414   1.450930e-07   1.350334e-03   7.518866e-04   1.676103e-06   0.000000e+00   3.448772e-01   4.937742e-07 
          5415   1.451218e-07   1.350250e-03   7.517009e-04   1.676624e-06   0.000000e+00   3.447442e-01   4.937505e-07 
          5416   1.453134e-07   1.350160e-03   7.522462e-04   1.675916e-06   0.000000e+00   3.446095e-01   4.937263e-07 
          5417   1.449124e-07   1.350070e-03   7.518953e-04   1.674938e-06   0.000000e+00   3.444751e-01   4.937023e-07 
          5418   1.455166e-07   1.349980e-03   7.517551e-04   1.674296e-06   0.000000e+00   3.443410e-01   4.936773e-07 
          5419   1.449386e-07   1.349890e-03   7.529928e-04   1.673065e-06   0.000000e+00   3.442070e-01   4.936521e-07 
          5420   1.456109e-07   1.349801e-03   7.525073e-04   1.672491e-06   0.000000e+00   3.440734e-01   4.936270e-07 
     Iteration     Continuity     X-momentum     Y-momentum     Z-momentum         Energy            Tke            Sdr 
          5421   1.451166e-07   1.349713e-03   7.536301e-04   1.671420e-06   0.000000e+00   3.439400e-01   4.936022e-07 
          5422   1.455272e-07   1.349625e-03   7.532383e-04   1.671091e-06   0.000000e+00   3.438068e-01   4.935774e-07 
          5423   1.448620e-07   1.349535e-03   7.535128e-04   1.670245e-06   0.000000e+00   3.436726e-01   4.935526e-07 
          5424   1.455449e-07   1.349444e-03   7.528651e-04   1.670035e-06   0.000000e+00   3.435378e-01   4.935280e-07 
          5425   1.449804e-07   1.349354e-03   7.539179e-04   1.669134e-06   0.000000e+00   3.434038e-01   4.935034e-07 
          5426   1.456514e-07   1.349266e-03   7.531277e-04   1.668719e-06   0.000000e+00   3.432702e-01   4.934789e-07 
          5427   1.450075e-07   1.349174e-03   7.544952e-04   1.667656e-06   0.000000e+00   3.431361e-01   4.934531e-07 
          5428   1.458817e-07   1.349078e-03   7.544471e-04   1.667178e-06   0.000000e+00   3.430002e-01   4.934270e-07 
          5429   1.453618e-07   1.348984e-03   7.558753e-04   1.666034e-06   0.000000e+00   3.428655e-01   4.934013e-07 
          5430   1.460998e-07   1.348891e-03   7.551834e-04   1.665530e-06   0.000000e+00   3.427314e-01   4.933758e-07 
     Iteration     Continuity     X-momentum     Y-momentum     Z-momentum         Energy            Tke            Sdr 
          5431   1.453518e-07   1.348800e-03   7.562006e-04   1.664463e-06   0.000000e+00   3.425977e-01   4.933504e-07 
          5432   1.461856e-07   1.348710e-03   7.557910e-04   1.664081e-06   0.000000e+00   3.424643e-01   4.933252e-07 
          5433   1.456050e-07   1.348620e-03   7.567239e-04   1.663054e-06   0.000000e+00   3.423312e-01   4.933001e-07 
          5434   1.463072e-07   1.348531e-03   7.563477e-04   1.662655e-06   0.000000e+00   3.421983e-01   4.932750e-07 
          5435   1.456226e-07   1.348442e-03   7.576080e-04   1.661562e-06   0.000000e+00   3.420656e-01   4.932501e-07 
          5436   1.464111e-07   1.348353e-03   7.575106e-04   1.661149e-06   0.000000e+00   3.419330e-01   4.932248e-07 
          5437   1.458020e-07   1.348262e-03   7.587163e-04   1.660008e-06   0.000000e+00   3.418000e-01   4.931990e-07 
          5438   1.465784e-07   1.348168e-03   7.585105e-04   1.659634e-06   0.000000e+00   3.416665e-01   4.931723e-07 
          5439   1.464605e-07   1.348075e-03   7.586945e-04   1.657909e-06   0.000000e+00   3.415333e-01   4.931461e-07 
          5440   1.464876e-07   1.347983e-03   7.596346e-04   1.658501e-06   0.000000e+00   3.414005e-01   4.931201e-07 
     Iteration     Continuity     X-momentum     Y-momentum     Z-momentum         Energy            Tke            Sdr 
          5441   1.468159e-07   1.347892e-03   7.595900e-04   1.657787e-06   0.000000e+00   3.412680e-01   4.930942e-07 
          5442   1.467505e-07   1.347801e-03   7.595047e-04   1.656145e-06   0.000000e+00   3.411356e-01   4.930686e-07 
          5443   1.468333e-07   1.347712e-03   7.613943e-04   1.656487e-06   0.000000e+00   3.410034e-01   4.930431e-07 
          5444   1.471707e-07   1.347622e-03   7.620837e-04   1.655536e-06   0.000000e+00   3.408713e-01   4.930176e-07 
          5445   1.466015e-07   1.347533e-03   7.630419e-04   1.654426e-06   0.000000e+00   3.407394e-01   4.929923e-07 
          5446   1.473840e-07   1.347444e-03   7.632482e-04   1.653842e-06   0.000000e+00   3.406076e-01   4.929670e-07 
          5447   1.466553e-07   1.347356e-03   7.653589e-04   1.652753e-06   0.000000e+00   3.404760e-01   4.929418e-07 
          5448   1.473726e-07   1.347268e-03   7.654048e-04   1.652365e-06   0.000000e+00   3.403444e-01   4.929167e-07 
          5449   1.449888e-07   1.347177e-03   7.660239e-04   1.651346e-06   0.000000e+00   3.402118e-01   4.928917e-07 
          5450   1.445041e-07   1.347084e-03   7.660821e-04   1.651024e-06   0.000000e+00   3.400787e-01   4.928667e-07 
     Iteration     Continuity     X-momentum     Y-momentum     Z-momentum         Energy            Tke            Sdr 
          5451   1.436897e-07   1.346993e-03   7.670121e-04   1.649994e-06   0.000000e+00   3.399462e-01   4.928418e-07 
          5452   1.448056e-07   1.346903e-03   7.675612e-04   1.649643e-06   0.000000e+00   3.398142e-01   4.928169e-07 
          5453   1.451887e-07   1.346814e-03   7.685840e-04   1.647915e-06   0.000000e+00   3.396824e-01   4.927921e-07 
          5454   1.458034e-07   1.346724e-03   7.699072e-04   1.648311e-06   0.000000e+00   3.395506e-01   4.927674e-07 
          5455   1.455267e-07   1.346635e-03   7.709411e-04   1.647243e-06   0.000000e+00   3.394192e-01   4.927427e-07 
          5456   1.467540e-07   1.346547e-03   7.709939e-04   1.646964e-06   0.000000e+00   3.392879e-01   4.927181e-07 
          5457   1.463697e-07   1.346459e-03   7.727432e-04   1.645796e-06   0.000000e+00   3.391568e-01   4.926936e-07 
          5458   1.475021e-07   1.346372e-03   7.734871e-04   1.645330e-06   0.000000e+00   3.390259e-01   4.926691e-07 
          5459   1.475400e-07   1.346285e-03   7.741275e-04   1.643489e-06   0.000000e+00   3.388951e-01   4.926446e-07 
          5460   1.477220e-07   1.346192e-03   7.751915e-04   1.644126e-06   0.000000e+00   3.387627e-01   4.926196e-07 
     Iteration     Continuity     X-momentum     Y-momentum     Z-momentum         Energy            Tke            Sdr 
          5461   1.469889e-07   1.346097e-03   7.751104e-04   1.642993e-06   0.000000e+00   3.386295e-01   4.925942e-07 
          5462   1.481111e-07   1.346003e-03   7.755384e-04   1.642837e-06   0.000000e+00   3.384972e-01   4.925690e-07 
          5463   1.480964e-07   1.345912e-03   7.770621e-04   1.641070e-06   0.000000e+00   3.383655e-01   4.925441e-07 
          5464   1.482919e-07   1.345821e-03   7.784961e-04   1.641639e-06   0.000000e+00   3.382341e-01   4.925193e-07 
          5465   1.475152e-07   1.345730e-03   7.786161e-04   1.640314e-06   0.000000e+00   3.381030e-01   4.924946e-07 
          5466   1.486145e-07   1.345641e-03   7.790500e-04   1.639999e-06   0.000000e+00   3.379721e-01   4.924700e-07 
          5467   1.485442e-07   1.345551e-03   7.802217e-04   1.638160e-06   0.000000e+00   3.378414e-01   4.924455e-07 
          5468   1.487714e-07   1.345463e-03   7.816030e-04   1.638854e-06   0.000000e+00   3.377108e-01   4.924211e-07 
          5469   1.479277e-07   1.345374e-03   7.815821e-04   1.637683e-06   0.000000e+00   3.375805e-01   4.923968e-07 
          5470   1.489855e-07   1.345286e-03   7.824843e-04   1.637529e-06   0.000000e+00   3.374503e-01   4.923724e-07 
     Iteration     Continuity     X-momentum     Y-momentum     Z-momentum         Energy            Tke            Sdr 
          5471   1.488938e-07   1.345199e-03   7.838877e-04   1.635657e-06   0.000000e+00   3.373202e-01   4.923483e-07 
          5472   1.490174e-07   1.345112e-03   7.855855e-04   1.636170e-06   0.000000e+00   3.371903e-01   4.923241e-07 
          5473   1.481863e-07   1.345024e-03   7.855505e-04   1.634788e-06   0.000000e+00   3.370603e-01   4.923000e-07 
          5474   1.492516e-07   1.344937e-03   7.864097e-04   1.634497e-06   0.000000e+00   3.369303e-01   4.922759e-07 
          5475   1.491586e-07   1.344850e-03   7.876600e-04   1.632639e-06   0.000000e+00   3.368006e-01   4.922520e-07 
          5476   1.493242e-07   1.344763e-03   7.894496e-04   1.633330e-06   0.000000e+00   3.366710e-01   4.922280e-07 
          5477   1.484922e-07   1.344677e-03   7.895519e-04   1.632096e-06   0.000000e+00   3.365416e-01   4.922041e-07 
          5478   1.484933e-07   1.344591e-03   7.908229e-04   1.631692e-06   0.000000e+00   3.364123e-01   4.921803e-07 
          5479   1.494182e-07   1.344505e-03   7.919450e-04   1.631278e-06   0.000000e+00   3.362831e-01   4.921565e-07 
          5480   1.494293e-07   1.344420e-03   7.929481e-04   1.629414e-06   0.000000e+00   3.361541e-01   4.921328e-07 
     Iteration     Continuity     X-momentum     Y-momentum     Z-momentum         Energy            Tke            Sdr 
          5481   1.495904e-07   1.344335e-03   7.943495e-04   1.630009e-06   0.000000e+00   3.360251e-01   4.921092e-07 
          5482   1.488103e-07   1.344250e-03   7.944863e-04   1.628740e-06   0.000000e+00   3.358963e-01   4.920855e-07 
          5483   1.499114e-07   1.344165e-03   7.959343e-04   1.628593e-06   0.000000e+00   3.357676e-01   4.920619e-07 
          5484   1.498628e-07   1.344080e-03   7.975774e-04   1.626770e-06   0.000000e+00   3.356390e-01   4.920384e-07 
          5485   1.500176e-07   1.343996e-03   7.994056e-04   1.627370e-06   0.000000e+00   3.355105e-01   4.920149e-07 
          5486   1.492272e-07   1.343910e-03   7.996557e-04   1.626135e-06   0.000000e+00   3.353811e-01   4.919915e-07 
          5487   1.492469e-07   1.343824e-03   8.011640e-04   1.625685e-06   0.000000e+00   3.352517e-01   4.919681e-07 
          5488   1.502094e-07   1.343739e-03   8.020641e-04   1.625254e-06   0.000000e+00   3.351229e-01   4.919447e-07 
          5489   1.501302e-07   1.343653e-03   8.029650e-04   1.623457e-06   0.000000e+00   3.349938e-01   4.919214e-07 
          5490   1.502908e-07   1.343568e-03   8.045310e-04   1.624083e-06   0.000000e+00   3.348652e-01   4.918981e-07 
     Iteration     Continuity     X-momentum     Y-momentum     Z-momentum         Energy            Tke            Sdr 
          5491   1.494887e-07   1.343483e-03   8.045281e-04   1.622825e-06   0.000000e+00   3.347367e-01   4.918749e-07 
          5492   1.493975e-07   1.343395e-03   8.066910e-04   1.622453e-06   0.000000e+00   3.346072e-01   4.918517e-07 
          5493   1.503636e-07   1.343306e-03   8.081908e-04   1.622051e-06   0.000000e+00   3.344770e-01   4.918284e-07 
          5494   1.503366e-07   1.343218e-03   8.095491e-04   1.620243e-06   0.000000e+00   3.343477e-01   4.918053e-07 
          5495   1.504940e-07   1.343131e-03   8.111228e-04   1.620880e-06   0.000000e+00   3.342188e-01   4.917821e-07 
          5496   1.497092e-07   1.343044e-03   8.115421e-04   1.619565e-06   0.000000e+00   3.340902e-01   4.917591e-07 
          5497   1.497547e-07   1.342958e-03   8.132054e-04   1.619130e-06   0.000000e+00   3.339618e-01   4.917361e-07 
          5498   1.506807e-07   1.342873e-03   8.144304e-04   1.618767e-06   0.000000e+00   3.338336e-01   4.917130e-07 
          5499   1.507068e-07   1.342788e-03   8.159747e-04   1.616954e-06   0.000000e+00   3.337056e-01   4.916901e-07 
          5500   1.509103e-07   1.342704e-03   8.173479e-04   1.617565e-06   0.000000e+00   3.335778e-01   4.916672e-07 
     Iteration     Continuity     X-momentum     Y-momentum     Z-momentum         Energy            Tke            Sdr 
          5501   1.509319e-07   1.342619e-03   8.171583e-04   1.615652e-06   0.000000e+00   3.334501e-01   4.916443e-07 
          5502   1.511789e-07   1.342535e-03   8.193210e-04   1.616493e-06   0.000000e+00   3.333224e-01   4.916215e-07 
          5503   1.512216e-07   1.342451e-03   8.196625e-04   1.614594e-06   0.000000e+00   3.331945e-01   4.915987e-07 
          5504   1.514650e-07   1.342367e-03   8.221364e-04   1.615255e-06   0.000000e+00   3.330670e-01   4.915759e-07 
          5505   1.515187e-07   1.342283e-03   8.227375e-04   1.613268e-06   0.000000e+00   3.329394e-01   4.915532e-07 
          5506   1.517401e-07   1.342197e-03   8.245784e-04   1.613888e-06   0.000000e+00   3.328110e-01   4.915304e-07 
          5507   1.517764e-07   1.342112e-03   8.248008e-04   1.611857e-06   0.000000e+00   3.326831e-01   4.915078e-07 
          5508   1.519736e-07   1.342028e-03   8.268124e-04   1.612504e-06   0.000000e+00   3.325557e-01   4.914851e-07 
          5509   1.519446e-07   1.341944e-03   8.270883e-04   1.610516e-06   0.000000e+00   3.324284e-01   4.914625e-07 
          5510   1.521261e-07   1.341861e-03   8.294384e-04   1.611121e-06   0.000000e+00   3.323014e-01   4.914399e-07 
     Iteration     Continuity     X-momentum     Y-momentum     Z-momentum         Energy            Tke            Sdr 
          5511   1.520714e-07   1.341778e-03   8.298216e-04   1.609061e-06   0.000000e+00   3.321745e-01   4.914174e-07 
          5512   1.522534e-07   1.341695e-03   8.322637e-04   1.609688e-06   0.000000e+00   3.320477e-01   4.913948e-07 
          5513   1.522330e-07   1.341613e-03   8.327543e-04   1.607606e-06   0.000000e+00   3.319210e-01   4.913724e-07 
          5514   1.524337e-07   1.341529e-03   8.349560e-04   1.608187e-06   0.000000e+00   3.317940e-01   4.913499e-07 
          5515   1.524024e-07   1.341447e-03   8.352956e-04   1.606158e-06   0.000000e+00   3.316673e-01   4.913275e-07 
          5516   1.525939e-07   1.341364e-03   8.375786e-04   1.606841e-06   0.000000e+00   3.315409e-01   4.913050e-07 
          5517   1.525803e-07   1.341282e-03   8.379628e-04   1.604850e-06   0.000000e+00   3.314145e-01   4.912827e-07 
          5518   1.527856e-07   1.341200e-03   8.402427e-04   1.605554e-06   0.000000e+00   3.312883e-01   4.912603e-07 
          5519   1.527490e-07   1.341118e-03   8.409000e-04   1.603353e-06   0.000000e+00   3.311620e-01   4.912380e-07 
          5520   1.529428e-07   1.341035e-03   8.425514e-04   1.603687e-06   0.000000e+00   3.310350e-01   4.912157e-07 
     Iteration     Continuity     X-momentum     Y-momentum     Z-momentum         Energy            Tke            Sdr 
          5521   1.529772e-07   1.340952e-03   8.430054e-04   1.601398e-06   0.000000e+00   3.309085e-01   4.911934e-07 
          5522   1.532303e-07   1.340870e-03   8.450278e-04   1.601964e-06   0.000000e+00   3.307822e-01   4.911712e-07 
          5523   1.532135e-07   1.340786e-03   8.465817e-04   1.600071e-06   0.000000e+00   3.306555e-01   4.911485e-07 
          5524   1.533972e-07   1.340701e-03   8.487747e-04   1.600922e-06   0.000000e+00   3.305288e-01   4.911250e-07 
          5525   1.533735e-07   1.340617e-03   8.495196e-04   1.599051e-06   0.000000e+00   3.304025e-01   4.911016e-07 
          5526   1.535878e-07   1.340533e-03   8.516055e-04   1.599897e-06   0.000000e+00   3.302764e-01   4.910784e-07 
          5527   1.535338e-07   1.340450e-03   8.528606e-04   1.598018e-06   0.000000e+00   3.301504e-01   4.910554e-07 
          5528   1.537531e-07   1.340367e-03   8.547906e-04   1.598846e-06   0.000000e+00   3.300246e-01   4.910323e-07 
          5529   1.537441e-07   1.340282e-03   8.555099e-04   1.596814e-06   0.000000e+00   3.298978e-01   4.910094e-07 
          5530   1.539904e-07   1.340197e-03   8.578867e-04   1.597538e-06   0.000000e+00   3.297710e-01   4.909865e-07 
     Iteration     Continuity     X-momentum     Y-momentum     Z-momentum         Energy            Tke            Sdr 
          5531   1.539442e-07   1.340113e-03   8.589376e-04   1.595550e-06   0.000000e+00   3.296448e-01   4.909636e-07 
          5532   1.541676e-07   1.340029e-03   8.609302e-04   1.596348e-06   0.000000e+00   3.295186e-01   4.909408e-07 
          5533   1.541604e-07   1.339941e-03   8.614233e-04   1.594129e-06   0.000000e+00   3.293907e-01   4.909180e-07 
          5534   1.544021e-07   1.339853e-03   8.630245e-04   1.595012e-06   0.000000e+00   3.292627e-01   4.908952e-07 
          5535   1.543412e-07   1.339766e-03   8.636401e-04   1.593164e-06   0.000000e+00   3.291351e-01   4.908724e-07 
          5536   1.545564e-07   1.339678e-03   8.643645e-04   1.594057e-06   0.000000e+00   3.290075e-01   4.908497e-07 
          5537   1.545374e-07   1.339591e-03   8.656622e-04   1.592007e-06   0.000000e+00   3.288807e-01   4.908271e-07 
          5538   1.547251e-07   1.339506e-03   8.677912e-04   1.592660e-06   0.000000e+00   3.287543e-01   4.908044e-07 
          5539   1.546114e-07   1.339421e-03   8.693533e-04   1.590697e-06   0.000000e+00   3.286283e-01   4.907818e-07 
          5540   1.547896e-07   1.339336e-03   8.714510e-04   1.591372e-06   0.000000e+00   3.285025e-01   4.907592e-07 
     Iteration     Continuity     X-momentum     Y-momentum     Z-momentum         Energy            Tke            Sdr 
          5541   1.547276e-07   1.339253e-03   8.723813e-04   1.589374e-06   0.000000e+00   3.283769e-01   4.907366e-07 
          5542   1.549729e-07   1.339169e-03   8.746615e-04   1.590038e-06   0.000000e+00   3.282516e-01   4.907141e-07 
          5543   1.548625e-07   1.339085e-03   8.753070e-04   1.588075e-06   0.000000e+00   3.281258e-01   4.906916e-07 
          5544   1.551009e-07   1.338996e-03   8.771595e-04   1.588803e-06   0.000000e+00   3.279987e-01   4.906689e-07 
          5545   1.550084e-07   1.338909e-03   8.779199e-04   1.586848e-06   0.000000e+00   3.278723e-01   4.906464e-07 
          5546   1.552639e-07   1.338823e-03   8.793880e-04   1.587520e-06   0.000000e+00   3.277465e-01   4.906239e-07 
          5547   1.551562e-07   1.338737e-03   8.804938e-04   1.585594e-06   0.000000e+00   3.276210e-01   4.906014e-07 
          5548   1.553962e-07   1.338653e-03   8.822331e-04   1.586338e-06   0.000000e+00   3.274958e-01   4.905790e-07 
          5549   1.553264e-07   1.338569e-03   8.833793e-04   1.584367e-06   0.000000e+00   3.273707e-01   4.905566e-07 
          5550   1.554454e-07   1.338485e-03   8.851020e-04   1.585056e-06   0.000000e+00   3.272459e-01   4.905342e-07 
     Iteration     Continuity     X-momentum     Y-momentum     Z-momentum         Energy            Tke            Sdr 
          5551   1.552474e-07   1.338402e-03   8.861602e-04   1.583088e-06   0.000000e+00   3.271212e-01   4.905119e-07 
          5552   1.554686e-07   1.338319e-03   8.878870e-04   1.583869e-06   0.000000e+00   3.269966e-01   4.904896e-07 
          5553   1.554445e-07   1.338237e-03   8.890645e-04   1.581868e-06   0.000000e+00   3.268722e-01   4.904673e-07 
          5554   1.557424e-07   1.338154e-03   8.908476e-04   1.582565e-06   0.000000e+00   3.267480e-01   4.904451e-07 
          5555   1.557249e-07   1.338072e-03   8.921241e-04   1.580618e-06   0.000000e+00   3.266238e-01   4.904229e-07 
          5556   1.559811e-07   1.337990e-03   8.939021e-04   1.581379e-06   0.000000e+00   3.264998e-01   4.904006e-07 
          5557   1.559704e-07   1.337909e-03   8.950985e-04   1.579405e-06   0.000000e+00   3.263759e-01   4.903785e-07 
          5558   1.562422e-07   1.337828e-03   8.965967e-04   1.580187e-06   0.000000e+00   3.262521e-01   4.903563e-07 
          5559   1.561795e-07   1.337747e-03   8.979858e-04   1.578203e-06   0.000000e+00   3.261284e-01   4.903342e-07 
          5560   1.564404e-07   1.337666e-03   8.997185e-04   1.578972e-06   0.000000e+00   3.260049e-01   4.903121e-07 
     Iteration     Continuity     X-momentum     Y-momentum     Z-momentum         Energy            Tke            Sdr 
          5561   1.563581e-07   1.337585e-03   9.011861e-04   1.576973e-06   0.000000e+00   3.258813e-01   4.902900e-07 
          5562   1.566372e-07   1.337497e-03   9.028295e-04   1.577803e-06   0.000000e+00   3.257554e-01   4.902666e-07 
          5563   1.565777e-07   1.337408e-03   9.042134e-04   1.575827e-06   0.000000e+00   3.256300e-01   4.902430e-07 
          5564   1.568222e-07   1.337321e-03   9.059888e-04   1.576570e-06   0.000000e+00   3.255051e-01   4.902197e-07 
          5565   1.567216e-07   1.337236e-03   9.074846e-04   1.574620e-06   0.000000e+00   3.253807e-01   4.901966e-07 
          5566   1.569678e-07   1.337151e-03   9.093063e-04   1.575424e-06   0.000000e+00   3.252565e-01   4.901736e-07 
          5567   1.569092e-07   1.337066e-03   9.107819e-04   1.573406e-06   0.000000e+00   3.251326e-01   4.901507e-07 
          5568   1.571235e-07   1.336982e-03   9.123723e-04   1.574214e-06   0.000000e+00   3.250088e-01   4.901278e-07 
          5569   1.570146e-07   1.336899e-03   9.138813e-04   1.572167e-06   0.000000e+00   3.248851e-01   4.901050e-07 
          5570   1.572576e-07   1.336815e-03   9.154081e-04   1.573050e-06   0.000000e+00   3.247616e-01   4.900823e-07 
     Iteration     Continuity     X-momentum     Y-momentum     Z-momentum         Energy            Tke            Sdr 
          5571   1.572201e-07   1.336732e-03   9.168661e-04   1.571038e-06   0.000000e+00   3.246382e-01   4.900596e-07 
          5572   1.574169e-07   1.336644e-03   9.185172e-04   1.571803e-06   0.000000e+00   3.245135e-01   4.900362e-07 
          5573   1.573653e-07   1.336556e-03   9.201064e-04   1.569825e-06   0.000000e+00   3.243890e-01   4.900129e-07 
          5574   1.575211e-07   1.336469e-03   9.218924e-04   1.570653e-06   0.000000e+00   3.242649e-01   4.899898e-07 
          5575   1.575626e-07   1.336383e-03   9.233894e-04   1.568609e-06   0.000000e+00   3.241411e-01   4.899668e-07 
          5576   1.577238e-07   1.336297e-03   9.250312e-04   1.569481e-06   0.000000e+00   3.240175e-01   4.899439e-07 
          5577   1.576959e-07   1.336212e-03   9.265852e-04   1.567411e-06   0.000000e+00   3.238941e-01   4.899211e-07 
          5578   1.578827e-07   1.336128e-03   9.280839e-04   1.568289e-06   0.000000e+00   3.237708e-01   4.898982e-07 
          5579   1.578726e-07   1.336043e-03   9.297661e-04   1.566273e-06   0.000000e+00   3.236476e-01   4.898752e-07 
          5580   1.580546e-07   1.335958e-03   9.314904e-04   1.567145e-06   0.000000e+00   3.235245e-01   4.898523e-07 
     Iteration     Continuity     X-momentum     Y-momentum     Z-momentum         Energy            Tke            Sdr 
          5581   1.580174e-07   1.335874e-03   9.331237e-04   1.565163e-06   0.000000e+00   3.234015e-01   4.898295e-07 
          5582   1.582124e-07   1.335791e-03   9.347877e-04   1.566039e-06   0.000000e+00   3.232787e-01   4.898066e-07 
          5583   1.582425e-07   1.335707e-03   9.364450e-04   1.563999e-06   0.000000e+00   3.231560e-01   4.897839e-07 
          5584   1.584522e-07   1.335624e-03   9.380170e-04   1.564869e-06   0.000000e+00   3.230334e-01   4.897612e-07 
          5585   1.584652e-07   1.335541e-03   9.397477e-04   1.562768e-06   0.000000e+00   3.229109e-01   4.897386e-07 
          5586   1.587089e-07   1.335454e-03   9.412307e-04   1.563554e-06   0.000000e+00   3.227869e-01   4.897159e-07 
          5587   1.586848e-07   1.335366e-03   9.413443e-04   1.561444e-06   0.000000e+00   3.226629e-01   4.896933e-07 
          5588   1.588731e-07   1.335280e-03   9.418553e-04   1.562416e-06   0.000000e+00   3.225396e-01   4.896708e-07 
          5589   1.588916e-07   1.335195e-03   9.417605e-04   1.560371e-06   0.000000e+00   3.224166e-01   4.896483e-07 
          5590   1.591179e-07   1.335111e-03   9.428243e-04   1.561372e-06   0.000000e+00   3.222939e-01   4.896258e-07 
     Iteration     Continuity     X-momentum     Y-momentum     Z-momentum         Energy            Tke            Sdr 
          5591   1.590862e-07   1.335026e-03   9.434959e-04   1.559292e-06   0.000000e+00   3.221713e-01   4.896034e-07 
          5592   1.592875e-07   1.334943e-03   9.441399e-04   1.560290e-06   0.000000e+00   3.220489e-01   4.895810e-07 
          5593   1.592702e-07   1.334859e-03   9.453746e-04   1.558205e-06   0.000000e+00   3.219266e-01   4.895587e-07 
          5594   1.595045e-07   1.334776e-03   9.462138e-04   1.559112e-06   0.000000e+00   3.218045e-01   4.895364e-07 
          5595   1.594575e-07   1.334693e-03   9.472928e-04   1.557137e-06   0.000000e+00   3.216826e-01   4.895142e-07 
          5596   1.593425e-07   1.334611e-03   9.481570e-04   1.558009e-06   0.000000e+00   3.215607e-01   4.894919e-07 
          5597   1.586694e-07   1.334528e-03   9.489702e-04   1.555993e-06   0.000000e+00   3.214390e-01   4.894697e-07 
          5598   1.584896e-07   1.334446e-03   9.498761e-04   1.556866e-06   0.000000e+00   3.213173e-01   4.894476e-07 
          5599   1.581785e-07   1.334361e-03   9.503800e-04   1.554862e-06   0.000000e+00   3.211945e-01   4.894252e-07 
          5600   1.580582e-07   1.334267e-03   9.513301e-04   1.555744e-06   0.000000e+00   3.210701e-01   4.894012e-07 
     Iteration     Continuity     X-momentum     Y-momentum     Z-momentum         Energy            Tke            Sdr 
          5601   1.577961e-07   1.334176e-03   9.519530e-04   1.553776e-06   0.000000e+00   3.209466e-01   4.893777e-07 
          5602   1.578445e-07   1.334087e-03   9.525518e-04   1.554689e-06   0.000000e+00   3.208236e-01   4.893545e-07 
          5603   1.576416e-07   1.333999e-03   9.533048e-04   1.552797e-06   0.000000e+00   3.207010e-01   4.893315e-07 
          5604   1.577145e-07   1.333912e-03   9.543425e-04   1.553620e-06   0.000000e+00   3.205786e-01   4.893086e-07 
          5605   1.576472e-07   1.333825e-03   9.548364e-04   1.551678e-06   0.000000e+00   3.204564e-01   4.892858e-07 
          5606   1.578012e-07   1.333739e-03   9.560387e-04   1.552476e-06   0.000000e+00   3.203343e-01   4.892631e-07 
          5607   1.577515e-07   1.333652e-03   9.561156e-04   1.550412e-06   0.000000e+00   3.202122e-01   4.892405e-07 
          5608   1.579139e-07   1.333567e-03   9.571480e-04   1.551293e-06   0.000000e+00   3.200903e-01   4.892179e-07 
          5609   1.578335e-07   1.333481e-03   9.572392e-04   1.549338e-06   0.000000e+00   3.199686e-01   4.891954e-07 
          5610   1.579922e-07   1.333396e-03   9.584072e-04   1.550241e-06   0.000000e+00   3.198471e-01   4.891729e-07 
     Iteration     Continuity     X-momentum     Y-momentum     Z-momentum         Energy            Tke            Sdr 
          5611   1.579518e-07   1.333312e-03   9.587433e-04   1.548251e-06   0.000000e+00   3.197257e-01   4.891506e-07 
          5612   1.581038e-07   1.333228e-03   9.600336e-04   1.549123e-06   0.000000e+00   3.196045e-01   4.891282e-07 
          5613   1.580099e-07   1.333144e-03   9.603880e-04   1.547098e-06   0.000000e+00   3.194834e-01   4.891059e-07 
          5614   1.582030e-07   1.333060e-03   9.617597e-04   1.547990e-06   0.000000e+00   3.193624e-01   4.890837e-07 
          5615   1.581733e-07   1.332976e-03   9.620299e-04   1.545942e-06   0.000000e+00   3.192410e-01   4.890615e-07 
          5616   1.583808e-07   1.332889e-03   9.634218e-04   1.546797e-06   0.000000e+00   3.191185e-01   4.890393e-07 
          5617   1.582660e-07   1.332804e-03   9.635558e-04   1.544815e-06   0.000000e+00   3.189968e-01   4.890172e-07 
          5618   1.585174e-07   1.332719e-03   9.648721e-04   1.545790e-06   0.000000e+00   3.188755e-01   4.889952e-07 
          5619   1.584780e-07   1.332635e-03   9.651365e-04   1.543788e-06   0.000000e+00   3.187545e-01   4.889732e-07 
          5620   1.586791e-07   1.332552e-03   9.667855e-04   1.544654e-06   0.000000e+00   3.186336e-01   4.889512e-07 
     Iteration     Continuity     X-momentum     Y-momentum     Z-momentum         Energy            Tke            Sdr 
          5621   1.586102e-07   1.332468e-03   9.670860e-04   1.542628e-06   0.000000e+00   3.185129e-01   4.889292e-07 
          5622   1.588246e-07   1.332385e-03   9.686088e-04   1.543518e-06   0.000000e+00   3.183922e-01   4.889073e-07 
          5623   1.588269e-07   1.332300e-03   9.684174e-04   1.541366e-06   0.000000e+00   3.182708e-01   4.888854e-07 
          5624   1.590331e-07   1.332212e-03   9.688897e-04   1.542264e-06   0.000000e+00   3.181486e-01   4.888632e-07 
          5625   1.589730e-07   1.332123e-03   9.675572e-04   1.540347e-06   0.000000e+00   3.180268e-01   4.888402e-07 
          5626   1.592229e-07   1.332036e-03   9.673614e-04   1.541478e-06   0.000000e+00   3.179055e-01   4.888173e-07 
          5627   1.591454e-07   1.331950e-03   9.675484e-04   1.539812e-06   0.000000e+00   3.177846e-01   4.887946e-07 
          5628   1.593814e-07   1.331864e-03   9.683333e-04   1.540757e-06   0.000000e+00   3.176638e-01   4.887720e-07 
          5629   1.593270e-07   1.331779e-03   9.700021e-04   1.538811e-06   0.000000e+00   3.175433e-01   4.887496e-07 
          5630   1.595727e-07   1.331695e-03   9.705071e-04   1.539726e-06   0.000000e+00   3.174229e-01   4.887271e-07 
     Iteration     Continuity     X-momentum     Y-momentum     Z-momentum         Energy            Tke            Sdr 
          5631   1.595041e-07   1.331610e-03   9.708214e-04   1.537540e-06   0.000000e+00   3.173025e-01   4.887047e-07 
          5632   1.597500e-07   1.331518e-03   9.706031e-04   1.538499e-06   0.000000e+00   3.171800e-01   4.886816e-07 
          5633   1.596985e-07   1.331422e-03   9.706010e-04   1.536422e-06   0.000000e+00   3.170569e-01   4.886583e-07 
          5634   1.599256e-07   1.331330e-03   9.701518e-04   1.537313e-06   0.000000e+00   3.169347e-01   4.886354e-07 
          5635   1.598847e-07   1.331239e-03   9.701732e-04   1.535279e-06   0.000000e+00   3.168132e-01   4.886126e-07 
          5636   1.601428e-07   1.331149e-03   9.696921e-04   1.536311e-06   0.000000e+00   3.166919e-01   4.885900e-07 
          5637   1.600971e-07   1.331060e-03   9.698664e-04   1.534296e-06   0.000000e+00   3.165710e-01   4.885675e-07 
          5638   1.603761e-07   1.330972e-03   9.691987e-04   1.535315e-06   0.000000e+00   3.164503e-01   4.885450e-07 
          5639   1.603514e-07   1.330884e-03   9.692539e-04   1.533184e-06   0.000000e+00   3.163299e-01   4.885226e-07 
          5640   1.606181e-07   1.330797e-03   9.684849e-04   1.534096e-06   0.000000e+00   3.162096e-01   4.885002e-07 
     Iteration     Continuity     X-momentum     Y-momentum     Z-momentum         Energy            Tke            Sdr 
          5641   1.605672e-07   1.330711e-03   9.685010e-04   1.532011e-06   0.000000e+00   3.160895e-01   4.884780e-07 
          5642   1.608208e-07   1.330625e-03   9.677168e-04   1.533012e-06   0.000000e+00   3.159695e-01   4.884557e-07 
          5643   1.607984e-07   1.330539e-03   9.678209e-04   1.530912e-06   0.000000e+00   3.158497e-01   4.884336e-07 
          5644   1.610360e-07   1.330449e-03   9.671778e-04   1.531794e-06   0.000000e+00   3.157289e-01   4.884104e-07 
          5645   1.609631e-07   1.330358e-03   9.671553e-04   1.529746e-06   0.000000e+00   3.156082e-01   4.883873e-07 
          5646   1.612669e-07   1.330269e-03   9.664342e-04   1.530825e-06   0.000000e+00   3.154879e-01   4.883645e-07 
          5647   1.612404e-07   1.330180e-03   9.664295e-04   1.528690e-06   0.000000e+00   3.153677e-01   4.883418e-07 
          5648   1.613143e-07   1.330093e-03   9.660832e-04   1.529712e-06   0.000000e+00   3.152478e-01   4.883192e-07 
          5649   1.587969e-07   1.330005e-03   9.662032e-04   1.527533e-06   0.000000e+00   3.151281e-01   4.882968e-07 
          5650   1.576504e-07   1.329919e-03   9.655354e-04   1.528565e-06   0.000000e+00   3.150085e-01   4.882744e-07 
     Iteration     Continuity     X-momentum     Y-momentum     Z-momentum         Energy            Tke            Sdr 
          5651   1.565326e-07   1.329832e-03   9.655886e-04   1.526430e-06   0.000000e+00   3.148892e-01   4.882522e-07 
          5652   1.560992e-07   1.329746e-03   9.650597e-04   1.527501e-06   0.000000e+00   3.147700e-01   4.882299e-07 
          5653   1.554334e-07   1.329661e-03   9.650447e-04   1.525436e-06   0.000000e+00   3.146509e-01   4.882078e-07 
          5654   1.553798e-07   1.329576e-03   9.645987e-04   1.526534e-06   0.000000e+00   3.145319e-01   4.881856e-07 
          5655   1.549822e-07   1.329491e-03   9.647484e-04   1.524387e-06   0.000000e+00   3.144131e-01   4.881636e-07 
          5656   1.550908e-07   1.329407e-03   9.643352e-04   1.525387e-06   0.000000e+00   3.142944e-01   4.881416e-07 
          5657   1.547823e-07   1.329322e-03   9.644602e-04   1.523279e-06   0.000000e+00   3.141759e-01   4.881197e-07 
          5658   1.550403e-07   1.329239e-03   9.640558e-04   1.524363e-06   0.000000e+00   3.140574e-01   4.880978e-07 
          5659   1.548495e-07   1.329155e-03   9.641984e-04   1.522248e-06   0.000000e+00   3.139391e-01   4.880759e-07 
          5660   1.551300e-07   1.329072e-03   9.638910e-04   1.523245e-06   0.000000e+00   3.138208e-01   4.880541e-07 
     Iteration     Continuity     X-momentum     Y-momentum     Z-momentum         Energy            Tke            Sdr 
          5661   1.549322e-07   1.328989e-03   9.640027e-04   1.521132e-06   0.000000e+00   3.137027e-01   4.880324e-07 
          5662   1.553299e-07   1.328906e-03   9.640826e-04   1.522147e-06   0.000000e+00   3.135847e-01   4.880107e-07 
          5663   1.547133e-07   1.328823e-03   9.640037e-04   1.519692e-06   0.000000e+00   3.134668e-01   4.879890e-07 
          5664   1.515188e-07   1.328741e-03   9.637732e-04   1.520360e-06   0.000000e+00   3.133490e-01   4.879674e-07 
          5665   1.503877e-07   1.328659e-03   9.637932e-04   1.518104e-06   0.000000e+00   3.132312e-01   4.879458e-07 
          5666   1.518498e-07   1.328577e-03   9.635464e-04   1.519109e-06   0.000000e+00   3.131136e-01   4.879243e-07 
          5667   1.523536e-07   1.328495e-03   9.637463e-04   1.517081e-06   0.000000e+00   3.129961e-01   4.879028e-07 
          5668   1.539375e-07   1.328413e-03   9.636453e-04   1.518166e-06   0.000000e+00   3.128787e-01   4.878813e-07 
          5669   1.490151e-07   1.328332e-03   9.638391e-04   1.516113e-06   0.000000e+00   3.127613e-01   4.878599e-07 
          5670   1.405489e-07   1.328251e-03   9.637822e-04   1.517376e-06   0.000000e+00   3.126441e-01   4.878385e-07 
     Iteration     Continuity     X-momentum     Y-momentum     Z-momentum         Energy            Tke            Sdr 
          5671   1.346701e-07   1.328170e-03   9.637756e-04   1.515290e-06   0.000000e+00   3.125269e-01   4.878172e-07 
          5672   1.326218e-07   1.328089e-03   9.639182e-04   1.516338e-06   0.000000e+00   3.124098e-01   4.877958e-07 
          5673   1.311450e-07   1.328009e-03   9.640787e-04   1.514177e-06   0.000000e+00   3.122928e-01   4.877746e-07 
          5674   1.317680e-07   1.327925e-03   9.641572e-04   1.515112e-06   0.000000e+00   3.121743e-01   4.877533e-07 
          5675   1.319445e-07   1.327842e-03   9.643434e-04   1.512995e-06   0.000000e+00   3.120565e-01   4.877321e-07 
          5676   1.335626e-07   1.327760e-03   9.644022e-04   1.514109e-06   0.000000e+00   3.119390e-01   4.877109e-07 
          5677   1.340541e-07   1.327679e-03   9.645647e-04   1.511988e-06   0.000000e+00   3.118217e-01   4.876898e-07 
          5678   1.358999e-07   1.327598e-03   9.647935e-04   1.513110e-06   0.000000e+00   3.117047e-01   4.876686e-07 
          5679   1.364848e-07   1.327517e-03   9.650380e-04   1.511040e-06   0.000000e+00   3.115878e-01   4.876476e-07 
          5680   1.382918e-07   1.327436e-03   9.652551e-04   1.512132e-06   0.000000e+00   3.114710e-01   4.876265e-07 
     Iteration     Continuity     X-momentum     Y-momentum     Z-momentum         Energy            Tke            Sdr 
          5681   1.386156e-07   1.327356e-03   9.655272e-04   1.509975e-06   0.000000e+00   3.113543e-01   4.876055e-07 
          5682   1.402390e-07   1.327276e-03   9.657604e-04   1.511146e-06   0.000000e+00   3.112378e-01   4.875845e-07 
          5683   1.403341e-07   1.327196e-03   9.660478e-04   1.509025e-06   0.000000e+00   3.111213e-01   4.875635e-07 
          5684   1.417660e-07   1.327116e-03   9.663458e-04   1.510099e-06   0.000000e+00   3.110049e-01   4.875426e-07 
          5685   1.417622e-07   1.327036e-03   9.666430e-04   1.507998e-06   0.000000e+00   3.108885e-01   4.875217e-07 
          5686   1.431559e-07   1.326956e-03   9.668392e-04   1.509127e-06   0.000000e+00   3.107722e-01   4.875008e-07 
          5687   1.431130e-07   1.326877e-03   9.672641e-04   1.507048e-06   0.000000e+00   3.106560e-01   4.874799e-07 
          5688   1.444690e-07   1.326797e-03   9.676872e-04   1.508174e-06   0.000000e+00   3.105399e-01   4.874591e-07 
          5689   1.444873e-07   1.326718e-03   9.680724e-04   1.506113e-06   0.000000e+00   3.104238e-01   4.874381e-07 
          5690   1.459101e-07   1.326632e-03   9.682764e-04   1.507235e-06   0.000000e+00   3.103059e-01   4.874157e-07 
     Iteration     Continuity     X-momentum     Y-momentum     Z-momentum         Energy            Tke            Sdr 
          5691   1.459489e-07   1.326546e-03   9.688009e-04   1.505091e-06   0.000000e+00   3.101881e-01   4.873935e-07 
          5692   1.474046e-07   1.326461e-03   9.691649e-04   1.506270e-06   0.000000e+00   3.100709e-01   4.873717e-07 
          5693   1.474938e-07   1.326378e-03   9.699336e-04   1.504114e-06   0.000000e+00   3.099541e-01   4.873499e-07 
          5694   1.489543e-07   1.326295e-03   9.706960e-04   1.505220e-06   0.000000e+00   3.098375e-01   4.873283e-07 
          5695   1.490999e-07   1.326213e-03   9.711528e-04   1.503136e-06   0.000000e+00   3.097211e-01   4.873067e-07 
          5696   1.506519e-07   1.326131e-03   9.713789e-04   1.504136e-06   0.000000e+00   3.096049e-01   4.872852e-07 
          5697   1.508887e-07   1.326049e-03   9.711499e-04   1.502252e-06   0.000000e+00   3.094888e-01   4.872637e-07 
          5698   1.516532e-07   1.325968e-03   9.709993e-04   1.503134e-06   0.000000e+00   3.093729e-01   4.872423e-07 
          5699   1.525957e-07   1.325887e-03   9.718672e-04   1.501592e-06   0.000000e+00   3.092570e-01   4.872209e-07 
          5700   1.541835e-07   1.325806e-03   9.726965e-04   1.502478e-06   0.000000e+00   3.091413e-01   4.871996e-07 
     Iteration     Continuity     X-momentum     Y-momentum     Z-momentum         Energy            Tke            Sdr 
          5701   1.546692e-07   1.325723e-03   9.724738e-04   1.500316e-06   0.000000e+00   3.090248e-01   4.871783e-07 
          5702   1.564616e-07   1.325638e-03   9.726316e-04   1.501380e-06   0.000000e+00   3.089077e-01   4.871570e-07 
          5703   1.570586e-07   1.325555e-03   9.739040e-04   1.499105e-06   0.000000e+00   3.087912e-01   4.871358e-07 
          5704   1.589094e-07   1.325472e-03   9.747572e-04   1.500206e-06   0.000000e+00   3.086751e-01   4.871146e-07 
          5705   1.595651e-07   1.325390e-03   9.748606e-04   1.498171e-06   0.000000e+00   3.085592e-01   4.870935e-07 
          5706   1.614347e-07   1.325308e-03   9.758147e-04   1.499226e-06   0.000000e+00   3.084435e-01   4.870723e-07 
          5707   1.621875e-07   1.325227e-03   9.749753e-04   1.497315e-06   0.000000e+00   3.083280e-01   4.870513e-07 
          5708   1.632467e-07   1.325146e-03   9.760573e-04   1.497911e-06   0.000000e+00   3.082126e-01   4.870302e-07 
          5709   1.648172e-07   1.325066e-03   9.764043e-04   1.496528e-06   0.000000e+00   3.080973e-01   4.870092e-07 
          5710   1.666649e-07   1.324985e-03   9.769660e-04   1.497676e-06   0.000000e+00   3.079822e-01   4.869883e-07 
     Iteration     Continuity     X-momentum     Y-momentum     Z-momentum         Energy            Tke            Sdr 
          5711   1.676269e-07   1.324905e-03   9.768757e-04   1.495594e-06   0.000000e+00   3.078671e-01   4.869673e-07 
          5712   1.691527e-07   1.324825e-03   9.772981e-04   1.495163e-06   0.000000e+00   3.077522e-01   4.869464e-07 
          5713   1.710214e-07   1.324746e-03   9.777739e-04   1.496337e-06   0.000000e+00   3.076374e-01   4.869255e-07 
          5714   1.635893e-07   1.324666e-03   9.777085e-04   1.494272e-06   0.000000e+00   3.075226e-01   4.869047e-07 
          5715   1.545005e-07   1.324587e-03   9.783187e-04   1.494681e-06   0.000000e+00   3.074080e-01   4.868839e-07 
          5716   1.486168e-07   1.324507e-03   9.786844e-04   1.492979e-06   0.000000e+00   3.072932e-01   4.868631e-07 
          5717   1.442646e-07   1.324425e-03   9.802711e-04   1.493583e-06   0.000000e+00   3.071772e-01   4.868423e-07 
          5718   1.396545e-07   1.324344e-03   9.801735e-04   1.491267e-06   0.000000e+00   3.070618e-01   4.868216e-07 
          5719   1.369285e-07   1.324263e-03   9.817631e-04   1.491872e-06   0.000000e+00   3.069468e-01   4.868009e-07 
          5720   1.348804e-07   1.324183e-03   9.816469e-04   1.490462e-06   0.000000e+00   3.068320e-01   4.867802e-07 
     Iteration     Continuity     X-momentum     Y-momentum     Z-momentum         Energy            Tke            Sdr 
          5721   1.343939e-07   1.324103e-03   9.823390e-04   1.491442e-06   0.000000e+00   3.067172e-01   4.867593e-07 
          5722   1.327918e-07   1.324021e-03   9.814469e-04   1.489458e-06   0.000000e+00   3.066025e-01   4.867376e-07 
          5723   1.330528e-07   1.323940e-03   9.824536e-04   1.490334e-06   0.000000e+00   3.064879e-01   4.867161e-07 
          5724   1.318312e-07   1.323860e-03   9.811894e-04   1.488451e-06   0.000000e+00   3.063734e-01   4.866947e-07 
          5725   1.323996e-07   1.323779e-03   9.822313e-04   1.489520e-06   0.000000e+00   3.062591e-01   4.866733e-07 
          5726   1.314089e-07   1.323699e-03   9.818396e-04   1.487553e-06   0.000000e+00   3.061449e-01   4.866521e-07 
          5727   1.321899e-07   1.323620e-03   9.817524e-04   1.488703e-06   0.000000e+00   3.060308e-01   4.866309e-07 
          5728   1.314011e-07   1.323540e-03   9.826679e-04   1.486570e-06   0.000000e+00   3.059168e-01   4.866097e-07 
          5729   1.321789e-07   1.323461e-03   9.842916e-04   1.487634e-06   0.000000e+00   3.058029e-01   4.865886e-07 
          5730   1.312299e-07   1.323382e-03   9.855216e-04   1.485606e-06   0.000000e+00   3.056891e-01   4.865675e-07 
     Iteration     Continuity     X-momentum     Y-momentum     Z-momentum         Energy            Tke            Sdr 
          5731   1.320256e-07   1.323303e-03   9.865605e-04   1.486675e-06   0.000000e+00   3.055754e-01   4.865464e-07 
          5732   1.311803e-07   1.323224e-03   9.864123e-04   1.484677e-06   0.000000e+00   3.054617e-01   4.865254e-07 
          5733   1.320363e-07   1.323145e-03   9.871633e-04   1.485720e-06   0.000000e+00   3.053482e-01   4.865043e-07 
          5734   1.312083e-07   1.323067e-03   9.859638e-04   1.483854e-06   0.000000e+00   3.052346e-01   4.864832e-07 
          5735   1.320520e-07   1.322988e-03   9.865713e-04   1.484879e-06   0.000000e+00   3.051212e-01   4.864620e-07 
          5736   1.312274e-07   1.322909e-03   9.868915e-04   1.482909e-06   0.000000e+00   3.050078e-01   4.864409e-07 
          5737   1.320985e-07   1.322831e-03   9.877089e-04   1.484057e-06   0.000000e+00   3.048945e-01   4.864197e-07 
          5738   1.306543e-07   1.322753e-03   9.883389e-04   1.482084e-06   0.000000e+00   3.047813e-01   4.863986e-07 
          5739   1.306443e-07   1.322675e-03   9.889636e-04   1.483149e-06   0.000000e+00   3.046681e-01   4.863776e-07 
          5740   1.299887e-07   1.322597e-03   9.896915e-04   1.481183e-06   0.000000e+00   3.045550e-01   4.863565e-07 
     Iteration     Continuity     X-momentum     Y-momentum     Z-momentum         Energy            Tke            Sdr 
          5741   1.314126e-07   1.322519e-03   9.901921e-04   1.482136e-06   0.000000e+00   3.044420e-01   4.863355e-07 
          5742   1.314218e-07   1.322441e-03   9.901302e-04   1.480147e-06   0.000000e+00   3.043291e-01   4.863146e-07 
          5743   1.330630e-07   1.322362e-03   9.908088e-04   1.481399e-06   0.000000e+00   3.042159e-01   4.862936e-07 
          5744   1.330657e-07   1.322284e-03   9.915833e-04   1.479434e-06   0.000000e+00   3.041030e-01   4.862727e-07 
          5745   1.344767e-07   1.322206e-03   9.922727e-04   1.480458e-06   0.000000e+00   3.039901e-01   4.862517e-07 
          5746   1.343162e-07   1.322124e-03   9.928006e-04   1.478444e-06   0.000000e+00   3.038757e-01   4.862307e-07 
          5747   1.355236e-07   1.322042e-03   9.932347e-04   1.479522e-06   0.000000e+00   3.037615e-01   4.862097e-07 
          5748   1.351824e-07   1.321961e-03   9.939157e-04   1.477434e-06   0.000000e+00   3.036479e-01   4.861888e-07 
          5749   1.362436e-07   1.321881e-03   9.946061e-04   1.478462e-06   0.000000e+00   3.035345e-01   4.861679e-07 
          5750   1.357759e-07   1.321799e-03   9.953619e-04   1.476414e-06   0.000000e+00   3.034205e-01   4.861470e-07 
     Iteration     Continuity     X-momentum     Y-momentum     Z-momentum         Energy            Tke            Sdr 
          5751   1.367164e-07   1.321717e-03   9.960194e-04   1.477615e-06   0.000000e+00   3.033065e-01   4.861262e-07 
          5752   1.361568e-07   1.321637e-03   9.967469e-04   1.475535e-06   0.000000e+00   3.031929e-01   4.861054e-07 
          5753   1.370356e-07   1.321556e-03   9.973620e-04   1.476711e-06   0.000000e+00   3.030796e-01   4.860846e-07 
          5754   1.364181e-07   1.321472e-03   9.981715e-04   1.474611e-06   0.000000e+00   3.029657e-01   4.860626e-07 
          5755   1.372263e-07   1.321388e-03   9.989232e-04   1.475746e-06   0.000000e+00   3.028519e-01   4.860405e-07 
          5756   1.365715e-07   1.321305e-03   9.995680e-04   1.473655e-06   0.000000e+00   3.027385e-01   4.860188e-07 
          5757   1.373740e-07   1.321223e-03   1.000388e-03   1.474831e-06   0.000000e+00   3.026252e-01   4.859972e-07 
          5758   1.367000e-07   1.321141e-03   1.001056e-03   1.472778e-06   0.000000e+00   3.025122e-01   4.859757e-07 
          5759   1.374422e-07   1.321059e-03   1.001964e-03   1.473878e-06   0.000000e+00   3.023993e-01   4.859542e-07 
          5760   1.367664e-07   1.320978e-03   1.002658e-03   1.471829e-06   0.000000e+00   3.022865e-01   4.859329e-07 
     Iteration     Continuity     X-momentum     Y-momentum     Z-momentum         Energy            Tke            Sdr 
          5761   1.375433e-07   1.320897e-03   1.003572e-03   1.473014e-06   0.000000e+00   3.021738e-01   4.859116e-07 
          5762   1.368472e-07   1.320817e-03   1.004313e-03   1.471003e-06   0.000000e+00   3.020613e-01   4.858903e-07 
          5763   1.375780e-07   1.320736e-03   1.005197e-03   1.472087e-06   0.000000e+00   3.019486e-01   4.858691e-07 
          5764   1.368265e-07   1.320655e-03   1.006033e-03   1.469967e-06   0.000000e+00   3.018361e-01   4.858479e-07 
          5765   1.376276e-07   1.320575e-03   1.006985e-03   1.471254e-06   0.000000e+00   3.017237e-01   4.858268e-07 
          5766   1.368937e-07   1.320495e-03   1.007697e-03   1.469247e-06   0.000000e+00   3.016115e-01   4.858057e-07 
          5767   1.376268e-07   1.320415e-03   1.008702e-03   1.470323e-06   0.000000e+00   3.014994e-01   4.857847e-07 
          5768   1.369127e-07   1.320336e-03   1.009484e-03   1.468233e-06   0.000000e+00   3.013872e-01   4.857636e-07 
          5769   1.376917e-07   1.320250e-03   1.010520e-03   1.469447e-06   0.000000e+00   3.012738e-01   4.857417e-07 
          5770   1.369909e-07   1.320166e-03   1.011313e-03   1.467439e-06   0.000000e+00   3.011609e-01   4.857200e-07 
     Iteration     Continuity     X-momentum     Y-momentum     Z-momentum         Energy            Tke            Sdr 
          5771   1.377519e-07   1.320083e-03   1.012383e-03   1.468491e-06   0.000000e+00   3.010483e-01   4.856985e-07 
          5772   1.370365e-07   1.320000e-03   1.013096e-03   1.466411e-06   0.000000e+00   3.009359e-01   4.856771e-07 
          5773   1.378715e-07   1.319919e-03   1.014202e-03   1.467663e-06   0.000000e+00   3.008236e-01   4.856559e-07 
          5774   1.371593e-07   1.319837e-03   1.014938e-03   1.465686e-06   0.000000e+00   3.007115e-01   4.856347e-07 
          5775   1.379128e-07   1.319756e-03   1.016050e-03   1.466765e-06   0.000000e+00   3.005995e-01   4.856135e-07 
          5776   1.372048e-07   1.319675e-03   1.016896e-03   1.464748e-06   0.000000e+00   3.004877e-01   4.855924e-07 
          5777   1.379796e-07   1.319592e-03   1.018006e-03   1.465912e-06   0.000000e+00   3.003748e-01   4.855713e-07 
          5778   1.372667e-07   1.319509e-03   1.018864e-03   1.463856e-06   0.000000e+00   3.002622e-01   4.855503e-07 
          5779   1.380215e-07   1.319427e-03   1.019918e-03   1.464964e-06   0.000000e+00   3.001499e-01   4.855294e-07 
          5780   1.373211e-07   1.319346e-03   1.020791e-03   1.462942e-06   0.000000e+00   3.000379e-01   4.855085e-07 
     Iteration     Continuity     X-momentum     Y-momentum     Z-momentum         Energy            Tke            Sdr 
          5781   1.381108e-07   1.319265e-03   1.021832e-03   1.464175e-06   0.000000e+00   2.999261e-01   4.854876e-07 
          5782   1.374085e-07   1.319184e-03   1.022855e-03   1.462167e-06   0.000000e+00   2.998144e-01   4.854667e-07 
          5783   1.381442e-07   1.319103e-03   1.024028e-03   1.463249e-06   0.000000e+00   2.997029e-01   4.854459e-07 
          5784   1.374850e-07   1.319023e-03   1.024945e-03   1.461314e-06   0.000000e+00   2.995916e-01   4.854252e-07 
          5785   1.382389e-07   1.318943e-03   1.026029e-03   1.462328e-06   0.000000e+00   2.994803e-01   4.854044e-07 
          5786   1.375560e-07   1.318862e-03   1.026981e-03   1.460348e-06   0.000000e+00   2.993685e-01   4.853837e-07 
          5787   1.383524e-07   1.318777e-03   1.028251e-03   1.461584e-06   0.000000e+00   2.992558e-01   4.853628e-07 
          5788   1.376373e-07   1.318694e-03   1.029251e-03   1.459587e-06   0.000000e+00   2.991436e-01   4.853420e-07 
          5789   1.383599e-07   1.318611e-03   1.030421e-03   1.460701e-06   0.000000e+00   2.990319e-01   4.853213e-07 
          5790   1.376827e-07   1.318529e-03   1.031425e-03   1.458725e-06   0.000000e+00   2.989204e-01   4.853006e-07 
     Iteration     Continuity     X-momentum     Y-momentum     Z-momentum         Energy            Tke            Sdr 
          5791   1.384305e-07   1.318448e-03   1.032741e-03   1.459904e-06   0.000000e+00   2.988090e-01   4.852800e-07 
          5792   1.377324e-07   1.318367e-03   1.033655e-03   1.457814e-06   0.000000e+00   2.986977e-01   4.852594e-07 
          5793   1.384769e-07   1.318285e-03   1.034990e-03   1.459075e-06   0.000000e+00   2.985864e-01   4.852389e-07 
          5794   1.377871e-07   1.318205e-03   1.035823e-03   1.457001e-06   0.000000e+00   2.984753e-01   4.852184e-07 
          5795   1.385244e-07   1.318124e-03   1.037260e-03   1.458291e-06   0.000000e+00   2.983644e-01   4.851979e-07 
          5796   1.378462e-07   1.318044e-03   1.038117e-03   1.456518e-06   0.000000e+00   2.982535e-01   4.851774e-07 
          5797   1.385612e-07   1.317962e-03   1.039512e-03   1.457789e-06   0.000000e+00   2.981419e-01   4.851570e-07 
          5798   1.378546e-07   1.317881e-03   1.040487e-03   1.455720e-06   0.000000e+00   2.980308e-01   4.851366e-07 
          5799   1.385953e-07   1.317801e-03   1.041834e-03   1.456648e-06   0.000000e+00   2.979199e-01   4.851162e-07 
          5800   1.378822e-07   1.317721e-03   1.042959e-03   1.454339e-06   0.000000e+00   2.978093e-01   4.850959e-07 
     Iteration     Continuity     X-momentum     Y-momentum     Z-momentum         Energy            Tke            Sdr 
          5801   1.380666e-07   1.317641e-03   1.044175e-03   1.454931e-06   0.000000e+00   2.976988e-01   4.850756e-07 
          5802   1.377374e-07   1.317562e-03   1.045386e-03   1.453518e-06   0.000000e+00   2.975885e-01   4.850554e-07 
          5803   1.385074e-07   1.317482e-03   1.046752e-03   1.454929e-06   0.000000e+00   2.974782e-01   4.850351e-07 
          5804   1.378283e-07   1.317403e-03   1.047877e-03   1.452826e-06   0.000000e+00   2.973677e-01   4.850149e-07 
          5805   1.386362e-07   1.317322e-03   1.049062e-03   1.453940e-06   0.000000e+00   2.972566e-01   4.849946e-07 
          5806   1.377081e-07   1.317239e-03   1.050033e-03   1.451804e-06   0.000000e+00   2.971453e-01   4.849745e-07 
          5807   1.380935e-07   1.317158e-03   1.051277e-03   1.452850e-06   0.000000e+00   2.970345e-01   4.849543e-07 
          5808   1.373376e-07   1.317078e-03   1.052375e-03   1.450776e-06   0.000000e+00   2.969240e-01   4.849342e-07 
          5809   1.378733e-07   1.316998e-03   1.053973e-03   1.452036e-06   0.000000e+00   2.968137e-01   4.849140e-07 
          5810   1.371491e-07   1.316916e-03   1.054966e-03   1.450055e-06   0.000000e+00   2.967031e-01   4.848928e-07 
     Iteration     Continuity     X-momentum     Y-momentum     Z-momentum         Energy            Tke            Sdr 
          5811   1.377522e-07   1.316831e-03   1.056383e-03   1.451344e-06   0.000000e+00   2.965917e-01   4.848714e-07 
          5812   1.370599e-07   1.316748e-03   1.057371e-03   1.449301e-06   0.000000e+00   2.964809e-01   4.848502e-07 
          5813   1.376928e-07   1.316665e-03   1.058706e-03   1.450577e-06   0.000000e+00   2.963702e-01   4.848292e-07 
          5814   1.370367e-07   1.316583e-03   1.059868e-03   1.448447e-06   0.000000e+00   2.962596e-01   4.848082e-07 
          5815   1.377162e-07   1.316500e-03   1.061269e-03   1.449725e-06   0.000000e+00   2.961491e-01   4.847866e-07 
          5816   1.370755e-07   1.316417e-03   1.062416e-03   1.447618e-06   0.000000e+00   2.960388e-01   4.847649e-07 
          5817   1.377436e-07   1.316334e-03   1.063810e-03   1.448883e-06   0.000000e+00   2.959287e-01   4.847434e-07 
          5818   1.371028e-07   1.316248e-03   1.064917e-03   1.446804e-06   0.000000e+00   2.958171e-01   4.847220e-07 
          5819   1.377945e-07   1.316163e-03   1.066783e-03   1.447963e-06   0.000000e+00   2.957061e-01   4.847006e-07 
          5820   1.371481e-07   1.316072e-03   1.067893e-03   1.445556e-06   0.000000e+00   2.955933e-01   4.846782e-07 
     Iteration     Continuity     X-momentum     Y-momentum     Z-momentum         Energy            Tke            Sdr 
          5821   1.372697e-07   1.315981e-03   1.069104e-03   1.445942e-06   0.000000e+00   2.954812e-01   4.846559e-07 
          5822   1.369784e-07   1.315893e-03   1.070212e-03   1.444475e-06   0.000000e+00   2.953698e-01   4.846339e-07 
          5823   1.376603e-07   1.315806e-03   1.071966e-03   1.445761e-06   0.000000e+00   2.952588e-01   4.846121e-07 
          5824   1.370571e-07   1.315720e-03   1.072827e-03   1.443719e-06   0.000000e+00   2.951481e-01   4.845903e-07 
          5825   1.378103e-07   1.315632e-03   1.073756e-03   1.444861e-06   0.000000e+00   2.950365e-01   4.845687e-07 
          5826   1.372665e-07   1.315544e-03   1.074859e-03   1.442793e-06   0.000000e+00   2.949252e-01   4.845471e-07 
          5827   1.379690e-07   1.315457e-03   1.076093e-03   1.443927e-06   0.000000e+00   2.948142e-01   4.845256e-07 
          5828   1.373546e-07   1.315371e-03   1.077329e-03   1.441836e-06   0.000000e+00   2.947036e-01   4.845042e-07 
          5829   1.380159e-07   1.315286e-03   1.078748e-03   1.443180e-06   0.000000e+00   2.945933e-01   4.844828e-07 
          5830   1.373604e-07   1.315201e-03   1.079668e-03   1.441075e-06   0.000000e+00   2.944832e-01   4.844615e-07 
     Iteration     Continuity     X-momentum     Y-momentum     Z-momentum         Energy            Tke            Sdr 
          5831   1.380208e-07   1.315112e-03   1.081009e-03   1.442468e-06   0.000000e+00   2.943721e-01   4.844399e-07 
          5832   1.373625e-07   1.315024e-03   1.082105e-03   1.440283e-06   0.000000e+00   2.942611e-01   4.844184e-07 
          5833   1.374660e-07   1.314937e-03   1.083071e-03   1.440967e-06   0.000000e+00   2.941507e-01   4.843970e-07 
          5834   1.372012e-07   1.314851e-03   1.083905e-03   1.439566e-06   0.000000e+00   2.940406e-01   4.843757e-07 
          5835   1.378974e-07   1.314765e-03   1.085522e-03   1.440889e-06   0.000000e+00   2.939308e-01   4.843544e-07 
          5836   1.373030e-07   1.314681e-03   1.086308e-03   1.438744e-06   0.000000e+00   2.938212e-01   4.843332e-07 
          5837   1.380464e-07   1.314597e-03   1.087885e-03   1.439862e-06   0.000000e+00   2.937117e-01   4.843121e-07 
          5838   1.375131e-07   1.314511e-03   1.088631e-03   1.437742e-06   0.000000e+00   2.936019e-01   4.842909e-07 
          5839   1.376677e-07   1.314423e-03   1.089745e-03   1.438307e-06   0.000000e+00   2.934913e-01   4.842697e-07 
          5840   1.374302e-07   1.314337e-03   1.090217e-03   1.436941e-06   0.000000e+00   2.933812e-01   4.842487e-07 
     Iteration     Continuity     X-momentum     Y-momentum     Z-momentum         Energy            Tke            Sdr 
          5841   1.380932e-07   1.314249e-03   1.091128e-03   1.438427e-06   0.000000e+00   2.932709e-01   4.842273e-07 
          5842   1.374565e-07   1.314158e-03   1.092023e-03   1.436236e-06   0.000000e+00   2.931601e-01   4.842057e-07 
          5843   1.376168e-07   1.314070e-03   1.093030e-03   1.437135e-06   0.000000e+00   2.930500e-01   4.841843e-07 
          5844   1.373835e-07   1.313983e-03   1.093862e-03   1.435634e-06   0.000000e+00   2.929402e-01   4.841630e-07 
          5845   1.381094e-07   1.313896e-03   1.095240e-03   1.436979e-06   0.000000e+00   2.928307e-01   4.841419e-07 
          5846   1.375088e-07   1.313810e-03   1.096201e-03   1.434650e-06   0.000000e+00   2.927215e-01   4.841208e-07 
          5847   1.376802e-07   1.313725e-03   1.097248e-03   1.435453e-06   0.000000e+00   2.926125e-01   4.840997e-07 
          5848   1.374970e-07   1.313641e-03   1.098532e-03   1.433930e-06   0.000000e+00   2.925037e-01   4.840788e-07 
          5849   1.382246e-07   1.313557e-03   1.099780e-03   1.435170e-06   0.000000e+00   2.923950e-01   4.840579e-07 
          5850   1.376090e-07   1.313473e-03   1.101217e-03   1.432862e-06   0.000000e+00   2.922865e-01   4.840370e-07 
     Iteration     Continuity     X-momentum     Y-momentum     Z-momentum         Energy            Tke            Sdr 
          5851   1.377966e-07   1.313390e-03   1.102105e-03   1.433670e-06   0.000000e+00   2.921782e-01   4.840161e-07 
          5852   1.375835e-07   1.313307e-03   1.103761e-03   1.432107e-06   0.000000e+00   2.920699e-01   4.839954e-07 
          5853   1.383171e-07   1.313222e-03   1.105197e-03   1.433517e-06   0.000000e+00   2.919612e-01   4.839744e-07 
          5854   1.376935e-07   1.313135e-03   1.106646e-03   1.431104e-06   0.000000e+00   2.918518e-01   4.839532e-07 
          5855   1.378512e-07   1.313048e-03   1.107592e-03   1.431834e-06   0.000000e+00   2.917429e-01   4.839322e-07 
          5856   1.376645e-07   1.312963e-03   1.109320e-03   1.430353e-06   0.000000e+00   2.916344e-01   4.839113e-07 
          5857   1.383830e-07   1.312879e-03   1.110617e-03   1.431702e-06   0.000000e+00   2.915261e-01   4.838905e-07 
          5858   1.377593e-07   1.312795e-03   1.112152e-03   1.429356e-06   0.000000e+00   2.914180e-01   4.838698e-07 
          5859   1.379448e-07   1.312712e-03   1.113201e-03   1.430120e-06   0.000000e+00   2.913101e-01   4.838491e-07 
          5860   1.377663e-07   1.312629e-03   1.114692e-03   1.428804e-06   0.000000e+00   2.912023e-01   4.838285e-07 
     Iteration     Continuity     X-momentum     Y-momentum     Z-momentum         Energy            Tke            Sdr 
          5861   1.379005e-07   1.312547e-03   1.116021e-03   1.429563e-06   0.000000e+00   2.910947e-01   4.838079e-07 
          5862   1.376944e-07   1.312465e-03   1.117356e-03   1.427997e-06   0.000000e+00   2.909872e-01   4.837874e-07 
          5863   1.384281e-07   1.312383e-03   1.118801e-03   1.429403e-06   0.000000e+00   2.908799e-01   4.837669e-07 
          5864   1.378919e-07   1.312302e-03   1.120440e-03   1.427129e-06   0.000000e+00   2.907727e-01   4.837465e-07 
          5865   1.379091e-07   1.312221e-03   1.121807e-03   1.426740e-06   0.000000e+00   2.906656e-01   4.837261e-07 
          5866   1.386463e-07   1.312140e-03   1.123260e-03   1.428247e-06   0.000000e+00   2.905586e-01   4.837057e-07 
          5867   1.380261e-07   1.312060e-03   1.124867e-03   1.425844e-06   0.000000e+00   2.904517e-01   4.836854e-07 
          5868   1.381865e-07   1.311980e-03   1.126570e-03   1.426515e-06   0.000000e+00   2.903450e-01   4.836651e-07 
          5869   1.379879e-07   1.311900e-03   1.127829e-03   1.425193e-06   0.000000e+00   2.902383e-01   4.836449e-07 
          5870   1.387155e-07   1.311820e-03   1.129418e-03   1.426532e-06   0.000000e+00   2.901318e-01   4.836247e-07 
     Iteration     Continuity     X-momentum     Y-momentum     Z-momentum         Energy            Tke            Sdr 
          5871   1.380278e-07   1.311741e-03   1.131068e-03   1.424269e-06   0.000000e+00   2.900251e-01   4.836045e-07 
          5872   1.382316e-07   1.311657e-03   1.132327e-03   1.424980e-06   0.000000e+00   2.899172e-01   4.835842e-07 
          5873   1.381206e-07   1.311574e-03   1.134179e-03   1.423611e-06   0.000000e+00   2.898099e-01   4.835641e-07 
          5874   1.389318e-07   1.311493e-03   1.135470e-03   1.425088e-06   0.000000e+00   2.897030e-01   4.835439e-07 
          5875   1.383912e-07   1.311412e-03   1.137440e-03   1.422701e-06   0.000000e+00   2.895963e-01   4.835238e-07 
          5876   1.384666e-07   1.311332e-03   1.138694e-03   1.422584e-06   0.000000e+00   2.894898e-01   4.835038e-07 
          5877   1.386101e-07   1.311252e-03   1.140659e-03   1.423421e-06   0.000000e+00   2.893834e-01   4.834838e-07 
          5878   1.384137e-07   1.311172e-03   1.142272e-03   1.421858e-06   0.000000e+00   2.892772e-01   4.834638e-07 
          5879   1.392153e-07   1.311093e-03   1.143628e-03   1.423405e-06   0.000000e+00   2.891711e-01   4.834438e-07 
          5880   1.387136e-07   1.311014e-03   1.145417e-03   1.420980e-06   0.000000e+00   2.890651e-01   4.834239e-07 
     Iteration     Continuity     X-momentum     Y-momentum     Z-momentum         Energy            Tke            Sdr 
          5881   1.387866e-07   1.310935e-03   1.146508e-03   1.420721e-06   0.000000e+00   2.889593e-01   4.834040e-07 
          5882   1.394580e-07   1.310857e-03   1.148235e-03   1.421998e-06   0.000000e+00   2.888535e-01   4.833841e-07 
          5883   1.388587e-07   1.310779e-03   1.149936e-03   1.419680e-06   0.000000e+00   2.887479e-01   4.833643e-07 
          5884   1.390306e-07   1.310701e-03   1.150941e-03   1.420553e-06   0.000000e+00   2.886423e-01   4.833445e-07 
          5885   1.388470e-07   1.310623e-03   1.152656e-03   1.419057e-06   0.000000e+00   2.885369e-01   4.833247e-07 
          5886   1.395702e-07   1.310546e-03   1.154139e-03   1.420565e-06   0.000000e+00   2.884315e-01   4.833050e-07 
          5887   1.389263e-07   1.310469e-03   1.155705e-03   1.418279e-06   0.000000e+00   2.883262e-01   4.832852e-07 
          5888   1.389690e-07   1.310391e-03   1.156808e-03   1.418009e-06   0.000000e+00   2.882209e-01   4.832656e-07 
          5889   1.396155e-07   1.310314e-03   1.158557e-03   1.419300e-06   0.000000e+00   2.881158e-01   4.832459e-07 
          5890   1.390279e-07   1.310237e-03   1.160437e-03   1.417049e-06   0.000000e+00   2.880107e-01   4.832262e-07 
     Iteration     Continuity     X-momentum     Y-momentum     Z-momentum         Energy            Tke            Sdr 
          5891   1.392036e-07   1.310161e-03   1.161524e-03   1.417808e-06   0.000000e+00   2.879058e-01   4.832066e-07 
          5892   1.390349e-07   1.310083e-03   1.163337e-03   1.416323e-06   0.000000e+00   2.878004e-01   4.831870e-07 
          5893   1.397657e-07   1.310004e-03   1.164608e-03   1.417786e-06   0.000000e+00   2.876942e-01   4.831674e-07 
          5894   1.391130e-07   1.309926e-03   1.166292e-03   1.415430e-06   0.000000e+00   2.875886e-01   4.831478e-07 
          5895   1.391438e-07   1.309848e-03   1.167124e-03   1.415320e-06   0.000000e+00   2.874833e-01   4.831283e-07 
          5896   1.397950e-07   1.309770e-03   1.168528e-03   1.416756e-06   0.000000e+00   2.873782e-01   4.831087e-07 
          5897   1.391903e-07   1.309694e-03   1.170356e-03   1.414636e-06   0.000000e+00   2.872733e-01   4.830892e-07 
          5898   1.392343e-07   1.309617e-03   1.171079e-03   1.414343e-06   0.000000e+00   2.871685e-01   4.830698e-07 
          5899   1.399188e-07   1.309541e-03   1.172539e-03   1.415768e-06   0.000000e+00   2.870638e-01   4.830503e-07 
          5900   1.393105e-07   1.309461e-03   1.174171e-03   1.413526e-06   0.000000e+00   2.869585e-01   4.830298e-07 
     Iteration     Continuity     X-momentum     Y-momentum     Z-momentum         Energy            Tke            Sdr 
          5901   1.393398e-07   1.309381e-03   1.175142e-03   1.413249e-06   0.000000e+00   2.868533e-01   4.830091e-07 
          5902   1.400332e-07   1.309302e-03   1.176479e-03   1.414690e-06   0.000000e+00   2.867483e-01   4.829887e-07 
          5903   1.393873e-07   1.309223e-03   1.178229e-03   1.412378e-06   0.000000e+00   2.866435e-01   4.829684e-07 
          5904   1.394037e-07   1.309145e-03   1.179445e-03   1.412139e-06   0.000000e+00   2.865388e-01   4.829482e-07 
          5905   1.400604e-07   1.309066e-03   1.180660e-03   1.413613e-06   0.000000e+00   2.864341e-01   4.829277e-07 
          5906   1.394366e-07   1.308987e-03   1.181974e-03   1.411401e-06   0.000000e+00   2.863294e-01   4.829069e-07 
          5907   1.394543e-07   1.308908e-03   1.182690e-03   1.411137e-06   0.000000e+00   2.862248e-01   4.828862e-07 
          5908   1.401485e-07   1.308830e-03   1.183856e-03   1.412578e-06   0.000000e+00   2.861204e-01   4.828656e-07 
          5909   1.395084e-07   1.308752e-03   1.185402e-03   1.410323e-06   0.000000e+00   2.860160e-01   4.828451e-07 
          5910   1.395409e-07   1.308674e-03   1.186559e-03   1.410068e-06   0.000000e+00   2.859117e-01   4.828245e-07 
     Iteration     Continuity     X-momentum     Y-momentum     Z-momentum         Energy            Tke            Sdr 
          5911   1.402114e-07   1.308596e-03   1.188094e-03   1.411520e-06   0.000000e+00   2.858075e-01   4.828039e-07 
          5912   1.395832e-07   1.308518e-03   1.189756e-03   1.409282e-06   0.000000e+00   2.857034e-01   4.827834e-07 
          5913   1.396093e-07   1.308441e-03   1.190807e-03   1.409024e-06   0.000000e+00   2.855993e-01   4.827630e-07 
          5914   1.402969e-07   1.308364e-03   1.192314e-03   1.410514e-06   0.000000e+00   2.854954e-01   4.827426e-07 
          5915   1.396575e-07   1.308287e-03   1.193994e-03   1.408217e-06   0.000000e+00   2.853915e-01   4.827222e-07 
          5916   1.396910e-07   1.308210e-03   1.194994e-03   1.407965e-06   0.000000e+00   2.852877e-01   4.827019e-07 
          5917   1.403672e-07   1.308133e-03   1.196351e-03   1.409409e-06   0.000000e+00   2.851839e-01   4.826815e-07 
          5918   1.397453e-07   1.308057e-03   1.197975e-03   1.407172e-06   0.000000e+00   2.850803e-01   4.826612e-07 
          5919   1.397717e-07   1.307981e-03   1.199106e-03   1.406911e-06   0.000000e+00   2.849767e-01   4.826410e-07 
          5920   1.404669e-07   1.307905e-03   1.200452e-03   1.408425e-06   0.000000e+00   2.848732e-01   4.826208e-07 
     Iteration     Continuity     X-momentum     Y-momentum     Z-momentum         Energy            Tke            Sdr 
          5921   1.398293e-07   1.307829e-03   1.202068e-03   1.406136e-06   0.000000e+00   2.847697e-01   4.826006e-07 
          5922   1.398550e-07   1.307753e-03   1.203065e-03   1.405973e-06   0.000000e+00   2.846663e-01   4.825805e-07 
          5923   1.405294e-07   1.307676e-03   1.204477e-03   1.407423e-06   0.000000e+00   2.845627e-01   4.825598e-07 
          5924   1.404828e-07   1.307597e-03   1.206167e-03   1.404041e-06   0.000000e+00   2.844588e-01   4.825384e-07 
          5925   1.408223e-07   1.307518e-03   1.207263e-03   1.406929e-06   0.000000e+00   2.843551e-01   4.825171e-07 
          5926   1.401667e-07   1.307440e-03   1.208607e-03   1.404443e-06   0.000000e+00   2.842515e-01   4.824961e-07 
          5927   1.401051e-07   1.307362e-03   1.209946e-03   1.404413e-06   0.000000e+00   2.841479e-01   4.824751e-07 
          5928   1.401654e-07   1.307284e-03   1.211489e-03   1.405339e-06   0.000000e+00   2.840444e-01   4.824543e-07 
          5929   1.398348e-07   1.307206e-03   1.212965e-03   1.403614e-06   0.000000e+00   2.839410e-01   4.824334e-07 
          5930   1.398074e-07   1.307129e-03   1.214431e-03   1.403399e-06   0.000000e+00   2.838378e-01   4.824127e-07 
     Iteration     Continuity     X-momentum     Y-momentum     Z-momentum         Energy            Tke            Sdr 
          5931   1.397725e-07   1.307052e-03   1.216011e-03   1.403130e-06   0.000000e+00   2.837346e-01   4.823920e-07 
          5932   1.397426e-07   1.306975e-03   1.217544e-03   1.402773e-06   0.000000e+00   2.836314e-01   4.823713e-07 
          5933   1.397800e-07   1.306899e-03   1.218938e-03   1.402618e-06   0.000000e+00   2.835284e-01   4.823507e-07 
          5934   1.398461e-07   1.306822e-03   1.220391e-03   1.402272e-06   0.000000e+00   2.834254e-01   4.823301e-07 
          5935   1.399444e-07   1.306746e-03   1.221885e-03   1.401846e-06   0.000000e+00   2.833225e-01   4.823095e-07 
          5936   1.400299e-07   1.306669e-03   1.223361e-03   1.401351e-06   0.000000e+00   2.832197e-01   4.822890e-07 
          5937   1.401024e-07   1.306593e-03   1.224861e-03   1.400939e-06   0.000000e+00   2.831169e-01   4.822685e-07 
          5938   1.401369e-07   1.306517e-03   1.226341e-03   1.400516e-06   0.000000e+00   2.830143e-01   4.822480e-07 
          5939   1.401585e-07   1.306441e-03   1.227833e-03   1.400186e-06   0.000000e+00   2.829116e-01   4.822276e-07 
          5940   1.401638e-07   1.306366e-03   1.229340e-03   1.399845e-06   0.000000e+00   2.828091e-01   4.822072e-07 
     Iteration     Continuity     X-momentum     Y-momentum     Z-momentum         Energy            Tke            Sdr 
          5941   1.401755e-07   1.306290e-03   1.230863e-03   1.399561e-06   0.000000e+00   2.827066e-01   4.821868e-07 
          5942   1.401850e-07   1.306215e-03   1.232379e-03   1.399205e-06   0.000000e+00   2.826042e-01   4.821665e-07 
          5943   1.402078e-07   1.306139e-03   1.233894e-03   1.398894e-06   0.000000e+00   2.825018e-01   4.821461e-07 
          5944   1.402307e-07   1.306064e-03   1.235402e-03   1.398524e-06   0.000000e+00   2.823995e-01   4.821258e-07 
          5945   1.402649e-07   1.305989e-03   1.236938e-03   1.398176e-06   0.000000e+00   2.822972e-01   4.821056e-07 
          5946   1.402961e-07   1.305914e-03   1.238463e-03   1.397788e-06   0.000000e+00   2.821950e-01   4.820853e-07 
          5947   1.403351e-07   1.305839e-03   1.239987e-03   1.397462e-06   0.000000e+00   2.820929e-01   4.820651e-07 
          5948   1.403666e-07   1.305764e-03   1.241550e-03   1.397110e-06   0.000000e+00   2.819908e-01   4.820449e-07 
          5949   1.404035e-07   1.305687e-03   1.243083e-03   1.396795e-06   0.000000e+00   2.818880e-01   4.820247e-07 
          5950   1.404314e-07   1.305608e-03   1.244662e-03   1.396414e-06   0.000000e+00   2.817848e-01   4.820044e-07 
     Iteration     Continuity     X-momentum     Y-momentum     Z-momentum         Energy            Tke            Sdr 
          5951   1.380803e-07   1.305530e-03   1.246289e-03   1.396108e-06   0.000000e+00   2.816819e-01   4.819842e-07 
          5952   1.349951e-07   1.305450e-03   1.247901e-03   1.395744e-06   0.000000e+00   2.815779e-01   4.819641e-07 
          5953   1.342176e-07   1.305371e-03   1.249561e-03   1.395428e-06   0.000000e+00   2.814746e-01   4.819439e-07 
          5954   1.346082e-07   1.305289e-03   1.251224e-03   1.395040e-06   0.000000e+00   2.813704e-01   4.819238e-07 
          5955   1.351324e-07   1.305209e-03   1.252862e-03   1.394721e-06   0.000000e+00   2.812669e-01   4.819038e-07 
          5956   1.352643e-07   1.305130e-03   1.254439e-03   1.394360e-06   0.000000e+00   2.811638e-01   4.818837e-07 
          5957   1.350016e-07   1.305052e-03   1.256000e-03   1.394079e-06   0.000000e+00   2.810609e-01   4.818637e-07 
          5958   1.344967e-07   1.304968e-03   1.257564e-03   1.393723e-06   0.000000e+00   2.809571e-01   4.818427e-07 
          5959   1.339708e-07   1.304886e-03   1.259179e-03   1.393446e-06   0.000000e+00   2.808537e-01   4.818219e-07 
          5960   1.335421e-07   1.304805e-03   1.260778e-03   1.393091e-06   0.000000e+00   2.807507e-01   4.818014e-07 
     Iteration     Continuity     X-momentum     Y-momentum     Z-momentum         Energy            Tke            Sdr 
          5961   1.332768e-07   1.304725e-03   1.262404e-03   1.392806e-06   0.000000e+00   2.806479e-01   4.817810e-07 
          5962   1.331696e-07   1.304645e-03   1.264047e-03   1.392447e-06   0.000000e+00   2.805453e-01   4.817606e-07 
          5963   1.332028e-07   1.304566e-03   1.265713e-03   1.392146e-06   0.000000e+00   2.804429e-01   4.817403e-07 
          5964   1.333238e-07   1.304488e-03   1.267350e-03   1.391761e-06   0.000000e+00   2.803406e-01   4.817201e-07 
          5965   1.334911e-07   1.304409e-03   1.268971e-03   1.391468e-06   0.000000e+00   2.802384e-01   4.816999e-07 
          5966   1.336360e-07   1.304330e-03   1.270585e-03   1.391203e-06   0.000000e+00   2.801363e-01   4.816797e-07 
          5967   1.337408e-07   1.304252e-03   1.272211e-03   1.391065e-06   0.000000e+00   2.800343e-01   4.816596e-07 
          5968   1.337995e-07   1.304175e-03   1.273888e-03   1.390818e-06   0.000000e+00   2.799324e-01   4.816395e-07 
          5969   1.338237e-07   1.304097e-03   1.275568e-03   1.390574e-06   0.000000e+00   2.798307e-01   4.816195e-07 
          5970   1.338121e-07   1.304020e-03   1.277229e-03   1.390169e-06   0.000000e+00   2.797291e-01   4.815995e-07 
     Iteration     Continuity     X-momentum     Y-momentum     Z-momentum         Energy            Tke            Sdr 
          5971   1.337928e-07   1.303943e-03   1.278881e-03   1.389812e-06   0.000000e+00   2.796276e-01   4.815795e-07 
          5972   1.334690e-07   1.303866e-03   1.280548e-03   1.389378e-06   0.000000e+00   2.795262e-01   4.815595e-07 
          5973   1.332568e-07   1.303790e-03   1.282254e-03   1.389065e-06   0.000000e+00   2.794249e-01   4.815395e-07 
          5974   1.332360e-07   1.303713e-03   1.283957e-03   1.388713e-06   0.000000e+00   2.793237e-01   4.815196e-07 
          5975   1.333529e-07   1.303637e-03   1.285665e-03   1.388478e-06   0.000000e+00   2.792225e-01   4.814997e-07 
          5976   1.335304e-07   1.303561e-03   1.287372e-03   1.388166e-06   0.000000e+00   2.791215e-01   4.814798e-07 
          5977   1.337180e-07   1.303485e-03   1.288950e-03   1.387945e-06   0.000000e+00   2.790205e-01   4.814600e-07 
          5978   1.338835e-07   1.303410e-03   1.290741e-03   1.387503e-06   0.000000e+00   2.789197e-01   4.814402e-07 
          5979   1.340125e-07   1.303334e-03   1.292455e-03   1.387193e-06   0.000000e+00   2.788189e-01   4.814204e-07 
          5980   1.341091e-07   1.303259e-03   1.294143e-03   1.386846e-06   0.000000e+00   2.787182e-01   4.814006e-07 
     Iteration     Continuity     X-momentum     Y-momentum     Z-momentum         Energy            Tke            Sdr 
          5981   1.341642e-07   1.303184e-03   1.295973e-03   1.386581e-06   0.000000e+00   2.786176e-01   4.813809e-07 
          5982   1.341987e-07   1.303109e-03   1.297648e-03   1.386119e-06   0.000000e+00   2.785170e-01   4.813612e-07 
          5983   1.342163e-07   1.303034e-03   1.299467e-03   1.385816e-06   0.000000e+00   2.784165e-01   4.813415e-07 
          5984   1.342126e-07   1.302960e-03   1.301338e-03   1.385453e-06   0.000000e+00   2.783161e-01   4.813218e-07 
          5985   1.342123e-07   1.302885e-03   1.303152e-03   1.385191e-06   0.000000e+00   2.782158e-01   4.813022e-07 
          5986   1.342154e-07   1.302811e-03   1.304970e-03   1.384848e-06   0.000000e+00   2.781155e-01   4.812825e-07 
          5987   1.342227e-07   1.302735e-03   1.306615e-03   1.384601e-06   0.000000e+00   2.780150e-01   4.812626e-07 
          5988   1.342301e-07   1.302656e-03   1.308082e-03   1.384134e-06   0.000000e+00   2.779138e-01   4.812418e-07 
          5989   1.342416e-07   1.302578e-03   1.310412e-03   1.383431e-06   0.000000e+00   2.778130e-01   4.812214e-07 
          5990   1.342544e-07   1.302500e-03   1.312316e-03   1.382751e-06   0.000000e+00   2.777123e-01   4.812011e-07 
     Iteration     Continuity     X-momentum     Y-momentum     Z-momentum         Energy            Tke            Sdr 
          5991   1.342715e-07   1.302423e-03   1.313914e-03   1.382344e-06   0.000000e+00   2.776118e-01   4.811809e-07 
          5992   1.342885e-07   1.302347e-03   1.315663e-03   1.382014e-06   0.000000e+00   2.775114e-01   4.811608e-07 
          5993   1.343068e-07   1.302269e-03   1.317678e-03   1.381568e-06   0.000000e+00   2.774108e-01   4.811400e-07 
          5994   1.343090e-07   1.302191e-03   1.319235e-03   1.381534e-06   0.000000e+00   2.773104e-01   4.811194e-07 
          5995   1.343128e-07   1.302110e-03   1.320997e-03   1.381360e-06   0.000000e+00   2.772087e-01   4.810987e-07 
          5996   1.343217e-07   1.302029e-03   1.322958e-03   1.380907e-06   0.000000e+00   2.771073e-01   4.810781e-07 
          5997   1.343278e-07   1.301949e-03   1.324795e-03   1.380577e-06   0.000000e+00   2.770062e-01   4.810576e-07 
          5998   1.343410e-07   1.301869e-03   1.326708e-03   1.380175e-06   0.000000e+00   2.769049e-01   4.810372e-07 
          5999   1.343669e-07   1.301788e-03   1.328563e-03   1.379877e-06   0.000000e+00   2.768032e-01   4.810168e-07 
          6000   1.343913e-07   1.301707e-03   1.330470e-03   1.379497e-06   0.000000e+00   2.767019e-01   4.809965e-07 
LR-RUN-OK
LR-FINAL-IT 6000
LR-K-IN = 0.3749999999999992
LR-K-SLIP = 94.05368618370652
LR-K-PLATE = 1.0997949855841828E-5
LR-K-OUT = 0.41103417764507894
LR-TVR-PLATE = 5.601372935193497E-10
LR-TVR-OUT = 29.850360551817904
LR-YPLUS-PLATE = 0.1135007286587259


Exporting C:/Users/Kogami/cb_dl/tmr/run2/tau_l273.vrt

 Time to export (s): 0.01
Done.
LR-EXPORT-OK
Saving: C:/Users/Kogami/cb_dl/tmr/run2/fp3d_L273.sim... complete (29.459MB in 0.113s).
LR-DONE L273
Design Simcenter STAR-CCM+ simulation completed
服务器流程退出：程序 0
