1 copy of ccmpsuite checked out from C:\Users\Kogami\license.dat
LR-START L137
LR-BEFORE-MAXSTEPS 1000
LR-AFTER-MAXSTEPS 6000
LR-SETUP-DONE
LR-INIT-IT 0
             1   1.000000e+00   1.000000e+00   1.000000e+00   1.000000e+00   0.000000e+00   1.000000e+00   1.000000e+00 
             2   1.302506e-01   1.000000e+00   1.000000e+00   1.000000e+00   0.000000e+00   4.795905e-01   1.000000e+00 
             3   4.749750e-02   2.789796e-01   3.816624e-01   6.797189e-01   0.000000e+00   3.640611e-01   4.816213e-01 
             4   3.500456e-02   1.540059e-01   1.833065e-01   4.797952e-01   0.000000e+00   3.278304e-01   1.742298e-01 
             5   2.889986e-02   1.024691e-01   1.135070e-01   3.638961e-01   0.000000e+00   2.332965e-01   4.583797e-02 
             6   2.601699e-02   9.416106e-02   5.709856e-02   2.880102e-01   0.000000e+00   1.944259e-01   1.138119e-02 
             7   2.595221e-02   9.283017e-02   3.814810e-02   2.376518e-01   0.000000e+00   1.577139e-01   2.892898e-03 
             8   2.615454e-02   8.966281e-02   2.365926e-02   2.021446e-01   0.000000e+00   1.361812e-01   7.968557e-04 
             9   2.277251e-02   8.336977e-02   1.514092e-02   1.781368e-01   0.000000e+00   1.215732e-01   2.493121e-04 
            10   1.963124e-02   7.731312e-02   1.139481e-02   1.616287e-01   0.000000e+00   1.107563e-01   8.136968e-05 
            11   1.956089e-02   7.282793e-02   6.461035e-03   1.483924e-01   0.000000e+00   1.028526e-01   3.597026e-05 
            12   2.190135e-02   6.935574e-02   7.665662e-03   1.367727e-01   0.000000e+00   9.747849e-02   1.316319e-04 
            13   2.598391e-02   6.681913e-02   4.904544e-03   1.265510e-01   0.000000e+00   9.504040e-02   5.024720e-04 
            14   3.071957e-02   6.481508e-02   4.250985e-03   1.183259e-01   0.000000e+00   9.661737e-02   1.105215e-03 
            15   3.297155e-02   6.340574e-02   4.986391e-03   1.120999e-01   0.000000e+00   1.040033e-01   7.855968e-03 
            16   3.749560e-02   6.272105e-02   5.761036e-03   1.082867e-01   0.000000e+00   1.180900e-01   1.510244e-02 
            17   3.985572e-02   6.218935e-02   5.226192e-03   1.060702e-01   0.000000e+00   1.395965e-01   8.046750e-03 
            18   2.383879e-02   6.001253e-02   1.028986e-02   1.056542e-01   0.000000e+00   1.682245e-01   3.474737e-03 
            19   2.436942e-02   5.594213e-02   7.304353e-03   1.037326e-01   0.000000e+00   2.023898e-01   1.526377e-03 
            20   2.257256e-02   4.981017e-02   5.204916e-03   9.980052e-02   0.000000e+00   2.408947e-01   7.504484e-04 
            21   2.116551e-02   4.306527e-02   3.859602e-03   9.681854e-02   0.000000e+00   2.877175e-01   4.193185e-04 
            22   2.044949e-02   3.686173e-02   3.568198e-03   8.916311e-02   0.000000e+00   3.358932e-01   2.444246e-04 
            23   1.426355e-02   3.187908e-02   3.398336e-03   8.407885e-02   0.000000e+00   3.825829e-01   3.179547e-04 
            24   1.101032e-02   2.823631e-02   3.091276e-03   7.902653e-02   0.000000e+00   4.262066e-01   1.988006e-03 
            25   8.178945e-03   2.728720e-02   2.140484e-03   7.542203e-02   0.000000e+00   4.654412e-01   1.212000e-03 
            26   5.811919e-03   2.657221e-02   1.743585e-03   7.221730e-02   0.000000e+00   4.995096e-01   5.574478e-04 
            27   4.145973e-03   2.474294e-02   1.661160e-03   6.956353e-02   0.000000e+00   5.287904e-01   2.220370e-04 
            28   3.302809e-03   2.265975e-02   1.420812e-03   6.737849e-02   0.000000e+00   5.531569e-01   1.956389e-04 
            29   2.838023e-03   2.077825e-02   1.114244e-03   6.536752e-02   0.000000e+00   5.734269e-01   4.363358e-04 
            30   2.499765e-03   1.936885e-02   1.048431e-03   6.349574e-02   0.000000e+00   5.918497e-01   1.854173e-04 
            31   2.087198e-03   1.839063e-02   1.059299e-03   6.178374e-02   0.000000e+00   6.096903e-01   9.681837e-05 
            32   1.768175e-03   1.782907e-02   9.211289e-04   6.020263e-02   0.000000e+00   6.246755e-01   2.509161e-04 
            33   1.512719e-03   1.751615e-02   8.955235e-04   5.872114e-02   0.000000e+00   6.347770e-01   2.142184e-04 
            34   1.300901e-03   1.735527e-02   8.675277e-04   5.730581e-02   0.000000e+00   6.427923e-01   1.629952e-04 
            35   1.125463e-03   1.731595e-02   8.474640e-04   5.592939e-02   0.000000e+00   6.487579e-01   1.186658e-04 
            36   9.833374e-04   1.735790e-02   8.249582e-04   5.457466e-02   0.000000e+00   6.560512e-01   2.889002e-04 
            37   8.690853e-04   1.746532e-02   7.939385e-04   5.323160e-02   0.000000e+00   6.590746e-01   2.373125e-04 
            38   7.804919e-04   1.762848e-02   7.627064e-04   5.189675e-02   0.000000e+00   6.609475e-01   4.116275e-04 
            39   7.136576e-04   1.783571e-02   7.523296e-04   5.056377e-02   0.000000e+00   6.620316e-01   1.321662e-03 
            40   6.668740e-04   1.807160e-02   7.565842e-04   4.922594e-02   0.000000e+00   6.625901e-01   5.875437e-04 
            41   6.312630e-04   1.836140e-02   8.334098e-04   4.787324e-02   0.000000e+00   6.626983e-01   7.276025e-04 
            42   6.025154e-04   1.863110e-02   7.701970e-04   4.652246e-02   0.000000e+00   6.625634e-01   6.747517e-04 
            43   5.856681e-04   1.892036e-02   7.100944e-04   4.515044e-02   0.000000e+00   6.622272e-01   8.696975e-04 
            44   5.816458e-04   1.922553e-02   6.922480e-04   4.376949e-02   0.000000e+00   6.617534e-01   1.405403e-03 
            45   5.744396e-04   1.954209e-02   7.266711e-04   4.237787e-02   0.000000e+00   6.612460e-01   1.326431e-03 
            46   5.716517e-04   1.984070e-02   6.897347e-04   4.097603e-02   0.000000e+00   6.607280e-01   1.330768e-03 
            47   5.744845e-04   2.012877e-02   6.776234e-04   3.956840e-02   0.000000e+00   6.602661e-01   2.694527e-03 
            48   5.749826e-04   2.041087e-02   9.383361e-04   3.814861e-02   0.000000e+00   6.598305e-01   5.036144e-03 
            49   5.854768e-04   2.068610e-02   7.942372e-04   3.672163e-02   0.000000e+00   6.595852e-01   2.542525e-03 
            50   5.933993e-04   2.094997e-02   7.181416e-04   3.527429e-02   0.000000e+00   6.594394e-01   1.901461e-03 
            51   6.092932e-04   2.120107e-02   7.517171e-04   3.380941e-02   0.000000e+00   6.595853e-01   1.772557e-03 
            52   6.256983e-04   2.143262e-02   7.123197e-04   3.231951e-02   0.000000e+00   6.601796e-01   2.811413e-03 
            53   6.332120e-04   2.164198e-02   6.246413e-04   3.079093e-02   0.000000e+00   6.613045e-01   2.262233e-03 
            54   6.433417e-04   2.181968e-02   5.832406e-04   2.924077e-02   0.000000e+00   6.631062e-01   1.630959e-03 
            55   6.465783e-04   2.194650e-02   6.356349e-04   2.766781e-02   0.000000e+00   6.657049e-01   2.064571e-03 
            56   6.591922e-04   2.199889e-02   6.721212e-04   2.608383e-02   0.000000e+00   6.693876e-01   2.784576e-03 
            57   6.484358e-04   2.196960e-02   5.828151e-04   2.451088e-02   0.000000e+00   6.742665e-01   5.568270e-03 
            58   6.349935e-04   2.182326e-02   6.290744e-04   2.298720e-02   0.000000e+00   6.805440e-01   7.239906e-03 
            59   6.095657e-04   2.155416e-02   6.418136e-04   2.154280e-02   0.000000e+00   6.882903e-01   8.552060e-03 
            60   5.754406e-04   2.115582e-02   7.192354e-04   2.018595e-02   0.000000e+00   6.979733e-01   9.687136e-03 
            61   5.323306e-04   2.063513e-02   7.366990e-04   1.893079e-02   0.000000e+00   7.098061e-01   3.573450e-03 
            62   4.960735e-04   2.000427e-02   7.707107e-04   1.776619e-02   0.000000e+00   7.239415e-01   1.346976e-03 
            63   4.727039e-04   1.930506e-02   7.627466e-04   1.667201e-02   0.000000e+00   7.407291e-01   6.850826e-04 
            64   4.657122e-04   1.855218e-02   6.914650e-04   1.561662e-02   0.000000e+00   7.604102e-01   3.244620e-04 
            65   4.820307e-04   1.779110e-02   6.527242e-04   1.458306e-02   0.000000e+00   7.826815e-01   1.178469e-04 
            66   5.147821e-04   1.706634e-02   6.367141e-04   1.355408e-02   0.000000e+00   8.077272e-01   3.298730e-05 
            67   5.529943e-04   1.642198e-02   6.364006e-04   1.252532e-02   0.000000e+00   8.355402e-01   8.086121e-06 
            68   6.003377e-04   1.588347e-02   6.283640e-04   1.149132e-02   0.000000e+00   8.624508e-01   2.344672e-06 
            69   6.452264e-04   1.545532e-02   7.195441e-04   1.046573e-02   0.000000e+00   8.913116e-01   1.536619e-06 
            70   6.658971e-04   1.511247e-02   6.366010e-04   9.435597e-03   0.000000e+00   9.208652e-01   1.402778e-06 
            71   6.624233e-04   1.480155e-02   6.752397e-04   8.422123e-03   0.000000e+00   9.512711e-01   1.331477e-06 
            72   6.440659e-04   1.446603e-02   7.211697e-04   7.462439e-03   0.000000e+00   9.817118e-01   1.271852e-06 
            73   6.064708e-04   1.405925e-02   7.481994e-04   6.595668e-03   0.000000e+00   1.011080e+00   1.217208e-06 
            74   5.584462e-04   1.355445e-02   7.832991e-04   5.851756e-03   0.000000e+00   1.038732e+00   1.172534e-06 
            75   4.991221e-04   1.294313e-02   7.170232e-04   5.249149e-03   0.000000e+00   1.063478e+00   1.124739e-06 
            76   4.393841e-04   1.222167e-02   6.413770e-04   4.774158e-03   0.000000e+00   1.084910e+00   1.065574e-06 
            77   3.697037e-04   1.142063e-02   5.105436e-04   4.392530e-03   0.000000e+00   1.103886e+00   1.019698e-06 
            78   3.228100e-04   1.059503e-02   4.264222e-04   4.091780e-03   0.000000e+00   1.122287e+00   9.745132e-07 
            79   3.075873e-04   9.729989e-03   3.877419e-04   3.760824e-03   0.000000e+00   1.133610e+00   9.328351e-07 
            80   3.064418e-04   8.878538e-03   3.791204e-04   3.419366e-03   0.000000e+00   1.140214e+00   8.932851e-07 
            81   3.157974e-04   8.078494e-03   3.816121e-04   3.080957e-03   0.000000e+00   1.142817e+00   8.559912e-07 
            82   3.287489e-04   7.362626e-03   3.893268e-04   2.760338e-03   0.000000e+00   1.142471e+00   8.209554e-07 
            83   3.444756e-04   6.756351e-03   4.039582e-04   2.464479e-03   0.000000e+00   1.140262e+00   7.872206e-07 
            84   3.504089e-04   6.245305e-03   4.138106e-04   2.199724e-03   0.000000e+00   1.136456e+00   7.560279e-07 
            85   3.458713e-04   5.816820e-03   4.206913e-04   1.982747e-03   0.000000e+00   1.132356e+00   7.266611e-07 
            86   3.362510e-04   5.450119e-03   4.394191e-04   1.816665e-03   0.000000e+00   1.126846e+00   6.996327e-07 
            87   3.231506e-04   5.126913e-03   4.468526e-04   1.678173e-03   0.000000e+00   1.120030e+00   6.707072e-07 
            88   3.048072e-04   4.841889e-03   4.622043e-04   1.570075e-03   0.000000e+00   1.111200e+00   6.459752e-07 
            89   2.838083e-04   4.589469e-03   4.790323e-04   1.480752e-03   0.000000e+00   1.100075e+00   6.211349e-07 
            90   2.675293e-04   4.359688e-03   4.865219e-04   1.402206e-03   0.000000e+00   1.087506e+00   5.983600e-07 
            91   2.462753e-04   4.151577e-03   5.018692e-04   1.335167e-03   0.000000e+00   1.072323e+00   5.773814e-07 
            92   2.259495e-04   3.963529e-03   5.166740e-04   1.276408e-03   0.000000e+00   1.056348e+00   5.567909e-07 
            93   2.172786e-04   3.792997e-03   5.278040e-04   1.224634e-03   0.000000e+00   1.039852e+00   5.377511e-07 
            94   2.117532e-04   3.640654e-03   5.416907e-04   1.182225e-03   0.000000e+00   1.022744e+00   5.198010e-07 
            95   2.070166e-04   3.503906e-03   5.549234e-04   1.147767e-03   0.000000e+00   1.006406e+00   5.029137e-07 
            96   2.034635e-04   3.381236e-03   5.691460e-04   1.120038e-03   0.000000e+00   9.901904e-01   4.870255e-07 
            97   1.976195e-04   3.270810e-03   5.830890e-04   1.097802e-03   0.000000e+00   9.740726e-01   4.720865e-07 
            98   1.890387e-04   3.172048e-03   5.974472e-04   1.079570e-03   0.000000e+00   9.587863e-01   4.580449e-07 
            99   1.793436e-04   3.083465e-03   6.119884e-04   1.064088e-03   0.000000e+00   9.435625e-01   4.447930e-07 
           100   1.669711e-04   3.003556e-03   6.261437e-04   1.050681e-03   0.000000e+00   9.290617e-01   4.323813e-07 
           101   1.529133e-04   2.931700e-03   6.406426e-04   1.038583e-03   0.000000e+00   9.153254e-01   4.207877e-07 
           102   1.403944e-04   2.867083e-03   6.551520e-04   1.026781e-03   0.000000e+00   9.022283e-01   4.099399e-07 
           103   1.304438e-04   2.809146e-03   6.680328e-04   1.014272e-03   0.000000e+00   8.904539e-01   3.998294e-07 
           104   1.235110e-04   2.757160e-03   6.810407e-04   1.000406e-03   0.000000e+00   8.794860e-01   3.904253e-07 
           105   1.190373e-04   2.710087e-03   6.951316e-04   9.847688e-04   0.000000e+00   8.694306e-01   3.816963e-07 
           106   1.140164e-04   2.667425e-03   7.100799e-04   9.672588e-04   0.000000e+00   8.601896e-01   3.735998e-07 
           107   1.097823e-04   2.628569e-03   7.255556e-04   9.477034e-04   0.000000e+00   8.514726e-01   3.660974e-07 
           108   1.065694e-04   2.593097e-03   7.414188e-04   9.264176e-04   0.000000e+00   8.436398e-01   3.591747e-07 
           109   1.028099e-04   2.560553e-03   7.576779e-04   9.038184e-04   0.000000e+00   8.366450e-01   3.529359e-07 
           110   9.875377e-05   2.529921e-03   7.721727e-04   8.802306e-04   0.000000e+00   8.300991e-01   3.469497e-07 
           111   9.480796e-05   2.501201e-03   7.884399e-04   8.547646e-04   0.000000e+00   8.240305e-01   3.416154e-07 
           112   9.017181e-05   2.473704e-03   8.045932e-04   8.291118e-04   0.000000e+00   8.185876e-01   3.366628e-07 
           113   8.493532e-05   2.447238e-03   8.198805e-04   8.022004e-04   0.000000e+00   8.135526e-01   3.320897e-07 
           114   7.974912e-05   2.421487e-03   8.193185e-04   7.748177e-04   0.000000e+00   8.089054e-01   3.279667e-07 
           115   7.502970e-05   2.396282e-03   8.172807e-04   7.470874e-04   0.000000e+00   8.046573e-01   3.242591e-07 
           116   7.013369e-05   2.371314e-03   8.144448e-04   7.188959e-04   0.000000e+00   8.006433e-01   3.208756e-07 
           117   6.573446e-05   2.346612e-03   8.119150e-04   6.905309e-04   0.000000e+00   7.968748e-01   3.178293e-07 
           118   6.195619e-05   2.322149e-03   8.085644e-04   6.622644e-04   0.000000e+00   7.933458e-01   3.151281e-07 
           119   5.900169e-05   2.297955e-03   8.044159e-04   6.343298e-04   0.000000e+00   7.900605e-01   3.127473e-07 
           120   5.586976e-05   2.274072e-03   7.990313e-04   6.066129e-04   0.000000e+00   7.870339e-01   3.106622e-07 
           121   5.269290e-05   2.250477e-03   7.928696e-04   5.795035e-04   0.000000e+00   7.841669e-01   3.088452e-07 
           122   4.992599e-05   2.227235e-03   7.859213e-04   5.529786e-04   0.000000e+00   7.814589e-01   3.072735e-07 
           123   4.734043e-05   2.204417e-03   7.779716e-04   5.272158e-04   0.000000e+00   7.788960e-01   3.059329e-07 
           124   4.513674e-05   2.182087e-03   7.691371e-04   5.018429e-04   0.000000e+00   7.764706e-01   3.048094e-07 
           125   4.248177e-05   2.160377e-03   7.599303e-04   4.771717e-04   0.000000e+00   7.741697e-01   3.038680e-07 
           126   3.984351e-05   2.139385e-03   7.501832e-04   4.529544e-04   0.000000e+00   7.719867e-01   3.032162e-07 
           127   3.703546e-05   2.119158e-03   7.412101e-04   4.295369e-04   0.000000e+00   7.699067e-01   3.025493e-07 
           128   3.517489e-05   2.099960e-03   7.300189e-04   4.062502e-04   0.000000e+00   7.679316e-01   3.020270e-07 
           129   3.331615e-05   2.081640e-03   7.185365e-04   3.840802e-04   0.000000e+00   7.660528e-01   3.018195e-07 
           130   3.145631e-05   2.064201e-03   7.097290e-04   3.628852e-04   0.000000e+00   7.642633e-01   3.015397e-07 
           131   3.017766e-05   2.047772e-03   7.001649e-04   3.419346e-04   0.000000e+00   7.625448e-01   3.014681e-07 
           132   2.931356e-05   2.032292e-03   6.896792e-04   3.218987e-04   0.000000e+00   7.608893e-01   3.015243e-07 
           133   2.870853e-05   2.017711e-03   6.796512e-04   3.027566e-04   0.000000e+00   7.592999e-01   3.016933e-07 
           134   2.816883e-05   2.003976e-03   6.702811e-04   2.844743e-04   0.000000e+00   7.577687e-01   3.019636e-07 
           135   2.762730e-05   1.991027e-03   6.617236e-04   2.670419e-04   0.000000e+00   7.562994e-01   3.023278e-07 
           136   2.689554e-05   1.978814e-03   6.540993e-04   2.504767e-04   0.000000e+00   7.548875e-01   3.027803e-07 
           137   2.599212e-05   1.967289e-03   6.477100e-04   2.348202e-04   0.000000e+00   7.535233e-01   3.033109e-07 
           138   2.503465e-05   1.956405e-03   6.427459e-04   2.201078e-04   0.000000e+00   7.521944e-01   3.038947e-07 
           139   2.398617e-05   1.946098e-03   6.392720e-04   2.064009e-04   0.000000e+00   7.509174e-01   3.045506e-07 
           140   2.299144e-05   1.936330e-03   6.377843e-04   1.937468e-04   0.000000e+00   7.496671e-01   3.052363e-07 
           141   2.207928e-05   1.927053e-03   6.384074e-04   1.820764e-04   0.000000e+00   7.484723e-01   3.059876e-07 
           142   2.115441e-05   1.918215e-03   6.412416e-04   1.714074e-04   0.000000e+00   7.473275e-01   3.068031e-07 
           143   2.028015e-05   1.909781e-03   6.466578e-04   1.617426e-04   0.000000e+00   7.462303e-01   3.076768e-07 
           144   1.952722e-05   1.901721e-03   6.546431e-04   1.530827e-04   0.000000e+00   7.451861e-01   3.086038e-07 
           145   1.882711e-05   1.893988e-03   6.654552e-04   1.454289e-04   0.000000e+00   7.441810e-01   3.095668e-07 
           146   1.814556e-05   1.886564e-03   6.792077e-04   1.387396e-04   0.000000e+00   7.432273e-01   3.105751e-07 
           147   1.747865e-05   1.879417e-03   6.958655e-04   1.329624e-04   0.000000e+00   7.423222e-01   3.116265e-07 
           148   1.688825e-05   1.872535e-03   7.155470e-04   1.280365e-04   0.000000e+00   7.414672e-01   3.127163e-07 
           149   1.631756e-05   1.865901e-03   7.383161e-04   1.238966e-04   0.000000e+00   7.406613e-01   3.138385e-07 
           150   1.573599e-05   1.859495e-03   7.638824e-04   1.205004e-04   0.000000e+00   7.399022e-01   3.149904e-07 
           151   1.522451e-05   1.853306e-03   7.924487e-04   1.177708e-04   0.000000e+00   7.391921e-01   3.161740e-07 
           152   1.477698e-05   1.847329e-03   8.237463e-04   1.156290e-04   0.000000e+00   7.385285e-01   3.173796e-07 
           153   1.437843e-05   1.841558e-03   8.578546e-04   1.140054e-04   0.000000e+00   7.379177e-01   3.186001e-07 
           154   1.402234e-05   1.835979e-03   8.946856e-04   1.128012e-04   0.000000e+00   7.373234e-01   3.198255e-07 
           155   1.366790e-05   1.830577e-03   9.340525e-04   1.119312e-04   0.000000e+00   7.367706e-01   3.210764e-07 
           156   1.329405e-05   1.825357e-03   9.757026e-04   1.113333e-04   0.000000e+00   7.362690e-01   3.223518e-07 
           157   1.293382e-05   1.820305e-03   1.019668e-03   1.109336e-04   0.000000e+00   7.357847e-01   3.236205e-07 
           158   1.260333e-05   1.815419e-03   1.065863e-03   1.106799e-04   0.000000e+00   7.353591e-01   3.249170e-07 
           159   1.227409e-05   1.810701e-03   1.114038e-03   1.105415e-04   0.000000e+00   7.350007e-01   3.262411e-07 
           160   1.196964e-05   1.806135e-03   1.164078e-03   1.104865e-04   0.000000e+00   7.347063e-01   3.275884e-07 
           161   1.169138e-05   1.801715e-03   1.216250e-03   1.104566e-04   0.000000e+00   7.344517e-01   3.289408e-07 
           162   1.139549e-05   1.797432e-03   1.270527e-03   1.104199e-04   0.000000e+00   7.342593e-01   3.303149e-07 
           163   1.114625e-05   1.793251e-03   1.325036e-03   1.103499e-04   0.000000e+00   7.340993e-01   3.317039e-07 
           164   1.092059e-05   1.789060e-03   1.349417e-03   1.102474e-04   0.000000e+00   7.339533e-01   3.330971e-07 
           165   1.072244e-05   1.785035e-03   1.274386e-03   1.100907e-04   0.000000e+00   7.339005e-01   3.344917e-07 
           166   1.052530e-05   1.781161e-03   1.221217e-03   1.098677e-04   0.000000e+00   7.339285e-01   3.358955e-07 
           167   1.033125e-05   1.777420e-03   1.189277e-03   1.095759e-04   0.000000e+00   7.340220e-01   3.373079e-07 
           168   1.009931e-05   1.773799e-03   1.172239e-03   1.092150e-04   0.000000e+00   7.341884e-01   3.387359e-07 
           169   9.935365e-06   1.770285e-03   1.163787e-03   1.087828e-04   0.000000e+00   7.344190e-01   3.401768e-07 
           170   9.796781e-06   1.766873e-03   1.160042e-03   1.082683e-04   0.000000e+00   7.347112e-01   3.416294e-07 
           171   9.623578e-06   1.763564e-03   1.158663e-03   1.076755e-04   0.000000e+00   7.350629e-01   3.430928e-07 
           172   9.468198e-06   1.760353e-03   1.158105e-03   1.070121e-04   0.000000e+00   7.354768e-01   3.445664e-07 
           173   9.338717e-06   1.757225e-03   1.157508e-03   1.062755e-04   0.000000e+00   7.359457e-01   3.460495e-07 
           174   9.239593e-06   1.754174e-03   1.157005e-03   1.054710e-04   0.000000e+00   7.364796e-01   3.475410e-07 
           175   9.138246e-06   1.751187e-03   1.157194e-03   1.046043e-04   0.000000e+00   7.370060e-01   3.490259e-07 
           176   9.034310e-06   1.748278e-03   1.155881e-03   1.036731e-04   0.000000e+00   7.376278e-01   3.505238e-07 
           177   8.898215e-06   1.745436e-03   1.154880e-03   1.026841e-04   0.000000e+00   7.382987e-01   3.520239e-07 
           178   8.771117e-06   1.742672e-03   1.153024e-03   1.016456e-04   0.000000e+00   7.390524e-01   3.535313e-07 
           179   8.648175e-06   1.739976e-03   1.151336e-03   1.005710e-04   0.000000e+00   7.398849e-01   3.550438e-07 
           180   8.529811e-06   1.737346e-03   1.149733e-03   9.946042e-05   0.000000e+00   7.407851e-01   3.565586e-07 
           181   8.404105e-06   1.734758e-03   1.148241e-03   9.831546e-05   0.000000e+00   7.416317e-01   3.580523e-07 
           182   8.292881e-06   1.732230e-03   1.147328e-03   9.714063e-05   0.000000e+00   7.425642e-01   3.595512e-07 
           183   8.208628e-06   1.729763e-03   1.147177e-03   9.594292e-05   0.000000e+00   7.435602e-01   3.610492e-07 
           184   8.079312e-06   1.727354e-03   1.146872e-03   9.472760e-05   0.000000e+00   7.446446e-01   3.625494e-07 
           185   7.897473e-06   1.724999e-03   1.147087e-03   9.350123e-05   0.000000e+00   7.457920e-01   3.640476e-07 
           186   7.755294e-06   1.722699e-03   1.147428e-03   9.227102e-05   0.000000e+00   7.470164e-01   3.655435e-07 
           187   7.636537e-06   1.720444e-03   1.148415e-03   9.103984e-05   0.000000e+00   7.482832e-01   3.670313e-07 
           188   7.551415e-06   1.718241e-03   1.149783e-03   8.981089e-05   0.000000e+00   7.496202e-01   3.685163e-07 
           189   7.473015e-06   1.716087e-03   1.151658e-03   8.858841e-05   0.000000e+00   7.510289e-01   3.699961e-07 
           190   7.391827e-06   1.713982e-03   1.154334e-03   8.738020e-05   0.000000e+00   7.525046e-01   3.714697e-07 
           191   7.311278e-06   1.711921e-03   1.157683e-03   8.619336e-05   0.000000e+00   7.540277e-01   3.729357e-07 
           192   7.256304e-06   1.709903e-03   1.161438e-03   8.503594e-05   0.000000e+00   7.556039e-01   3.743945e-07 
           193   7.219804e-06   1.707929e-03   1.164805e-03   8.390861e-05   0.000000e+00   7.572316e-01   3.758443e-07 
           194   7.178250e-06   1.705996e-03   1.168425e-03   8.281414e-05   0.000000e+00   7.589123e-01   3.772844e-07 
           195   7.144997e-06   1.704102e-03   1.173743e-03   8.175382e-05   0.000000e+00   7.606502e-01   3.787143e-07 
           196   7.122174e-06   1.702248e-03   1.179381e-03   8.072885e-05   0.000000e+00   7.624478e-01   3.801337e-07 
           197   7.086445e-06   1.700433e-03   1.185776e-03   7.973933e-05   0.000000e+00   7.642530e-01   3.815317e-07 
           198   7.058003e-06   1.698661e-03   1.192386e-03   7.878305e-05   0.000000e+00   7.661322e-01   3.829225e-07 
           199   7.025766e-06   1.696929e-03   1.199673e-03   7.785972e-05   0.000000e+00   7.680649e-01   3.843035e-07 
           200   6.965258e-06   1.695235e-03   1.207364e-03   7.697065e-05   0.000000e+00   7.700515e-01   3.856736e-07 
           201   6.913418e-06   1.693577e-03   1.215680e-03   7.611312e-05   0.000000e+00   7.720881e-01   3.870328e-07 
           202   6.869416e-06   1.691953e-03   1.224636e-03   7.529004e-05   0.000000e+00   7.741728e-01   3.883950e-07 
           203   6.817992e-06   1.690359e-03   1.237496e-03   7.450140e-05   0.000000e+00   7.763032e-01   3.897094e-07 
           204   6.749430e-06   1.688805e-03   1.245074e-03   7.374459e-05   0.000000e+00   7.784628e-01   3.910485e-07 
           205   6.695141e-06   1.687101e-03   1.248086e-03   7.301457e-05   0.000000e+00   7.806285e-01   3.922733e-07 
           206   6.625202e-06   1.685438e-03   1.122602e-03   7.231808e-05   0.000000e+00   7.827960e-01   3.935141e-07 
           207   6.592940e-06   1.683834e-03   1.049029e-03   7.168175e-05   0.000000e+00   7.849870e-01   3.947304e-07 
           208   6.540729e-06   1.682276e-03   1.026145e-03   7.103629e-05   0.000000e+00   7.871691e-01   3.959445e-07 
           209   6.490749e-06   1.680751e-03   1.026899e-03   7.044629e-05   0.000000e+00   7.893663e-01   3.971530e-07 
           210   6.445685e-06   1.679250e-03   1.036331e-03   6.987302e-05   0.000000e+00   7.915017e-01   3.983481e-07 
           211   6.412283e-06   1.677793e-03   1.048040e-03   6.934838e-05   0.000000e+00   7.937432e-01   3.995388e-07 
           212   6.359125e-06   1.676375e-03   1.058740e-03   6.882844e-05   0.000000e+00   7.960343e-01   4.007183e-07 
           213   6.322094e-06   1.674991e-03   1.071150e-03   6.836385e-05   0.000000e+00   7.983367e-01   4.018865e-07 
           214   6.284256e-06   1.673633e-03   1.082093e-03   6.790105e-05   0.000000e+00   8.006309e-01   4.030404e-07 
           215   6.258276e-06   1.672313e-03   1.092904e-03   6.749099e-05   0.000000e+00   8.029973e-01   4.041867e-07 
           216   6.230772e-06   1.671026e-03   1.103817e-03   6.707741e-05   0.000000e+00   8.054018e-01   4.053200e-07 
           217   6.212675e-06   1.669772e-03   1.114899e-03   6.671065e-05   0.000000e+00   8.078466e-01   4.064433e-07 
           218   6.197558e-06   1.668548e-03   1.126256e-03   6.633728e-05   0.000000e+00   8.103257e-01   4.075527e-07 
           219   6.175587e-06   1.667351e-03   1.137860e-03   6.600733e-05   0.000000e+00   8.128369e-01   4.086516e-07 
           220   6.138216e-06   1.666180e-03   1.149872e-03   6.565983e-05   0.000000e+00   8.153786e-01   4.097358e-07 
           221   6.091493e-06   1.665034e-03   1.162122e-03   6.534635e-05   0.000000e+00   8.179428e-01   4.108087e-07 
           222   6.030379e-06   1.663912e-03   1.174856e-03   6.502039e-05   0.000000e+00   8.204974e-01   4.118653e-07 
           223   6.004956e-06   1.662815e-03   1.187925e-03   6.473810e-05   0.000000e+00   8.230747e-01   4.129113e-07 
           224   5.995519e-06   1.661747e-03   1.201492e-03   6.444598e-05   0.000000e+00   8.256857e-01   4.139422e-07 
           225   6.000991e-06   1.660697e-03   1.215340e-03   6.419653e-05   0.000000e+00   8.282670e-01   4.149583e-07 
           226   6.009464e-06   1.659673e-03   1.229675e-03   6.393287e-05   0.000000e+00   8.308615e-01   4.159597e-07 
           227   6.004770e-06   1.658677e-03   1.244155e-03   6.370691e-05   0.000000e+00   8.334858e-01   4.169499e-07 
           228   5.989012e-06   1.657706e-03   1.259165e-03   6.346626e-05   0.000000e+00   8.361364e-01   4.179239e-07 
           229   5.976803e-06   1.656761e-03   1.274551e-03   6.326401e-05   0.000000e+00   8.388077e-01   4.188862e-07 
           230   5.966270e-06   1.655845e-03   1.290324e-03   6.304356e-05   0.000000e+00   8.414964e-01   4.198322e-07 
           231   5.962008e-06   1.654934e-03   1.306337e-03   6.285582e-05   0.000000e+00   8.441459e-01   4.207652e-07 
           232   5.960809e-06   1.654045e-03   1.322748e-03   6.264733e-05   0.000000e+00   8.468051e-01   4.216777e-07 
           233   5.972010e-06   1.653188e-03   1.339366e-03   6.247083e-05   0.000000e+00   8.494965e-01   4.225839e-07 
           234   5.981913e-06   1.652350e-03   1.356336e-03   6.227642e-05   0.000000e+00   8.521443e-01   4.234715e-07 
           235   6.000323e-06   1.651540e-03   1.373402e-03   6.211160e-05   0.000000e+00   8.548295e-01   4.243480e-07 
           236   6.011768e-06   1.650753e-03   1.390945e-03   6.192794e-05   0.000000e+00   8.575343e-01   4.252060e-07 
           237   6.033584e-06   1.649991e-03   1.408802e-03   6.177214e-05   0.000000e+00   8.602559e-01   4.260531e-07 
           238   6.051262e-06   1.649254e-03   1.427006e-03   6.159644e-05   0.000000e+00   8.629903e-01   4.268806e-07 
           239   6.072850e-06   1.648537e-03   1.445632e-03   6.144736e-05   0.000000e+00   8.657132e-01   4.277001e-07 
           240   6.088414e-06   1.647838e-03   1.464465e-03   6.127809e-05   0.000000e+00   8.683891e-01   4.284995e-07 
           241   6.107126e-06   1.647166e-03   1.483522e-03   6.113514e-05   0.000000e+00   8.710985e-01   4.292879e-07 
           242   6.116187e-06   1.646521e-03   1.502938e-03   6.097545e-05   0.000000e+00   8.738183e-01   4.300536e-07 
           243   6.130359e-06   1.645899e-03   1.522555e-03   6.084298e-05   0.000000e+00   8.765334e-01   4.308171e-07 
           244   6.139877e-06   1.645294e-03   1.542460e-03   6.069465e-05   0.000000e+00   8.791901e-01   4.315579e-07 
           245   6.191423e-06   1.644551e-03   1.553675e-03   6.056954e-05   0.000000e+00   8.818649e-01   4.321909e-07 
           246   6.279234e-06   1.643850e-03   1.412871e-03   6.043026e-05   0.000000e+00   8.845498e-01   4.328126e-07 
           247   6.389362e-06   1.643208e-03   1.303191e-03   6.031592e-05   0.000000e+00   8.872486e-01   4.334466e-07 
           248   6.476418e-06   1.642607e-03   1.230152e-03   6.018607e-05   0.000000e+00   8.899547e-01   4.340727e-07 
           249   6.573650e-06   1.642043e-03   1.178553e-03   6.007429e-05   0.000000e+00   8.926658e-01   4.346970e-07 
           250   6.659100e-06   1.641514e-03   1.139674e-03   5.994686e-05   0.000000e+00   8.953804e-01   4.353104e-07 
           251   6.743574e-06   1.641017e-03   1.107917e-03   5.983823e-05   0.000000e+00   8.980971e-01   4.359209e-07 
           252   6.803509e-06   1.640550e-03   1.081908e-03   5.972548e-05   0.000000e+00   9.008145e-01   4.365195e-07 
           253   6.862233e-06   1.640110e-03   1.058343e-03   5.961009e-05   0.000000e+00   9.035316e-01   4.371057e-07 
           254   6.913601e-06   1.639689e-03   1.036682e-03   5.951014e-05   0.000000e+00   9.062053e-01   4.376871e-07 
           255   6.940966e-06   1.639295e-03   1.017231e-03   5.940316e-05   0.000000e+00   9.088882e-01   4.382548e-07 
           256   6.973104e-06   1.638925e-03   9.986793e-04   5.930947e-05   0.000000e+00   9.115707e-01   4.388124e-07 
           257   7.003269e-06   1.638577e-03   9.811985e-04   5.921343e-05   0.000000e+00   9.142502e-01   4.393564e-07 
           258   7.042266e-06   1.638256e-03   9.643187e-04   5.913824e-05   0.000000e+00   9.169252e-01   4.398956e-07 
           259   7.071091e-06   1.637961e-03   9.485241e-04   5.905754e-05   0.000000e+00   9.195948e-01   4.404220e-07 
           260   7.112917e-06   1.637689e-03   9.331761e-04   5.897761e-05   0.000000e+00   9.222576e-01   4.409341e-07 
           261   7.163906e-06   1.637427e-03   9.178434e-04   5.891503e-05   0.000000e+00   9.248638e-01   4.414404e-07 
           262   7.194133e-06   1.637187e-03   9.034588e-04   5.884579e-05   0.000000e+00   9.274660e-01   4.419325e-07 
           263   7.191359e-06   1.636964e-03   8.891956e-04   5.877691e-05   0.000000e+00   9.300426e-01   4.424101e-07 
           264   7.186100e-06   1.636753e-03   8.747738e-04   5.872633e-05   0.000000e+00   9.325763e-01   4.428820e-07 
           265   7.165096e-06   1.636570e-03   8.612773e-04   5.866523e-05   0.000000e+00   9.351250e-01   4.433406e-07 
           266   7.133713e-06   1.636408e-03   8.478744e-04   5.859872e-05   0.000000e+00   9.376647e-01   4.437854e-07 
           267   7.119967e-06   1.636268e-03   8.345761e-04   5.854703e-05   0.000000e+00   9.401946e-01   4.442241e-07 
           268   7.117031e-06   1.636078e-03   8.224394e-04   5.849253e-05   0.000000e+00   9.425744e-01   4.446482e-07 
           269   7.129766e-06   1.635875e-03   8.104333e-04   5.843745e-05   0.000000e+00   9.449055e-01   4.450581e-07 
           270   7.156036e-06   1.635722e-03   7.982016e-04   5.839894e-05   0.000000e+00   9.472849e-01   4.454621e-07 
           271   7.163519e-06   1.635605e-03   7.872688e-04   5.835427e-05   0.000000e+00   9.496677e-01   4.458528e-07 
           272   7.174868e-06   1.635514e-03   7.766630e-04   5.830853e-05   0.000000e+00   9.520497e-01   4.462297e-07 
           273   7.204190e-06   1.635441e-03   7.657806e-04   5.827622e-05   0.000000e+00   9.543813e-01   4.465999e-07 
           274   7.227979e-06   1.635387e-03   7.565186e-04   5.823557e-05   0.000000e+00   9.566873e-01   4.469568e-07 
           275   7.256076e-06   1.635358e-03   7.480896e-04   5.819685e-05   0.000000e+00   9.590012e-01   4.473003e-07 
           276   7.294087e-06   1.635350e-03   7.394454e-04   5.817300e-05   0.000000e+00   9.613049e-01   4.476373e-07 
           277   7.321420e-06   1.635364e-03   7.329791e-04   5.814276e-05   0.000000e+00   9.635990e-01   4.479609e-07 
           278   7.354281e-06   1.635396e-03   7.274123e-04   5.811566e-05   0.000000e+00   9.658813e-01   4.482724e-07 
           279   7.394021e-06   1.635448e-03   7.219197e-04   5.810337e-05   0.000000e+00   9.681512e-01   4.485772e-07 
           280   7.438413e-06   1.635519e-03   7.193263e-04   5.807954e-05   0.000000e+00   9.704080e-01   4.488678e-07 
           281   7.483503e-06   1.635608e-03   7.172976e-04   5.806951e-05   0.000000e+00   9.726475e-01   4.491494e-07 
           282   7.510848e-06   1.635694e-03   7.168479e-04   5.805320e-05   0.000000e+00   9.748137e-01   4.494177e-07 
           283   7.546142e-06   1.635805e-03   7.170500e-04   5.804860e-05   0.000000e+00   9.769969e-01   4.496803e-07 
           284   7.582919e-06   1.635933e-03   7.206288e-04   5.803574e-05   0.000000e+00   9.791646e-01   4.499298e-07 
           285   7.601169e-06   1.636079e-03   7.254387e-04   5.803115e-05   0.000000e+00   9.813165e-01   4.501688e-07 
           286   7.633816e-06   1.636141e-03   7.311442e-04   5.802712e-05   0.000000e+00   9.834475e-01   4.503238e-07 
           287   7.650387e-06   1.636197e-03   6.876597e-04   5.801914e-05   0.000000e+00   9.855644e-01   4.504501e-07 
           288   7.661516e-06   1.636292e-03   6.730279e-04   5.801935e-05   0.000000e+00   9.876697e-01   4.505896e-07 
           289   7.663680e-06   1.636420e-03   6.989485e-04   5.801309e-05   0.000000e+00   9.897621e-01   4.507291e-07 
           290   7.646477e-06   1.636573e-03   7.341204e-04   5.801553e-05   0.000000e+00   9.918409e-01   4.508702e-07 
           291   7.633454e-06   1.636750e-03   7.694696e-04   5.801069e-05   0.000000e+00   9.939057e-01   4.510057e-07 
           292   7.635309e-06   1.636949e-03   7.995103e-04   5.801307e-05   0.000000e+00   9.959565e-01   4.511401e-07 
           293   7.636841e-06   1.637167e-03   8.259270e-04   5.801233e-05   0.000000e+00   9.979929e-01   4.512670e-07 
           294   7.638315e-06   1.637405e-03   8.475671e-04   5.802100e-05   0.000000e+00   1.000014e+00   4.513906e-07 
           295   7.656963e-06   1.637661e-03   8.669520e-04   5.802783e-05   0.000000e+00   1.002021e+00   4.515063e-07 
           296   7.655227e-06   1.637934e-03   8.833323e-04   5.803992e-05   0.000000e+00   1.004011e+00   4.516182e-07 
           297   7.699712e-06   1.638224e-03   8.990016e-04   5.804812e-05   0.000000e+00   1.005987e+00   4.517215e-07 
           298   7.820079e-06   1.638529e-03   9.128314e-04   5.806268e-05   0.000000e+00   1.007946e+00   4.518032e-07 
           299   7.977843e-06   1.638850e-03   9.109661e-04   5.804521e-05   0.000000e+00   1.009890e+00   4.519063e-07 
           300   8.059913e-06   1.639187e-03   9.285677e-04   5.809066e-05   0.000000e+00   1.011819e+00   4.520088e-07 
           301   8.086888e-06   1.639538e-03   9.607782e-04   5.816070e-05   0.000000e+00   1.013732e+00   4.520582e-07 
           302   8.202020e-06   1.639899e-03   9.544328e-04   5.810681e-05   0.000000e+00   1.015629e+00   4.521564e-07 
           303   8.216186e-06   1.640275e-03   9.878792e-04   5.817972e-05   0.000000e+00   1.017510e+00   4.521926e-07 
           304   8.317280e-06   1.640661e-03   9.821933e-04   5.812259e-05   0.000000e+00   1.019375e+00   4.522777e-07 
           305   8.300321e-06   1.641062e-03   1.015901e-03   5.819670e-05   0.000000e+00   1.021224e+00   4.523008e-07 
           306   8.380126e-06   1.641471e-03   1.011273e-03   5.813629e-05   0.000000e+00   1.023057e+00   4.523543e-07 
           307   8.412197e-06   1.641895e-03   1.028011e-03   5.815856e-05   0.000000e+00   1.024874e+00   4.523929e-07 
           308   8.421872e-06   1.642332e-03   1.044926e-03   5.818320e-05   0.000000e+00   1.026674e+00   4.524239e-07 
           309   8.416148e-06   1.642779e-03   1.061343e-03   5.819197e-05   0.000000e+00   1.028459e+00   4.524475e-07 
           310   8.425527e-06   1.643238e-03   1.077369e-03   5.819458e-05   0.000000e+00   1.030228e+00   4.524649e-07 
           311   8.442793e-06   1.643708e-03   1.094064e-03   5.819900e-05   0.000000e+00   1.031981e+00   4.524759e-07 
           312   8.477922e-06   1.644189e-03   1.109678e-03   5.819747e-05   0.000000e+00   1.033718e+00   4.524808e-07 
           313   8.479034e-06   1.644680e-03   1.129158e-03   5.821712e-05   0.000000e+00   1.035439e+00   4.524730e-07 
           314   8.520793e-06   1.645181e-03   1.141289e-03   5.820688e-05   0.000000e+00   1.037145e+00   4.524685e-07 
           315   8.495547e-06   1.645690e-03   1.161852e-03   5.824334e-05   0.000000e+00   1.038835e+00   4.524514e-07 
           316   8.535225e-06   1.646209e-03   1.177367e-03   5.823484e-05   0.000000e+00   1.040509e+00   4.524285e-07 
           317   8.549428e-06   1.646737e-03   1.193372e-03   5.823083e-05   0.000000e+00   1.042168e+00   4.524015e-07 
           318   8.521291e-06   1.647273e-03   1.210958e-03   5.823908e-05   0.000000e+00   1.043812e+00   4.523650e-07 
           319   8.469600e-06   1.647818e-03   1.226412e-03   5.823512e-05   0.000000e+00   1.045440e+00   4.523252e-07 
           320   8.424452e-06   1.648370e-03   1.244041e-03   5.824655e-05   0.000000e+00   1.047053e+00   4.522773e-07 
           321   8.399435e-06   1.648929e-03   1.260299e-03   5.824508e-05   0.000000e+00   1.048651e+00   4.522248e-07 
           322   8.374790e-06   1.649495e-03   1.277576e-03   5.824821e-05   0.000000e+00   1.050233e+00   4.521653e-07 
           323   8.360129e-06   1.650068e-03   1.294225e-03   5.824784e-05   0.000000e+00   1.051800e+00   4.521005e-07 
           324   8.314807e-06   1.650648e-03   1.311302e-03   5.824816e-05   0.000000e+00   1.053352e+00   4.520294e-07 
           325   8.286074e-06   1.651235e-03   1.328109e-03   5.824651e-05   0.000000e+00   1.054890e+00   4.519527e-07 
           326   8.279219e-06   1.651829e-03   1.345094e-03   5.824602e-05   0.000000e+00   1.056413e+00   4.518700e-07 
           327   8.287520e-06   1.652515e-03   1.361838e-03   5.824593e-05   0.000000e+00   1.058775e+00   4.517802e-07 
           328   8.309329e-06   1.653132e-03   1.378710e-03   5.826910e-05   0.000000e+00   1.058722e+00   4.516856e-07 
           329   8.317229e-06   1.653835e-03   1.395437e-03   5.827403e-05   0.000000e+00   1.061213e+00   4.515845e-07 
           330   8.332630e-06   1.654520e-03   1.412080e-03   5.829607e-05   0.000000e+00   1.062242e+00   4.514482e-07 
           331   8.358153e-06   1.655154e-03   1.416593e-03   5.832069e-05   0.000000e+00   1.063286e+00   4.512539e-07 
           332   8.394340e-06   1.655812e-03   1.399513e-03   5.834814e-05   0.000000e+00   1.064450e+00   4.510706e-07 
           333   8.436176e-06   1.656490e-03   1.382268e-03   5.837302e-05   0.000000e+00   1.065692e+00   4.508946e-07 
           334   8.476486e-06   1.657182e-03   1.365135e-03   5.839548e-05   0.000000e+00   1.066977e+00   4.507209e-07 
           335   8.512993e-06   1.657885e-03   1.347706e-03   5.841190e-05   0.000000e+00   1.068285e+00   4.505488e-07 
           336   8.559497e-06   1.658598e-03   1.330741e-03   5.842539e-05   0.000000e+00   1.069603e+00   4.503763e-07 
           337   8.592607e-06   1.659321e-03   1.313736e-03   5.842656e-05   0.000000e+00   1.070925e+00   4.502042e-07 
           338   8.600491e-06   1.660053e-03   1.297933e-03   5.842735e-05   0.000000e+00   1.072244e+00   4.500293e-07 
           339   8.608799e-06   1.660793e-03   1.281788e-03   5.841850e-05   0.000000e+00   1.073558e+00   4.498559e-07 
           340   8.585433e-06   1.661540e-03   1.267607e-03   5.842330e-05   0.000000e+00   1.074864e+00   4.496762e-07 
           341   8.591748e-06   1.662295e-03   1.252650e-03   5.840633e-05   0.000000e+00   1.076162e+00   4.495014e-07 
           342   8.568056e-06   1.663058e-03   1.239825e-03   5.842370e-05   0.000000e+00   1.077449e+00   4.493164e-07 
           343   8.546060e-06   1.663826e-03   1.226098e-03   5.839422e-05   0.000000e+00   1.078725e+00   4.491335e-07 
           344   8.515984e-06   1.664601e-03   1.213767e-03   5.838567e-05   0.000000e+00   1.079989e+00   4.489480e-07 
           345   8.505212e-06   1.665381e-03   1.201531e-03   5.838065e-05   0.000000e+00   1.081241e+00   4.487626e-07 
           346   8.459491e-06   1.666167e-03   1.190726e-03   5.838407e-05   0.000000e+00   1.082479e+00   4.485687e-07 
           347   8.454286e-06   1.666958e-03   1.176208e-03   5.833791e-05   0.000000e+00   1.083705e+00   4.483772e-07 
           348   8.423416e-06   1.667754e-03   1.167611e-03   5.832215e-05   0.000000e+00   1.084917e+00   4.481798e-07 
           349   8.393276e-06   1.668556e-03   1.157426e-03   5.829137e-05   0.000000e+00   1.086116e+00   4.479837e-07 
           350   8.315230e-06   1.669361e-03   1.147958e-03   5.827580e-05   0.000000e+00   1.087301e+00   4.477787e-07 
           351   8.264942e-06   1.670172e-03   1.138067e-03   5.823820e-05   0.000000e+00   1.088474e+00   4.475776e-07 
           352   8.191081e-06   1.670987e-03   1.129372e-03   5.823355e-05   0.000000e+00   1.089633e+00   4.473677e-07 
           353   8.166012e-06   1.671807e-03   1.120064e-03   5.820728e-05   0.000000e+00   1.090779e+00   4.471625e-07 
           354   8.127470e-06   1.672630e-03   1.112046e-03   5.820784e-05   0.000000e+00   1.091911e+00   4.469432e-07 
           355   8.165573e-06   1.673457e-03   1.104557e-03   5.817077e-05   0.000000e+00   1.093030e+00   4.467327e-07 
           356   8.152231e-06   1.674288e-03   1.097175e-03   5.818263e-05   0.000000e+00   1.094135e+00   4.465145e-07 
           357   8.160769e-06   1.675121e-03   1.089611e-03   5.815686e-05   0.000000e+00   1.095227e+00   4.462905e-07 
           358   8.200520e-06   1.675958e-03   1.084191e-03   5.814267e-05   0.000000e+00   1.096306e+00   4.460689e-07 
           359   8.203228e-06   1.676798e-03   1.078206e-03   5.812783e-05   0.000000e+00   1.097371e+00   4.458417e-07 
           360   8.196773e-06   1.677640e-03   1.072194e-03   5.811036e-05   0.000000e+00   1.098422e+00   4.456142e-07 
           361   8.165248e-06   1.678485e-03   1.068436e-03   5.809696e-05   0.000000e+00   1.099461e+00   4.453778e-07 
           362   8.176779e-06   1.679332e-03   1.064988e-03   5.805128e-05   0.000000e+00   1.100485e+00   4.451462e-07 
           363   8.152768e-06   1.680182e-03   1.061774e-03   5.803668e-05   0.000000e+00   1.101497e+00   4.449033e-07 
           364   8.202317e-06   1.681033e-03   1.061308e-03   5.799006e-05   0.000000e+00   1.102494e+00   4.446664e-07 
           365   8.192564e-06   1.681887e-03   1.058480e-03   5.796873e-05   0.000000e+00   1.103479e+00   4.444207e-07 
           366   8.202520e-06   1.682742e-03   1.057648e-03   5.793026e-05   0.000000e+00   1.104451e+00   4.441764e-07 
           367   8.193373e-06   1.683600e-03   1.057229e-03   5.789603e-05   0.000000e+00   1.105409e+00   4.439244e-07 
           368   8.189996e-06   1.684449e-03   1.058855e-03   5.785922e-05   0.000000e+00   1.106343e+00   4.436762e-07 
           369   8.163823e-06   1.685101e-03   1.057812e-03   5.783065e-05   0.000000e+00   1.107175e+00   4.434168e-07 
           370   8.157619e-06   1.685713e-03   1.049846e-03   5.779134e-05   0.000000e+00   1.107925e+00   4.431595e-07 
           371   8.121617e-06   1.686400e-03   1.045155e-03   5.777107e-05   0.000000e+00   1.108732e+00   4.428975e-07 
           372   8.105587e-06   1.687137e-03   1.039937e-03   5.775283e-05   0.000000e+00   1.109563e+00   4.426365e-07 
           373   8.067230e-06   1.687901e-03   1.037051e-03   5.773989e-05   0.000000e+00   1.110398e+00   4.423653e-07 
           374   8.054937e-06   1.688683e-03   1.033502e-03   5.770652e-05   0.000000e+00   1.111229e+00   4.421017e-07 
           375   7.964668e-06   1.689476e-03   1.031200e-03   5.769916e-05   0.000000e+00   1.112054e+00   4.418303e-07 
           376   7.907970e-06   1.690279e-03   1.029269e-03   5.765692e-05   0.000000e+00   1.112869e+00   4.415560e-07 
           377   7.861452e-06   1.691087e-03   1.028320e-03   5.762876e-05   0.000000e+00   1.113674e+00   4.412805e-07 
           378   7.840254e-06   1.691901e-03   1.026125e-03   5.758789e-05   0.000000e+00   1.114468e+00   4.410021e-07 
           379   7.833894e-06   1.692719e-03   1.024565e-03   5.755039e-05   0.000000e+00   1.115250e+00   4.407213e-07 
           380   7.850694e-06   1.693504e-03   1.023035e-03   5.750058e-05   0.000000e+00   1.116019e+00   4.404024e-07 
           381   7.859400e-06   1.694270e-03   1.013829e-03   5.745640e-05   0.000000e+00   1.116776e+00   4.400603e-07 
           382   7.895804e-06   1.695049e-03   1.000277e-03   5.739932e-05   0.000000e+00   1.117521e+00   4.397272e-07 
           383   7.901393e-06   1.695836e-03   9.912803e-04   5.735249e-05   0.000000e+00   1.118255e+00   4.393952e-07 
           384   7.961149e-06   1.696629e-03   9.851786e-04   5.728700e-05   0.000000e+00   1.118978e+00   4.390712e-07 
           385   7.941172e-06   1.697428e-03   9.825200e-04   5.724851e-05   0.000000e+00   1.119688e+00   4.387430e-07 
           386   7.984858e-06   1.698229e-03   9.799224e-04   5.717310e-05   0.000000e+00   1.120385e+00   4.384199e-07 
           387   8.002380e-06   1.699033e-03   9.785467e-04   5.712207e-05   0.000000e+00   1.121071e+00   4.380943e-07 
           388   8.021221e-06   1.699840e-03   9.771243e-04   5.705265e-05   0.000000e+00   1.121744e+00   4.377713e-07 
           389   7.980817e-06   1.700650e-03   9.756233e-04   5.700394e-05   0.000000e+00   1.122404e+00   4.374459e-07 
           390   7.956276e-06   1.701462e-03   9.749025e-04   5.695068e-05   0.000000e+00   1.123053e+00   4.371233e-07 
           391   7.890781e-06   1.702276e-03   9.735095e-04   5.691413e-05   0.000000e+00   1.123690e+00   4.367956e-07 
           392   7.913722e-06   1.703091e-03   9.716613e-04   5.685774e-05   0.000000e+00   1.124315e+00   4.364740e-07 
           393   7.861109e-06   1.703907e-03   9.716026e-04   5.682457e-05   0.000000e+00   1.124928e+00   4.361453e-07 
           394   7.881494e-06   1.704724e-03   9.705892e-04   5.675819e-05   0.000000e+00   1.125530e+00   4.358204e-07 
           395   7.872289e-06   1.705542e-03   9.695139e-04   5.671573e-05   0.000000e+00   1.126120e+00   4.354918e-07 
           396   7.886215e-06   1.706360e-03   9.688808e-04   5.665313e-05   0.000000e+00   1.126699e+00   4.351647e-07 
           397   7.823330e-06   1.707178e-03   9.685673e-04   5.660469e-05   0.000000e+00   1.127267e+00   4.348345e-07 
           398   7.757663e-06   1.707995e-03   9.682119e-04   5.654545e-05   0.000000e+00   1.127822e+00   4.345049e-07 
           399   7.695539e-06   1.708811e-03   9.680276e-04   5.649948e-05   0.000000e+00   1.128367e+00   4.341741e-07 
           400   7.650025e-06   1.709627e-03   9.682142e-04   5.645159e-05   0.000000e+00   1.128900e+00   4.338428e-07 
           401   7.594191e-06   1.710443e-03   9.680275e-04   5.640468e-05   0.000000e+00   1.129421e+00   4.335089e-07 
           402   7.591633e-06   1.711258e-03   9.677984e-04   5.634885e-05   0.000000e+00   1.129932e+00   4.331775e-07 
           403   7.531700e-06   1.712073e-03   9.680079e-04   5.631075e-05   0.000000e+00   1.130431e+00   4.328397e-07 
           404   7.544703e-06   1.712887e-03   9.678001e-04   5.623818e-05   0.000000e+00   1.130919e+00   4.325069e-07 
           405   7.510171e-06   1.713700e-03   9.680258e-04   5.619795e-05   0.000000e+00   1.131396e+00   4.321674e-07 
           406   7.525985e-06   1.714511e-03   9.677682e-04   5.612899e-05   0.000000e+00   1.131860e+00   4.318313e-07 
           407   7.508895e-06   1.715321e-03   9.683352e-04   5.608234e-05   0.000000e+00   1.132313e+00   4.314899e-07 
           408   7.530613e-06   1.716129e-03   9.681882e-04   5.601069e-05   0.000000e+00   1.132756e+00   4.311505e-07 
           409   7.525230e-06   1.716936e-03   9.684189e-04   5.595680e-05   0.000000e+00   1.133188e+00   4.308082e-07 
           410   7.546880e-06   1.717741e-03   9.686995e-04   5.589829e-05   0.000000e+00   1.133610e+00   4.304684e-07 
           411   7.550308e-06   1.718545e-03   9.690500e-04   5.586105e-05   0.000000e+00   1.134020e+00   4.301221e-07 
           412   7.618045e-06   1.719348e-03   9.686984e-04   5.578155e-05   0.000000e+00   1.134420e+00   4.297812e-07 
           413   7.624721e-06   1.720149e-03   9.690507e-04   5.574473e-05   0.000000e+00   1.134810e+00   4.294318e-07 
           414   7.680864e-06   1.720949e-03   9.690537e-04   5.567870e-05   0.000000e+00   1.135189e+00   4.290886e-07 
           415   7.693576e-06   1.721747e-03   9.688641e-04   5.563636e-05   0.000000e+00   1.135557e+00   4.287394e-07 
           416   7.728600e-06   1.722543e-03   9.687154e-04   5.557858e-05   0.000000e+00   1.135916e+00   4.283942e-07 
           417   7.713339e-06   1.723337e-03   9.689415e-04   5.553907e-05   0.000000e+00   1.136264e+00   4.280422e-07 
           418   7.696404e-06   1.724121e-03   9.686973e-04   5.546158e-05   0.000000e+00   1.136589e+00   4.276950e-07 
           419   7.610647e-06   1.724856e-03   9.690883e-04   5.540578e-05   0.000000e+00   1.136840e+00   4.273374e-07 
           420   7.612269e-06   1.725607e-03   9.681261e-04   5.533827e-05   0.000000e+00   1.137118e+00   4.269906e-07 
           421   7.546442e-06   1.726364e-03   9.680543e-04   5.527570e-05   0.000000e+00   1.137398e+00   4.266358e-07 
           422   7.520559e-06   1.727121e-03   9.677247e-04   5.520199e-05   0.000000e+00   1.137671e+00   4.262836e-07 
           423   7.482235e-06   1.727879e-03   9.676303e-04   5.515555e-05   0.000000e+00   1.137936e+00   4.259272e-07 
           424   7.490832e-06   1.728634e-03   9.673165e-04   5.505573e-05   0.000000e+00   1.138190e+00   4.255717e-07 
           425   7.491846e-06   1.729385e-03   9.670889e-04   5.497558e-05   0.000000e+00   1.138435e+00   4.252155e-07 
           426   7.514331e-06   1.730135e-03   9.665658e-04   5.486905e-05   0.000000e+00   1.138671e+00   4.248573e-07 
           427   7.542942e-06   1.730882e-03   9.660119e-04   5.478752e-05   0.000000e+00   1.138897e+00   4.244996e-07 
           428   7.581976e-06   1.731627e-03   9.654588e-04   5.469939e-05   0.000000e+00   1.139113e+00   4.241384e-07 
           429   7.629065e-06   1.732371e-03   9.648227e-04   5.462243e-05   0.000000e+00   1.139320e+00   4.237815e-07 
           430   7.614698e-06   1.733113e-03   9.645015e-04   5.456515e-05   0.000000e+00   1.139516e+00   4.234183e-07 
           431   7.631935e-06   1.733854e-03   9.637646e-04   5.448056e-05   0.000000e+00   1.139703e+00   4.230593e-07 
           432   7.600765e-06   1.734592e-03   9.635881e-04   5.441743e-05   0.000000e+00   1.139880e+00   4.226934e-07 
           433   7.582580e-06   1.735328e-03   9.627112e-04   5.434373e-05   0.000000e+00   1.140047e+00   4.223322e-07 
           434   7.554195e-06   1.736062e-03   9.619943e-04   5.428845e-05   0.000000e+00   1.140205e+00   4.219683e-07 
           435   7.534251e-06   1.736793e-03   9.612959e-04   5.422560e-05   0.000000e+00   1.140353e+00   4.216027e-07 
           436   7.549431e-06   1.737521e-03   9.603883e-04   5.416224e-05   0.000000e+00   1.140492e+00   4.212391e-07 
           437   7.545318e-06   1.738246e-03   9.597700e-04   5.410522e-05   0.000000e+00   1.140621e+00   4.208721e-07 
           438   7.581652e-06   1.738968e-03   9.586810e-04   5.403609e-05   0.000000e+00   1.140741e+00   4.205069e-07 
           439   7.584979e-06   1.739684e-03   9.580395e-04   5.397083e-05   0.000000e+00   1.140851e+00   4.201355e-07 
           440   7.525910e-06   1.740363e-03   9.569563e-04   5.390494e-05   0.000000e+00   1.140952e+00   4.197306e-07 
           441   7.446313e-06   1.741044e-03   9.568171e-04   5.383655e-05   0.000000e+00   1.141043e+00   4.193282e-07 
           442   7.389695e-06   1.741726e-03   9.568106e-04   5.376918e-05   0.000000e+00   1.141126e+00   4.189344e-07 
           443   7.340321e-06   1.742407e-03   9.573338e-04   5.370315e-05   0.000000e+00   1.141199e+00   4.185379e-07 
           444   7.298922e-06   1.743034e-03   9.571960e-04   5.363186e-05   0.000000e+00   1.141243e+00   4.181456e-07 
           445   7.290432e-06   1.743518e-03   9.580430e-04   5.356282e-05   0.000000e+00   1.141238e+00   4.177496e-07 
           446   7.309958e-06   1.744056e-03   9.604281e-04   5.349112e-05   0.000000e+00   1.141248e+00   4.173580e-07 
           447   7.338563e-06   1.744626e-03   9.619432e-04   5.342210e-05   0.000000e+00   1.141261e+00   4.169659e-07 
           448   7.399074e-06   1.745213e-03   9.619596e-04   5.334794e-05   0.000000e+00   1.141273e+00   4.165783e-07 
           449   7.448472e-06   1.745812e-03   9.614582e-04   5.327679e-05   0.000000e+00   1.141280e+00   4.161875e-07 
           450   7.517555e-06   1.746417e-03   9.601518e-04   5.320020e-05   0.000000e+00   1.141281e+00   4.158026e-07 
           451   7.583070e-06   1.747028e-03   9.590091e-04   5.311929e-05   0.000000e+00   1.141276e+00   4.154124e-07 
           452   7.648627e-06   1.747644e-03   9.573048e-04   5.305501e-05   0.000000e+00   1.141265e+00   4.150307e-07 
           453   7.686206e-06   1.748262e-03   9.556550e-04   5.297925e-05   0.000000e+00   1.141246e+00   4.146426e-07 
           454   7.767673e-06   1.748881e-03   9.541660e-04   5.291605e-05   0.000000e+00   1.141220e+00   4.142620e-07 
           455   7.774149e-06   1.749502e-03   9.522006e-04   5.283803e-05   0.000000e+00   1.141187e+00   4.138746e-07 
           456   7.826441e-06   1.750124e-03   9.508627e-04   5.277254e-05   0.000000e+00   1.141146e+00   4.134957e-07 
           457   7.786519e-06   1.750746e-03   9.490063e-04   5.269034e-05   0.000000e+00   1.141098e+00   4.131093e-07 
           458   7.796076e-06   1.751367e-03   9.476628e-04   5.261689e-05   0.000000e+00   1.141042e+00   4.127301e-07 
           459   7.693690e-06   1.751988e-03   9.458841e-04   5.253665e-05   0.000000e+00   1.140979e+00   4.123463e-07 
           460   7.649241e-06   1.752609e-03   9.445676e-04   5.246048e-05   0.000000e+00   1.140908e+00   4.119666e-07 
           461   7.565225e-06   1.753229e-03   9.430049e-04   5.238912e-05   0.000000e+00   1.140830e+00   4.115850e-07 
           462   7.540468e-06   1.753847e-03   9.416085e-04   5.230612e-05   0.000000e+00   1.140744e+00   4.112040e-07 
           463   7.525346e-06   1.754464e-03   9.402057e-04   5.223023e-05   0.000000e+00   1.140651e+00   4.108206e-07 
           464   7.555648e-06   1.755080e-03   9.385129e-04   5.214548e-05   0.000000e+00   1.140551e+00   4.104431e-07 
           465   7.537745e-06   1.755695e-03   9.372372e-04   5.207324e-05   0.000000e+00   1.140442e+00   4.100625e-07 
           466   7.584791e-06   1.756307e-03   9.364147e-04   5.199555e-05   0.000000e+00   1.140325e+00   4.096831e-07 
           467   7.621206e-06   1.756917e-03   9.354619e-04   5.192328e-05   0.000000e+00   1.140201e+00   4.093020e-07 
           468   7.675109e-06   1.757525e-03   9.342969e-04   5.185056e-05   0.000000e+00   1.140070e+00   4.089250e-07 
           469   7.660713e-06   1.758131e-03   9.330152e-04   5.177873e-05   0.000000e+00   1.139932e+00   4.085454e-07 
           470   7.662700e-06   1.758735e-03   9.319108e-04   5.170373e-05   0.000000e+00   1.139786e+00   4.081668e-07 
           471   7.675185e-06   1.759335e-03   9.307670e-04   5.162514e-05   0.000000e+00   1.139633e+00   4.077879e-07 
           472   7.677574e-06   1.759933e-03   9.295572e-04   5.155454e-05   0.000000e+00   1.139473e+00   4.074102e-07 
           473   7.680078e-06   1.760528e-03   9.285859e-04   5.148237e-05   0.000000e+00   1.139306e+00   4.070317e-07 
           474   7.668252e-06   1.761121e-03   9.274964e-04   5.141230e-05   0.000000e+00   1.139131e+00   4.066537e-07 
           475   7.635921e-06   1.761710e-03   9.266391e-04   5.133978e-05   0.000000e+00   1.138949e+00   4.062753e-07 
           476   7.620532e-06   1.762295e-03   9.259087e-04   5.128148e-05   0.000000e+00   1.138760e+00   4.058999e-07 
           477   7.547677e-06   1.762878e-03   9.254411e-04   5.122094e-05   0.000000e+00   1.138565e+00   4.055228e-07 
           478   7.504445e-06   1.763457e-03   9.245514e-04   5.113993e-05   0.000000e+00   1.138362e+00   4.051452e-07 
           479   7.482487e-06   1.764032e-03   9.237744e-04   5.105447e-05   0.000000e+00   1.138152e+00   4.047687e-07 
           480   7.466707e-06   1.764605e-03   9.232046e-04   5.097735e-05   0.000000e+00   1.137936e+00   4.043910e-07 
           481   7.472054e-06   1.765175e-03   9.225402e-04   5.089386e-05   0.000000e+00   1.137713e+00   4.040175e-07 
           482   7.447358e-06   1.765743e-03   9.222919e-04   5.083450e-05   0.000000e+00   1.137483e+00   4.036383e-07 
           483   7.476825e-06   1.766307e-03   9.214626e-04   5.072978e-05   0.000000e+00   1.137247e+00   4.032661e-07 
           484   7.420020e-06   1.766870e-03   9.212993e-04   5.067000e-05   0.000000e+00   1.137004e+00   4.028878e-07 
           485   7.375661e-06   1.767430e-03   9.204239e-04   5.056533e-05   0.000000e+00   1.136754e+00   4.025138e-07 
           486   7.338283e-06   1.767986e-03   9.201661e-04   5.049116e-05   0.000000e+00   1.136498e+00   4.021380e-07 
           487   7.347785e-06   1.768540e-03   9.194663e-04   5.040138e-05   0.000000e+00   1.136236e+00   4.017641e-07 
           488   7.385310e-06   1.769090e-03   9.190924e-04   5.031847e-05   0.000000e+00   1.135967e+00   4.013885e-07 
           489   7.452893e-06   1.769638e-03   9.184424e-04   5.022877e-05   0.000000e+00   1.135691e+00   4.010151e-07 
           490   7.514381e-06   1.770182e-03   9.185339e-04   5.014558e-05   0.000000e+00   1.135409e+00   4.006402e-07 
           491   7.563833e-06   1.770723e-03   9.182908e-04   5.006218e-05   0.000000e+00   1.135121e+00   4.002673e-07 
           492   7.571544e-06   1.771261e-03   9.182015e-04   4.998243e-05   0.000000e+00   1.134827e+00   3.998931e-07 
           493   7.548088e-06   1.771796e-03   9.179796e-04   4.989824e-05   0.000000e+00   1.134527e+00   3.995204e-07 
           494   7.532595e-06   1.772329e-03   9.177990e-04   4.982028e-05   0.000000e+00   1.134221e+00   3.991467e-07 
           495   7.520813e-06   1.772859e-03   9.175645e-04   4.973866e-05   0.000000e+00   1.133909e+00   3.987744e-07 
           496   7.498494e-06   1.773386e-03   9.175072e-04   4.966084e-05   0.000000e+00   1.133590e+00   3.984012e-07 
           497   7.504795e-06   1.773884e-03   9.174121e-04   4.958002e-05   0.000000e+00   1.133230e+00   3.980289e-07 
           498   7.521059e-06   1.774351e-03   9.174441e-04   4.950513e-05   0.000000e+00   1.132830e+00   3.976542e-07 
           499   7.553032e-06   1.774834e-03   9.174394e-04   4.942762e-05   0.000000e+00   1.132458e+00   3.972827e-07 
           500   7.571764e-06   1.775322e-03   9.175028e-04   4.935535e-05   0.000000e+00   1.132089e+00   3.969083e-07 
           501   7.538933e-06   1.775811e-03   9.175625e-04   4.927404e-05   0.000000e+00   1.131718e+00   3.965389e-07 
           502   7.470448e-06   1.776300e-03   9.176927e-04   4.920316e-05   0.000000e+00   1.131342e+00   3.961617e-07 
           503   7.446464e-06   1.776786e-03   9.175928e-04   4.909874e-05   0.000000e+00   1.130961e+00   3.957930e-07 
           504   7.371278e-06   1.777271e-03   9.181397e-04   4.903976e-05   0.000000e+00   1.130575e+00   3.954201e-07 
           505   7.317844e-06   1.777755e-03   9.182002e-04   4.893849e-05   0.000000e+00   1.130184e+00   3.950470e-07 
           506   7.335268e-06   1.778236e-03   9.183856e-04   4.885021e-05   0.000000e+00   1.129787e+00   3.946770e-07 
           507   7.293003e-06   1.778715e-03   9.187172e-04   4.875263e-05   0.000000e+00   1.129384e+00   3.943010e-07 
           508   7.289569e-06   1.779191e-03   9.191256e-04   4.865796e-05   0.000000e+00   1.128976e+00   3.939335e-07 
           509   7.229946e-06   1.779666e-03   9.195675e-04   4.856275e-05   0.000000e+00   1.128563e+00   3.935599e-07 
           510   7.221703e-06   1.780117e-03   9.203050e-04   4.846752e-05   0.000000e+00   1.128127e+00   3.931912e-07 
           511   7.157692e-06   1.780371e-03   9.206278e-04   4.836866e-05   0.000000e+00   1.127569e+00   3.928167e-07 
           512   7.171519e-06   1.780697e-03   9.212877e-04   4.827381e-05   0.000000e+00   1.127066e+00   3.924477e-07 
           513   7.119896e-06   1.780886e-03   9.201804e-04   4.818536e-05   0.000000e+00   1.126545e+00   3.920646e-07 
           514   7.108217e-06   1.781144e-03   9.165081e-04   4.809584e-05   0.000000e+00   1.126047e+00   3.916875e-07 
           515   7.052485e-06   1.781446e-03   9.133999e-04   4.801834e-05   0.000000e+00   1.125561e+00   3.913121e-07 
           516   6.998660e-06   1.781773e-03   9.104994e-04   4.792204e-05   0.000000e+00   1.125077e+00   3.909383e-07 
           517   6.921489e-06   1.782117e-03   9.080379e-04   4.785110e-05   0.000000e+00   1.124592e+00   3.905662e-07 
           518   6.876255e-06   1.782315e-03   9.051138e-04   4.774805e-05   0.000000e+00   1.123967e+00   3.901895e-07 
           519   6.822056e-06   1.782569e-03   9.026027e-04   4.766940e-05   0.000000e+00   1.123406e+00   3.898102e-07 
           520   6.800988e-06   1.782855e-03   8.993681e-04   4.756529e-05   0.000000e+00   1.122874e+00   3.894210e-07 
           521   6.753996e-06   1.783165e-03   8.966082e-04   4.749993e-05   0.000000e+00   1.122352e+00   3.890343e-07 
           522   6.740793e-06   1.783490e-03   8.946562e-04   4.739906e-05   0.000000e+00   1.121832e+00   3.886496e-07 
           523   6.698898e-06   1.783825e-03   8.935421e-04   4.732158e-05   0.000000e+00   1.121311e+00   3.882651e-07 
           524   6.702486e-06   1.784167e-03   8.922684e-04   4.721878e-05   0.000000e+00   1.120788e+00   3.878841e-07 
           525   6.710118e-06   1.784513e-03   8.908879e-04   4.713123e-05   0.000000e+00   1.120261e+00   3.875038e-07 
           526   6.711482e-06   1.784863e-03   8.895416e-04   4.702788e-05   0.000000e+00   1.119731e+00   3.871240e-07 
           527   6.712880e-06   1.785216e-03   8.880932e-04   4.692297e-05   0.000000e+00   1.119196e+00   3.867478e-07 
           528   6.700647e-06   1.785571e-03   8.866056e-04   4.682212e-05   0.000000e+00   1.118657e+00   3.863698e-07 
           529   6.702944e-06   1.785926e-03   8.851587e-04   4.671480e-05   0.000000e+00   1.118113e+00   3.859941e-07 
           530   6.687965e-06   1.786282e-03   8.835765e-04   4.660591e-05   0.000000e+00   1.117565e+00   3.856187e-07 
           531   6.640820e-06   1.786639e-03   8.822290e-04   4.650898e-05   0.000000e+00   1.117012e+00   3.852454e-07 
           532   6.596535e-06   1.786995e-03   8.809533e-04   4.640697e-05   0.000000e+00   1.116454e+00   3.848716e-07 
           533   6.526198e-06   1.787351e-03   8.799227e-04   4.630843e-05   0.000000e+00   1.115891e+00   3.844997e-07 
           534   6.453559e-06   1.787705e-03   8.788138e-04   4.620631e-05   0.000000e+00   1.115323e+00   3.841273e-07 
           535   6.368292e-06   1.788059e-03   8.778919e-04   4.610953e-05   0.000000e+00   1.114750e+00   3.837570e-07 
           536   6.301391e-06   1.788411e-03   8.772417e-04   4.601146e-05   0.000000e+00   1.114173e+00   3.833849e-07 
           537   6.262754e-06   1.788761e-03   8.781321e-04   4.591772e-05   0.000000e+00   1.113590e+00   3.830186e-07 
           538   6.183292e-06   1.789110e-03   8.790936e-04   4.583998e-05   0.000000e+00   1.113003e+00   3.826488e-07 
           539   6.091797e-06   1.789458e-03   8.789725e-04   4.574115e-05   0.000000e+00   1.112411e+00   3.822814e-07 
           540   6.013992e-06   1.789803e-03   8.776283e-04   4.565571e-05   0.000000e+00   1.111814e+00   3.819133e-07 
           541   5.958183e-06   1.790146e-03   8.767263e-04   4.556158e-05   0.000000e+00   1.111212e+00   3.815467e-07 
           542   5.922126e-06   1.790486e-03   8.765760e-04   4.547587e-05   0.000000e+00   1.110606e+00   3.811810e-07 
           543   5.904250e-06   1.790824e-03   8.766241e-04   4.539511e-05   0.000000e+00   1.109994e+00   3.808165e-07 
           544   5.891222e-06   1.791160e-03   8.770334e-04   4.531362e-05   0.000000e+00   1.109378e+00   3.804496e-07 
           545   5.919923e-06   1.791493e-03   8.773835e-04   4.522293e-05   0.000000e+00   1.108757e+00   3.800882e-07 
           546   5.891977e-06   1.791824e-03   8.777944e-04   4.515189e-05   0.000000e+00   1.108131e+00   3.797243e-07 
           547   5.892086e-06   1.792153e-03   8.784457e-04   4.506569e-05   0.000000e+00   1.107501e+00   3.793611e-07 
           548   5.902725e-06   1.792480e-03   8.797896e-04   4.499668e-05   0.000000e+00   1.106866e+00   3.789980e-07 
           549   5.949737e-06   1.792804e-03   8.807278e-04   4.491704e-05   0.000000e+00   1.106226e+00   3.786387e-07 
           550   5.972584e-06   1.793126e-03   8.822589e-04   4.484973e-05   0.000000e+00   1.105582e+00   3.782756e-07 
           551   6.009794e-06   1.793445e-03   8.832586e-04   4.474567e-05   0.000000e+00   1.104933e+00   3.779168e-07 
           552   6.004102e-06   1.793760e-03   8.850778e-04   4.465604e-05   0.000000e+00   1.104280e+00   3.775557e-07 
           553   5.987085e-06   1.794072e-03   8.865722e-04   4.454127e-05   0.000000e+00   1.103622e+00   3.771974e-07 
           554   5.951989e-06   1.794381e-03   8.886204e-04   4.443793e-05   0.000000e+00   1.102960e+00   3.768372e-07 
           555   5.909092e-06   1.794688e-03   8.905394e-04   4.432630e-05   0.000000e+00   1.102293e+00   3.764821e-07 
           556   5.842011e-06   1.794992e-03   8.928993e-04   4.423378e-05   0.000000e+00   1.101623e+00   3.761229e-07 
           557   5.793531e-06   1.795293e-03   8.949984e-04   4.411379e-05   0.000000e+00   1.100947e+00   3.757672e-07 
           558   5.749372e-06   1.795572e-03   8.977916e-04   4.401753e-05   0.000000e+00   1.100242e+00   3.754095e-07 
           559   5.701522e-06   1.795814e-03   8.999706e-04   4.390876e-05   0.000000e+00   1.099492e+00   3.750527e-07 
           560   5.639624e-06   1.796074e-03   9.020328e-04   4.382559e-05   0.000000e+00   1.098770e+00   3.746954e-07 
           561   5.578621e-06   1.796338e-03   9.040620e-04   4.374004e-05   0.000000e+00   1.098053e+00   3.743427e-07 
           562   5.484969e-06   1.796604e-03   9.061658e-04   4.367193e-05   0.000000e+00   1.097336e+00   3.739861e-07 
           563   5.428040e-06   1.796869e-03   9.079161e-04   4.357509e-05   0.000000e+00   1.096616e+00   3.736329e-07 
           564   5.380766e-06   1.797132e-03   9.102418e-04   4.349924e-05   0.000000e+00   1.095892e+00   3.732785e-07 
           565   5.350286e-06   1.797392e-03   9.122337e-04   4.340477e-05   0.000000e+00   1.095164e+00   3.729258e-07 
           566   5.325432e-06   1.797642e-03   9.145869e-04   4.332101e-05   0.000000e+00   1.094427e+00   3.725714e-07 
           567   5.323014e-06   1.797892e-03   9.165766e-04   4.322174e-05   0.000000e+00   1.093688e+00   3.722211e-07 
           568   5.318805e-06   1.798140e-03   9.191618e-04   4.314373e-05   0.000000e+00   1.092946e+00   3.718671e-07 
           569   5.334351e-06   1.798386e-03   9.217315e-04   4.303859e-05   0.000000e+00   1.092201e+00   3.715186e-07 
           570   5.316295e-06   1.798629e-03   9.249175e-04   4.295819e-05   0.000000e+00   1.091452e+00   3.711663e-07 
           571   5.322247e-06   1.798870e-03   9.277064e-04   4.284203e-05   0.000000e+00   1.090699e+00   3.708165e-07 
           572   5.325015e-06   1.799108e-03   9.312710e-04   4.274380e-05   0.000000e+00   1.089943e+00   3.704662e-07 
           573   5.341555e-06   1.799343e-03   9.344987e-04   4.263625e-05   0.000000e+00   1.089182e+00   3.701172e-07 
           574   5.358582e-06   1.799575e-03   9.381642e-04   4.253876e-05   0.000000e+00   1.088418e+00   3.697677e-07 
           575   5.378918e-06   1.799804e-03   9.417884e-04   4.243355e-05   0.000000e+00   1.087650e+00   3.694185e-07 
           576   5.402073e-06   1.800031e-03   9.454998e-04   4.233254e-05   0.000000e+00   1.086875e+00   3.690733e-07 
           577   5.389173e-06   1.800129e-03   9.502788e-04   4.224521e-05   0.000000e+00   1.086074e+00   3.687099e-07 
           578   5.368196e-06   1.800232e-03   9.512690e-04   4.213284e-05   0.000000e+00   1.085273e+00   3.683533e-07 
           579   5.338264e-06   1.800357e-03   9.537648e-04   4.203069e-05   0.000000e+00   1.084474e+00   3.679963e-07 
           580   5.328666e-06   1.800496e-03   9.566729e-04   4.192183e-05   0.000000e+00   1.083675e+00   3.676452e-07 
           581   5.318272e-06   1.800642e-03   9.609272e-04   4.181661e-05   0.000000e+00   1.082875e+00   3.672915e-07 
           582   5.274477e-06   1.800795e-03   9.649289e-04   4.170624e-05   0.000000e+00   1.082073e+00   3.669447e-07 
           583   5.211379e-06   1.800952e-03   9.700206e-04   4.161619e-05   0.000000e+00   1.081270e+00   3.665940e-07 
           584   5.162936e-06   1.801113e-03   9.747571e-04   4.151243e-05   0.000000e+00   1.080464e+00   3.662494e-07 
           585   5.136817e-06   1.801275e-03   9.803996e-04   4.143174e-05   0.000000e+00   1.079655e+00   3.659027e-07 
           586   5.137385e-06   1.801440e-03   9.856368e-04   4.133656e-05   0.000000e+00   1.078844e+00   3.655575e-07 
           587   5.148255e-06   1.801605e-03   9.914551e-04   4.125108e-05   0.000000e+00   1.078030e+00   3.652112e-07 
           588   5.157381e-06   1.801771e-03   9.968776e-04   4.116101e-05   0.000000e+00   1.077214e+00   3.648706e-07 
           589   5.158483e-06   1.801937e-03   1.003155e-03   4.109019e-05   0.000000e+00   1.076395e+00   3.645269e-07 
           590   5.169136e-06   1.802102e-03   1.009172e-03   4.099422e-05   0.000000e+00   1.075574e+00   3.641851e-07 
           591   5.181651e-06   1.802266e-03   1.015418e-03   4.089680e-05   0.000000e+00   1.074750e+00   3.638449e-07 
           592   5.187469e-06   1.802429e-03   1.021854e-03   4.079360e-05   0.000000e+00   1.073922e+00   3.635032e-07 
           593   5.208123e-06   1.802590e-03   1.028345e-03   4.069022e-05   0.000000e+00   1.073092e+00   3.631652e-07 
           594   5.229131e-06   1.802752e-03   1.035303e-03   4.058205e-05   0.000000e+00   1.072258e+00   3.628231e-07 
           595   5.258964e-06   1.802912e-03   1.042028e-03   4.047169e-05   0.000000e+00   1.071422e+00   3.624890e-07 
           596   5.272443e-06   1.803070e-03   1.049066e-03   4.037936e-05   0.000000e+00   1.070583e+00   3.621505e-07 
           597   5.279375e-06   1.803228e-03   1.056179e-03   4.026545e-05   0.000000e+00   1.069741e+00   3.618137e-07 
           598   5.307727e-06   1.803383e-03   1.064084e-03   4.014131e-05   0.000000e+00   1.068897e+00   3.614774e-07 
           599   5.290143e-06   1.803536e-03   1.072027e-03   4.001561e-05   0.000000e+00   1.068050e+00   3.611424e-07 
           600   5.239422e-06   1.803689e-03   1.080899e-03   3.989450e-05   0.000000e+00   1.067200e+00   3.608075e-07 
           601   5.195016e-06   1.803840e-03   1.089965e-03   3.977972e-05   0.000000e+00   1.066348e+00   3.604737e-07 
           602   5.158505e-06   1.803989e-03   1.099415e-03   3.967124e-05   0.000000e+00   1.065492e+00   3.601402e-07 
           603   5.135126e-06   1.804139e-03   1.108914e-03   3.956870e-05   0.000000e+00   1.064635e+00   3.598075e-07 
           604   5.101063e-06   1.804286e-03   1.117136e-03   3.947124e-05   0.000000e+00   1.063774e+00   3.594753e-07 
           605   5.056557e-06   1.804396e-03   1.125951e-03   3.937897e-05   0.000000e+00   1.062861e+00   3.591424e-07 
           606   4.995403e-06   1.804503e-03   1.133763e-03   3.928879e-05   0.000000e+00   1.061953e+00   3.588103e-07 
           607   4.948999e-06   1.804621e-03   1.141315e-03   3.919775e-05   0.000000e+00   1.061060e+00   3.584791e-07 
           608   4.941912e-06   1.804743e-03   1.148715e-03   3.910668e-05   0.000000e+00   1.060170e+00   3.581487e-07 
           609   4.938913e-06   1.804866e-03   1.156421e-03   3.901368e-05   0.000000e+00   1.059280e+00   3.578188e-07 
           610   4.940648e-06   1.804988e-03   1.163068e-03   3.891864e-05   0.000000e+00   1.058387e+00   3.574895e-07 
           611   4.968763e-06   1.805109e-03   1.169595e-03   3.882492e-05   0.000000e+00   1.057493e+00   3.571604e-07 
           612   4.995549e-06   1.805230e-03   1.176191e-03   3.872494e-05   0.000000e+00   1.056596e+00   3.568319e-07 
           613   5.024866e-06   1.805350e-03   1.182637e-03   3.862449e-05   0.000000e+00   1.055698e+00   3.565038e-07 
           614   5.050160e-06   1.805469e-03   1.189185e-03   3.852348e-05   0.000000e+00   1.054796e+00   3.561763e-07 
           615   5.081500e-06   1.805586e-03   1.195836e-03   3.842219e-05   0.000000e+00   1.053893e+00   3.558493e-07 
           616   5.119705e-06   1.805703e-03   1.202627e-03   3.832154e-05   0.000000e+00   1.052986e+00   3.555228e-07 
           617   5.148621e-06   1.805749e-03   1.209387e-03   3.822181e-05   0.000000e+00   1.052044e+00   3.551968e-07 
           618   5.170509e-06   1.805663e-03   1.215113e-03   3.812228e-05   0.000000e+00   1.051049e+00   3.548713e-07 
           619   5.191946e-06   1.805640e-03   1.219895e-03   3.802380e-05   0.000000e+00   1.050089e+00   3.545463e-07 
           620   5.219678e-06   1.805655e-03   1.225477e-03   3.792686e-05   0.000000e+00   1.049144e+00   3.542218e-07 
           621   5.234693e-06   1.805690e-03   1.231363e-03   3.783086e-05   0.000000e+00   1.048206e+00   3.538980e-07 
           622   5.228383e-06   1.805737e-03   1.237298e-03   3.773549e-05   0.000000e+00   1.047271e+00   3.535747e-07 
           623   5.225787e-06   1.805794e-03   1.243315e-03   3.764068e-05   0.000000e+00   1.046337e+00   3.532519e-07 
           624   5.228548e-06   1.805850e-03   1.249598e-03   3.754585e-05   0.000000e+00   1.045395e+00   3.529295e-07 
           625   5.217956e-06   1.805761e-03   1.255492e-03   3.745118e-05   0.000000e+00   1.044328e+00   3.526042e-07 
           626   5.191532e-06   1.805734e-03   1.260776e-03   3.735677e-05   0.000000e+00   1.043328e+00   3.522812e-07 
           627   5.164891e-06   1.805742e-03   1.266013e-03   3.726302e-05   0.000000e+00   1.042354e+00   3.519595e-07 
           628   5.136105e-06   1.805767e-03   1.271082e-03   3.716906e-05   0.000000e+00   1.041390e+00   3.516385e-07 
           629   5.102468e-06   1.805804e-03   1.276590e-03   3.707415e-05   0.000000e+00   1.040429e+00   3.513179e-07 
           630   5.072101e-06   1.805846e-03   1.282205e-03   3.697778e-05   0.000000e+00   1.039470e+00   3.509978e-07 
           631   5.040195e-06   1.805893e-03   1.287847e-03   3.688021e-05   0.000000e+00   1.038511e+00   3.506783e-07 
           632   5.019843e-06   1.805944e-03   1.293362e-03   3.678117e-05   0.000000e+00   1.037551e+00   3.503591e-07 
           633   5.014947e-06   1.805996e-03   1.299021e-03   3.668025e-05   0.000000e+00   1.036590e+00   3.500404e-07 
           634   5.015622e-06   1.806050e-03   1.304532e-03   3.657722e-05   0.000000e+00   1.035628e+00   3.497221e-07 
           635   4.964253e-06   1.806104e-03   1.310392e-03   3.647112e-05   0.000000e+00   1.034664e+00   3.494043e-07 
           636   4.935982e-06   1.806159e-03   1.316066e-03   3.636553e-05   0.000000e+00   1.033698e+00   3.490870e-07 
           637   4.927987e-06   1.806215e-03   1.321729e-03   3.626166e-05   0.000000e+00   1.032728e+00   3.487700e-07 
           638   4.925771e-06   1.806199e-03   1.327272e-03   3.615872e-05   0.000000e+00   1.031745e+00   3.484426e-07 
           639   4.924361e-06   1.806150e-03   1.329204e-03   3.605687e-05   0.000000e+00   1.030757e+00   3.481111e-07 
           640   4.924463e-06   1.806109e-03   1.329530e-03   3.595586e-05   0.000000e+00   1.029753e+00   3.477835e-07 
           641   4.920888e-06   1.806055e-03   1.330554e-03   3.585506e-05   0.000000e+00   1.028719e+00   3.474578e-07 
           642   4.917223e-06   1.806023e-03   1.331979e-03   3.575455e-05   0.000000e+00   1.027709e+00   3.471347e-07 
           643   4.903157e-06   1.806003e-03   1.333463e-03   3.565475e-05   0.000000e+00   1.026706e+00   3.468135e-07 
           644   4.896630e-06   1.805990e-03   1.334910e-03   3.555462e-05   0.000000e+00   1.025703e+00   3.464936e-07 
           645   4.886556e-06   1.805982e-03   1.336042e-03   3.545456e-05   0.000000e+00   1.024701e+00   3.461750e-07 
           646   4.857819e-06   1.805977e-03   1.337483e-03   3.535491e-05   0.000000e+00   1.023698e+00   3.458576e-07 
           647   4.824621e-06   1.805976e-03   1.338287e-03   3.525714e-05   0.000000e+00   1.022693e+00   3.455411e-07 
           648   4.776092e-06   1.805976e-03   1.338872e-03   3.515999e-05   0.000000e+00   1.021687e+00   3.452253e-07 
           649   4.736485e-06   1.805979e-03   1.339295e-03   3.506390e-05   0.000000e+00   1.020680e+00   3.449107e-07 
           650   4.716754e-06   1.805983e-03   1.339613e-03   3.496665e-05   0.000000e+00   1.019672e+00   3.445970e-07 
           651   4.715739e-06   1.805988e-03   1.339531e-03   3.487094e-05   0.000000e+00   1.018662e+00   3.442839e-07 
           652   4.722619e-06   1.805993e-03   1.339491e-03   3.477651e-05   0.000000e+00   1.017650e+00   3.439716e-07 
           653   4.734016e-06   1.805999e-03   1.339315e-03   3.468329e-05   0.000000e+00   1.016637e+00   3.436601e-07 
           654   4.747937e-06   1.806005e-03   1.339043e-03   3.459061e-05   0.000000e+00   1.015622e+00   3.433493e-07 
           655   4.765106e-06   1.806011e-03   1.338652e-03   3.449735e-05   0.000000e+00   1.014605e+00   3.430391e-07 
           656   4.761926e-06   1.806017e-03   1.337962e-03   3.440266e-05   0.000000e+00   1.013587e+00   3.427297e-07 
           657   4.725287e-06   1.806023e-03   1.337367e-03   3.430674e-05   0.000000e+00   1.012567e+00   3.424209e-07 
           658   4.685137e-06   1.806029e-03   1.336763e-03   3.420938e-05   0.000000e+00   1.011545e+00   3.421127e-07 
           659   4.656269e-06   1.806034e-03   1.336051e-03   3.411101e-05   0.000000e+00   1.010522e+00   3.418052e-07 
           660   4.643517e-06   1.806039e-03   1.335226e-03   3.401320e-05   0.000000e+00   1.009494e+00   3.414983e-07 
           661   4.630179e-06   1.805868e-03   1.334310e-03   3.391520e-05   0.000000e+00   1.008360e+00   3.411901e-07 
           662   4.606520e-06   1.805725e-03   1.333062e-03   3.381668e-05   0.000000e+00   1.007256e+00   3.408826e-07 
           663   4.566415e-06   1.805627e-03   1.331198e-03   3.371689e-05   0.000000e+00   1.006183e+00   3.405719e-07 
           664   4.532023e-06   1.805555e-03   1.328584e-03   3.361627e-05   0.000000e+00   1.005124e+00   3.402623e-07 
           665   4.509441e-06   1.805498e-03   1.326349e-03   3.351709e-05   0.000000e+00   1.004071e+00   3.399539e-07 
           666   4.496783e-06   1.805450e-03   1.324191e-03   3.341921e-05   0.000000e+00   1.003020e+00   3.396463e-07 
           667   4.488997e-06   1.805404e-03   1.322220e-03   3.332227e-05   0.000000e+00   1.001963e+00   3.393393e-07 
           668   4.477309e-06   1.805332e-03   1.320240e-03   3.322570e-05   0.000000e+00   1.000869e+00   3.390320e-07 
           669   4.460905e-06   1.805277e-03   1.318294e-03   3.312913e-05   0.000000e+00   9.997984e-01   3.387260e-07 
           670   4.438013e-06   1.805229e-03   1.316278e-03   3.303223e-05   0.000000e+00   9.987334e-01   3.384209e-07 
           671   4.412189e-06   1.805185e-03   1.314160e-03   3.293584e-05   0.000000e+00   9.976695e-01   3.381165e-07 
           672   4.397445e-06   1.805143e-03   1.312010e-03   3.283901e-05   0.000000e+00   9.966054e-01   3.378127e-07 
           673   4.391706e-06   1.805103e-03   1.309708e-03   3.274184e-05   0.000000e+00   9.955405e-01   3.375096e-07 
           674   4.357794e-06   1.805063e-03   1.307577e-03   3.264444e-05   0.000000e+00   9.944746e-01   3.372071e-07 
           675   4.304479e-06   1.805025e-03   1.305403e-03   3.254780e-05   0.000000e+00   9.934074e-01   3.369053e-07 
           676   4.254560e-06   1.804986e-03   1.303284e-03   3.245188e-05   0.000000e+00   9.923389e-01   3.366038e-07 
           677   4.220363e-06   1.804947e-03   1.301267e-03   3.235661e-05   0.000000e+00   9.912690e-01   3.363031e-07 
           678   4.200719e-06   1.804907e-03   1.299282e-03   3.226127e-05   0.000000e+00   9.901976e-01   3.360030e-07 
           679   4.196858e-06   1.804867e-03   1.297177e-03   3.216614e-05   0.000000e+00   9.891247e-01   3.357034e-07 
           680   4.200240e-06   1.804826e-03   1.294991e-03   3.207122e-05   0.000000e+00   9.880504e-01   3.354044e-07 
           681   4.198385e-06   1.804784e-03   1.292719e-03   3.197714e-05   0.000000e+00   9.869746e-01   3.351060e-07 
           682   4.192120e-06   1.804739e-03   1.290402e-03   3.188341e-05   0.000000e+00   9.858946e-01   3.348081e-07 
           683   4.187936e-06   1.804690e-03   1.287909e-03   3.178999e-05   0.000000e+00   9.848099e-01   3.345107e-07 
           684   4.171141e-06   1.804642e-03   1.285384e-03   3.169674e-05   0.000000e+00   9.837268e-01   3.342139e-07 
           685   4.143413e-06   1.804593e-03   1.282929e-03   3.160182e-05   0.000000e+00   9.826431e-01   3.339176e-07 
           686   4.102866e-06   1.804544e-03   1.280429e-03   3.150565e-05   0.000000e+00   9.815586e-01   3.336219e-07 
           687   4.070004e-06   1.804495e-03   1.277278e-03   3.140998e-05   0.000000e+00   9.804724e-01   3.333267e-07 
           688   4.036381e-06   1.804416e-03   1.274722e-03   3.131455e-05   0.000000e+00   9.793494e-01   3.330310e-07 
           689   4.010224e-06   1.804345e-03   1.271997e-03   3.121936e-05   0.000000e+00   9.782398e-01   3.327363e-07 
           690   3.987239e-06   1.804278e-03   1.269383e-03   3.112575e-05   0.000000e+00   9.771368e-01   3.324422e-07 
           691   3.966520e-06   1.804212e-03   1.266299e-03   3.103303e-05   0.000000e+00   9.760347e-01   3.321487e-07 
           692   3.923725e-06   1.804146e-03   1.263797e-03   3.094036e-05   0.000000e+00   9.749323e-01   3.318557e-07 
           693   3.877227e-06   1.804080e-03   1.261639e-03   3.084786e-05   0.000000e+00   9.738290e-01   3.315632e-07 
           694   3.843302e-06   1.804013e-03   1.259115e-03   3.075474e-05   0.000000e+00   9.727246e-01   3.312712e-07 
           695   3.820067e-06   1.803944e-03   1.256310e-03   3.066069e-05   0.000000e+00   9.716188e-01   3.309797e-07 
           696   3.802926e-06   1.803872e-03   1.253597e-03   3.056579e-05   0.000000e+00   9.705063e-01   3.306886e-07 
           697   3.789384e-06   1.803702e-03   1.250998e-03   3.047020e-05   0.000000e+00   9.693773e-01   3.303795e-07 
           698   3.776574e-06   1.803549e-03   1.250502e-03   3.037473e-05   0.000000e+00   9.682539e-01   3.300749e-07 
           699   3.764531e-06   1.803409e-03   1.250416e-03   3.027954e-05   0.000000e+00   9.671326e-01   3.297739e-07 
           700   3.747148e-06   1.803275e-03   1.250032e-03   3.018434e-05   0.000000e+00   9.660106e-01   3.294751e-07 
           701   3.724133e-06   1.803144e-03   1.248885e-03   3.008961e-05   0.000000e+00   9.648878e-01   3.291780e-07 
           702   3.707128e-06   1.803015e-03   1.247420e-03   2.999378e-05   0.000000e+00   9.637646e-01   3.288824e-07 
           703   3.691138e-06   1.802834e-03   1.245775e-03   2.990052e-05   0.000000e+00   9.625813e-01   3.285865e-07 
           704   3.685175e-06   1.802576e-03   1.243508e-03   2.980930e-05   0.000000e+00   9.613435e-01   3.282893e-07 
           705   3.685022e-06   1.802372e-03   1.241171e-03   2.971525e-05   0.000000e+00   9.601630e-01   3.279963e-07 
           706   3.690613e-06   1.802193e-03   1.238333e-03   2.963274e-05   0.000000e+00   9.589999e-01   3.277054e-07 
           707   3.710030e-06   1.802022e-03   1.235274e-03   2.955466e-05   0.000000e+00   9.578378e-01   3.274119e-07 
           708   3.722078e-06   1.801862e-03   1.231630e-03   2.945790e-05   0.000000e+00   9.566843e-01   3.271236e-07 
           709   3.742281e-06   1.801710e-03   1.227592e-03   2.938240e-05   0.000000e+00   9.555337e-01   3.268327e-07 
           710   3.758145e-06   1.801562e-03   1.223700e-03   2.929058e-05   0.000000e+00   9.543842e-01   3.265461e-07 
           711   3.779377e-06   1.801417e-03   1.219780e-03   2.921193e-05   0.000000e+00   9.532332e-01   3.262559e-07 
           712   3.732593e-06   1.801180e-03   1.216158e-03   2.911492e-05   0.000000e+00   9.520321e-01   3.259708e-07 
           713   3.675953e-06   1.800845e-03   1.212342e-03   2.903640e-05   0.000000e+00   9.508018e-01   3.256793e-07 
           714   3.629075e-06   1.800565e-03   1.209158e-03   2.893454e-05   0.000000e+00   9.495991e-01   3.253918e-07 
           715   3.602407e-06   1.800322e-03   1.205637e-03   2.883751e-05   0.000000e+00   9.484127e-01   3.251091e-07 
           716   3.590779e-06   1.800083e-03   1.201657e-03   2.875753e-05   0.000000e+00   9.472135e-01   3.248193e-07 
           717   3.569931e-06   1.799849e-03   1.197167e-03   2.864853e-05   0.000000e+00   9.460098e-01   3.245346e-07 
           718   3.536523e-06   1.799635e-03   1.191903e-03   2.855756e-05   0.000000e+00   9.448218e-01   3.242524e-07 
           719   3.507503e-06   1.799433e-03   1.187330e-03   2.847066e-05   0.000000e+00   9.436392e-01   3.239657e-07 
           720   3.462005e-06   1.799239e-03   1.182718e-03   2.836490e-05   0.000000e+00   9.424587e-01   3.236840e-07 
           721   3.413717e-06   1.799050e-03   1.178077e-03   2.827473e-05   0.000000e+00   9.412792e-01   3.234010e-07 
           722   3.366106e-06   1.798865e-03   1.173620e-03   2.817541e-05   0.000000e+00   9.401001e-01   3.231191e-07 
           723   3.323467e-06   1.798684e-03   1.169636e-03   2.808428e-05   0.000000e+00   9.389211e-01   3.228377e-07 
           724   3.298459e-06   1.798504e-03   1.164986e-03   2.798348e-05   0.000000e+00   9.377419e-01   3.225561e-07 
           725   3.281176e-06   1.798327e-03   1.160861e-03   2.788973e-05   0.000000e+00   9.365621e-01   3.222766e-07 
           726   3.265950e-06   1.798151e-03   1.157037e-03   2.778480e-05   0.000000e+00   9.353818e-01   3.219954e-07 
           727   3.246083e-06   1.797976e-03   1.152665e-03   2.768995e-05   0.000000e+00   9.342009e-01   3.217175e-07 
           728   3.234527e-06   1.797802e-03   1.148405e-03   2.759023e-05   0.000000e+00   9.330193e-01   3.214369e-07 
           729   3.222430e-06   1.797629e-03   1.144171e-03   2.750066e-05   0.000000e+00   9.318370e-01   3.211601e-07 
           730   3.212710e-06   1.797455e-03   1.140075e-03   2.740753e-05   0.000000e+00   9.306540e-01   3.208804e-07 
           731   3.206241e-06   1.797282e-03   1.136573e-03   2.732159e-05   0.000000e+00   9.294702e-01   3.206042e-07 
           732   3.199382e-06   1.797108e-03   1.133048e-03   2.723241e-05   0.000000e+00   9.282857e-01   3.203260e-07 
           733   3.179712e-06   1.796934e-03   1.129775e-03   2.714968e-05   0.000000e+00   9.271003e-01   3.200519e-07 
           734   3.172027e-06   1.796759e-03   1.125288e-03   2.706310e-05   0.000000e+00   9.259142e-01   3.197738e-07 
           735   3.172874e-06   1.796583e-03   1.121976e-03   2.698265e-05   0.000000e+00   9.247273e-01   3.194980e-07 
           736   3.185208e-06   1.796407e-03   1.118238e-03   2.689669e-05   0.000000e+00   9.235396e-01   3.192230e-07 
           737   3.198382e-06   1.796230e-03   1.114811e-03   2.681730e-05   0.000000e+00   9.223512e-01   3.189475e-07 
           738   3.199522e-06   1.796052e-03   1.111405e-03   2.672996e-05   0.000000e+00   9.211620e-01   3.186743e-07 
           739   3.197434e-06   1.795873e-03   1.108111e-03   2.665164e-05   0.000000e+00   9.199721e-01   3.183988e-07 
           740   3.197701e-06   1.795692e-03   1.104795e-03   2.656245e-05   0.000000e+00   9.187815e-01   3.181273e-07 
           741   3.198783e-06   1.795511e-03   1.101446e-03   2.648321e-05   0.000000e+00   9.175901e-01   3.178518e-07 
           742   3.200055e-06   1.795329e-03   1.098286e-03   2.639464e-05   0.000000e+00   9.163981e-01   3.175820e-07 
           743   3.200799e-06   1.795146e-03   1.095161e-03   2.631223e-05   0.000000e+00   9.152054e-01   3.173068e-07 
           744   3.197939e-06   1.794961e-03   1.092331e-03   2.622523e-05   0.000000e+00   9.140121e-01   3.170383e-07 
           745   3.193944e-06   1.794775e-03   1.089349e-03   2.613882e-05   0.000000e+00   9.128182e-01   3.167636e-07 
           746   3.187403e-06   1.794587e-03   1.086651e-03   2.605322e-05   0.000000e+00   9.116237e-01   3.164963e-07 
           747   3.158519e-06   1.794398e-03   1.083578e-03   2.596494e-05   0.000000e+00   9.104288e-01   3.162285e-07 
           748   3.100374e-06   1.794208e-03   1.079997e-03   2.588321e-05   0.000000e+00   9.092335e-01   3.159496e-07 
           749   3.052624e-06   1.794016e-03   1.077789e-03   2.579217e-05   0.000000e+00   9.080376e-01   3.156903e-07 
           750   2.989797e-06   1.793823e-03   1.073259e-03   2.571916e-05   0.000000e+00   9.068411e-01   3.154109e-07 
           751   2.954091e-06   1.793629e-03   1.071499e-03   2.562960e-05   0.000000e+00   9.056441e-01   3.151512e-07 
           752   2.913224e-06   1.793433e-03   1.067033e-03   2.555115e-05   0.000000e+00   9.044447e-01   3.148736e-07 
           753   2.885720e-06   1.793172e-03   1.065192e-03   2.545793e-05   0.000000e+00   9.032380e-01   3.146004e-07 
           754   2.867280e-06   1.792911e-03   1.056999e-03   2.538463e-05   0.000000e+00   9.020316e-01   3.143147e-07 
           755   2.852980e-06   1.792659e-03   1.051594e-03   2.529976e-05   0.000000e+00   9.008264e-01   3.140359e-07 
           756   2.834423e-06   1.792412e-03   1.047558e-03   2.521140e-05   0.000000e+00   8.996217e-01   3.137583e-07 
           757   2.826083e-06   1.792167e-03   1.045033e-03   2.512622e-05   0.000000e+00   8.984174e-01   3.134782e-07 
           758   2.827415e-06   1.791924e-03   1.043343e-03   2.503143e-05   0.000000e+00   8.972134e-01   3.132142e-07 
           759   2.838907e-06   1.791683e-03   1.041930e-03   2.495796e-05   0.000000e+00   8.960096e-01   3.129322e-07 
           760   2.850467e-06   1.791443e-03   1.041897e-03   2.486570e-05   0.000000e+00   8.948059e-01   3.126644e-07 
           761   2.847017e-06   1.791205e-03   1.040714e-03   2.478515e-05   0.000000e+00   8.936025e-01   3.123994e-07 
           762   2.834732e-06   1.790967e-03   1.041534e-03   2.471870e-05   0.000000e+00   8.923993e-01   3.121265e-07 
           763   2.826631e-06   1.790730e-03   1.041833e-03   2.464262e-05   0.000000e+00   8.911962e-01   3.118523e-07 
           764   2.836479e-06   1.790493e-03   1.043135e-03   2.455885e-05   0.000000e+00   8.899933e-01   3.115939e-07 
           765   2.847021e-06   1.790257e-03   1.044079e-03   2.448917e-05   0.000000e+00   8.887906e-01   3.113176e-07 
           766   2.863502e-06   1.790022e-03   1.045978e-03   2.440670e-05   0.000000e+00   8.875871e-01   3.110614e-07 
           767   2.876202e-06   1.789702e-03   1.047616e-03   2.433397e-05   0.000000e+00   8.863100e-01   3.107842e-07 
           768   2.898685e-06   1.789393e-03   1.050108e-03   2.424763e-05   0.000000e+00   8.850535e-01   3.105279e-07 
           769   2.906087e-06   1.789112e-03   1.051543e-03   2.417052e-05   0.000000e+00   8.838233e-01   3.102536e-07 
           770   2.926020e-06   1.788844e-03   1.054884e-03   2.408323e-05   0.000000e+00   8.826028e-01   3.099997e-07 
           771   2.925831e-06   1.788584e-03   1.057239e-03   2.400297e-05   0.000000e+00   8.813863e-01   3.097271e-07 
           772   2.947871e-06   1.788278e-03   1.060306e-03   2.391245e-05   0.000000e+00   8.801402e-01   3.094739e-07 
           773   2.947378e-06   1.787873e-03   1.062318e-03   2.383127e-05   0.000000e+00   8.788378e-01   3.092018e-07 
           774   2.959357e-06   1.787525e-03   1.065310e-03   2.374346e-05   0.000000e+00   8.775809e-01   3.089501e-07 
           775   2.952314e-06   1.787210e-03   1.068275e-03   2.366059e-05   0.000000e+00   8.763442e-01   3.086796e-07 
           776   2.953845e-06   1.786913e-03   1.071922e-03   2.357126e-05   0.000000e+00   8.751161e-01   3.084285e-07 
           777   2.936520e-06   1.786623e-03   1.075010e-03   2.349066e-05   0.000000e+00   8.738898e-01   3.081599e-07 
           778   2.918712e-06   1.786341e-03   1.078928e-03   2.340589e-05   0.000000e+00   8.726686e-01   3.079108e-07 
           779   2.874334e-06   1.786067e-03   1.081960e-03   2.332557e-05   0.000000e+00   8.714479e-01   3.076426e-07 
           780   2.845484e-06   1.785635e-03   1.086360e-03   2.323999e-05   0.000000e+00   8.701569e-01   3.073936e-07 
           781   2.810410e-06   1.785233e-03   1.089406e-03   2.316028e-05   0.000000e+00   8.688884e-01   3.071327e-07 
           782   2.777929e-06   1.784875e-03   1.093473e-03   2.308134e-05   0.000000e+00   8.676432e-01   3.068704e-07 
           783   2.731638e-06   1.784543e-03   1.097744e-03   2.299824e-05   0.000000e+00   8.664090e-01   3.066175e-07 
           784   2.686256e-06   1.784228e-03   1.101060e-03   2.291548e-05   0.000000e+00   8.651814e-01   3.063673e-07 
           785   2.643936e-06   1.783925e-03   1.104965e-03   2.284146e-05   0.000000e+00   8.639580e-01   3.061082e-07 
           786   2.623194e-06   1.783630e-03   1.109512e-03   2.276458e-05   0.000000e+00   8.627377e-01   3.058531e-07 
           787   2.619226e-06   1.783340e-03   1.113552e-03   2.268470e-05   0.000000e+00   8.615195e-01   3.055933e-07 
           788   2.618502e-06   1.783056e-03   1.118471e-03   2.260314e-05   0.000000e+00   8.603029e-01   3.053427e-07 
           789   2.610624e-06   1.782775e-03   1.122343e-03   2.252455e-05   0.000000e+00   8.590877e-01   3.050900e-07 
           790   2.603735e-06   1.782498e-03   1.126694e-03   2.244648e-05   0.000000e+00   8.578736e-01   3.048371e-07 
           791   2.588003e-06   1.782222e-03   1.131565e-03   2.236999e-05   0.000000e+00   8.566603e-01   3.045851e-07 
           792   2.573068e-06   1.781949e-03   1.136469e-03   2.229070e-05   0.000000e+00   8.554479e-01   3.043325e-07 
           793   2.562782e-06   1.781676e-03   1.141365e-03   2.221392e-05   0.000000e+00   8.542360e-01   3.040816e-07 
           794   2.549468e-06   1.781405e-03   1.146270e-03   2.213339e-05   0.000000e+00   8.530247e-01   3.038300e-07 
           795   2.537480e-06   1.781134e-03   1.151992e-03   2.205632e-05   0.000000e+00   8.518139e-01   3.035794e-07 
           796   2.534632e-06   1.780865e-03   1.157273e-03   2.197476e-05   0.000000e+00   8.506036e-01   3.033335e-07 
           797   2.536029e-06   1.780595e-03   1.161852e-03   2.189871e-05   0.000000e+00   8.493937e-01   3.030807e-07 
           798   2.521355e-06   1.780326e-03   1.167165e-03   2.182151e-05   0.000000e+00   8.481842e-01   3.028311e-07 
           799   2.516679e-06   1.780057e-03   1.172547e-03   2.174569e-05   0.000000e+00   8.469746e-01   3.025772e-07 
           800   2.528060e-06   1.779772e-03   1.178177e-03   2.167215e-05   0.000000e+00   8.457584e-01   3.023318e-07 
           801   2.555826e-06   1.779344e-03   1.183673e-03   2.160085e-05   0.000000e+00   8.445052e-01   3.020792e-07 
           802   2.583978e-06   1.778961e-03   1.190169e-03   2.153768e-05   0.000000e+00   8.432692e-01   3.018293e-07 
           803   2.607900e-06   1.778604e-03   1.195971e-03   2.147120e-05   0.000000e+00   8.420421e-01   3.015790e-07 
           804   2.629724e-06   1.778263e-03   1.201709e-03   2.140877e-05   0.000000e+00   8.408202e-01   3.013334e-07 
           805   2.649638e-06   1.777934e-03   1.207340e-03   2.134044e-05   0.000000e+00   8.396021e-01   3.010834e-07 
           806   2.666229e-06   1.777613e-03   1.212963e-03   2.127389e-05   0.000000e+00   8.383852e-01   3.008399e-07 
           807   2.677417e-06   1.777243e-03   1.218195e-03   2.120182e-05   0.000000e+00   8.371651e-01   3.005767e-07 
           808   2.682646e-06   1.776885e-03   1.222764e-03   2.112727e-05   0.000000e+00   8.359482e-01   3.003214e-07 
           809   2.683334e-06   1.776538e-03   1.227659e-03   2.104663e-05   0.000000e+00   8.347340e-01   3.000637e-07 
           810   2.687001e-06   1.776199e-03   1.233722e-03   2.097308e-05   0.000000e+00   8.335216e-01   2.998142e-07 
           811   2.668947e-06   1.775865e-03   1.239495e-03   2.089857e-05   0.000000e+00   8.323108e-01   2.995592e-07 
           812   2.632060e-06   1.775536e-03   1.245183e-03   2.081796e-05   0.000000e+00   8.311015e-01   2.993089e-07 
           813   2.596969e-06   1.775210e-03   1.250812e-03   2.073717e-05   0.000000e+00   8.298934e-01   2.990603e-07 
           814   2.569717e-06   1.774888e-03   1.256835e-03   2.065928e-05   0.000000e+00   8.286865e-01   2.988114e-07 
           815   2.547599e-06   1.774569e-03   1.262871e-03   2.058354e-05   0.000000e+00   8.274801e-01   2.985650e-07 
           816   2.531068e-06   1.774197e-03   1.267742e-03   2.050603e-05   0.000000e+00   8.262254e-01   2.983163e-07 
           817   2.522422e-06   1.773818e-03   1.271338e-03   2.043222e-05   0.000000e+00   8.249704e-01   2.980710e-07 
           818   2.516322e-06   1.773466e-03   1.275136e-03   2.035506e-05   0.000000e+00   8.237421e-01   2.978241e-07 
           819   2.505155e-06   1.773126e-03   1.279403e-03   2.028333e-05   0.000000e+00   8.225232e-01   2.975832e-07 
           820   2.485487e-06   1.772793e-03   1.283715e-03   2.020846e-05   0.000000e+00   8.213087e-01   2.973365e-07 
           821   2.472688e-06   1.772467e-03   1.287672e-03   2.012708e-05   0.000000e+00   8.200979e-01   2.970960e-07 
           822   2.465601e-06   1.772144e-03   1.292027e-03   2.004525e-05   0.000000e+00   8.188896e-01   2.968541e-07 
           823   2.455155e-06   1.771825e-03   1.296477e-03   1.996453e-05   0.000000e+00   8.176831e-01   2.966140e-07 
           824   2.449591e-06   1.771509e-03   1.300817e-03   1.988704e-05   0.000000e+00   8.164781e-01   2.963735e-07 
           825   2.451831e-06   1.771194e-03   1.305256e-03   1.981236e-05   0.000000e+00   8.152742e-01   2.961351e-07 
           826   2.458328e-06   1.770882e-03   1.309668e-03   1.974138e-05   0.000000e+00   8.140714e-01   2.958955e-07 
           827   2.468075e-06   1.770571e-03   1.314107e-03   1.967296e-05   0.000000e+00   8.128695e-01   2.956593e-07 
           828   2.478152e-06   1.770261e-03   1.318545e-03   1.960368e-05   0.000000e+00   8.116686e-01   2.954199e-07 
           829   2.473233e-06   1.769952e-03   1.322878e-03   1.954104e-05   0.000000e+00   8.104686e-01   2.951863e-07 
           830   2.467159e-06   1.769644e-03   1.327466e-03   1.947473e-05   0.000000e+00   8.092695e-01   2.949479e-07 
           831   2.468750e-06   1.769337e-03   1.331679e-03   1.940667e-05   0.000000e+00   8.080712e-01   2.947130e-07 
           832   2.474539e-06   1.769030e-03   1.336264e-03   1.934109e-05   0.000000e+00   8.068738e-01   2.944796e-07 
           833   2.482359e-06   1.768724e-03   1.340586e-03   1.927276e-05   0.000000e+00   8.056774e-01   2.942493e-07 
           834   2.471089e-06   1.768418e-03   1.345281e-03   1.920790e-05   0.000000e+00   8.044818e-01   2.940078e-07 
           835   2.473070e-06   1.768112e-03   1.349190e-03   1.914100e-05   0.000000e+00   8.032871e-01   2.937788e-07 
           836   2.493089e-06   1.767806e-03   1.354147e-03   1.907349e-05   0.000000e+00   8.020931e-01   2.935461e-07 
           837   2.459337e-06   1.767501e-03   1.357977e-03   1.900791e-05   0.000000e+00   8.009001e-01   2.933153e-07 
           838   2.444054e-06   1.767195e-03   1.361942e-03   1.894058e-05   0.000000e+00   7.997079e-01   2.930836e-07 
           839   2.442529e-06   1.766890e-03   1.365218e-03   1.887415e-05   0.000000e+00   7.985166e-01   2.928540e-07 
           840   2.444456e-06   1.766585e-03   1.368577e-03   1.880601e-05   0.000000e+00   7.973261e-01   2.926231e-07 
           841   2.443687e-06   1.766280e-03   1.372850e-03   1.874003e-05   0.000000e+00   7.961365e-01   2.923952e-07 
           842   2.438151e-06   1.765974e-03   1.377465e-03   1.866934e-05   0.000000e+00   7.949475e-01   2.921693e-07 
           843   2.433693e-06   1.765663e-03   1.382870e-03   1.860433e-05   0.000000e+00   7.937551e-01   2.919336e-07 
           844   2.420589e-06   1.765353e-03   1.387251e-03   1.853643e-05   0.000000e+00   7.925662e-01   2.917099e-07 
           845   2.406620e-06   1.765046e-03   1.391539e-03   1.846577e-05   0.000000e+00   7.913792e-01   2.914861e-07 
           846   2.388772e-06   1.764739e-03   1.396032e-03   1.839952e-05   0.000000e+00   7.901934e-01   2.912520e-07 
           847   2.365196e-06   1.764431e-03   1.399616e-03   1.833047e-05   0.000000e+00   7.890088e-01   2.910293e-07 
           848   2.354717e-06   1.764125e-03   1.403460e-03   1.826313e-05   0.000000e+00   7.878253e-01   2.908032e-07 
           849   2.345112e-06   1.763818e-03   1.407594e-03   1.819633e-05   0.000000e+00   7.866428e-01   2.905788e-07 
           850   2.336179e-06   1.763511e-03   1.411773e-03   1.813029e-05   0.000000e+00   7.854613e-01   2.903536e-07 
           851   2.323947e-06   1.763204e-03   1.415969e-03   1.806426e-05   0.000000e+00   7.842810e-01   2.901303e-07 
           852   2.308511e-06   1.762897e-03   1.420094e-03   1.799822e-05   0.000000e+00   7.831017e-01   2.899105e-07 
           853   2.297146e-06   1.762590e-03   1.423889e-03   1.793364e-05   0.000000e+00   7.819233e-01   2.896798e-07 
           854   2.281623e-06   1.762264e-03   1.427969e-03   1.786857e-05   0.000000e+00   7.807286e-01   2.894598e-07 
           855   2.272897e-06   1.761894e-03   1.431413e-03   1.780518e-05   0.000000e+00   7.794973e-01   2.892363e-07 
           856   2.262383e-06   1.761548e-03   1.434837e-03   1.773928e-05   0.000000e+00   7.782961e-01   2.890185e-07 
           857   2.251057e-06   1.761196e-03   1.438870e-03   1.767448e-05   0.000000e+00   7.770930e-01   2.887890e-07 
           858   2.251011e-06   1.760739e-03   1.443511e-03   1.761158e-05   0.000000e+00   7.758263e-01   2.885700e-07 
           859   2.252925e-06   1.760302e-03   1.447109e-03   1.754688e-05   0.000000e+00   7.746008e-01   2.883405e-07 
           860   2.253022e-06   1.759888e-03   1.450999e-03   1.748261e-05   0.000000e+00   7.733949e-01   2.881135e-07 
           861   2.245934e-06   1.759494e-03   1.454251e-03   1.741765e-05   0.000000e+00   7.721988e-01   2.878768e-07 
           862   2.242943e-06   1.759114e-03   1.458600e-03   1.735498e-05   0.000000e+00   7.710090e-01   2.876525e-07 
           863   2.241841e-06   1.758742e-03   1.461689e-03   1.729092e-05   0.000000e+00   7.698236e-01   2.874255e-07 
           864   2.243333e-06   1.758377e-03   1.464995e-03   1.722785e-05   0.000000e+00   7.686413e-01   2.872010e-07 
           865   2.245692e-06   1.758017e-03   1.468497e-03   1.716392e-05   0.000000e+00   7.674615e-01   2.869753e-07 
           866   2.248726e-06   1.757660e-03   1.472322e-03   1.710314e-05   0.000000e+00   7.662840e-01   2.867534e-07 
           867   2.230916e-06   1.757307e-03   1.475862e-03   1.703802e-05   0.000000e+00   7.651083e-01   2.865324e-07 
           868   2.211872e-06   1.756956e-03   1.478883e-03   1.697864e-05   0.000000e+00   7.639344e-01   2.863086e-07 
           869   2.195538e-06   1.756607e-03   1.482544e-03   1.691871e-05   0.000000e+00   7.627620e-01   2.860829e-07 
           870   2.202310e-06   1.756260e-03   1.485784e-03   1.685855e-05   0.000000e+00   7.615913e-01   2.858650e-07 
           871   2.218546e-06   1.755916e-03   1.487890e-03   1.679814e-05   0.000000e+00   7.604220e-01   2.856462e-07 
           872   2.230293e-06   1.755572e-03   1.490885e-03   1.673627e-05   0.000000e+00   7.592542e-01   2.854298e-07 
           873   2.228178e-06   1.755230e-03   1.494382e-03   1.667718e-05   0.000000e+00   7.580877e-01   2.852093e-07 
           874   2.239518e-06   1.754889e-03   1.498006e-03   1.661960e-05   0.000000e+00   7.569227e-01   2.849874e-07 
           875   2.264921e-06   1.754549e-03   1.502266e-03   1.656218e-05   0.000000e+00   7.557590e-01   2.847734e-07 
           876   2.283489e-06   1.754211e-03   1.505803e-03   1.650151e-05   0.000000e+00   7.545967e-01   2.845571e-07 
           877   2.296174e-06   1.753868e-03   1.508983e-03   1.644223e-05   0.000000e+00   7.534321e-01   2.843415e-07 
           878   2.306271e-06   1.753525e-03   1.511986e-03   1.638422e-05   0.000000e+00   7.522687e-01   2.841270e-07 
           879   2.308898e-06   1.753185e-03   1.514204e-03   1.632201e-05   0.000000e+00   7.511085e-01   2.839114e-07 
           880   2.306424e-06   1.752847e-03   1.515733e-03   1.626522e-05   0.000000e+00   7.499504e-01   2.837002e-07 
           881   2.290432e-06   1.752510e-03   1.518547e-03   1.620339e-05   0.000000e+00   7.487939e-01   2.834846e-07 
           882   2.275614e-06   1.752174e-03   1.521603e-03   1.614429e-05   0.000000e+00   7.476390e-01   2.832725e-07 
           883   2.249739e-06   1.751839e-03   1.524360e-03   1.608203e-05   0.000000e+00   7.464823e-01   2.830617e-07 
           884   2.221101e-06   1.751335e-03   1.526781e-03   1.601880e-05   0.000000e+00   7.452501e-01   2.828410e-07 
           885   2.204568e-06   1.750862e-03   1.529725e-03   1.595960e-05   0.000000e+00   7.440513e-01   2.826242e-07 
           886   2.190716e-06   1.750427e-03   1.532420e-03   1.590266e-05   0.000000e+00   7.428718e-01   2.824116e-07 
           887   2.172857e-06   1.750008e-03   1.534496e-03   1.584114e-05   0.000000e+00   7.416975e-01   2.822006e-07 
           888   2.147637e-06   1.749444e-03   1.538856e-03   1.578068e-05   0.000000e+00   7.404726e-01   2.819820e-07 
           889   2.134975e-06   1.748941e-03   1.541933e-03   1.572583e-05   0.000000e+00   7.392777e-01   2.817743e-07 
           890   2.119489e-06   1.748477e-03   1.544375e-03   1.566366e-05   0.000000e+00   7.380989e-01   2.815660e-07 
           891   2.095416e-06   1.748036e-03   1.546666e-03   1.560347e-05   0.000000e+00   7.369293e-01   2.813508e-07 
           892   2.084666e-06   1.747614e-03   1.548908e-03   1.554837e-05   0.000000e+00   7.357666e-01   2.811449e-07 
           893   2.066978e-06   1.747205e-03   1.551271e-03   1.548992e-05   0.000000e+00   7.346089e-01   2.809368e-07 
           894   2.046452e-06   1.746808e-03   1.553869e-03   1.543210e-05   0.000000e+00   7.334554e-01   2.807304e-07 
           895   2.026878e-06   1.746420e-03   1.556375e-03   1.537328e-05   0.000000e+00   7.323055e-01   2.805270e-07 
           896   2.006091e-06   1.746039e-03   1.558657e-03   1.531408e-05   0.000000e+00   7.311586e-01   2.803151e-07 
           897   2.000629e-06   1.745658e-03   1.561609e-03   1.526052e-05   0.000000e+00   7.300098e-01   2.801168e-07 
           898   1.984972e-06   1.745283e-03   1.562975e-03   1.520157e-05   0.000000e+00   7.288630e-01   2.799059e-07 
           899   1.978836e-06   1.744858e-03   1.565429e-03   1.514577e-05   0.000000e+00   7.276925e-01   2.797033e-07 
           900   1.976497e-06   1.744360e-03   1.566503e-03   1.508935e-05   0.000000e+00   7.264918e-01   2.795042e-07 
           901   1.970796e-06   1.743911e-03   1.566291e-03   1.503091e-05   0.000000e+00   7.253215e-01   2.792992e-07 
           902   1.975873e-06   1.743492e-03   1.565439e-03   1.497736e-05   0.000000e+00   7.241664e-01   2.790934e-07 
           903   1.987118e-06   1.743092e-03   1.564228e-03   1.492285e-05   0.000000e+00   7.230197e-01   2.788974e-07 
           904   1.984818e-06   1.742706e-03   1.563024e-03   1.486444e-05   0.000000e+00   7.218784e-01   2.786907e-07 
           905   1.995798e-06   1.742290e-03   1.561686e-03   1.481392e-05   0.000000e+00   7.207059e-01   2.784957e-07 
           906   1.987467e-06   1.741892e-03   1.560509e-03   1.475605e-05   0.000000e+00   7.195504e-01   2.782889e-07 
           907   1.995064e-06   1.741511e-03   1.559138e-03   1.470505e-05   0.000000e+00   7.184086e-01   2.780942e-07 
           908   1.983847e-06   1.741140e-03   1.558038e-03   1.464857e-05   0.000000e+00   7.172731e-01   2.778935e-07 
           909   1.967316e-06   1.740777e-03   1.556557e-03   1.459687e-05   0.000000e+00   7.161413e-01   2.776915e-07 
           910   1.955370e-06   1.740409e-03   1.554990e-03   1.454536e-05   0.000000e+00   7.150110e-01   2.774964e-07 
           911   1.928766e-06   1.740017e-03   1.553209e-03   1.448721e-05   0.000000e+00   7.138763e-01   2.772837e-07 
           912   1.925290e-06   1.739631e-03   1.551021e-03   1.443729e-05   0.000000e+00   7.127438e-01   2.770838e-07 
           913   1.904997e-06   1.739255e-03   1.549670e-03   1.438048e-05   0.000000e+00   7.116164e-01   2.768783e-07 
           914   1.899686e-06   1.738885e-03   1.549342e-03   1.432974e-05   0.000000e+00   7.104921e-01   2.766721e-07 
           915   1.906107e-06   1.738519e-03   1.548763e-03   1.427892e-05   0.000000e+00   7.093699e-01   2.764723e-07 
           916   1.906603e-06   1.738156e-03   1.547664e-03   1.422341e-05   0.000000e+00   7.082498e-01   2.762745e-07 
           917   1.888071e-06   1.737797e-03   1.546473e-03   1.416809e-05   0.000000e+00   7.071315e-01   2.760688e-07 
           918   1.900713e-06   1.737440e-03   1.545093e-03   1.412152e-05   0.000000e+00   7.060148e-01   2.758717e-07 
           919   1.898192e-06   1.737080e-03   1.543095e-03   1.406874e-05   0.000000e+00   7.048950e-01   2.756728e-07 
           920   1.898646e-06   1.736693e-03   1.541312e-03   1.401570e-05   0.000000e+00   7.037505e-01   2.754743e-07 
           921   1.898890e-06   1.736312e-03   1.539834e-03   1.396366e-05   0.000000e+00   7.026174e-01   2.752759e-07 
           922   1.897912e-06   1.735937e-03   1.537850e-03   1.391260e-05   0.000000e+00   7.014904e-01   2.750795e-07 
           923   1.893180e-06   1.735572e-03   1.535395e-03   1.386159e-05   0.000000e+00   7.003715e-01   2.748863e-07 
           924   1.874994e-06   1.735212e-03   1.533814e-03   1.380889e-05   0.000000e+00   6.992569e-01   2.746851e-07 
           925   1.880713e-06   1.734852e-03   1.531909e-03   1.376234e-05   0.000000e+00   6.981412e-01   2.744963e-07 
           926   1.861595e-06   1.734390e-03   1.530361e-03   1.370793e-05   0.000000e+00   6.969602e-01   2.742956e-07 
           927   1.857126e-06   1.733971e-03   1.529022e-03   1.365821e-05   0.000000e+00   6.958170e-01   2.741062e-07 
           928   1.840278e-06   1.733544e-03   1.527824e-03   1.360467e-05   0.000000e+00   6.946620e-01   2.739076e-07 
           929   1.828088e-06   1.733132e-03   1.526221e-03   1.355673e-05   0.000000e+00   6.935206e-01   2.737203e-07 
           930   1.749479e-06   1.732742e-03   1.524519e-03   1.350341e-05   0.000000e+00   6.923962e-01   2.735226e-07 
           931   1.710144e-06   1.732353e-03   1.522480e-03   1.345632e-05   0.000000e+00   6.912711e-01   2.733362e-07 
           932   1.677601e-06   1.731943e-03   1.520700e-03   1.340218e-05   0.000000e+00   6.901261e-01   2.731394e-07 
           933   1.676003e-06   1.731554e-03   1.518519e-03   1.335693e-05   0.000000e+00   6.890024e-01   2.729550e-07 
           934   1.655521e-06   1.731177e-03   1.516593e-03   1.330366e-05   0.000000e+00   6.878880e-01   2.727595e-07 
           935   1.654041e-06   1.730807e-03   1.513619e-03   1.325718e-05   0.000000e+00   6.867781e-01   2.725716e-07 
           936   1.651370e-06   1.730443e-03   1.510898e-03   1.320894e-05   0.000000e+00   6.856716e-01   2.723872e-07 
           937   1.628367e-06   1.730081e-03   1.508499e-03   1.315540e-05   0.000000e+00   6.845674e-01   2.721932e-07 
           938   1.634384e-06   1.729723e-03   1.506083e-03   1.311012e-05   0.000000e+00   6.834652e-01   2.720105e-07 
           939   1.617533e-06   1.729366e-03   1.504073e-03   1.305938e-05   0.000000e+00   6.823648e-01   2.718217e-07 
           940   1.611313e-06   1.729012e-03   1.501825e-03   1.301296e-05   0.000000e+00   6.812659e-01   2.716353e-07 
           941   1.604702e-06   1.728658e-03   1.499517e-03   1.296561e-05   0.000000e+00   6.801685e-01   2.714462e-07 
           942   1.609582e-06   1.728306e-03   1.497066e-03   1.291840e-05   0.000000e+00   6.790726e-01   2.712621e-07 
           943   1.619380e-06   1.727955e-03   1.494807e-03   1.286923e-05   0.000000e+00   6.779780e-01   2.710810e-07 
           944   1.601552e-06   1.727604e-03   1.492812e-03   1.281968e-05   0.000000e+00   6.768847e-01   2.708911e-07 
           945   1.611369e-06   1.727254e-03   1.490105e-03   1.277548e-05   0.000000e+00   6.757926e-01   2.707117e-07 
           946   1.601541e-06   1.726904e-03   1.488472e-03   1.272545e-05   0.000000e+00   6.747019e-01   2.705233e-07 
           947   1.620016e-06   1.726554e-03   1.486499e-03   1.268349e-05   0.000000e+00   6.736123e-01   2.703460e-07 
           948   1.604936e-06   1.726205e-03   1.484772e-03   1.263405e-05   0.000000e+00   6.725240e-01   2.701579e-07 
           949   1.620244e-06   1.725856e-03   1.482569e-03   1.259037e-05   0.000000e+00   6.714369e-01   2.699802e-07 
           950   1.605106e-06   1.725506e-03   1.480936e-03   1.254119e-05   0.000000e+00   6.703509e-01   2.697939e-07 
           951   1.617877e-06   1.725153e-03   1.478931e-03   1.249814e-05   0.000000e+00   6.692635e-01   2.696174e-07 
           952   1.602096e-06   1.724800e-03   1.477748e-03   1.245070e-05   0.000000e+00   6.681785e-01   2.694319e-07 
           953   1.609595e-06   1.724448e-03   1.475850e-03   1.240794e-05   0.000000e+00   6.670953e-01   2.692565e-07 
           954   1.591754e-06   1.724097e-03   1.474482e-03   1.235957e-05   0.000000e+00   6.660136e-01   2.690717e-07 
           955   1.601742e-06   1.723746e-03   1.472412e-03   1.231791e-05   0.000000e+00   6.649333e-01   2.688976e-07 
           956   1.582961e-06   1.723396e-03   1.471350e-03   1.226908e-05   0.000000e+00   6.638543e-01   2.687136e-07 
           957   1.588374e-06   1.723045e-03   1.469700e-03   1.222529e-05   0.000000e+00   6.627765e-01   2.685392e-07 
           958   1.563973e-06   1.722693e-03   1.468482e-03   1.217873e-05   0.000000e+00   6.616999e-01   2.683569e-07 
           959   1.563026e-06   1.722342e-03   1.466882e-03   1.213669e-05   0.000000e+00   6.606246e-01   2.681812e-07 
           960   1.560539e-06   1.721990e-03   1.465380e-03   1.209069e-05   0.000000e+00   6.595504e-01   2.680042e-07 
           961   1.555843e-06   1.721638e-03   1.464197e-03   1.204587e-05   0.000000e+00   6.584751e-01   2.678275e-07 
           962   1.554813e-06   1.721198e-03   1.463102e-03   1.200177e-05   0.000000e+00   6.573843e-01   2.676409e-07 
           963   1.554816e-06   1.720730e-03   1.462022e-03   1.195806e-05   0.000000e+00   6.562917e-01   2.674513e-07 
           964   1.553159e-06   1.720284e-03   1.460618e-03   1.191447e-05   0.000000e+00   6.552058e-01   2.672649e-07 
           965   1.552487e-06   1.719851e-03   1.459591e-03   1.187124e-05   0.000000e+00   6.541243e-01   2.670804e-07 
           966   1.552601e-06   1.719427e-03   1.458807e-03   1.182797e-05   0.000000e+00   6.530461e-01   2.668973e-07 
           967   1.553992e-06   1.719008e-03   1.457649e-03   1.178501e-05   0.000000e+00   6.519705e-01   2.667151e-07 
           968   1.554565e-06   1.718595e-03   1.456269e-03   1.174207e-05   0.000000e+00   6.508975e-01   2.665341e-07 
           969   1.554121e-06   1.718186e-03   1.453608e-03   1.169930e-05   0.000000e+00   6.498269e-01   2.663540e-07 
           970   1.551123e-06   1.717782e-03   1.452066e-03   1.165651e-05   0.000000e+00   6.487586e-01   2.661749e-07 
           971   1.545968e-06   1.717380e-03   1.450927e-03   1.161381e-05   0.000000e+00   6.476923e-01   2.659966e-07 
           972   1.538856e-06   1.716981e-03   1.449766e-03   1.157101e-05   0.000000e+00   6.466280e-01   2.658191e-07 
           973   1.530820e-06   1.716586e-03   1.449377e-03   1.152832e-05   0.000000e+00   6.455656e-01   2.656425e-07 
           974   1.521923e-06   1.716192e-03   1.448660e-03   1.148577e-05   0.000000e+00   6.445050e-01   2.654666e-07 
           975   1.512130e-06   1.715800e-03   1.448593e-03   1.144342e-05   0.000000e+00   6.434463e-01   2.652914e-07 
           976   1.503172e-06   1.715411e-03   1.448375e-03   1.140130e-05   0.000000e+00   6.423894e-01   2.651170e-07 
           977   1.494701e-06   1.715023e-03   1.447536e-03   1.135945e-05   0.000000e+00   6.413334e-01   2.649432e-07 
           978   1.488695e-06   1.714581e-03   1.446318e-03   1.131778e-05   0.000000e+00   6.402422e-01   2.647697e-07 
           979   1.484567e-06   1.714129e-03   1.444048e-03   1.127635e-05   0.000000e+00   6.391495e-01   2.645969e-07 
           980   1.470224e-06   1.713702e-03   1.442033e-03   1.123509e-05   0.000000e+00   6.380780e-01   2.644249e-07 
           981   1.458628e-06   1.713289e-03   1.440593e-03   1.119411e-05   0.000000e+00   6.370166e-01   2.642537e-07 
           982   1.449733e-06   1.712886e-03   1.439369e-03   1.115307e-05   0.000000e+00   6.359608e-01   2.640832e-07 
           983   1.443717e-06   1.712488e-03   1.438857e-03   1.111191e-05   0.000000e+00   6.349088e-01   2.639132e-07 
           984   1.439596e-06   1.712094e-03   1.438523e-03   1.107064e-05   0.000000e+00   6.338599e-01   2.637439e-07 
           985   1.437500e-06   1.711704e-03   1.438174e-03   1.102941e-05   0.000000e+00   6.328136e-01   2.635752e-07 
           986   1.437023e-06   1.711316e-03   1.437942e-03   1.098837e-05   0.000000e+00   6.317695e-01   2.634070e-07 
           987   1.437346e-06   1.710930e-03   1.437798e-03   1.094742e-05   0.000000e+00   6.307272e-01   2.632394e-07 
           988   1.437791e-06   1.710537e-03   1.437709e-03   1.090656e-05   0.000000e+00   6.296817e-01   2.630722e-07 
           989   1.438048e-06   1.710021e-03   1.437705e-03   1.086583e-05   0.000000e+00   6.286011e-01   2.629029e-07 
           990   1.436270e-06   1.709546e-03   1.437798e-03   1.082512e-05   0.000000e+00   6.275379e-01   2.627352e-07 
           991   1.436305e-06   1.709046e-03   1.437984e-03   1.078443e-05   0.000000e+00   6.264592e-01   2.625686e-07 
           992   1.438652e-06   1.708504e-03   1.438215e-03   1.074404e-05   0.000000e+00   6.253622e-01   2.624027e-07 
           993   1.441411e-06   1.708007e-03   1.438388e-03   1.070395e-05   0.000000e+00   6.242928e-01   2.622376e-07 
           994   1.444187e-06   1.707541e-03   1.438522e-03   1.066423e-05   0.000000e+00   6.232379e-01   2.620731e-07 
           995   1.446684e-06   1.707093e-03   1.438442e-03   1.062488e-05   0.000000e+00   6.221914e-01   2.619092e-07 
           996   1.448886e-06   1.706658e-03   1.437711e-03   1.058571e-05   0.000000e+00   6.211511e-01   2.617458e-07 
           997   1.450439e-06   1.706234e-03   1.437285e-03   1.054689e-05   0.000000e+00   6.201155e-01   2.615830e-07 
           998   1.451430e-06   1.705818e-03   1.437558e-03   1.050834e-05   0.000000e+00   6.190838e-01   2.614208e-07 
           999   1.451880e-06   1.705408e-03   1.438329e-03   1.047008e-05   0.000000e+00   6.180554e-01   2.612591e-07 
          1000   1.451386e-06   1.705004e-03   1.439741e-03   1.043192e-05   0.000000e+00   6.170300e-01   2.610980e-07 
          1001   1.449660e-06   1.704605e-03   1.440986e-03   1.039393e-05   0.000000e+00   6.160072e-01   2.609374e-07 
          1002   1.447001e-06   1.704210e-03   1.441822e-03   1.035603e-05   0.000000e+00   6.149868e-01   2.607773e-07 
          1003   1.433682e-06   1.703818e-03   1.442571e-03   1.031804e-05   0.000000e+00   6.139688e-01   2.606178e-07 
          1004   1.411591e-06   1.703429e-03   1.443402e-03   1.028017e-05   0.000000e+00   6.129528e-01   2.604587e-07 
          1005   1.389103e-06   1.703043e-03   1.443731e-03   1.024233e-05   0.000000e+00   6.119388e-01   2.603002e-07 
          1006   1.368256e-06   1.702658e-03   1.443993e-03   1.020432e-05   0.000000e+00   6.109261e-01   2.601421e-07 
          1007   1.351762e-06   1.702274e-03   1.443818e-03   1.016661e-05   0.000000e+00   6.099147e-01   2.599845e-07 
          1008   1.341496e-06   1.701892e-03   1.443068e-03   1.012956e-05   0.000000e+00   6.089056e-01   2.598274e-07 
          1009   1.336125e-06   1.701512e-03   1.442795e-03   1.009315e-05   0.000000e+00   6.078985e-01   2.596708e-07 
          1010   1.334047e-06   1.701134e-03   1.442717e-03   1.005724e-05   0.000000e+00   6.068933e-01   2.595146e-07 
          1011   1.332966e-06   1.700758e-03   1.443010e-03   1.002169e-05   0.000000e+00   6.058900e-01   2.593589e-07 
          1012   1.334494e-06   1.700383e-03   1.443509e-03   9.986267e-06   0.000000e+00   6.048884e-01   2.592037e-07 
          1013   1.338299e-06   1.700009e-03   1.443967e-03   9.950958e-06   0.000000e+00   6.038886e-01   2.590489e-07 
          1014   1.342919e-06   1.699636e-03   1.444537e-03   9.915627e-06   0.000000e+00   6.028897e-01   2.588946e-07 
          1015   1.346905e-06   1.699234e-03   1.445280e-03   9.880238e-06   0.000000e+00   6.018791e-01   2.587401e-07 
          1016   1.350305e-06   1.698723e-03   1.446171e-03   9.844883e-06   0.000000e+00   6.008349e-01   2.585811e-07 
          1017   1.353734e-06   1.698253e-03   1.447205e-03   9.809566e-06   0.000000e+00   5.998123e-01   2.584233e-07 
          1018   1.356137e-06   1.697803e-03   1.448268e-03   9.774247e-06   0.000000e+00   5.987980e-01   2.582665e-07 
          1019   1.354068e-06   1.697354e-03   1.449374e-03   9.738943e-06   0.000000e+00   5.977812e-01   2.581102e-07 
          1020   1.350058e-06   1.696867e-03   1.450409e-03   9.703669e-06   0.000000e+00   5.967372e-01   2.579541e-07 
          1021   1.343638e-06   1.696413e-03   1.451345e-03   9.668504e-06   0.000000e+00   5.957195e-01   2.577989e-07 
          1022   1.336360e-06   1.695978e-03   1.452308e-03   9.633447e-06   0.000000e+00   5.947147e-01   2.576443e-07 
          1023   1.325526e-06   1.695556e-03   1.453341e-03   9.598460e-06   0.000000e+00   5.937169e-01   2.574903e-07 
          1024   1.315740e-06   1.695143e-03   1.454602e-03   9.563558e-06   0.000000e+00   5.927241e-01   2.573369e-07 
          1025   1.307590e-06   1.694736e-03   1.455808e-03   9.528789e-06   0.000000e+00   5.917350e-01   2.571840e-07 
          1026   1.300200e-06   1.694334e-03   1.457172e-03   9.494186e-06   0.000000e+00   5.907491e-01   2.570317e-07 
          1027   1.293617e-06   1.693937e-03   1.458509e-03   9.459831e-06   0.000000e+00   5.897659e-01   2.568799e-07 
          1028   1.287462e-06   1.693542e-03   1.459600e-03   9.425698e-06   0.000000e+00   5.887852e-01   2.567287e-07 
          1029   1.280241e-06   1.693151e-03   1.460812e-03   9.391627e-06   0.000000e+00   5.878067e-01   2.565780e-07 
          1030   1.274012e-06   1.692762e-03   1.462671e-03   9.357801e-06   0.000000e+00   5.868306e-01   2.564278e-07 
          1031   1.268867e-06   1.692376e-03   1.464308e-03   9.324197e-06   0.000000e+00   5.858564e-01   2.562781e-07 
          1032   1.263681e-06   1.691991e-03   1.465908e-03   9.290790e-06   0.000000e+00   5.848841e-01   2.561289e-07 
          1033   1.258789e-06   1.691608e-03   1.467579e-03   9.257529e-06   0.000000e+00   5.839136e-01   2.559803e-07 
          1034   1.254245e-06   1.691226e-03   1.469306e-03   9.224370e-06   0.000000e+00   5.829427e-01   2.558319e-07 
          1035   1.244021e-06   1.690760e-03   1.471062e-03   9.191215e-06   0.000000e+00   5.819580e-01   2.556756e-07 
          1036   1.234476e-06   1.690307e-03   1.472660e-03   9.158182e-06   0.000000e+00   5.809787e-01   2.555215e-07 
          1037   1.228015e-06   1.689870e-03   1.474117e-03   9.125491e-06   0.000000e+00   5.800044e-01   2.553696e-07 
          1038   1.223174e-06   1.689441e-03   1.475834e-03   9.092948e-06   0.000000e+00   5.790335e-01   2.552189e-07 
          1039   1.219159e-06   1.689019e-03   1.477625e-03   9.060534e-06   0.000000e+00   5.780656e-01   2.550694e-07 
          1040   1.215627e-06   1.688602e-03   1.479467e-03   9.028258e-06   0.000000e+00   5.771004e-01   2.549209e-07 
          1041   1.214016e-06   1.688189e-03   1.481025e-03   8.996037e-06   0.000000e+00   5.761378e-01   2.547733e-07 
          1042   1.214024e-06   1.687780e-03   1.482780e-03   8.963733e-06   0.000000e+00   5.751776e-01   2.546265e-07 
          1043   1.213199e-06   1.687375e-03   1.484828e-03   8.931369e-06   0.000000e+00   5.742197e-01   2.544805e-07 
          1044   1.211356e-06   1.686973e-03   1.486986e-03   8.899239e-06   0.000000e+00   5.732641e-01   2.543352e-07 
          1045   1.209034e-06   1.686574e-03   1.489158e-03   8.867407e-06   0.000000e+00   5.723106e-01   2.541907e-07 
          1046   1.206956e-06   1.686177e-03   1.491391e-03   8.835752e-06   0.000000e+00   5.713591e-01   2.540468e-07 
          1047   1.202888e-06   1.685783e-03   1.493511e-03   8.804245e-06   0.000000e+00   5.704097e-01   2.539035e-07 
          1048   1.199704e-06   1.685391e-03   1.495328e-03   8.772929e-06   0.000000e+00   5.694623e-01   2.537609e-07 
          1049   1.201428e-06   1.685001e-03   1.497353e-03   8.741479e-06   0.000000e+00   5.685167e-01   2.536189e-07 
          1050   1.206031e-06   1.684613e-03   1.499505e-03   8.710170e-06   0.000000e+00   5.675731e-01   2.534774e-07 
          1051   1.211109e-06   1.684215e-03   1.501694e-03   8.679119e-06   0.000000e+00   5.666227e-01   2.533365e-07 
          1052   1.215144e-06   1.683771e-03   1.504102e-03   8.648291e-06   0.000000e+00   5.656436e-01   2.531957e-07 
          1053   1.218054e-06   1.683351e-03   1.506704e-03   8.617578e-06   0.000000e+00   5.646863e-01   2.530558e-07 
          1054   1.220297e-06   1.682945e-03   1.509650e-03   8.586905e-06   0.000000e+00   5.637394e-01   2.529164e-07 
          1055   1.222112e-06   1.682547e-03   1.512067e-03   8.556267e-06   0.000000e+00   5.627979e-01   2.527776e-07 
          1056   1.223251e-06   1.682154e-03   1.514172e-03   8.525669e-06   0.000000e+00   5.618603e-01   2.526394e-07 
          1057   1.223469e-06   1.681765e-03   1.516242e-03   8.495098e-06   0.000000e+00   5.609257e-01   2.525016e-07 
          1058   1.223133e-06   1.681379e-03   1.517852e-03   8.464575e-06   0.000000e+00   5.599938e-01   2.523643e-07 
          1059   1.222451e-06   1.680995e-03   1.519518e-03   8.434135e-06   0.000000e+00   5.590644e-01   2.522275e-07 
          1060   1.221491e-06   1.680614e-03   1.521559e-03   8.403791e-06   0.000000e+00   5.581370e-01   2.520912e-07 
          1061   1.220153e-06   1.680234e-03   1.524303e-03   8.373507e-06   0.000000e+00   5.572116e-01   2.519553e-07 
          1062   1.218341e-06   1.679856e-03   1.526410e-03   8.343353e-06   0.000000e+00   5.562882e-01   2.518199e-07 
          1063   1.216277e-06   1.679480e-03   1.529190e-03   8.313345e-06   0.000000e+00   5.553659e-01   2.516849e-07 
          1064   1.213924e-06   1.679049e-03   1.532007e-03   8.283463e-06   0.000000e+00   5.544163e-01   2.515503e-07 
          1065   1.211229e-06   1.678596e-03   1.534429e-03   8.253748e-06   0.000000e+00   5.534608e-01   2.514142e-07 
          1066   1.212980e-06   1.678170e-03   1.536813e-03   8.230275e-06   0.000000e+00   5.525238e-01   2.512839e-07 
          1067   1.206732e-06   1.677760e-03   1.539379e-03   8.192750e-06   0.000000e+00   5.515963e-01   2.511479e-07 
          1068   1.205818e-06   1.677360e-03   1.542566e-03   8.166960e-06   0.000000e+00   5.506746e-01   2.510177e-07 
          1069   1.199067e-06   1.676967e-03   1.544253e-03   8.133772e-06   0.000000e+00   5.497571e-01   2.508825e-07 
          1070   1.197972e-06   1.676577e-03   1.546465e-03   8.111786e-06   0.000000e+00   5.488420e-01   2.507533e-07 
          1071   1.190914e-06   1.676184e-03   1.548724e-03   8.076238e-06   0.000000e+00   5.479260e-01   2.506189e-07 
          1072   1.191930e-06   1.675798e-03   1.550487e-03   8.051784e-06   0.000000e+00   5.470147e-01   2.504902e-07 
          1073   1.186798e-06   1.675415e-03   1.553070e-03   8.018929e-06   0.000000e+00   5.461064e-01   2.503563e-07 
          1074   1.189322e-06   1.675025e-03   1.554980e-03   7.997865e-06   0.000000e+00   5.451995e-01   2.502253e-07 
          1075   1.183196e-06   1.674603e-03   1.557109e-03   7.962791e-06   0.000000e+00   5.442702e-01   2.500893e-07 
          1076   1.185163e-06   1.674188e-03   1.558362e-03   7.939326e-06   0.000000e+00   5.433497e-01   2.499591e-07 
          1077   1.178936e-06   1.673786e-03   1.561036e-03   7.906411e-06   0.000000e+00   5.424398e-01   2.498245e-07 
          1078   1.183595e-06   1.673389e-03   1.561987e-03   7.886141e-06   0.000000e+00   5.415343e-01   2.496954e-07 
          1079   1.177766e-06   1.672998e-03   1.564468e-03   7.851112e-06   0.000000e+00   5.406330e-01   2.495616e-07 
          1080   1.182302e-06   1.672611e-03   1.565600e-03   7.828781e-06   0.000000e+00   5.397349e-01   2.494332e-07 
          1081   1.175482e-06   1.672226e-03   1.567622e-03   7.796123e-06   0.000000e+00   5.388393e-01   2.493002e-07 
          1082   1.179311e-06   1.671844e-03   1.569198e-03   7.776735e-06   0.000000e+00   5.379456e-01   2.491727e-07 
          1083   1.171108e-06   1.671443e-03   1.571249e-03   7.742213e-06   0.000000e+00   5.370469e-01   2.490398e-07 
          1084   1.174543e-06   1.670954e-03   1.573156e-03   7.720382e-06   0.000000e+00   5.361259e-01   2.489087e-07 
          1085   1.167125e-06   1.670488e-03   1.575342e-03   7.687842e-06   0.000000e+00   5.352136e-01   2.487747e-07 
          1086   1.170905e-06   1.670044e-03   1.576975e-03   7.668604e-06   0.000000e+00   5.343114e-01   2.486467e-07 
          1087   1.162611e-06   1.669613e-03   1.578945e-03   7.634221e-06   0.000000e+00   5.334153e-01   2.485148e-07 
          1088   1.166078e-06   1.669192e-03   1.580544e-03   7.612556e-06   0.000000e+00   5.325237e-01   2.483881e-07 
          1089   1.157254e-06   1.668778e-03   1.582480e-03   7.580068e-06   0.000000e+00   5.316358e-01   2.482576e-07 
          1090   1.160098e-06   1.668370e-03   1.584157e-03   7.560887e-06   0.000000e+00   5.307508e-01   2.481322e-07 
          1091   1.149766e-06   1.667927e-03   1.586416e-03   7.526430e-06   0.000000e+00   5.291727e-01   2.480026e-07 
          1092   1.151939e-06   1.667502e-03   1.588001e-03   7.502848e-06   0.000000e+00   5.290002e-01   2.478779e-07 
          1093   1.142467e-06   1.667090e-03   1.590158e-03   7.469935e-06   0.000000e+00   5.282199e-01   2.477493e-07 
          1094   1.144991e-06   1.666665e-03   1.591704e-03   7.450692e-06   0.000000e+00   5.266643e-01   2.476257e-07 
          1095   1.135545e-06   1.666257e-03   1.593887e-03   7.415266e-06   0.000000e+00   5.264868e-01   2.474982e-07 
          1096   1.139061e-06   1.665843e-03   1.595645e-03   7.393720e-06   0.000000e+00   5.250296e-01   2.473755e-07 
          1097   1.130073e-06   1.665448e-03   1.597887e-03   7.360429e-06   0.000000e+00   5.248621e-01   2.472490e-07 
          1098   1.134760e-06   1.665044e-03   1.599645e-03   7.341582e-06   0.000000e+00   5.234045e-01   2.471273e-07 
          1099   1.125602e-06   1.664657e-03   1.601756e-03   7.307362e-06   0.000000e+00   5.232286e-01   2.470017e-07 
          1100   1.128142e-06   1.664244e-03   1.603569e-03   7.286587e-06   0.000000e+00   5.217584e-01   2.468806e-07 
          1101   1.118291e-06   1.663824e-03   1.605637e-03   7.254503e-06   0.000000e+00   5.215500e-01   2.467558e-07 
          1102   1.121891e-06   1.663343e-03   1.607166e-03   7.236150e-06   0.000000e+00   5.200651e-01   2.466283e-07 
          1103   1.112017e-06   1.662884e-03   1.608827e-03   7.203023e-06   0.000000e+00   5.198584e-01   2.464975e-07 
          1104   1.115640e-06   1.662402e-03   1.610284e-03   7.182833e-06   0.000000e+00   5.183669e-01   2.463725e-07 
          1105   1.105275e-06   1.661924e-03   1.612162e-03   7.151459e-06   0.000000e+00   5.174906e-01   2.462447e-07 
          1106   1.109309e-06   1.661480e-03   1.613706e-03   7.131788e-06   0.000000e+00   5.173712e-01   2.461220e-07 
          1107   1.096032e-06   1.661035e-03   1.615433e-03   7.100722e-06   0.000000e+00   5.159109e-01   2.459962e-07 
          1108   1.095817e-06   1.660599e-03   1.617021e-03   7.078466e-06   0.000000e+00   5.150498e-01   2.458750e-07 
          1109   1.082127e-06   1.660169e-03   1.618654e-03   7.045724e-06   0.000000e+00   5.142802e-01   2.457507e-07 
          1110   1.083556e-06   1.659745e-03   1.620115e-03   7.022720e-06   0.000000e+00   5.135222e-01   2.456311e-07 
          1111   1.070185e-06   1.659325e-03   1.621697e-03   6.988185e-06   0.000000e+00   5.127616e-01   2.455081e-07 
          1112   1.073305e-06   1.658910e-03   1.623277e-03   6.963464e-06   0.000000e+00   5.119962e-01   2.453896e-07 
          1113   1.061509e-06   1.658497e-03   1.624573e-03   6.931928e-06   0.000000e+00   5.112256e-01   2.452679e-07 
          1114   1.066403e-06   1.658047e-03   1.625964e-03   6.910691e-06   0.000000e+00   5.104332e-01   2.451504e-07 
          1115   1.055384e-06   1.657550e-03   1.627659e-03   6.879859e-06   0.000000e+00   5.096199e-01   2.450295e-07 
          1116   1.059858e-06   1.657084e-03   1.629239e-03   6.858336e-06   0.000000e+00   5.088196e-01   2.449129e-07 
          1117   1.048674e-06   1.656637e-03   1.630986e-03   6.830185e-06   0.000000e+00   5.080252e-01   2.447932e-07 
          1118   1.054277e-06   1.656201e-03   1.632499e-03   6.811426e-06   0.000000e+00   5.072335e-01   2.446778e-07 
          1119   1.043758e-06   1.655773e-03   1.633990e-03   6.783179e-06   0.000000e+00   5.064414e-01   2.445592e-07 
          1120   1.049889e-06   1.655277e-03   1.635520e-03   6.763425e-06   0.000000e+00   5.056105e-01   2.444446e-07 
          1121   1.039917e-06   1.654813e-03   1.636718e-03   6.737169e-06   0.000000e+00   5.048007e-01   2.443269e-07 
          1122   1.046742e-06   1.654370e-03   1.638015e-03   6.719634e-06   0.000000e+00   5.040009e-01   2.442118e-07 
          1123   1.048347e-06   1.653940e-03   1.639335e-03   6.695765e-06   0.000000e+00   5.032057e-01   2.440987e-07 
          1124   1.036128e-06   1.653496e-03   1.641044e-03   6.668914e-06   0.000000e+00   5.024049e-01   2.439818e-07 
          1125   1.041844e-06   1.652979e-03   1.642279e-03   6.651614e-06   0.000000e+00   5.015810e-01   2.438661e-07 
          1126   1.042071e-06   1.652498e-03   1.643563e-03   6.627788e-06   0.000000e+00   5.007726e-01   2.437531e-07 
          1127   1.028885e-06   1.652039e-03   1.645229e-03   6.601108e-06   0.000000e+00   4.999727e-01   2.436371e-07 
          1128   1.035867e-06   1.651595e-03   1.646490e-03   6.583567e-06   0.000000e+00   4.991780e-01   2.435237e-07 
          1129   1.037018e-06   1.651162e-03   1.647849e-03   6.559918e-06   0.000000e+00   4.983873e-01   2.434107e-07 
          1130   1.036273e-06   1.650738e-03   1.649325e-03   6.537220e-06   0.000000e+00   4.975996e-01   2.432985e-07 
          1131   1.035121e-06   1.650321e-03   1.650854e-03   6.513873e-06   0.000000e+00   4.968146e-01   2.431864e-07 
          1132   1.037091e-06   1.649910e-03   1.652339e-03   6.492735e-06   0.000000e+00   4.960317e-01   2.430748e-07 
          1133   1.033823e-06   1.649504e-03   1.653933e-03   6.468266e-06   0.000000e+00   4.952508e-01   2.429634e-07 
          1134   1.035121e-06   1.649103e-03   1.655510e-03   6.447820e-06   0.000000e+00   4.944718e-01   2.428526e-07 
          1135   1.031271e-06   1.648706e-03   1.657222e-03   6.423896e-06   0.000000e+00   4.936944e-01   2.427419e-07 
          1136   1.032301e-06   1.648312e-03   1.658932e-03   6.403624e-06   0.000000e+00   4.929186e-01   2.426318e-07 
          1137   1.029382e-06   1.647922e-03   1.660731e-03   6.380351e-06   0.000000e+00   4.921442e-01   2.425219e-07 
          1138   1.030596e-06   1.647534e-03   1.662512e-03   6.360136e-06   0.000000e+00   4.913713e-01   2.424125e-07 
          1139   1.028221e-06   1.647148e-03   1.664368e-03   6.337089e-06   0.000000e+00   4.905995e-01   2.423032e-07 
          1140   1.029869e-06   1.646765e-03   1.666300e-03   6.316990e-06   0.000000e+00   4.898289e-01   2.421945e-07 
          1141   1.027512e-06   1.646378e-03   1.668747e-03   6.294040e-06   0.000000e+00   4.890592e-01   2.420842e-07 
          1142   1.029364e-06   1.645993e-03   1.670794e-03   6.274084e-06   0.000000e+00   4.882907e-01   2.419743e-07 
          1143   1.027057e-06   1.645609e-03   1.672668e-03   6.251120e-06   0.000000e+00   4.875235e-01   2.418646e-07 
          1144   1.028875e-06   1.645227e-03   1.674414e-03   6.231125e-06   0.000000e+00   4.867574e-01   2.417554e-07 
          1145   1.026643e-06   1.644846e-03   1.676570e-03   6.208297e-06   0.000000e+00   4.859925e-01   2.416462e-07 
          1146   1.028327e-06   1.644467e-03   1.678786e-03   6.188373e-06   0.000000e+00   4.852288e-01   2.415375e-07 
          1147   1.026006e-06   1.644088e-03   1.681106e-03   6.165745e-06   0.000000e+00   4.844660e-01   2.414290e-07 
          1148   1.026914e-06   1.643709e-03   1.683380e-03   6.145870e-06   0.000000e+00   4.837039e-01   2.413210e-07 
          1149   1.024136e-06   1.643332e-03   1.685714e-03   6.123387e-06   0.000000e+00   4.829432e-01   2.412131e-07 
          1150   1.025727e-06   1.642956e-03   1.688118e-03   6.103753e-06   0.000000e+00   4.821837e-01   2.411056e-07 
          1151   1.024140e-06   1.642580e-03   1.690823e-03   6.081558e-06   0.000000e+00   4.814256e-01   2.409983e-07 
          1152   1.026564e-06   1.642206e-03   1.693451e-03   6.062131e-06   0.000000e+00   4.806686e-01   2.408914e-07 
          1153   1.025493e-06   1.641832e-03   1.696007e-03   6.040181e-06   0.000000e+00   4.799129e-01   2.407847e-07 
          1154   1.028052e-06   1.641460e-03   1.698669e-03   6.020953e-06   0.000000e+00   4.791583e-01   2.406785e-07 
          1155   1.027047e-06   1.641087e-03   1.701450e-03   5.999236e-06   0.000000e+00   4.784049e-01   2.405724e-07 
          1156   1.029639e-06   1.640716e-03   1.704209e-03   5.980167e-06   0.000000e+00   4.776528e-01   2.404667e-07 
          1157   1.028717e-06   1.640345e-03   1.706971e-03   5.958701e-06   0.000000e+00   4.769018e-01   2.403613e-07 
          1158   1.030431e-06   1.639974e-03   1.709688e-03   5.939896e-06   0.000000e+00   4.761520e-01   2.402562e-07 
          1159   1.028615e-06   1.639604e-03   1.712507e-03   5.918797e-06   0.000000e+00   4.754033e-01   2.401513e-07 
          1160   1.030536e-06   1.639234e-03   1.715400e-03   5.900349e-06   0.000000e+00   4.746559e-01   2.400468e-07 
          1161   1.029056e-06   1.638865e-03   1.718369e-03   5.879644e-06   0.000000e+00   4.739097e-01   2.399425e-07 
          1162   1.031135e-06   1.638496e-03   1.721356e-03   5.861531e-06   0.000000e+00   4.731643e-01   2.398385e-07 
          1163   1.029711e-06   1.638119e-03   1.724423e-03   5.841133e-06   0.000000e+00   4.724167e-01   2.397337e-07 
          1164   1.031781e-06   1.637650e-03   1.727467e-03   5.823096e-06   0.000000e+00   4.716391e-01   2.396227e-07 
          1165   1.030392e-06   1.637186e-03   1.730451e-03   5.802921e-06   0.000000e+00   4.708649e-01   2.395135e-07 
          1166   1.032305e-06   1.636745e-03   1.733564e-03   5.785080e-06   0.000000e+00   4.701037e-01   2.394058e-07 
          1167   1.030897e-06   1.636317e-03   1.736074e-03   5.764965e-06   0.000000e+00   4.693493e-01   2.392987e-07 
          1168   1.032561e-06   1.635898e-03   1.738678e-03   5.747101e-06   0.000000e+00   4.685993e-01   2.391925e-07 
          1169   1.031103e-06   1.635484e-03   1.741462e-03   5.726924e-06   0.000000e+00   4.678525e-01   2.390868e-07 
          1170   1.032688e-06   1.635073e-03   1.744206e-03   5.708925e-06   0.000000e+00   4.671075e-01   2.389818e-07 
          1171   9.889717e-07   1.634664e-03   1.746917e-03   5.688857e-06   0.000000e+00   4.663623e-01   2.388772e-07 
          1172   8.929681e-07   1.634183e-03   1.749653e-03   5.671247e-06   0.000000e+00   4.656010e-01   2.387689e-07 
          1173   8.352659e-07   1.633708e-03   1.752217e-03   5.651307e-06   0.000000e+00   4.648447e-01   2.386614e-07 
          1174   8.074748e-07   1.633252e-03   1.754829e-03   5.633141e-06   0.000000e+00   4.640953e-01   2.385556e-07 
          1175   7.945330e-07   1.632808e-03   1.757381e-03   5.612732e-06   0.000000e+00   4.633504e-01   2.384507e-07 
          1176   7.887007e-07   1.632372e-03   1.759818e-03   5.594473e-06   0.000000e+00   4.626091e-01   2.383467e-07 
          1177   7.849949e-07   1.631944e-03   1.762460e-03   5.574355e-06   0.000000e+00   4.618710e-01   2.382433e-07 
          1178   7.822210e-07   1.631522e-03   1.765297e-03   5.556258e-06   0.000000e+00   4.611356e-01   2.381407e-07 
          1179   7.806236e-07   1.631105e-03   1.768001e-03   5.536597e-06   0.000000e+00   4.604027e-01   2.380385e-07 
          1180   7.807700e-07   1.630693e-03   1.770673e-03   5.518754e-06   0.000000e+00   4.596722e-01   2.379370e-07 
          1181   7.822131e-07   1.630285e-03   1.773221e-03   5.499026e-06   0.000000e+00   4.589438e-01   2.378359e-07 
          1182   7.852534e-07   1.629880e-03   1.775957e-03   5.481218e-06   0.000000e+00   4.582175e-01   2.377354e-07 
          1183   7.888384e-07   1.629479e-03   1.778650e-03   5.461351e-06   0.000000e+00   4.574931e-01   2.376353e-07 
          1184   7.930282e-07   1.629081e-03   1.781423e-03   5.443350e-06   0.000000e+00   4.567707e-01   2.375357e-07 
          1185   7.966452e-07   1.628686e-03   1.784230e-03   5.423433e-06   0.000000e+00   4.560500e-01   2.374364e-07 
          1186   8.002596e-07   1.628294e-03   1.787083e-03   5.405518e-06   0.000000e+00   4.553312e-01   2.373376e-07 
          1187   8.027658e-07   1.627904e-03   1.789943e-03   5.385861e-06   0.000000e+00   4.546140e-01   2.372392e-07 
          1188   8.051190e-07   1.627516e-03   1.792808e-03   5.368259e-06   0.000000e+00   4.538986e-01   2.371411e-07 
          1189   8.064237e-07   1.627130e-03   1.795669e-03   5.348941e-06   0.000000e+00   4.531847e-01   2.370434e-07 
          1190   8.077030e-07   1.626746e-03   1.798584e-03   5.331673e-06   0.000000e+00   4.524724e-01   2.369460e-07 
          1191   8.082900e-07   1.626363e-03   1.801502e-03   5.312780e-06   0.000000e+00   4.517609e-01   2.368489e-07 
          1192   8.091909e-07   1.625937e-03   1.804442e-03   5.295821e-06   0.000000e+00   4.510305e-01   2.367520e-07 
          1193   8.095027e-07   1.625491e-03   1.807127e-03   5.277207e-06   0.000000e+00   4.502952e-01   2.366553e-07 
          1194   8.101631e-07   1.625066e-03   1.809880e-03   5.260587e-06   0.000000e+00   4.495725e-01   2.365592e-07 
          1195   8.103500e-07   1.624655e-03   1.812623e-03   5.242334e-06   0.000000e+00   4.488567e-01   2.364632e-07 
          1196   8.108072e-07   1.624253e-03   1.815566e-03   5.226041e-06   0.000000e+00   4.481455e-01   2.363677e-07 
          1197   8.106978e-07   1.623858e-03   1.818440e-03   5.208108e-06   0.000000e+00   4.474377e-01   2.362725e-07 
          1198   8.108330e-07   1.623467e-03   1.821515e-03   5.192042e-06   0.000000e+00   4.467323e-01   2.361776e-07 
          1199   8.104399e-07   1.623045e-03   1.824735e-03   5.174347e-06   0.000000e+00   4.460093e-01   2.360829e-07 
          1200   8.102889e-07   1.622626e-03   1.827809e-03   5.158464e-06   0.000000e+00   4.452906e-01   2.359886e-07 
          1201   8.096572e-07   1.622222e-03   1.830773e-03   5.140969e-06   0.000000e+00   4.445819e-01   2.358945e-07 
          1202   8.093057e-07   1.621827e-03   1.833811e-03   5.125238e-06   0.000000e+00   4.438787e-01   2.358007e-07 
          1203   8.085162e-07   1.621438e-03   1.836855e-03   5.107889e-06   0.000000e+00   4.431793e-01   2.357071e-07 
          1204   8.078453e-07   1.621050e-03   1.840014e-03   5.092237e-06   0.000000e+00   4.424808e-01   2.356139e-07 
          1205   8.055863e-07   1.620665e-03   1.843139e-03   5.074892e-06   0.000000e+00   4.417849e-01   2.355209e-07 
          1206   8.029992e-07   1.620285e-03   1.846121e-03   5.059199e-06   0.000000e+00   4.410919e-01   2.354282e-07 
          1207   8.008761e-07   1.619909e-03   1.849060e-03   5.041904e-06   0.000000e+00   4.404014e-01   2.353356e-07 
          1208   7.995561e-07   1.619535e-03   1.851764e-03   5.026415e-06   0.000000e+00   4.397128e-01   2.352434e-07 
          1209   7.983238e-07   1.619164e-03   1.854441e-03   5.009417e-06   0.000000e+00   4.390261e-01   2.351514e-07 
          1210   7.973877e-07   1.618795e-03   1.857240e-03   4.994166e-06   0.000000e+00   4.383412e-01   2.350596e-07 
          1211   7.941372e-07   1.618428e-03   1.860161e-03   4.977420e-06   0.000000e+00   4.376578e-01   2.349680e-07 
          1212   7.905392e-07   1.618062e-03   1.863073e-03   4.963440e-06   0.000000e+00   4.369760e-01   2.348767e-07 
          1213   7.870276e-07   1.617698e-03   1.865873e-03   4.947923e-06   0.000000e+00   4.362958e-01   2.347856e-07 
          1214   7.842067e-07   1.617335e-03   1.868695e-03   4.934008e-06   0.000000e+00   4.356170e-01   2.346947e-07 
          1215   7.817359e-07   1.616973e-03   1.871489e-03   4.918238e-06   0.000000e+00   4.349396e-01   2.346040e-07 
          1216   7.798705e-07   1.616612e-03   1.874040e-03   4.903718e-06   0.000000e+00   4.342637e-01   2.345136e-07 
          1217   7.781496e-07   1.616252e-03   1.876572e-03   4.885295e-06   0.000000e+00   4.335891e-01   2.344233e-07 
          1218   7.767790e-07   1.615894e-03   1.879466e-03   4.869864e-06   0.000000e+00   4.329159e-01   2.343333e-07 
          1219   7.754157e-07   1.615535e-03   1.882170e-03   4.853307e-06   0.000000e+00   4.322432e-01   2.342435e-07 
          1220   7.742997e-07   1.615155e-03   1.884981e-03   4.838558e-06   0.000000e+00   4.315676e-01   2.341508e-07 
          1221   7.731667e-07   1.614753e-03   1.887655e-03   4.822423e-06   0.000000e+00   4.308902e-01   2.340553e-07 
          1222   7.723933e-07   1.614359e-03   1.890688e-03   4.807685e-06   0.000000e+00   4.302154e-01   2.339611e-07 
          1223   7.716062e-07   1.613968e-03   1.893483e-03   4.791333e-06   0.000000e+00   4.295419e-01   2.338677e-07 
          1224   7.710773e-07   1.613575e-03   1.896397e-03   4.776587e-06   0.000000e+00   4.288675e-01   2.337748e-07 
          1225   7.705232e-07   1.613151e-03   1.899445e-03   4.760368e-06   0.000000e+00   4.281763e-01   2.336825e-07 
          1226   7.701277e-07   1.612740e-03   1.902449e-03   4.745686e-06   0.000000e+00   4.274939e-01   2.335906e-07 
          1227   7.696540e-07   1.612266e-03   1.905301e-03   4.729430e-06   0.000000e+00   4.267965e-01   2.334968e-07 
          1228   7.692699e-07   1.611802e-03   1.908092e-03   4.714890e-06   0.000000e+00   4.261067e-01   2.334038e-07 
          1229   7.688558e-07   1.611360e-03   1.910937e-03   4.698852e-06   0.000000e+00   4.254253e-01   2.333117e-07 
          1230   7.685349e-07   1.610886e-03   1.913689e-03   4.684324e-06   0.000000e+00   4.247339e-01   2.332188e-07 
          1231   7.681445e-07   1.610390e-03   1.916704e-03   4.668409e-06   0.000000e+00   4.240372e-01   2.331260e-07 
          1232   7.678210e-07   1.609923e-03   1.919597e-03   4.654101e-06   0.000000e+00   4.233537e-01   2.330342e-07 
          1233   7.674354e-07   1.609475e-03   1.922281e-03   4.638337e-06   0.000000e+00   4.226782e-01   2.329430e-07 
          1234   7.671195e-07   1.609040e-03   1.924823e-03   4.624304e-06   0.000000e+00   4.220083e-01   2.328523e-07 
          1235   7.666139e-07   1.608615e-03   1.927431e-03   4.608730e-06   0.000000e+00   4.213428e-01   2.327621e-07 
          1236   7.661369e-07   1.608199e-03   1.929936e-03   4.594783e-06   0.000000e+00   4.206811e-01   2.326724e-07 
          1237   7.657114e-07   1.607789e-03   1.932436e-03   4.579328e-06   0.000000e+00   4.200220e-01   2.325830e-07 
          1238   7.653782e-07   1.607378e-03   1.934902e-03   4.565472e-06   0.000000e+00   4.193622e-01   2.324940e-07 
          1239   7.650186e-07   1.606975e-03   1.937295e-03   4.550073e-06   0.000000e+00   4.187070e-01   2.324053e-07 
          1240   7.646578e-07   1.606579e-03   1.939842e-03   4.536337e-06   0.000000e+00   4.180551e-01   2.323170e-07 
          1241   7.643422e-07   1.606187e-03   1.942216e-03   4.521104e-06   0.000000e+00   4.174058e-01   2.322290e-07 
          1242   7.640776e-07   1.605796e-03   1.944656e-03   4.507481e-06   0.000000e+00   4.167558e-01   2.321413e-07 
          1243   7.639339e-07   1.605380e-03   1.947104e-03   4.492337e-06   0.000000e+00   4.160934e-01   2.320539e-07 
          1244   7.639284e-07   1.604980e-03   1.949509e-03   4.478873e-06   0.000000e+00   4.154413e-01   2.319668e-07 
          1245   7.638418e-07   1.604589e-03   1.952004e-03   4.463938e-06   0.000000e+00   4.147948e-01   2.318800e-07 
          1246   7.637968e-07   1.604203e-03   1.954562e-03   4.450609e-06   0.000000e+00   4.141515e-01   2.317935e-07 
          1247   7.641396e-07   1.603820e-03   1.957049e-03   4.435928e-06   0.000000e+00   4.135098e-01   2.317072e-07 
          1248   7.647150e-07   1.603435e-03   1.959492e-03   4.422936e-06   0.000000e+00   4.128673e-01   2.316212e-07 
          1249   7.654711e-07   1.603056e-03   1.961991e-03   4.408491e-06   0.000000e+00   4.122292e-01   2.315354e-07 
          1250   7.662224e-07   1.602682e-03   1.964308e-03   4.395652e-06   0.000000e+00   4.115935e-01   2.314500e-07 
          1251   7.669687e-07   1.602273e-03   1.966795e-03   4.381174e-06   0.000000e+00   4.109420e-01   2.313646e-07 
          1252   7.676253e-07   1.601855e-03   1.969066e-03   4.368327e-06   0.000000e+00   4.102881e-01   2.312796e-07 
          1253   7.681253e-07   1.601379e-03   1.970906e-03   4.353864e-06   0.000000e+00   4.096194e-01   2.311911e-07 
          1254   7.679814e-07   1.600899e-03   1.972415e-03   4.341167e-06   0.000000e+00   4.089558e-01   2.311022e-07 
          1255   7.679097e-07   1.600446e-03   1.973806e-03   4.328042e-06   0.000000e+00   4.083037e-01   2.310145e-07 
          1256   7.679391e-07   1.600012e-03   1.975148e-03   4.316522e-06   0.000000e+00   4.076600e-01   2.309278e-07 
          1257   7.681066e-07   1.599573e-03   1.976457e-03   4.303306e-06   0.000000e+00   4.070119e-01   2.308417e-07 
          1258   7.682180e-07   1.599134e-03   1.977661e-03   4.291492e-06   0.000000e+00   4.063642e-01   2.307561e-07 
          1259   7.683559e-07   1.598713e-03   1.978747e-03   4.277971e-06   0.000000e+00   4.057265e-01   2.306709e-07 
          1260   7.683843e-07   1.598304e-03   1.979771e-03   4.265791e-06   0.000000e+00   4.050949e-01   2.305863e-07 
          1261   7.684635e-07   1.597905e-03   1.980791e-03   4.251916e-06   0.000000e+00   4.044677e-01   2.305020e-07 
          1262   7.684134e-07   1.597514e-03   1.981753e-03   4.239458e-06   0.000000e+00   4.038439e-01   2.304180e-07 
          1263   7.683871e-07   1.597129e-03   1.982724e-03   4.225467e-06   0.000000e+00   4.032230e-01   2.303344e-07 
          1264   7.681420e-07   1.596749e-03   1.983674e-03   4.212695e-06   0.000000e+00   4.026046e-01   2.302511e-07 
          1265   7.679056e-07   1.596373e-03   1.984622e-03   4.199192e-06   0.000000e+00   4.019885e-01   2.301680e-07 
          1266   7.675421e-07   1.596002e-03   1.985559e-03   4.187067e-06   0.000000e+00   4.013746e-01   2.300853e-07 
          1267   7.674047e-07   1.595634e-03   1.986540e-03   4.173070e-06   0.000000e+00   4.007626e-01   2.300028e-07 
          1268   7.671442e-07   1.595269e-03   1.987548e-03   4.160859e-06   0.000000e+00   4.001525e-01   2.299206e-07 
          1269   7.669789e-07   1.594908e-03   1.988621e-03   4.147430e-06   0.000000e+00   3.995442e-01   2.298386e-07 
          1270   7.667327e-07   1.594549e-03   1.989685e-03   4.135348e-06   0.000000e+00   3.989376e-01   2.297570e-07 
          1271   7.666366e-07   1.594193e-03   1.990737e-03   4.121889e-06   0.000000e+00   3.983321e-01   2.296755e-07 
          1272   7.664299e-07   1.593829e-03   1.991774e-03   4.109957e-06   0.000000e+00   3.977258e-01   2.295929e-07 
          1273   7.662492e-07   1.593440e-03   1.992849e-03   4.096634e-06   0.000000e+00   3.971170e-01   2.295066e-07 
          1274   7.657232e-07   1.593057e-03   1.993881e-03   4.084937e-06   0.000000e+00   3.965107e-01   2.294214e-07 
          1275   7.654139e-07   1.592681e-03   1.994911e-03   4.071830e-06   0.000000e+00   3.959065e-01   2.293369e-07 
          1276   7.650656e-07   1.592307e-03   1.995915e-03   4.060224e-06   0.000000e+00   3.953040e-01   2.292529e-07 
          1277   7.649369e-07   1.591937e-03   1.996996e-03   4.047188e-06   0.000000e+00   3.947031e-01   2.291693e-07 
          1278   7.647056e-07   1.591569e-03   1.998053e-03   4.035704e-06   0.000000e+00   3.941037e-01   2.290862e-07 
          1279   7.646385e-07   1.591203e-03   1.999137e-03   4.022909e-06   0.000000e+00   3.935059e-01   2.290033e-07 
          1280   7.641599e-07   1.590839e-03   2.000199e-03   4.011731e-06   0.000000e+00   3.929096e-01   2.289208e-07 
          1281   7.669125e-07   1.590478e-03   2.001320e-03   3.999202e-06   0.000000e+00   3.923147e-01   2.288386e-07 
          1282   7.741962e-07   1.590118e-03   2.002387e-03   3.988233e-06   0.000000e+00   3.917213e-01   2.287568e-07 
          1283   7.844963e-07   1.589759e-03   2.003526e-03   3.975923e-06   0.000000e+00   3.911294e-01   2.286752e-07 
          1284   7.947770e-07   1.589402e-03   2.004707e-03   3.965110e-06   0.000000e+00   3.905389e-01   2.285940e-07 
          1285   8.038815e-07   1.589047e-03   2.005889e-03   3.952964e-06   0.000000e+00   3.899497e-01   2.285131e-07 
          1286   8.108679e-07   1.588693e-03   2.007065e-03   3.942286e-06   0.000000e+00   3.893620e-01   2.284324e-07 
          1287   8.161235e-07   1.588341e-03   2.008259e-03   3.930288e-06   0.000000e+00   3.887756e-01   2.283520e-07 
          1288   8.196718e-07   1.587990e-03   2.009446e-03   3.919739e-06   0.000000e+00   3.881906e-01   2.282720e-07 
          1289   8.223522e-07   1.587640e-03   2.010672e-03   3.907867e-06   0.000000e+00   3.876069e-01   2.281921e-07 
          1290   8.241911e-07   1.587291e-03   2.011891e-03   3.897458e-06   0.000000e+00   3.870245e-01   2.281125e-07 
          1291   8.258718e-07   1.586944e-03   2.013147e-03   3.885703e-06   0.000000e+00   3.864434e-01   2.280331e-07 
          1292   8.271084e-07   1.586597e-03   2.014396e-03   3.875335e-06   0.000000e+00   3.858636e-01   2.279540e-07 
          1293   8.284362e-07   1.586251e-03   2.015602e-03   3.863603e-06   0.000000e+00   3.852851e-01   2.278751e-07 
          1294   8.293714e-07   1.585907e-03   2.016835e-03   3.853487e-06   0.000000e+00   3.847078e-01   2.277963e-07 
          1295   8.304333e-07   1.585563e-03   2.018118e-03   3.842199e-06   0.000000e+00   3.841317e-01   2.277178e-07 
          1296   8.310595e-07   1.585220e-03   2.019416e-03   3.832398e-06   0.000000e+00   3.835570e-01   2.276396e-07 
          1297   8.318518e-07   1.584878e-03   2.020763e-03   3.821287e-06   0.000000e+00   3.829832e-01   2.275615e-07 
          1298   8.322441e-07   1.584524e-03   2.022284e-03   3.811544e-06   0.000000e+00   3.824041e-01   2.274836e-07 
          1299   8.328302e-07   1.584137e-03   2.023672e-03   3.800511e-06   0.000000e+00   3.818119e-01   2.274058e-07 
          1300   8.330410e-07   1.583765e-03   2.025014e-03   3.790871e-06   0.000000e+00   3.812298e-01   2.273282e-07 
          1301   8.335031e-07   1.583403e-03   2.026340e-03   3.779898e-06   0.000000e+00   3.806533e-01   2.272509e-07 
          1302   8.336161e-07   1.583047e-03   2.027743e-03   3.770314e-06   0.000000e+00   3.800801e-01   2.271738e-07 
          1303   8.340468e-07   1.582695e-03   2.029150e-03   3.759496e-06   0.000000e+00   3.795097e-01   2.270968e-07 
          1304   8.341377e-07   1.582346e-03   2.030697e-03   3.750035e-06   0.000000e+00   3.789414e-01   2.270200e-07 
          1305   8.345736e-07   1.582000e-03   2.032260e-03   3.739343e-06   0.000000e+00   3.783750e-01   2.269434e-07 
          1306   8.346521e-07   1.581656e-03   2.033857e-03   3.729997e-06   0.000000e+00   3.778103e-01   2.268670e-07 
          1307   8.350886e-07   1.581314e-03   2.035430e-03   3.719539e-06   0.000000e+00   3.772471e-01   2.267907e-07 
          1308   8.352176e-07   1.580973e-03   2.037068e-03   3.710578e-06   0.000000e+00   3.766855e-01   2.267146e-07 
          1309   8.359393e-07   1.580633e-03   2.038684e-03   3.700364e-06   0.000000e+00   3.761249e-01   2.266386e-07 
          1310   8.362799e-07   1.580291e-03   2.040397e-03   3.691447e-06   0.000000e+00   3.755645e-01   2.265628e-07 
          1311   8.370611e-07   1.579951e-03   2.042104e-03   3.681248e-06   0.000000e+00   3.750061e-01   2.264871e-07 
          1312   8.373309e-07   1.579613e-03   2.043867e-03   3.672335e-06   0.000000e+00   3.744483e-01   2.264116e-07 
          1313   8.380234e-07   1.579224e-03   2.045538e-03   3.662090e-06   0.000000e+00   3.738724e-01   2.263356e-07 
          1314   8.381771e-07   1.578837e-03   2.047183e-03   3.653186e-06   0.000000e+00   3.733003e-01   2.262598e-07 
          1315   8.387856e-07   1.578465e-03   2.048789e-03   3.643070e-06   0.000000e+00   3.727358e-01   2.261843e-07 
          1316   8.388224e-07   1.578101e-03   2.050490e-03   3.633867e-06   0.000000e+00   3.721757e-01   2.261090e-07 
          1317   8.394070e-07   1.577744e-03   2.052207e-03   3.624071e-06   0.000000e+00   3.716189e-01   2.260339e-07 
          1318   8.394240e-07   1.577391e-03   2.054014e-03   3.615456e-06   0.000000e+00   3.710646e-01   2.259591e-07 
          1319   8.400128e-07   1.577042e-03   2.055782e-03   3.605209e-06   0.000000e+00   3.705123e-01   2.258843e-07 
          1320   8.400280e-07   1.576693e-03   2.057619e-03   3.596148e-06   0.000000e+00   3.699600e-01   2.258092e-07 
          1321   8.406475e-07   1.576304e-03   2.059386e-03   3.586002e-06   0.000000e+00   3.694005e-01   2.257296e-07 
          1322   8.406712e-07   1.575865e-03   2.061017e-03   3.577377e-06   0.000000e+00   3.688290e-01   2.256484e-07 
          1323   8.413038e-07   1.575448e-03   2.062502e-03   3.567593e-06   0.000000e+00   3.682658e-01   2.255688e-07 
          1324   8.413113e-07   1.575045e-03   2.064213e-03   3.559188e-06   0.000000e+00   3.677076e-01   2.254900e-07 
          1325   8.419828e-07   1.574651e-03   2.066021e-03   3.549551e-06   0.000000e+00   3.671529e-01   2.254118e-07 
          1326   8.419951e-07   1.574264e-03   2.067848e-03   3.541317e-06   0.000000e+00   3.665995e-01   2.253340e-07 
          1327   8.426917e-07   1.573824e-03   2.069628e-03   3.531880e-06   0.000000e+00   3.660365e-01   2.252520e-07 
          1328   8.426315e-07   1.573395e-03   2.071520e-03   3.523886e-06   0.000000e+00   3.654780e-01   2.251711e-07 
          1329   8.432922e-07   1.572979e-03   2.073355e-03   3.514714e-06   0.000000e+00   3.649239e-01   2.250913e-07 
          1330   8.432370e-07   1.572571e-03   2.075127e-03   3.506943e-06   0.000000e+00   3.643729e-01   2.250123e-07 
          1331   8.439421e-07   1.572171e-03   2.077084e-03   3.497912e-06   0.000000e+00   3.638248e-01   2.249339e-07 
          1332   8.439053e-07   1.571776e-03   2.078931e-03   3.490200e-06   0.000000e+00   3.632793e-01   2.248561e-07 
          1333   8.446613e-07   1.571387e-03   2.080751e-03   3.481163e-06   0.000000e+00   3.627360e-01   2.247788e-07 
          1334   8.446147e-07   1.571002e-03   2.082719e-03   3.473292e-06   0.000000e+00   3.621950e-01   2.247019e-07 
          1335   8.453731e-07   1.570621e-03   2.084667e-03   3.465112e-06   0.000000e+00   3.616556e-01   2.246254e-07 
          1336   8.452992e-07   1.570221e-03   2.086633e-03   3.458527e-06   0.000000e+00   3.611072e-01   2.245493e-07 
          1337   8.461210e-07   1.569815e-03   2.088635e-03   3.450423e-06   0.000000e+00   3.605579e-01   2.244735e-07 
          1338   8.460385e-07   1.569418e-03   2.090610e-03   3.442692e-06   0.000000e+00   3.600135e-01   2.243980e-07 
          1339   8.468929e-07   1.568964e-03   2.092597e-03   3.433698e-06   0.000000e+00   3.594532e-01   2.243211e-07 
          1340   8.468033e-07   1.568536e-03   2.094522e-03   3.426214e-06   0.000000e+00   3.589045e-01   2.242452e-07 
          1341   8.476827e-07   1.568126e-03   2.096486e-03   3.417456e-06   0.000000e+00   3.583628e-01   2.241700e-07 
          1342   8.475709e-07   1.567726e-03   2.098468e-03   3.409885e-06   0.000000e+00   3.578256e-01   2.240952e-07 
          1343   8.484853e-07   1.567335e-03   2.100472e-03   3.401091e-06   0.000000e+00   3.572922e-01   2.240208e-07 
          1344   8.482308e-07   1.566951e-03   2.102518e-03   3.393561e-06   0.000000e+00   3.567618e-01   2.239468e-07 
          1345   8.490173e-07   1.566569e-03   2.104640e-03   3.384642e-06   0.000000e+00   3.562324e-01   2.238731e-07 
          1346   8.487485e-07   1.566193e-03   2.106620e-03   3.376545e-06   0.000000e+00   3.557063e-01   2.237997e-07 
          1347   8.496927e-07   1.565824e-03   2.108669e-03   3.367561e-06   0.000000e+00   3.551827e-01   2.237265e-07 
          1348   8.494913e-07   1.565459e-03   2.110804e-03   3.360392e-06   0.000000e+00   3.546615e-01   2.236536e-07 
          1349   8.505203e-07   1.565099e-03   2.112942e-03   3.352195e-06   0.000000e+00   3.541423e-01   2.235809e-07 
          1350   8.503270e-07   1.564742e-03   2.115053e-03   3.345420e-06   0.000000e+00   3.536249e-01   2.235085e-07 
          1351   8.513538e-07   1.564389e-03   2.117160e-03   3.337488e-06   0.000000e+00   3.531094e-01   2.234363e-07 
          1352   8.511755e-07   1.564039e-03   2.119287e-03   3.330754e-06   0.000000e+00   3.525955e-01   2.233644e-07 
          1353   8.522361e-07   1.563692e-03   2.121381e-03   3.322147e-06   0.000000e+00   3.520833e-01   2.232926e-07 
          1354   8.521433e-07   1.563348e-03   2.123524e-03   3.314530e-06   0.000000e+00   3.515725e-01   2.232210e-07 
          1355   8.532508e-07   1.563005e-03   2.125817e-03   3.304879e-06   0.000000e+00   3.510632e-01   2.231495e-07 
          1356   8.531348e-07   1.562665e-03   2.128195e-03   3.297770e-06   0.000000e+00   3.505554e-01   2.230782e-07 
          1357   8.542642e-07   1.562327e-03   2.130386e-03   3.290176e-06   0.000000e+00   3.500489e-01   2.230070e-07 
          1358   8.541546e-07   1.561991e-03   2.132327e-03   3.283681e-06   0.000000e+00   3.495438e-01   2.229361e-07 
          1359   8.553569e-07   1.561657e-03   2.134587e-03   3.276170e-06   0.000000e+00   3.490400e-01   2.228653e-07 
          1360   8.552455e-07   1.561325e-03   2.136868e-03   3.270052e-06   0.000000e+00   3.485374e-01   2.227947e-07 
          1361   8.564999e-07   1.560994e-03   2.139177e-03   3.262716e-06   0.000000e+00   3.480361e-01   2.227242e-07 
          1362   8.563619e-07   1.560665e-03   2.141471e-03   3.256522e-06   0.000000e+00   3.475361e-01   2.226538e-07 
          1363   8.576743e-07   1.560337e-03   2.143784e-03   3.249010e-06   0.000000e+00   3.470369e-01   2.225836e-07 
          1364   8.577234e-07   1.559995e-03   2.146078e-03   3.242669e-06   0.000000e+00   3.465306e-01   2.225135e-07 
          1365   8.591505e-07   1.559623e-03   2.148388e-03   3.234966e-06   0.000000e+00   3.460171e-01   2.224415e-07 
          1366   8.593636e-07   1.559254e-03   2.150329e-03   3.228588e-06   0.000000e+00   3.455096e-01   2.223685e-07 
          1367   8.609177e-07   1.558895e-03   2.152457e-03   3.221134e-06   0.000000e+00   3.450064e-01   2.222959e-07 
          1368   8.610768e-07   1.558542e-03   2.154613e-03   3.214983e-06   0.000000e+00   3.445060e-01   2.222236e-07 
          1369   8.625950e-07   1.558193e-03   2.156927e-03   3.207645e-06   0.000000e+00   3.440075e-01   2.221516e-07 
          1370   8.626588e-07   1.557848e-03   2.159244e-03   3.201592e-06   0.000000e+00   3.435109e-01   2.220798e-07 
          1371   8.641938e-07   1.557505e-03   2.161528e-03   3.194384e-06   0.000000e+00   3.430160e-01   2.220081e-07 
          1372   8.641381e-07   1.557165e-03   2.163823e-03   3.188415e-06   0.000000e+00   3.425227e-01   2.219367e-07 
          1373   8.656413e-07   1.556827e-03   2.166187e-03   3.181253e-06   0.000000e+00   3.420307e-01   2.218654e-07 
          1374   8.654828e-07   1.556488e-03   2.168541e-03   3.175376e-06   0.000000e+00   3.415383e-01   2.217942e-07 
          1375   8.670131e-07   1.556106e-03   2.170905e-03   3.168327e-06   0.000000e+00   3.410307e-01   2.217228e-07 
          1376   8.666190e-07   1.555731e-03   2.173344e-03   3.162640e-06   0.000000e+00   3.405285e-01   2.216516e-07 
          1377   8.679966e-07   1.555369e-03   2.175868e-03   3.155799e-06   0.000000e+00   3.400325e-01   2.215807e-07 
          1378   8.675899e-07   1.555015e-03   2.178350e-03   3.150209e-06   0.000000e+00   3.395403e-01   2.215101e-07 
          1379   8.690715e-07   1.554664e-03   2.180845e-03   3.143422e-06   0.000000e+00   3.390498e-01   2.214397e-07 
          1380   8.690287e-07   1.554313e-03   2.183242e-03   3.137786e-06   0.000000e+00   3.385604e-01   2.213694e-07 
          1381   8.706814e-07   1.553968e-03   2.185704e-03   3.130974e-06   0.000000e+00   3.380740e-01   2.212994e-07 
          1382   8.706325e-07   1.553628e-03   2.188347e-03   3.125240e-06   0.000000e+00   3.375898e-01   2.212295e-07 
          1383   8.718686e-07   1.553286e-03   2.190877e-03   3.118424e-06   0.000000e+00   3.371051e-01   2.211598e-07 
          1384   8.714894e-07   1.552928e-03   2.193507e-03   3.112678e-06   0.000000e+00   3.366139e-01   2.210902e-07 
          1385   8.725628e-07   1.552580e-03   2.196035e-03   3.106015e-06   0.000000e+00   3.361289e-01   2.210208e-07 
          1386   8.724040e-07   1.552239e-03   2.198571e-03   3.100333e-06   0.000000e+00   3.356475e-01   2.209516e-07 
          1387   8.735721e-07   1.551903e-03   2.201125e-03   3.093816e-06   0.000000e+00   3.351687e-01   2.208825e-07 
          1388   8.739500e-07   1.551570e-03   2.203690e-03   3.088109e-06   0.000000e+00   3.346919e-01   2.208136e-07 
          1389   8.750835e-07   1.551238e-03   2.206280e-03   3.081666e-06   0.000000e+00   3.342161e-01   2.207448e-07 
          1390   8.755390e-07   1.550903e-03   2.208854e-03   3.075970e-06   0.000000e+00   3.337396e-01   2.206761e-07 
          1391   8.768127e-07   1.550572e-03   2.211349e-03   3.069595e-06   0.000000e+00   3.332659e-01   2.206075e-07 
          1392   8.776671e-07   1.550245e-03   2.213712e-03   3.064034e-06   0.000000e+00   3.327936e-01   2.205391e-07 
          1393   8.789491e-07   1.549902e-03   2.216208e-03   3.057764e-06   0.000000e+00   3.323183e-01   2.204692e-07 
          1394   8.799867e-07   1.549526e-03   2.218844e-03   3.052198e-06   0.000000e+00   3.318372e-01   2.203967e-07 
          1395   8.810990e-07   1.549146e-03   2.221399e-03   3.045993e-06   0.000000e+00   3.313528e-01   2.203253e-07 
          1396   8.822811e-07   1.548774e-03   2.223961e-03   3.040408e-06   0.000000e+00   3.308726e-01   2.202545e-07 
          1397   8.831776e-07   1.548406e-03   2.226654e-03   3.034198e-06   0.000000e+00   3.303947e-01   2.201841e-07 
          1398   8.857392e-07   1.548047e-03   2.229423e-03   3.027942e-06   0.000000e+00   3.299208e-01   2.201141e-07 
          1399   8.870277e-07   1.547687e-03   2.232061e-03   3.020562e-06   0.000000e+00   3.294463e-01   2.200444e-07 
          1400   8.902227e-07   1.547311e-03   2.234426e-03   3.014215e-06   0.000000e+00   3.289665e-01   2.199748e-07 
          1401   8.909957e-07   1.546948e-03   2.236776e-03   3.007523e-06   0.000000e+00   3.284935e-01   2.199054e-07 
          1402   8.951909e-07   1.546594e-03   2.239233e-03   3.002131e-06   0.000000e+00   3.280246e-01   2.198363e-07 
          1403   8.951876e-07   1.546245e-03   2.241691e-03   2.996580e-06   0.000000e+00   3.275585e-01   2.197674e-07 
          1404   8.986681e-07   1.545902e-03   2.244118e-03   2.991811e-06   0.000000e+00   3.270949e-01   2.196988e-07 
          1405   8.807842e-07   1.545562e-03   2.246519e-03   2.986271e-06   0.000000e+00   3.266330e-01   2.196303e-07 
          1406   8.700606e-07   1.545226e-03   2.248900e-03   2.981212e-06   0.000000e+00   3.261718e-01   2.195621e-07 
          1407   8.609110e-07   1.544860e-03   2.251275e-03   2.975212e-06   0.000000e+00   3.257051e-01   2.194905e-07 
          1408   8.556012e-07   1.544453e-03   2.253578e-03   2.969837e-06   0.000000e+00   3.252299e-01   2.194169e-07 
          1409   8.504248e-07   1.544064e-03   2.255889e-03   2.963829e-06   0.000000e+00   3.247606e-01   2.193447e-07 
          1410   8.481014e-07   1.543686e-03   2.258233e-03   2.958459e-06   0.000000e+00   3.242951e-01   2.192731e-07 
          1411   8.451826e-07   1.543316e-03   2.260553e-03   2.952572e-06   0.000000e+00   3.238323e-01   2.192021e-07 
          1412   8.446563e-07   1.542951e-03   2.262900e-03   2.947423e-06   0.000000e+00   3.233718e-01   2.191315e-07 
          1413   8.429797e-07   1.542590e-03   2.265227e-03   2.941688e-06   0.000000e+00   3.229134e-01   2.190612e-07 
          1414   8.420555e-07   1.542234e-03   2.267591e-03   2.936715e-06   0.000000e+00   3.224569e-01   2.189913e-07 
          1415   8.409588e-07   1.541882e-03   2.270004e-03   2.931166e-06   0.000000e+00   3.220021e-01   2.189216e-07 
          1416   8.402546e-07   1.541534e-03   2.272401e-03   2.926291e-06   0.000000e+00   3.215491e-01   2.188522e-07 
          1417   8.398767e-07   1.541188e-03   2.274792e-03   2.920879e-06   0.000000e+00   3.210976e-01   2.187831e-07 
          1418   8.397282e-07   1.540846e-03   2.277145e-03   2.916171e-06   0.000000e+00   3.206477e-01   2.187142e-07 
          1419   8.398143e-07   1.540506e-03   2.279518e-03   2.911093e-06   0.000000e+00   3.201993e-01   2.186455e-07 
          1420   8.399932e-07   1.540169e-03   2.281923e-03   2.906676e-06   0.000000e+00   3.197522e-01   2.185771e-07 
          1421   8.403573e-07   1.539834e-03   2.284333e-03   2.901764e-06   0.000000e+00   3.193066e-01   2.185089e-07 
          1422   8.407364e-07   1.539501e-03   2.286761e-03   2.897468e-06   0.000000e+00   3.188623e-01   2.184409e-07 
          1423   8.412745e-07   1.539171e-03   2.289177e-03   2.892727e-06   0.000000e+00   3.184193e-01   2.183731e-07 
          1424   8.417610e-07   1.538842e-03   2.291621e-03   2.888477e-06   0.000000e+00   3.179766e-01   2.183054e-07 
          1425   8.423621e-07   1.538459e-03   2.294031e-03   2.883546e-06   0.000000e+00   3.175148e-01   2.182368e-07 
          1426   8.428937e-07   1.538051e-03   2.296402e-03   2.879137e-06   0.000000e+00   3.170477e-01   2.181678e-07 
          1427   8.432762e-07   1.537665e-03   2.298730e-03   2.874347e-06   0.000000e+00   3.165914e-01   2.180995e-07 
          1428   8.429493e-07   1.537295e-03   2.301146e-03   2.870058e-06   0.000000e+00   3.161413e-01   2.180316e-07 
          1429   8.436526e-07   1.536934e-03   2.303524e-03   2.865319e-06   0.000000e+00   3.156953e-01   2.179641e-07 
          1430   8.441010e-07   1.536581e-03   2.305987e-03   2.861113e-06   0.000000e+00   3.152525e-01   2.178968e-07 
          1431   8.449703e-07   1.536234e-03   2.308395e-03   2.856721e-06   0.000000e+00   3.148124e-01   2.178298e-07 
          1432   8.456072e-07   1.535893e-03   2.310951e-03   2.852869e-06   0.000000e+00   3.143746e-01   2.177630e-07 
          1433   8.465943e-07   1.535556e-03   2.313390e-03   2.848623e-06   0.000000e+00   3.139389e-01   2.176964e-07 
          1434   8.468456e-07   1.535223e-03   2.315657e-03   2.844800e-06   0.000000e+00   3.135050e-01   2.176300e-07 
          1435   8.042116e-07   1.534893e-03   2.317951e-03   2.840121e-06   0.000000e+00   3.130728e-01   2.175638e-07 
          1436   7.491255e-07   1.534567e-03   2.320102e-03   2.833786e-06   0.000000e+00   3.126421e-01   2.174977e-07 
          1437   7.146045e-07   1.534241e-03   2.321904e-03   2.827544e-06   0.000000e+00   3.122115e-01   2.174318e-07 
          1438   6.923792e-07   1.533885e-03   2.323930e-03   2.822685e-06   0.000000e+00   3.117725e-01   2.173648e-07 
          1439   6.799190e-07   1.533513e-03   2.326152e-03   2.818103e-06   0.000000e+00   3.113309e-01   2.172974e-07 
          1440   6.736557e-07   1.533156e-03   2.328336e-03   2.814112e-06   0.000000e+00   3.108951e-01   2.172307e-07 
          1441   6.713145e-07   1.532808e-03   2.330548e-03   2.810155e-06   0.000000e+00   3.104629e-01   2.171644e-07 
          1442   6.709587e-07   1.532467e-03   2.332712e-03   2.806539e-06   0.000000e+00   3.100333e-01   2.170984e-07 
          1443   6.719441e-07   1.532131e-03   2.334946e-03   2.802633e-06   0.000000e+00   3.096061e-01   2.170327e-07 
          1444   6.733036e-07   1.531800e-03   2.337074e-03   2.798967e-06   0.000000e+00   3.091806e-01   2.169672e-07 
          1445   6.750369e-07   1.531471e-03   2.339184e-03   2.795012e-06   0.000000e+00   3.087561e-01   2.169017e-07 
          1446   6.766521e-07   1.531133e-03   2.341293e-03   2.791243e-06   0.000000e+00   3.083317e-01   2.168346e-07 
          1447   6.783449e-07   1.530801e-03   2.343435e-03   2.787362e-06   0.000000e+00   3.079090e-01   2.167679e-07 
          1448   6.795722e-07   1.530472e-03   2.345582e-03   2.783706e-06   0.000000e+00   3.074880e-01   2.167015e-07 
          1449   6.809405e-07   1.530147e-03   2.347752e-03   2.779817e-06   0.000000e+00   3.070682e-01   2.166352e-07 
          1450   6.820596e-07   1.529824e-03   2.349875e-03   2.776109e-06   0.000000e+00   3.066498e-01   2.165691e-07 
          1451   6.828924e-07   1.529503e-03   2.352050e-03   2.772239e-06   0.000000e+00   3.062325e-01   2.165032e-07 
          1452   6.831991e-07   1.529185e-03   2.354220e-03   2.768595e-06   0.000000e+00   3.058156e-01   2.164374e-07 
          1453   6.839153e-07   1.528844e-03   2.356399e-03   2.764740e-06   0.000000e+00   3.053949e-01   2.163694e-07 
          1454   6.844953e-07   1.528490e-03   2.358577e-03   2.761141e-06   0.000000e+00   3.049728e-01   2.163003e-07 
          1455   6.750343e-07   1.528144e-03   2.360808e-03   2.757910e-06   0.000000e+00   3.045532e-01   2.162318e-07 
          1456   6.695870e-07   1.527803e-03   2.363058e-03   2.754823e-06   0.000000e+00   3.041353e-01   2.161639e-07 
          1457   6.702797e-07   1.527466e-03   2.365292e-03   2.751265e-06   0.000000e+00   3.037190e-01   2.160964e-07 
          1458   6.727310e-07   1.527132e-03   2.367451e-03   2.747720e-06   0.000000e+00   3.033041e-01   2.160291e-07 
          1459   6.757496e-07   1.526800e-03   2.369665e-03   2.744014e-06   0.000000e+00   3.028906e-01   2.159622e-07 
          1460   6.782187e-07   1.526471e-03   2.371863e-03   2.740514e-06   0.000000e+00   3.024784e-01   2.158955e-07 
          1461   6.804394e-07   1.526144e-03   2.374091e-03   2.736848e-06   0.000000e+00   3.020674e-01   2.158290e-07 
          1462   6.820098e-07   1.525820e-03   2.376304e-03   2.733375e-06   0.000000e+00   3.016576e-01   2.157628e-07 
          1463   6.833819e-07   1.525497e-03   2.378508e-03   2.729747e-06   0.000000e+00   3.012491e-01   2.156968e-07 
          1464   6.842852e-07   1.525177e-03   2.380715e-03   2.726312e-06   0.000000e+00   3.008413e-01   2.156310e-07 
          1465   6.851194e-07   1.524830e-03   2.382958e-03   2.722742e-06   0.000000e+00   3.004239e-01   2.155652e-07 
          1466   6.855966e-07   1.524488e-03   2.385186e-03   2.719381e-06   0.000000e+00   3.000102e-01   2.154996e-07 
          1467   6.860622e-07   1.524155e-03   2.387416e-03   2.715825e-06   0.000000e+00   2.996006e-01   2.154343e-07 
          1468   6.861450e-07   1.523827e-03   2.389637e-03   2.712328e-06   0.000000e+00   2.991936e-01   2.153692e-07 
          1469   6.863088e-07   1.523503e-03   2.391880e-03   2.708639e-06   0.000000e+00   2.987887e-01   2.153044e-07 
          1470   6.863154e-07   1.523183e-03   2.394082e-03   2.705139e-06   0.000000e+00   2.983856e-01   2.152397e-07 
          1471   6.865303e-07   1.522865e-03   2.396295e-03   2.701570e-06   0.000000e+00   2.979840e-01   2.151751e-07 
          1472   6.867396e-07   1.522551e-03   2.398523e-03   2.698244e-06   0.000000e+00   2.975839e-01   2.151108e-07 
          1473   6.872423e-07   1.522238e-03   2.400775e-03   2.694810e-06   0.000000e+00   2.971851e-01   2.150466e-07 
          1474   6.877284e-07   1.521927e-03   2.403007e-03   2.691590e-06   0.000000e+00   2.967871e-01   2.149825e-07 
          1475   6.884763e-07   1.521615e-03   2.405272e-03   2.688219e-06   0.000000e+00   2.963895e-01   2.149186e-07 
          1476   6.891570e-07   1.521305e-03   2.407509e-03   2.685040e-06   0.000000e+00   2.959936e-01   2.148548e-07 
          1477   6.900190e-07   1.520998e-03   2.409797e-03   2.681681e-06   0.000000e+00   2.955989e-01   2.147912e-07 
          1478   6.907640e-07   1.520694e-03   2.412059e-03   2.678478e-06   0.000000e+00   2.952055e-01   2.147277e-07 
          1479   6.916688e-07   1.520390e-03   2.414343e-03   2.675132e-06   0.000000e+00   2.948131e-01   2.146643e-07 
          1480   6.924209e-07   1.520089e-03   2.416606e-03   2.671959e-06   0.000000e+00   2.944218e-01   2.146011e-07 
          1481   6.932755e-07   1.519789e-03   2.418902e-03   2.667935e-06   0.000000e+00   2.940311e-01   2.145379e-07 
          1482   6.942032e-07   1.519485e-03   2.421220e-03   2.663509e-06   0.000000e+00   2.936405e-01   2.144742e-07 
          1483   6.950267e-07   1.519178e-03   2.423424e-03   2.659084e-06   0.000000e+00   2.932503e-01   2.144099e-07 
          1484   6.957343e-07   1.518873e-03   2.425616e-03   2.654101e-06   0.000000e+00   2.928599e-01   2.143458e-07 
          1485   6.963359e-07   1.518521e-03   2.427881e-03   2.649606e-06   0.000000e+00   2.924596e-01   2.142787e-07 
          1486   6.961026e-07   1.518177e-03   2.430044e-03   2.645743e-06   0.000000e+00   2.920625e-01   2.142123e-07 
          1487   6.876246e-07   1.517841e-03   2.432279e-03   2.643448e-06   0.000000e+00   2.916682e-01   2.141465e-07 
          1488   6.780144e-07   1.517510e-03   2.434537e-03   2.642079e-06   0.000000e+00   2.912759e-01   2.140811e-07 
          1489   6.714201e-07   1.517183e-03   2.436850e-03   2.640915e-06   0.000000e+00   2.908845e-01   2.140160e-07 
          1490   6.689206e-07   1.516821e-03   2.439078e-03   2.639469e-06   0.000000e+00   2.904820e-01   2.139504e-07 
          1491   6.697186e-07   1.516467e-03   2.441319e-03   2.637295e-06   0.000000e+00   2.900839e-01   2.138851e-07 
          1492   6.728303e-07   1.516123e-03   2.443539e-03   2.634756e-06   0.000000e+00   2.896902e-01   2.138203e-07 
          1493   6.770318e-07   1.515786e-03   2.445775e-03   2.631632e-06   0.000000e+00   2.892995e-01   2.137557e-07 
          1494   6.817811e-07   1.515454e-03   2.447995e-03   2.628564e-06   0.000000e+00   2.889108e-01   2.136914e-07 
          1495   6.863219e-07   1.515104e-03   2.450242e-03   2.625295e-06   0.000000e+00   2.885155e-01   2.136272e-07 
          1496   6.907264e-07   1.514754e-03   2.452477e-03   2.622278e-06   0.000000e+00   2.881218e-01   2.135630e-07 
          1497   6.945952e-07   1.514415e-03   2.454698e-03   2.619257e-06   0.000000e+00   2.877330e-01   2.134992e-07 
          1498   6.982614e-07   1.514083e-03   2.456894e-03   2.616598e-06   0.000000e+00   2.873473e-01   2.134356e-07 
          1499   7.012885e-07   1.513757e-03   2.459136e-03   2.613841e-06   0.000000e+00   2.869641e-01   2.133721e-07 
          1500   7.041322e-07   1.513435e-03   2.461371e-03   2.611204e-06   0.000000e+00   2.865829e-01   2.133089e-07 
          1501   7.063901e-07   1.513118e-03   2.463632e-03   2.608300e-06   0.000000e+00   2.862035e-01   2.132458e-07 
          1502   7.085566e-07   1.512804e-03   2.465886e-03   2.605485e-06   0.000000e+00   2.858257e-01   2.131828e-07 
          1503   7.226506e-07   1.512493e-03   2.468145e-03   2.602433e-06   0.000000e+00   2.854494e-01   2.131197e-07 
          1504   7.150650e-07   1.512185e-03   2.470007e-03   2.430792e-06   0.000000e+00   2.850744e-01   2.130577e-07 
          1505   7.146202e-07   1.511879e-03   2.472525e-03   2.484845e-06   0.000000e+00   2.847007e-01   2.129948e-07 
          1506   7.116364e-07   1.511576e-03   2.475344e-03   2.534539e-06   0.000000e+00   2.843268e-01   2.129323e-07 
          1507   7.231739e-07   1.511239e-03   2.477901e-03   2.576809e-06   0.000000e+00   2.839481e-01   2.128664e-07 
          1508   7.164547e-07   1.510909e-03   2.479361e-03   2.433409e-06   0.000000e+00   2.835716e-01   2.128018e-07 
          1509   7.169915e-07   1.510585e-03   2.481528e-03   2.491358e-06   0.000000e+00   2.831970e-01   2.127370e-07 
          1510   7.147400e-07   1.510265e-03   2.484168e-03   2.536442e-06   0.000000e+00   2.828237e-01   2.126727e-07 
          1511   7.258900e-07   1.509943e-03   2.486636e-03   2.570524e-06   0.000000e+00   2.824502e-01   2.126083e-07 
          1512   7.194182e-07   1.509624e-03   2.488086e-03   2.418307e-06   0.000000e+00   2.820782e-01   2.125450e-07 
          1513   7.192486e-07   1.509308e-03   2.490680e-03   2.475200e-06   0.000000e+00   2.817079e-01   2.124811e-07 
          1514   7.166098e-07   1.508995e-03   2.493589e-03   2.521189e-06   0.000000e+00   2.813388e-01   2.124176e-07 
          1515   7.276540e-07   1.508683e-03   2.496185e-03   2.557578e-06   0.000000e+00   2.809700e-01   2.123541e-07 
          1516   7.202278e-07   1.508355e-03   2.497661e-03   2.407441e-06   0.000000e+00   2.805951e-01   2.122914e-07 
          1517   7.191612e-07   1.508027e-03   2.499768e-03   2.465930e-06   0.000000e+00   2.802236e-01   2.122271e-07 
          1518   7.158738e-07   1.507706e-03   2.502594e-03   2.512260e-06   0.000000e+00   2.798548e-01   2.121633e-07 
          1519   7.265091e-07   1.507389e-03   2.505130e-03   2.548100e-06   0.000000e+00   2.794880e-01   2.120995e-07 
          1520   7.192049e-07   1.507075e-03   2.506625e-03   2.395980e-06   0.000000e+00   2.791227e-01   2.120366e-07 
          1521   7.182028e-07   1.506764e-03   2.509043e-03   2.455024e-06   0.000000e+00   2.787585e-01   2.119730e-07 
          1522   7.254962e-07   1.506449e-03   2.511868e-03   2.501302e-06   0.000000e+00   2.783935e-01   2.119095e-07 
          1523   7.179517e-07   1.506138e-03   2.513578e-03   2.372200e-06   0.000000e+00   2.780307e-01   2.118470e-07 
          1524   7.173349e-07   1.505830e-03   2.515664e-03   2.442569e-06   0.000000e+00   2.776694e-01   2.117838e-07 
          1525   7.252770e-07   1.505525e-03   2.518507e-03   2.496589e-06   0.000000e+00   2.773094e-01   2.117207e-07 
          1526   7.184936e-07   1.505223e-03   2.520330e-03   2.369986e-06   0.000000e+00   2.769504e-01   2.116585e-07 
          1527   7.182816e-07   1.504916e-03   2.522264e-03   2.440138e-06   0.000000e+00   2.765892e-01   2.115956e-07 
          1528   7.263572e-07   1.504552e-03   2.525100e-03   2.492654e-06   0.000000e+00   2.762116e-01   2.115308e-07 
          1529   7.197797e-07   1.504152e-03   2.526895e-03   2.362133e-06   0.000000e+00   2.758266e-01   2.114656e-07 
          1530   7.192857e-07   1.503776e-03   2.528785e-03   2.431334e-06   0.000000e+00   2.754508e-01   2.114006e-07 
          1531   7.273562e-07   1.503416e-03   2.531172e-03   2.482940e-06   0.000000e+00   2.750807e-01   2.113364e-07 
          1532   7.207728e-07   1.503059e-03   2.533004e-03   2.352978e-06   0.000000e+00   2.747118e-01   2.112732e-07 
          1533   7.203430e-07   1.502696e-03   2.534443e-03   2.422796e-06   0.000000e+00   2.743413e-01   2.112095e-07 
          1534   7.284004e-07   1.502346e-03   2.536858e-03   2.475694e-06   0.000000e+00   2.739764e-01   2.111462e-07 
          1535   7.220534e-07   1.502006e-03   2.538666e-03   2.345881e-06   0.000000e+00   2.736152e-01   2.110838e-07 
          1536   7.215427e-07   1.501673e-03   2.540139e-03   2.416605e-06   0.000000e+00   2.732568e-01   2.110210e-07 
          1537   7.297159e-07   1.501347e-03   2.542510e-03   2.469443e-06   0.000000e+00   2.729008e-01   2.109584e-07 
          1538   7.233278e-07   1.501026e-03   2.544213e-03   2.338883e-06   0.000000e+00   2.725469e-01   2.108967e-07 
          1539   7.229135e-07   1.500710e-03   2.545737e-03   2.409521e-06   0.000000e+00   2.721949e-01   2.108345e-07 
          1540   7.310080e-07   1.500398e-03   2.548029e-03   2.462416e-06   0.000000e+00   2.718445e-01   2.107724e-07 
          1541   7.247910e-07   1.500090e-03   2.549704e-03   2.331368e-06   0.000000e+00   2.714953e-01   2.107112e-07 
          1542   7.328281e-07   1.499759e-03   2.551196e-03   2.402547e-06   0.000000e+00   2.711388e-01   2.106487e-07 
          1543   7.251811e-07   1.499430e-03   2.552945e-03   2.297768e-06   0.000000e+00   2.707841e-01   2.105873e-07 
          1544   7.240089e-07   1.499110e-03   2.554864e-03   2.384839e-06   0.000000e+00   2.704334e-01   2.105254e-07 
          1545   7.319978e-07   1.498797e-03   2.557171e-03   2.450252e-06   0.000000e+00   2.700854e-01   2.104638e-07 
          1546   7.262822e-07   1.498490e-03   2.558910e-03   2.325736e-06   0.000000e+00   2.697396e-01   2.104030e-07 
          1547   7.348584e-07   1.498187e-03   2.560358e-03   2.398456e-06   0.000000e+00   2.693954e-01   2.103415e-07 
          1548   7.272746e-07   1.497888e-03   2.562043e-03   2.290432e-06   0.000000e+00   2.690525e-01   2.102809e-07 
          1549   7.340789e-07   1.497587e-03   2.563915e-03   2.375101e-06   0.000000e+00   2.687104e-01   2.102190e-07 
          1550   7.267050e-07   1.497289e-03   2.565653e-03   2.280170e-06   0.000000e+00   2.683697e-01   2.101579e-07 
          1551   7.341306e-07   1.496995e-03   2.567731e-03   2.371315e-06   0.000000e+00   2.680302e-01   2.100962e-07 
          1552   7.274767e-07   1.496702e-03   2.569421e-03   2.279200e-06   0.000000e+00   2.676915e-01   2.100353e-07 
          1553   7.353892e-07   1.496410e-03   2.571469e-03   2.371157e-06   0.000000e+00   2.673519e-01   2.099738e-07 
          1554   7.289616e-07   1.496068e-03   2.573182e-03   2.277296e-06   0.000000e+00   2.670027e-01   2.099091e-07 
          1555   7.368100e-07   1.495718e-03   2.575123e-03   2.367999e-06   0.000000e+00   2.666535e-01   2.098426e-07 
          1556   7.302900e-07   1.495379e-03   2.576754e-03   2.273031e-06   0.000000e+00   2.663075e-01   2.097777e-07 
          1557   7.380029e-07   1.495047e-03   2.578767e-03   2.362459e-06   0.000000e+00   2.659636e-01   2.097127e-07 
          1558   7.313175e-07   1.494721e-03   2.580444e-03   2.267250e-06   0.000000e+00   2.656214e-01   2.096487e-07 
          1559   7.388266e-07   1.494398e-03   2.582462e-03   2.357618e-06   0.000000e+00   2.652807e-01   2.095843e-07 
          1560   7.321616e-07   1.494080e-03   2.584176e-03   2.262889e-06   0.000000e+00   2.649413e-01   2.095209e-07 
          1561   7.397369e-07   1.493765e-03   2.586226e-03   2.354189e-06   0.000000e+00   2.646034e-01   2.094570e-07 
          1562   7.331154e-07   1.493452e-03   2.587997e-03   2.259350e-06   0.000000e+00   2.642666e-01   2.093940e-07 
          1563   7.409143e-07   1.493143e-03   2.589995e-03   2.350891e-06   0.000000e+00   2.639312e-01   2.093306e-07 
          1564   7.348414e-07   1.492836e-03   2.591674e-03   2.255338e-06   0.000000e+00   2.635969e-01   2.092680e-07 
          1565   7.428933e-07   1.492532e-03   2.593725e-03   2.346812e-06   0.000000e+00   2.632638e-01   2.092050e-07 
          1566   7.366735e-07   1.492230e-03   2.595390e-03   2.250866e-06   0.000000e+00   2.629318e-01   2.091428e-07 
          1567   7.446094e-07   1.491931e-03   2.597461e-03   2.342591e-06   0.000000e+00   2.626010e-01   2.090802e-07 
          1568   7.386791e-07   1.491633e-03   2.599188e-03   2.246630e-06   0.000000e+00   2.622712e-01   2.090184e-07 
          1569   7.468507e-07   1.491338e-03   2.601266e-03   2.338755e-06   0.000000e+00   2.619424e-01   2.089560e-07 
          1570   7.410420e-07   1.491045e-03   2.602935e-03   2.242785e-06   0.000000e+00   2.616147e-01   2.088945e-07 
          1571   7.491563e-07   1.490753e-03   2.605074e-03   2.335269e-06   0.000000e+00   2.612880e-01   2.088325e-07 
          1572   7.433124e-07   1.490464e-03   2.606785e-03   2.239040e-06   0.000000e+00   2.609623e-01   2.087713e-07 
          1573   7.512787e-07   1.490176e-03   2.608898e-03   2.331605e-06   0.000000e+00   2.606375e-01   2.087096e-07 
          1574   7.453726e-07   1.489891e-03   2.610582e-03   2.235115e-06   0.000000e+00   2.603136e-01   2.086486e-07 
          1575   7.532127e-07   1.489606e-03   2.612716e-03   2.327767e-06   0.000000e+00   2.599907e-01   2.085872e-07 
          1576   7.472325e-07   1.489323e-03   2.614452e-03   2.231086e-06   0.000000e+00   2.596685e-01   2.085264e-07 
          1577   7.549793e-07   1.489042e-03   2.616583e-03   2.323898e-06   0.000000e+00   2.593470e-01   2.084652e-07 
          1578   7.489668e-07   1.488759e-03   2.618305e-03   2.227193e-06   0.000000e+00   2.590259e-01   2.084042e-07 
          1579   7.566525e-07   1.488477e-03   2.620434e-03   2.320478e-06   0.000000e+00   2.587057e-01   2.083428e-07 
          1580   7.506127e-07   1.488197e-03   2.622200e-03   2.223646e-06   0.000000e+00   2.583863e-01   2.082820e-07 
          1581   7.582566e-07   1.487918e-03   2.624235e-03   2.317019e-06   0.000000e+00   2.580677e-01   2.082207e-07 
          1582   7.522270e-07   1.487640e-03   2.625925e-03   2.220012e-06   0.000000e+00   2.577499e-01   2.081601e-07 
          1583   7.598534e-07   1.487364e-03   2.627970e-03   2.313865e-06   0.000000e+00   2.574325e-01   2.080990e-07 
          1584   7.538262e-07   1.487070e-03   2.629691e-03   2.216488e-06   0.000000e+00   2.571095e-01   2.080383e-07 
          1585   7.614330e-07   1.486773e-03   2.631708e-03   2.310534e-06   0.000000e+00   2.567868e-01   2.079769e-07 
          1586   7.553720e-07   1.486483e-03   2.633478e-03   2.213039e-06   0.000000e+00   2.564672e-01   2.079164e-07 
          1587   7.629519e-07   1.486198e-03   2.635474e-03   2.307249e-06   0.000000e+00   2.561495e-01   2.078554e-07 
          1588   7.569101e-07   1.485915e-03   2.637302e-03   2.209692e-06   0.000000e+00   2.558332e-01   2.077951e-07 
          1589   7.644847e-07   1.485636e-03   2.639306e-03   2.304089e-06   0.000000e+00   2.555182e-01   2.077343e-07 
          1590   7.584360e-07   1.485358e-03   2.641210e-03   2.206470e-06   0.000000e+00   2.552044e-01   2.076741e-07 
          1591   7.660075e-07   1.485082e-03   2.643180e-03   2.301062e-06   0.000000e+00   2.548915e-01   2.076134e-07 
          1592   7.666107e-07   1.484808e-03   2.644991e-03   2.203210e-06   0.000000e+00   2.545794e-01   2.075533e-07 
          1593   7.620206e-07   1.484532e-03   2.646661e-03   2.154756e-06   0.000000e+00   2.542676e-01   2.074931e-07 
          1594   7.666989e-07   1.484259e-03   2.648802e-03   2.260752e-06   0.000000e+00   2.539562e-01   2.074326e-07 
          1595   7.603260e-07   1.483951e-03   2.650968e-03   2.186444e-06   0.000000e+00   2.536349e-01   2.073717e-07 
          1596   7.684218e-07   1.483642e-03   2.653029e-03   2.292632e-06   0.000000e+00   2.533158e-01   2.073095e-07 
          1597   7.697475e-07   1.483330e-03   2.654763e-03   2.201190e-06   0.000000e+00   2.529977e-01   2.072469e-07 
          1598   7.661105e-07   1.483024e-03   2.656322e-03   2.152714e-06   0.000000e+00   2.526820e-01   2.071846e-07 
          1599   7.710435e-07   1.482724e-03   2.658412e-03   2.256221e-06   0.000000e+00   2.523682e-01   2.071223e-07 
          1600   7.713867e-07   1.482428e-03   2.660556e-03   2.179057e-06   0.000000e+00   2.520558e-01   2.070605e-07 
          1601   7.671516e-07   1.482135e-03   2.662487e-03   2.141330e-06   0.000000e+00   2.517444e-01   2.069989e-07 
          1602   7.729254e-07   1.481842e-03   2.664611e-03   2.253242e-06   0.000000e+00   2.514340e-01   2.069367e-07 
          1603   7.735299e-07   1.481552e-03   2.666609e-03   2.177827e-06   0.000000e+00   2.511246e-01   2.068750e-07 
          1604   7.700413e-07   1.481264e-03   2.668215e-03   2.140439e-06   0.000000e+00   2.508162e-01   2.068134e-07 
          1605   7.757321e-07   1.480977e-03   2.670695e-03   2.250650e-06   0.000000e+00   2.505084e-01   2.067515e-07 
          1606   7.769562e-07   1.480691e-03   2.672798e-03   2.173726e-06   0.000000e+00   2.502016e-01   2.066901e-07 
          1607   7.733946e-07   1.480408e-03   2.674130e-03   2.134360e-06   0.000000e+00   2.498955e-01   2.066288e-07 
          1608   7.794013e-07   1.480119e-03   2.676560e-03   2.244079e-06   0.000000e+00   2.495881e-01   2.065668e-07 
          1609   7.801247e-07   1.479799e-03   2.678560e-03   2.167068e-06   0.000000e+00   2.492739e-01   2.065036e-07 
          1610   7.766720e-07   1.479488e-03   2.680079e-03   2.129227e-06   0.000000e+00   2.489632e-01   2.064409e-07 
          1611   7.825121e-07   1.479185e-03   2.682559e-03   2.239527e-06   0.000000e+00   2.486548e-01   2.063783e-07 
          1612   7.792596e-07   1.478885e-03   2.684529e-03   2.163315e-06   0.000000e+00   2.483480e-01   2.063164e-07 
          1613   7.587470e-07   1.478589e-03   2.686164e-03   2.125971e-06   0.000000e+00   2.480426e-01   2.062546e-07 
          1614   7.464554e-07   1.478296e-03   2.688732e-03   2.237176e-06   0.000000e+00   2.477375e-01   2.061926e-07 
          1615   7.355317e-07   1.477973e-03   2.690725e-03   2.160734e-06   0.000000e+00   2.474267e-01   2.061290e-07 
          1616   7.273800e-07   1.477630e-03   2.692545e-03   2.123924e-06   0.000000e+00   2.471107e-01   2.060651e-07 
          1617   7.349086e-07   1.477299e-03   2.695111e-03   2.234723e-06   0.000000e+00   2.467990e-01   2.060015e-07 
          1618   7.410077e-07   1.476978e-03   2.696971e-03   2.158563e-06   0.000000e+00   2.464903e-01   2.059387e-07 
          1619   7.500895e-07   1.476661e-03   2.698728e-03   2.121201e-06   0.000000e+00   2.461837e-01   2.058758e-07 
          1620   7.527122e-07   1.476348e-03   2.700556e-03   2.097999e-06   0.000000e+00   2.458783e-01   2.058132e-07 
          1621   7.661159e-07   1.476010e-03   2.703370e-03   2.219748e-06   0.000000e+00   2.455667e-01   2.057493e-07 
          1622   7.744752e-07   1.475674e-03   2.705425e-03   2.153413e-06   0.000000e+00   2.452566e-01   2.056860e-07 
          1623   7.835706e-07   1.475347e-03   2.707260e-03   2.120481e-06   0.000000e+00   2.449499e-01   2.056230e-07 
          1624   7.852253e-07   1.475027e-03   2.709213e-03   2.098124e-06   0.000000e+00   2.446455e-01   2.055604e-07 
          1625   7.965231e-07   1.474712e-03   2.712039e-03   2.218569e-06   0.000000e+00   2.443431e-01   2.054977e-07 
          1626   8.021669e-07   1.474402e-03   2.713970e-03   2.150590e-06   0.000000e+00   2.440422e-01   2.054356e-07 
          1627   8.082899e-07   1.474094e-03   2.715876e-03   2.115214e-06   0.000000e+00   2.437426e-01   2.053734e-07 
          1628   8.073545e-07   1.473789e-03   2.717735e-03   2.090697e-06   0.000000e+00   2.434442e-01   2.053113e-07 
          1629   8.160815e-07   1.473487e-03   2.720526e-03   2.210948e-06   0.000000e+00   2.431470e-01   2.052489e-07 
          1630   8.195062e-07   1.473188e-03   2.722591e-03   2.142971e-06   0.000000e+00   2.428511e-01   2.051870e-07 
          1631   8.237963e-07   1.472890e-03   2.724262e-03   2.108269e-06   0.000000e+00   2.425556e-01   2.051251e-07 
          1632   8.263213e-07   1.472593e-03   2.726185e-03   2.085728e-06   0.000000e+00   2.422600e-01   2.050633e-07 
          1633   8.280683e-07   1.472284e-03   2.728159e-03   2.076344e-06   0.000000e+00   2.419635e-01   2.050002e-07 
          1634   8.298154e-07   1.471977e-03   2.730246e-03   2.076091e-06   0.000000e+00   2.416679e-01   2.049368e-07 
          1635   8.316500e-07   1.471673e-03   2.732497e-03   2.079503e-06   0.000000e+00   2.413735e-01   2.048737e-07 
          1636   8.339166e-07   1.471374e-03   2.734790e-03   2.084529e-06   0.000000e+00   2.410802e-01   2.048108e-07 
          1637   8.362478e-07   1.471073e-03   2.736995e-03   2.086875e-06   0.000000e+00   2.407866e-01   2.047480e-07 
          1638   8.387162e-07   1.470762e-03   2.739073e-03   2.087545e-06   0.000000e+00   2.404899e-01   2.046850e-07 
          1639   8.408831e-07   1.470458e-03   2.741148e-03   2.084931e-06   0.000000e+00   2.401960e-01   2.046223e-07 
          1640   8.429845e-07   1.470159e-03   2.743206e-03   2.081199e-06   0.000000e+00   2.399040e-01   2.045596e-07 
          1641   8.448118e-07   1.469863e-03   2.745282e-03   2.076470e-06   0.000000e+00   2.396133e-01   2.044971e-07 
          1642   8.466938e-07   1.469570e-03   2.747378e-03   2.074240e-06   0.000000e+00   2.393237e-01   2.044347e-07 
          1643   8.484709e-07   1.469274e-03   2.749493e-03   2.072958e-06   0.000000e+00   2.390337e-01   2.043723e-07 
          1644   8.503943e-07   1.468982e-03   2.751628e-03   2.073462e-06   0.000000e+00   2.387453e-01   2.043100e-07 
          1645   8.522471e-07   1.468694e-03   2.753768e-03   2.073241e-06   0.000000e+00   2.384582e-01   2.042478e-07 
          1646   8.542181e-07   1.468407e-03   2.755873e-03   2.073121e-06   0.000000e+00   2.381720e-01   2.041857e-07 
          1647   8.560856e-07   1.468124e-03   2.757932e-03   2.071475e-06   0.000000e+00   2.378868e-01   2.041237e-07 
          1648   8.580466e-07   1.467841e-03   2.760009e-03   2.070168e-06   0.000000e+00   2.376017e-01   2.040618e-07 
          1649   8.599128e-07   1.467532e-03   2.762089e-03   2.067736e-06   0.000000e+00   2.373094e-01   2.039992e-07 
          1650   8.619041e-07   1.467218e-03   2.764119e-03   2.066544e-06   0.000000e+00   2.370165e-01   2.039367e-07 
          1651   8.638119e-07   1.466908e-03   2.766161e-03   2.065315e-06   0.000000e+00   2.367258e-01   2.038744e-07 
          1652   8.658120e-07   1.466606e-03   2.768222e-03   2.065165e-06   0.000000e+00   2.364384e-01   2.038124e-07 
          1653   8.677292e-07   1.466310e-03   2.770317e-03   2.064154e-06   0.000000e+00   2.361532e-01   2.037505e-07 
          1654   8.697615e-07   1.466020e-03   2.772413e-03   2.063806e-06   0.000000e+00   2.358695e-01   2.036888e-07 
          1655   8.717986e-07   1.465712e-03   2.774521e-03   2.062345e-06   0.000000e+00   2.355813e-01   2.036268e-07 
          1656   8.739226e-07   1.465411e-03   2.776632e-03   2.061549e-06   0.000000e+00   2.352965e-01   2.035651e-07 
          1657   8.760104e-07   1.465118e-03   2.778713e-03   2.059768e-06   0.000000e+00   2.350142e-01   2.035035e-07 
          1658   8.781585e-07   1.464830e-03   2.780704e-03   2.058916e-06   0.000000e+00   2.347337e-01   2.034421e-07 
          1659   8.802880e-07   1.464546e-03   2.782716e-03   2.057318e-06   0.000000e+00   2.344548e-01   2.033808e-07 
          1660   8.824853e-07   1.464266e-03   2.784800e-03   2.056616e-06   0.000000e+00   2.341773e-01   2.033196e-07 
          1661   8.846463e-07   1.463989e-03   2.786839e-03   2.055862e-06   0.000000e+00   2.339010e-01   2.032585e-07 
          1662   8.868680e-07   1.463715e-03   2.788938e-03   2.055686e-06   0.000000e+00   2.336259e-01   2.031975e-07 
          1663   8.890565e-07   1.463444e-03   2.791065e-03   2.054935e-06   0.000000e+00   2.333517e-01   2.031365e-07 
          1664   8.912827e-07   1.463175e-03   2.793133e-03   2.055090e-06   0.000000e+00   2.330778e-01   2.030757e-07 
          1665   8.934717e-07   1.462893e-03   2.795314e-03   2.053595e-06   0.000000e+00   2.328026e-01   2.030133e-07 
          1666   8.956721e-07   1.462614e-03   2.797459e-03   2.052643e-06   0.000000e+00   2.325286e-01   2.029512e-07 
          1667   8.978160e-07   1.462339e-03   2.799618e-03   2.050760e-06   0.000000e+00   2.322556e-01   2.028892e-07 
          1668   8.999634e-07   1.462067e-03   2.801866e-03   2.050469e-06   0.000000e+00   2.319825e-01   2.028274e-07 
          1669   9.020659e-07   1.461766e-03   2.804016e-03   2.050097e-06   0.000000e+00   2.317049e-01   2.027633e-07 
          1670   9.041764e-07   1.461472e-03   2.806218e-03   2.049875e-06   0.000000e+00   2.314291e-01   2.026996e-07 
          1671   9.062502e-07   1.461182e-03   2.808421e-03   2.048191e-06   0.000000e+00   2.311548e-01   2.026363e-07 
          1672   9.083302e-07   1.460896e-03   2.810623e-03   2.047171e-06   0.000000e+00   2.308815e-01   2.025732e-07 
          1673   9.103891e-07   1.460613e-03   2.812810e-03   2.045137e-06   0.000000e+00   2.306092e-01   2.025102e-07 
          1674   9.124726e-07   1.460331e-03   2.815036e-03   2.044046e-06   0.000000e+00   2.303378e-01   2.024474e-07 
          1675   9.145251e-07   1.460052e-03   2.817263e-03   2.042157e-06   0.000000e+00   2.300673e-01   2.023847e-07 
          1676   9.165628e-07   1.459775e-03   2.819492e-03   2.041259e-06   0.000000e+00   2.297978e-01   2.023222e-07 
          1677   9.186044e-07   1.459500e-03   2.821731e-03   2.039511e-06   0.000000e+00   2.295291e-01   2.022597e-07 
          1678   9.206571e-07   1.459226e-03   2.823951e-03   2.038818e-06   0.000000e+00   2.292612e-01   2.021974e-07 
          1679   9.076578e-07   1.458954e-03   2.826183e-03   2.036891e-06   0.000000e+00   2.289935e-01   2.021352e-07 
          1680   8.832893e-07   1.458657e-03   2.828424e-03   2.036264e-06   0.000000e+00   2.287207e-01   2.020716e-07 
          1681   8.634091e-07   1.458358e-03   2.830689e-03   2.034984e-06   0.000000e+00   2.284487e-01   2.020079e-07 
          1682   8.551786e-07   1.458066e-03   2.832947e-03   2.034619e-06   0.000000e+00   2.281786e-01   2.019447e-07 
          1683   8.581494e-07   1.457779e-03   2.835199e-03   2.033121e-06   0.000000e+00   2.279101e-01   2.018818e-07 
          1684   8.679134e-07   1.457494e-03   2.837464e-03   2.032390e-06   0.000000e+00   2.276429e-01   2.018191e-07 
          1685   8.808627e-07   1.457213e-03   2.839736e-03   2.030559e-06   0.000000e+00   2.273769e-01   2.017566e-07 
          1686   8.942080e-07   1.456934e-03   2.842027e-03   2.029516e-06   0.000000e+00   2.271120e-01   2.016943e-07 
          1687   9.071210e-07   1.456657e-03   2.844324e-03   2.027445e-06   0.000000e+00   2.268482e-01   2.016321e-07 
          1688   9.187417e-07   1.456383e-03   2.846616e-03   2.026448e-06   0.000000e+00   2.265849e-01   2.015701e-07 
          1689   9.292751e-07   1.456088e-03   2.848945e-03   2.024306e-06   0.000000e+00   2.263167e-01   2.015074e-07 
          1690   9.383588e-07   1.455792e-03   2.851217e-03   2.023365e-06   0.000000e+00   2.260490e-01   2.014448e-07 
          1691   9.463874e-07   1.455501e-03   2.853504e-03   2.021438e-06   0.000000e+00   2.257829e-01   2.013823e-07 
          1692   9.531117e-07   1.455195e-03   2.855824e-03   2.020557e-06   0.000000e+00   2.255143e-01   2.013188e-07 
          1693   9.589467e-07   1.454883e-03   2.858137e-03   2.018562e-06   0.000000e+00   2.252445e-01   2.012553e-07 
          1694   9.637347e-07   1.454580e-03   2.860455e-03   2.017660e-06   0.000000e+00   2.249780e-01   2.011922e-07 
          1695   9.678764e-07   1.454284e-03   2.862779e-03   2.015704e-06   0.000000e+00   2.247138e-01   2.011294e-07 
          1696   9.712017e-07   1.453993e-03   2.865096e-03   2.014868e-06   0.000000e+00   2.244512e-01   2.010668e-07 
          1697   9.741403e-07   1.453705e-03   2.867412e-03   2.012918e-06   0.000000e+00   2.241902e-01   2.010044e-07 
          1698   9.765051e-07   1.453420e-03   2.869705e-03   2.011969e-06   0.000000e+00   2.239303e-01   2.009421e-07 
          1699   9.784922e-07   1.453137e-03   2.871992e-03   2.009822e-06   0.000000e+00   2.236714e-01   2.008799e-07 
          1700   9.798314e-07   1.452858e-03   2.874296e-03   2.008773e-06   0.000000e+00   2.234139e-01   2.008178e-07 
          1701   9.810577e-07   1.452582e-03   2.876600e-03   2.006657e-06   0.000000e+00   2.231575e-01   2.007559e-07 
          1702   9.820380e-07   1.452307e-03   2.878903e-03   2.005678e-06   0.000000e+00   2.229018e-01   2.006940e-07 
          1703   9.831602e-07   1.452030e-03   2.881175e-03   2.003568e-06   0.000000e+00   2.226454e-01   2.006321e-07 
          1704   9.841680e-07   1.451728e-03   2.883474e-03   2.002759e-06   0.000000e+00   2.223839e-01   2.005690e-07 
          1705   9.854187e-07   1.451436e-03   2.885792e-03   2.001048e-06   0.000000e+00   2.221254e-01   2.005063e-07 
          1706   9.865857e-07   1.451150e-03   2.888061e-03   2.000401e-06   0.000000e+00   2.218692e-01   2.004441e-07 
          1707   9.878300e-07   1.450869e-03   2.890319e-03   1.998586e-06   0.000000e+00   2.216144e-01   2.003820e-07 
          1708   9.889651e-07   1.450591e-03   2.892599e-03   1.997797e-06   0.000000e+00   2.213611e-01   2.003201e-07 
          1709   9.901557e-07   1.450317e-03   2.894886e-03   1.995704e-06   0.000000e+00   2.211091e-01   2.002584e-07 
          1710   9.912107e-07   1.450045e-03   2.897174e-03   1.994798e-06   0.000000e+00   2.208583e-01   2.001969e-07 
          1711   9.924505e-07   1.449777e-03   2.899459e-03   1.992759e-06   0.000000e+00   2.206086e-01   2.001354e-07 
          1712   9.934928e-07   1.449511e-03   2.901728e-03   1.991861e-06   0.000000e+00   2.203596e-01   2.000741e-07 
          1713   9.946585e-07   1.449242e-03   2.903978e-03   1.989830e-06   0.000000e+00   2.201106e-01   2.000124e-07 
          1714   9.957470e-07   1.448971e-03   2.906148e-03   1.988889e-06   0.000000e+00   2.198618e-01   1.999504e-07 
          1715   9.969383e-07   1.448699e-03   2.908298e-03   1.986841e-06   0.000000e+00   2.196126e-01   1.998881e-07 
          1716   9.979924e-07   1.448409e-03   2.910418e-03   1.986027e-06   0.000000e+00   2.193611e-01   1.998244e-07 
          1717   9.994551e-07   1.448125e-03   2.912528e-03   1.983941e-06   0.000000e+00   2.191111e-01   1.997611e-07 
          1718   1.000865e-06   1.447846e-03   2.914605e-03   1.983005e-06   0.000000e+00   2.188624e-01   1.996981e-07 
          1719   1.002436e-06   1.447569e-03   2.916692e-03   1.980914e-06   0.000000e+00   2.186147e-01   1.996353e-07 
          1720   1.003835e-06   1.447296e-03   2.918770e-03   1.979976e-06   0.000000e+00   2.183678e-01   1.995725e-07 
          1721   1.005365e-06   1.447023e-03   2.920837e-03   1.977910e-06   0.000000e+00   2.181216e-01   1.995099e-07 
          1722   1.006719e-06   1.446751e-03   2.922876e-03   1.977014e-06   0.000000e+00   2.178759e-01   1.994474e-07 
          1723   1.001715e-06   1.446481e-03   2.924902e-03   1.974593e-06   0.000000e+00   2.176312e-01   1.993850e-07 
          1724   9.664456e-07   1.446213e-03   2.926925e-03   1.971525e-06   0.000000e+00   2.173873e-01   1.993227e-07 
          1725   9.511193e-07   1.445942e-03   2.928980e-03   1.969060e-06   0.000000e+00   2.171424e-01   1.992604e-07 
          1726   9.396673e-07   1.445662e-03   2.931033e-03   1.967708e-06   0.000000e+00   2.168956e-01   1.991979e-07 
          1727   9.321163e-07   1.445388e-03   2.933098e-03   1.965448e-06   0.000000e+00   2.166511e-01   1.991357e-07 
          1728   9.202284e-07   1.445118e-03   2.935139e-03   1.964159e-06   0.000000e+00   2.164082e-01   1.990737e-07 
          1729   8.905815e-07   1.444851e-03   2.937158e-03   1.961634e-06   0.000000e+00   2.161660e-01   1.990118e-07 
          1730   8.628942e-07   1.444578e-03   2.939152e-03   1.961160e-06   0.000000e+00   2.159238e-01   1.989491e-07 
          1731   8.499596e-07   1.444309e-03   2.941176e-03   1.959662e-06   0.000000e+00   2.156828e-01   1.988866e-07 
          1732   8.518152e-07   1.444043e-03   2.943198e-03   1.959089e-06   0.000000e+00   2.154429e-01   1.988243e-07 
          1733   8.626665e-07   1.443779e-03   2.945263e-03   1.956952e-06   0.000000e+00   2.152038e-01   1.987621e-07 
          1734   8.762755e-07   1.443517e-03   2.947347e-03   1.955978e-06   0.000000e+00   2.149656e-01   1.987000e-07 
          1735   8.890679e-07   1.443257e-03   2.949378e-03   1.953682e-06   0.000000e+00   2.147282e-01   1.986379e-07 
          1736   8.966568e-07   1.443000e-03   2.951407e-03   1.952637e-06   0.000000e+00   2.144915e-01   1.985760e-07 
          1737   9.041122e-07   1.442744e-03   2.953446e-03   1.950399e-06   0.000000e+00   2.142556e-01   1.985141e-07 
          1738   9.113353e-07   1.442489e-03   2.955470e-03   1.949197e-06   0.000000e+00   2.140204e-01   1.984523e-07 
          1739   9.181438e-07   1.442234e-03   2.957498e-03   1.947046e-06   0.000000e+00   2.137854e-01   1.983905e-07 
          1740   9.229860e-07   1.441979e-03   2.959537e-03   1.945992e-06   0.000000e+00   2.135503e-01   1.983288e-07 
          1741   9.262712e-07   1.441718e-03   2.961565e-03   1.943962e-06   0.000000e+00   2.133152e-01   1.982664e-07 
          1742   9.282004e-07   1.441460e-03   2.963634e-03   1.943045e-06   0.000000e+00   2.130803e-01   1.982041e-07 
          1743   9.292030e-07   1.441177e-03   2.965682e-03   1.940984e-06   0.000000e+00   2.128406e-01   1.981402e-07 
          1744   9.293220e-07   1.440890e-03   2.967719e-03   1.940263e-06   0.000000e+00   2.125997e-01   1.980763e-07 
          1745   9.290737e-07   1.440593e-03   2.969758e-03   1.938321e-06   0.000000e+00   2.123570e-01   1.980122e-07 
          1746   9.282635e-07   1.440304e-03   2.971792e-03   1.937405e-06   0.000000e+00   2.121161e-01   1.979485e-07 
          1747   9.272092e-07   1.440009e-03   2.973839e-03   1.935349e-06   0.000000e+00   2.118757e-01   1.978841e-07 
          1748   9.257963e-07   1.439706e-03   2.975885e-03   1.934412e-06   0.000000e+00   2.116330e-01   1.978195e-07 
          1749   9.243814e-07   1.439399e-03   2.977947e-03   1.932206e-06   0.000000e+00   2.113909e-01   1.977543e-07 
          1750   9.228002e-07   1.439102e-03   2.979991e-03   1.931174e-06   0.000000e+00   2.111508e-01   1.976896e-07 
          1751   9.213568e-07   1.438808e-03   2.982038e-03   1.928975e-06   0.000000e+00   2.109117e-01   1.976251e-07 
          1752   9.011146e-07   1.438515e-03   2.984086e-03   1.927692e-06   0.000000e+00   2.106731e-01   1.975605e-07 
          1753   8.761113e-07   1.438226e-03   2.986142e-03   1.925413e-06   0.000000e+00   2.104358e-01   1.974962e-07 
          1754   8.614298e-07   1.437941e-03   2.988203e-03   1.924368e-06   0.000000e+00   2.101994e-01   1.974319e-07 
          1755   8.528716e-07   1.437656e-03   2.990269e-03   1.922160e-06   0.000000e+00   2.099626e-01   1.973674e-07 
          1756   8.478669e-07   1.437355e-03   2.992321e-03   1.921078e-06   0.000000e+00   2.097242e-01   1.973016e-07 
          1757   8.448775e-07   1.437061e-03   2.994342e-03   1.918666e-06   0.000000e+00   2.094870e-01   1.972360e-07 
          1758   8.429725e-07   1.436770e-03   2.996370e-03   1.917394e-06   0.000000e+00   2.092509e-01   1.971707e-07 
          1759   8.417401e-07   1.436482e-03   2.998408e-03   1.915149e-06   0.000000e+00   2.090156e-01   1.971055e-07 
          1760   8.410042e-07   1.436191e-03   3.000445e-03   1.914092e-06   0.000000e+00   2.087793e-01   1.970403e-07 
          1761   8.405123e-07   1.435892e-03   3.002476e-03   1.911995e-06   0.000000e+00   2.085414e-01   1.969750e-07 
          1762   8.401177e-07   1.435599e-03   3.004495e-03   1.911014e-06   0.000000e+00   2.083056e-01   1.969098e-07 
          1763   8.384377e-07   1.435310e-03   3.006528e-03   1.908838e-06   0.000000e+00   2.080712e-01   1.968448e-07 
          1764   8.087037e-07   1.435024e-03   3.008562e-03   1.907342e-06   0.000000e+00   2.078379e-01   1.967799e-07 
          1765   7.804792e-07   1.434732e-03   3.010604e-03   1.905432e-06   0.000000e+00   2.076031e-01   1.967149e-07 
          1766   7.681722e-07   1.434438e-03   3.012662e-03   1.904766e-06   0.000000e+00   2.073683e-01   1.966500e-07 
          1767   7.712394e-07   1.434149e-03   3.014750e-03   1.902775e-06   0.000000e+00   2.071354e-01   1.965852e-07 
          1768   7.823700e-07   1.433864e-03   3.016858e-03   1.901645e-06   0.000000e+00   2.069041e-01   1.965206e-07 
          1769   7.943901e-07   1.433583e-03   3.018989e-03   1.899325e-06   0.000000e+00   2.066739e-01   1.964561e-07 
          1770   8.036933e-07   1.433305e-03   3.021099e-03   1.897990e-06   0.000000e+00   2.064449e-01   1.963917e-07 
          1771   8.090984e-07   1.433030e-03   3.023229e-03   1.895644e-06   0.000000e+00   2.062168e-01   1.963275e-07 
          1772   8.114723e-07   1.432757e-03   3.025385e-03   1.894369e-06   0.000000e+00   2.059892e-01   1.962633e-07 
          1773   8.115249e-07   1.432463e-03   3.027530e-03   1.892128e-06   0.000000e+00   2.057571e-01   1.961983e-07 
          1774   8.102290e-07   1.432173e-03   3.029668e-03   1.891187e-06   0.000000e+00   2.055268e-01   1.961335e-07 
          1775   8.080671e-07   1.431890e-03   3.031798e-03   1.889349e-06   0.000000e+00   2.052984e-01   1.960690e-07 
          1776   8.055720e-07   1.431607e-03   3.033928e-03   1.888626e-06   0.000000e+00   2.050701e-01   1.960045e-07 
          1777   8.027576e-07   1.431304e-03   3.036062e-03   1.886787e-06   0.000000e+00   2.048380e-01   1.959390e-07 
          1778   8.000306e-07   1.431008e-03   3.038150e-03   1.886150e-06   0.000000e+00   2.046085e-01   1.958739e-07 
          1779   7.973129e-07   1.430719e-03   3.040256e-03   1.884452e-06   0.000000e+00   2.043809e-01   1.958092e-07 
          1780   7.948495e-07   1.430435e-03   3.042401e-03   1.883835e-06   0.000000e+00   2.041548e-01   1.957447e-07 
          1781   7.924454e-07   1.430153e-03   3.044575e-03   1.882093e-06   0.000000e+00   2.039299e-01   1.956804e-07 
          1782   7.903141e-07   1.429876e-03   3.046704e-03   1.881430e-06   0.000000e+00   2.037062e-01   1.956163e-07 
          1783   7.882225e-07   1.429601e-03   3.048838e-03   1.879771e-06   0.000000e+00   2.034838e-01   1.955524e-07 
          1784   7.863720e-07   1.429329e-03   3.050978e-03   1.879125e-06   0.000000e+00   2.032624e-01   1.954886e-07 
          1785   7.845411e-07   1.429060e-03   3.053136e-03   1.877403e-06   0.000000e+00   2.030421e-01   1.954250e-07 
          1786   7.829277e-07   1.428794e-03   3.055287e-03   1.876815e-06   0.000000e+00   2.028228e-01   1.953615e-07 
          1787   7.812578e-07   1.428528e-03   3.057445e-03   1.875102e-06   0.000000e+00   2.026042e-01   1.952981e-07 
          1788   7.797390e-07   1.428265e-03   3.059588e-03   1.874656e-06   0.000000e+00   2.023859e-01   1.952349e-07 
          1789   7.781174e-07   1.427985e-03   3.061752e-03   1.873293e-06   0.000000e+00   2.021642e-01   1.951705e-07 
          1790   7.766310e-07   1.427693e-03   3.063909e-03   1.872999e-06   0.000000e+00   2.019409e-01   1.951056e-07 
          1791   7.750347e-07   1.427409e-03   3.066060e-03   1.871734e-06   0.000000e+00   2.017199e-01   1.950412e-07 
          1792   7.735228e-07   1.427128e-03   3.068201e-03   1.871132e-06   0.000000e+00   2.015002e-01   1.949769e-07 
          1793   7.718520e-07   1.426851e-03   3.070377e-03   1.869382e-06   0.000000e+00   2.012820e-01   1.949128e-07 
          1794   7.703167e-07   1.426578e-03   3.072500e-03   1.868908e-06   0.000000e+00   2.010649e-01   1.948489e-07 
          1795   7.686631e-07   1.426309e-03   3.074656e-03   1.867467e-06   0.000000e+00   2.008491e-01   1.947851e-07 
          1796   7.654226e-07   1.426042e-03   3.076796e-03   1.867024e-06   0.000000e+00   2.006341e-01   1.947215e-07 
          1797   7.623272e-07   1.425776e-03   3.078944e-03   1.865520e-06   0.000000e+00   2.004192e-01   1.946578e-07 
          1798   7.597620e-07   1.425490e-03   3.081077e-03   1.865147e-06   0.000000e+00   2.002012e-01   1.945929e-07 
          1799   7.574471e-07   1.425210e-03   3.083223e-03   1.863683e-06   0.000000e+00   1.999851e-01   1.945284e-07 
          1800   7.555830e-07   1.424936e-03   3.085361e-03   1.863315e-06   0.000000e+00   1.997705e-01   1.944641e-07 
          1801   7.537771e-07   1.424665e-03   3.087505e-03   1.861917e-06   0.000000e+00   1.995570e-01   1.944001e-07 
          1802   7.522575e-07   1.424397e-03   3.089639e-03   1.861723e-06   0.000000e+00   1.993445e-01   1.943362e-07 
          1803   7.506862e-07   1.424131e-03   3.091781e-03   1.860474e-06   0.000000e+00   1.991331e-01   1.942725e-07 
          1804   7.492470e-07   1.423869e-03   3.093919e-03   1.860306e-06   0.000000e+00   1.989227e-01   1.942090e-07 
          1805   7.476481e-07   1.423608e-03   3.096065e-03   1.859004e-06   0.000000e+00   1.987132e-01   1.941456e-07 
          1806   7.461458e-07   1.423351e-03   3.098202e-03   1.858751e-06   0.000000e+00   1.985047e-01   1.940823e-07 
          1807   7.442284e-07   1.423095e-03   3.100346e-03   1.857436e-06   0.000000e+00   1.982971e-01   1.940192e-07 
          1808   7.418703e-07   1.422841e-03   3.102487e-03   1.857322e-06   0.000000e+00   1.980904e-01   1.939561e-07 
          1809   7.395371e-07   1.422590e-03   3.104645e-03   1.856130e-06   0.000000e+00   1.978845e-01   1.938933e-07 
          1810   7.376445e-07   1.422341e-03   3.106783e-03   1.856025e-06   0.000000e+00   1.976796e-01   1.938305e-07 
          1811   7.358281e-07   1.422093e-03   3.108936e-03   1.854875e-06   0.000000e+00   1.974755e-01   1.937679e-07 
          1812   7.342583e-07   1.421848e-03   3.111084e-03   1.854812e-06   0.000000e+00   1.972722e-01   1.937053e-07 
          1813   7.324407e-07   1.421605e-03   3.113248e-03   1.853606e-06   0.000000e+00   1.970697e-01   1.936429e-07 
          1814   7.307857e-07   1.421363e-03   3.115399e-03   1.853454e-06   0.000000e+00   1.968680e-01   1.935806e-07 
          1815   7.290503e-07   1.421123e-03   3.117560e-03   1.852166e-06   0.000000e+00   1.966669e-01   1.935183e-07 
          1816   7.275060e-07   1.420880e-03   3.119702e-03   1.851946e-06   0.000000e+00   1.964651e-01   1.934559e-07 
          1817   7.258440e-07   1.420625e-03   3.121868e-03   1.850757e-06   0.000000e+00   1.962625e-01   1.933926e-07 
          1818   7.244270e-07   1.420376e-03   3.124032e-03   1.850603e-06   0.000000e+00   1.960610e-01   1.933295e-07 
          1819   7.228163e-07   1.420129e-03   3.126192e-03   1.849279e-06   0.000000e+00   1.958605e-01   1.932666e-07 
          1820   7.212806e-07   1.419884e-03   3.128346e-03   1.849107e-06   0.000000e+00   1.956607e-01   1.932038e-07 
          1821   7.195830e-07   1.419642e-03   3.130512e-03   1.847825e-06   0.000000e+00   1.954616e-01   1.931411e-07 
          1822   7.180490e-07   1.419401e-03   3.132658e-03   1.847612e-06   0.000000e+00   1.952631e-01   1.930785e-07 
          1823   7.164144e-07   1.419157e-03   3.134809e-03   1.846228e-06   0.000000e+00   1.950637e-01   1.930158e-07 
          1824   7.149697e-07   1.418905e-03   3.136992e-03   1.846143e-06   0.000000e+00   1.948631e-01   1.929530e-07 
          1825   7.103913e-07   1.418657e-03   3.139148e-03   1.845186e-06   0.000000e+00   1.946640e-01   1.928903e-07 
          1826   7.086249e-07   1.418412e-03   3.141284e-03   1.845372e-06   0.000000e+00   1.944660e-01   1.928277e-07 
          1827   7.086116e-07   1.418170e-03   3.143428e-03   1.844161e-06   0.000000e+00   1.942690e-01   1.927652e-07 
          1828   7.086364e-07   1.417930e-03   3.145580e-03   1.843952e-06   0.000000e+00   1.940729e-01   1.927029e-07 
          1829   7.077525e-07   1.417683e-03   3.147709e-03   1.842296e-06   0.000000e+00   1.938752e-01   1.926402e-07 
          1830   7.062495e-07   1.417429e-03   3.149842e-03   1.841893e-06   0.000000e+00   1.936764e-01   1.925774e-07 
          1831   7.042799e-07   1.417180e-03   3.151991e-03   1.840506e-06   0.000000e+00   1.934796e-01   1.925147e-07 
          1832   7.024136e-07   1.416935e-03   3.154148e-03   1.840372e-06   0.000000e+00   1.932841e-01   1.924523e-07 
          1833   7.005740e-07   1.416694e-03   3.156318e-03   1.839090e-06   0.000000e+00   1.930897e-01   1.923900e-07 
          1834   6.991217e-07   1.416455e-03   3.158478e-03   1.838985e-06   0.000000e+00   1.928963e-01   1.923279e-07 
          1835   6.977824e-07   1.416216e-03   3.160639e-03   1.837652e-06   0.000000e+00   1.927033e-01   1.922658e-07 
          1836   6.967012e-07   1.415979e-03   3.162785e-03   1.837460e-06   0.000000e+00   1.925112e-01   1.922038e-07 
          1837   6.824615e-07   1.415745e-03   3.164958e-03   1.835796e-06   0.000000e+00   1.923198e-01   1.921419e-07 
          1838   6.676419e-07   1.415504e-03   3.167137e-03   1.835554e-06   0.000000e+00   1.921279e-01   1.920794e-07 
          1839   6.609140e-07   1.415263e-03   3.169308e-03   1.834288e-06   0.000000e+00   1.919363e-01   1.920168e-07 
          1840   6.626305e-07   1.415021e-03   3.171479e-03   1.833870e-06   0.000000e+00   1.917445e-01   1.919541e-07 
          1841   6.682554e-07   1.414762e-03   3.173664e-03   1.832153e-06   0.000000e+00   1.915498e-01   1.918905e-07 
          1842   6.741328e-07   1.414510e-03   3.175836e-03   1.831611e-06   0.000000e+00   1.913568e-01   1.918272e-07 
          1843   6.778667e-07   1.414262e-03   3.178031e-03   1.829908e-06   0.000000e+00   1.911651e-01   1.917642e-07 
          1844   6.795447e-07   1.414017e-03   3.180213e-03   1.829416e-06   0.000000e+00   1.909737e-01   1.917013e-07 
          1845   6.791246e-07   1.413754e-03   3.182394e-03   1.827806e-06   0.000000e+00   1.907796e-01   1.916372e-07 
          1846   6.777716e-07   1.413494e-03   3.184572e-03   1.827448e-06   0.000000e+00   1.905857e-01   1.915733e-07 
          1847   6.758201e-07   1.413206e-03   3.186754e-03   1.825946e-06   0.000000e+00   1.903864e-01   1.915083e-07 
          1848   6.739746e-07   1.412925e-03   3.188932e-03   1.825731e-06   0.000000e+00   1.901894e-01   1.914438e-07 
          1849   6.721084e-07   1.412652e-03   3.191144e-03   1.824441e-06   0.000000e+00   1.899946e-01   1.913797e-07 
          1850   6.706356e-07   1.412384e-03   3.193377e-03   1.824243e-06   0.000000e+00   1.898014e-01   1.913158e-07 
          1851   6.693152e-07   1.412121e-03   3.195625e-03   1.822845e-06   0.000000e+00   1.896097e-01   1.912522e-07 
          1852   6.681829e-07   1.411862e-03   3.197664e-03   1.822673e-06   0.000000e+00   1.894193e-01   1.911887e-07 
          1853   6.671579e-07   1.411605e-03   3.199799e-03   1.821321e-06   0.000000e+00   1.892297e-01   1.911254e-07 
          1854   6.664647e-07   1.411345e-03   3.201950e-03   1.821172e-06   0.000000e+00   1.890400e-01   1.910618e-07 
          1855   6.657858e-07   1.411084e-03   3.204117e-03   1.819846e-06   0.000000e+00   1.888512e-01   1.909980e-07 
          1856   6.652532e-07   1.410828e-03   3.206302e-03   1.819605e-06   0.000000e+00   1.886635e-01   1.909344e-07 
          1857   6.646059e-07   1.410573e-03   3.208460e-03   1.818125e-06   0.000000e+00   1.884764e-01   1.908710e-07 
          1858   6.640010e-07   1.410318e-03   3.210616e-03   1.817794e-06   0.000000e+00   1.882896e-01   1.908077e-07 
          1859   6.632497e-07   1.410062e-03   3.212780e-03   1.816321e-06   0.000000e+00   1.881027e-01   1.907443e-07 
          1860   6.624933e-07   1.409804e-03   3.214934e-03   1.815944e-06   0.000000e+00   1.879160e-01   1.906810e-07 
          1861   6.615522e-07   1.409551e-03   3.217080e-03   1.814561e-06   0.000000e+00   1.877308e-01   1.906179e-07 
          1862   6.605083e-07   1.409302e-03   3.219245e-03   1.814321e-06   0.000000e+00   1.875468e-01   1.905549e-07 
          1863   6.553274e-07   1.409050e-03   3.221429e-03   1.812943e-06   0.000000e+00   1.873624e-01   1.904919e-07 
          1864   6.534308e-07   1.408794e-03   3.223609e-03   1.812706e-06   0.000000e+00   1.871772e-01   1.904288e-07 
          1865   6.536103e-07   1.408533e-03   3.225769e-03   1.811319e-06   0.000000e+00   1.869922e-01   1.903651e-07 
          1866   6.544829e-07   1.408276e-03   3.227914e-03   1.810946e-06   0.000000e+00   1.868087e-01   1.903017e-07 
          1867   6.552158e-07   1.408024e-03   3.230054e-03   1.809444e-06   0.000000e+00   1.866264e-01   1.902384e-07 
          1868   6.556673e-07   1.407776e-03   3.232204e-03   1.808882e-06   0.000000e+00   1.864451e-01   1.901752e-07 
          1869   6.558428e-07   1.407530e-03   3.234347e-03   1.807303e-06   0.000000e+00   1.862646e-01   1.901122e-07 
          1870   6.558904e-07   1.407287e-03   3.236484e-03   1.806846e-06   0.000000e+00   1.860844e-01   1.900492e-07 
          1871   6.558061e-07   1.407033e-03   3.238623e-03   1.805301e-06   0.000000e+00   1.859036e-01   1.899854e-07 
          1872   6.556470e-07   1.406781e-03   3.240767e-03   1.804817e-06   0.000000e+00   1.857230e-01   1.899215e-07 
          1873   6.553565e-07   1.406515e-03   3.242911e-03   1.803001e-06   0.000000e+00   1.855413e-01   1.898566e-07 
          1874   6.545738e-07   1.406256e-03   3.245045e-03   1.802235e-06   0.000000e+00   1.853602e-01   1.897921e-07 
          1875   6.533972e-07   1.405992e-03   3.247190e-03   1.800293e-06   0.000000e+00   1.851774e-01   1.897274e-07 
          1876   6.525194e-07   1.405727e-03   3.249329e-03   1.799384e-06   0.000000e+00   1.849944e-01   1.896626e-07 
          1877   6.516961e-07   1.405467e-03   3.251441e-03   1.797448e-06   0.000000e+00   1.848126e-01   1.895980e-07 
          1878   6.509808e-07   1.405210e-03   3.253578e-03   1.796570e-06   0.000000e+00   1.846316e-01   1.895334e-07 
          1879   6.503518e-07   1.404956e-03   3.255833e-03   1.793808e-06   0.000000e+00   1.844513e-01   1.894690e-07 
          1880   6.496774e-07   1.404705e-03   3.257950e-03   1.792947e-06   0.000000e+00   1.842717e-01   1.894046e-07 
          1881   6.489282e-07   1.404456e-03   3.260007e-03   1.791190e-06   0.000000e+00   1.840927e-01   1.893403e-07 
          1882   6.481339e-07   1.404209e-03   3.262124e-03   1.790309e-06   0.000000e+00   1.839144e-01   1.892760e-07 
          1883   6.473125e-07   1.403964e-03   3.264257e-03   1.788492e-06   0.000000e+00   1.837363e-01   1.892118e-07 
          1884   6.464355e-07   1.403715e-03   3.266399e-03   1.787663e-06   0.000000e+00   1.835575e-01   1.891473e-07 
          1885   6.455521e-07   1.403456e-03   3.268526e-03   1.785954e-06   0.000000e+00   1.833776e-01   1.890820e-07 
          1886   6.446372e-07   1.403201e-03   3.270661e-03   1.785165e-06   0.000000e+00   1.831986e-01   1.890170e-07 
          1887   6.437183e-07   1.402950e-03   3.272798e-03   1.783343e-06   0.000000e+00   1.830204e-01   1.889521e-07 
          1888   6.428054e-07   1.402700e-03   3.274933e-03   1.782535e-06   0.000000e+00   1.828428e-01   1.888873e-07 
          1889   6.419116e-07   1.402453e-03   3.277069e-03   1.780802e-06   0.000000e+00   1.826658e-01   1.888226e-07 
          1890   6.410037e-07   1.402207e-03   3.279213e-03   1.780100e-06   0.000000e+00   1.824895e-01   1.887579e-07 
          1891   6.367369e-07   1.401963e-03   3.281183e-03   1.771885e-06   0.000000e+00   1.823138e-01   1.886934e-07 
          1892   6.392137e-07   1.401720e-03   3.283382e-03   1.781458e-06   0.000000e+00   1.821387e-01   1.886289e-07 
          1893   6.377987e-07   1.401478e-03   3.285592e-03   1.779012e-06   0.000000e+00   1.819641e-01   1.885645e-07 
          1894   6.325653e-07   1.401237e-03   3.287544e-03   1.769793e-06   0.000000e+00   1.817900e-01   1.885002e-07 
          1895   6.346771e-07   1.400998e-03   3.289811e-03   1.778285e-06   0.000000e+00   1.816162e-01   1.884359e-07 
          1896   6.334729e-07   1.400746e-03   3.291970e-03   1.775567e-06   0.000000e+00   1.814403e-01   1.883709e-07 
          1897   6.293513e-07   1.400492e-03   3.293928e-03   1.766121e-06   0.000000e+00   1.812647e-01   1.883059e-07 
          1898   6.318314e-07   1.400242e-03   3.296182e-03   1.774837e-06   0.000000e+00   1.810902e-01   1.882411e-07 
          1899   6.309267e-07   1.399993e-03   3.298395e-03   1.772255e-06   0.000000e+00   1.809163e-01   1.881764e-07 
          1900   6.271756e-07   1.399747e-03   3.300359e-03   1.763311e-06   0.000000e+00   1.807433e-01   1.881118e-07 
          1901   6.295096e-07   1.399503e-03   3.302629e-03   1.772345e-06   0.000000e+00   1.805712e-01   1.880474e-07 
          1902   6.285757e-07   1.399261e-03   3.304864e-03   1.769735e-06   0.000000e+00   1.803998e-01   1.879832e-07 
          1903   6.245785e-07   1.399021e-03   3.306822e-03   1.760928e-06   0.000000e+00   1.802289e-01   1.879190e-07 
          1904   6.267794e-07   1.398768e-03   3.309105e-03   1.769717e-06   0.000000e+00   1.800559e-01   1.878544e-07 
          1905   6.257625e-07   1.398517e-03   3.311329e-03   1.767158e-06   0.000000e+00   1.798837e-01   1.877899e-07 
          1906   6.218542e-07   1.398270e-03   3.313268e-03   1.758327e-06   0.000000e+00   1.797129e-01   1.877256e-07 
          1907   6.237697e-07   1.398027e-03   3.315517e-03   1.767197e-06   0.000000e+00   1.795432e-01   1.876615e-07 
          1908   6.226561e-07   1.397785e-03   3.317709e-03   1.764734e-06   0.000000e+00   1.793744e-01   1.875975e-07 
          1909   6.188573e-07   1.397547e-03   3.319725e-03   1.743655e-06   0.000000e+00   1.792063e-01   1.875338e-07 
          1910   6.200679e-07   1.397299e-03   3.322135e-03   1.771634e-06   0.000000e+00   1.790364e-01   1.874697e-07 
          1911   6.164374e-07   1.397043e-03   3.323825e-03   1.759426e-06   0.000000e+00   1.788653e-01   1.874053e-07 
          1912   6.184144e-07   1.396785e-03   3.326036e-03   1.766198e-06   0.000000e+00   1.786946e-01   1.873407e-07 
          1913   6.148704e-07   1.396533e-03   3.327904e-03   1.756198e-06   0.000000e+00   1.785256e-01   1.872765e-07 
          1914   6.161663e-07   1.396285e-03   3.330216e-03   1.763467e-06   0.000000e+00   1.783579e-01   1.872125e-07 
          1915   6.122585e-07   1.396040e-03   3.331977e-03   1.740788e-06   0.000000e+00   1.781914e-01   1.871488e-07 
          1916   6.135657e-07   1.395798e-03   3.334201e-03   1.767961e-06   0.000000e+00   1.780255e-01   1.870852e-07 
          1917   6.093729e-07   1.395549e-03   3.335960e-03   1.743540e-06   0.000000e+00   1.778589e-01   1.870210e-07 
          1918   6.109213e-07   1.395299e-03   3.338284e-03   1.769535e-06   0.000000e+00   1.776928e-01   1.869568e-07 
          1919   6.070845e-07   1.395050e-03   3.340066e-03   1.744641e-06   0.000000e+00   1.775274e-01   1.868927e-07 
          1920   6.019189e-07   1.394805e-03   3.342221e-03   1.769055e-06   0.000000e+00   1.773631e-01   1.868288e-07 
          1921   5.968063e-07   1.394563e-03   3.344000e-03   1.743175e-06   0.000000e+00   1.771998e-01   1.867651e-07 
          1922   6.003736e-07   1.394323e-03   3.346166e-03   1.766677e-06   0.000000e+00   1.770373e-01   1.867014e-07 
          1923   5.953589e-07   1.394086e-03   3.348022e-03   1.740532e-06   0.000000e+00   1.768757e-01   1.866379e-07 
          1924   5.997554e-07   1.393851e-03   3.350156e-03   1.764578e-06   0.000000e+00   1.767150e-01   1.865746e-07 
          1925   5.944455e-07   1.393619e-03   3.352025e-03   1.738979e-06   0.000000e+00   1.765551e-01   1.865114e-07 
          1926   5.991888e-07   1.393388e-03   3.354154e-03   1.763674e-06   0.000000e+00   1.763961e-01   1.864483e-07 
          1927   5.939067e-07   1.393161e-03   3.356014e-03   1.738470e-06   0.000000e+00   1.762379e-01   1.863853e-07 
          1928   5.988295e-07   1.392935e-03   3.358169e-03   1.763109e-06   0.000000e+00   1.760805e-01   1.863224e-07 
          1929   5.936174e-07   1.392711e-03   3.359953e-03   1.737858e-06   0.000000e+00   1.759239e-01   1.862597e-07 
          1930   5.984977e-07   1.392489e-03   3.362151e-03   1.761987e-06   0.000000e+00   1.757680e-01   1.861971e-07 
          1931   5.932388e-07   1.392270e-03   3.363956e-03   1.736519e-06   0.000000e+00   1.756129e-01   1.861346e-07 
          1932   5.979350e-07   1.392050e-03   3.366127e-03   1.760683e-06   0.000000e+00   1.754582e-01   1.860721e-07 
          1933   5.926280e-07   1.391828e-03   3.367949e-03   1.735231e-06   0.000000e+00   1.753032e-01   1.860096e-07 
          1934   5.971342e-07   1.391602e-03   3.370117e-03   1.759789e-06   0.000000e+00   1.751477e-01   1.859469e-07 
          1935   5.916258e-07   1.391379e-03   3.372082e-03   1.734393e-06   0.000000e+00   1.749935e-01   1.858845e-07 
          1936   5.959310e-07   1.391160e-03   3.374125e-03   1.759337e-06   0.000000e+00   1.748403e-01   1.858222e-07 
          1937   5.904367e-07   1.390943e-03   3.376080e-03   1.733870e-06   0.000000e+00   1.746881e-01   1.857600e-07 
          1938   5.947940e-07   1.390729e-03   3.378121e-03   1.758724e-06   0.000000e+00   1.745367e-01   1.856980e-07 
          1939   5.893544e-07   1.390517e-03   3.380063e-03   1.733164e-06   0.000000e+00   1.743861e-01   1.856360e-07 
          1940   5.937297e-07   1.390307e-03   3.382109e-03   1.757864e-06   0.000000e+00   1.742362e-01   1.855742e-07 
          1941   5.877656e-07   1.390099e-03   3.384040e-03   1.732454e-06   0.000000e+00   1.740871e-01   1.855124e-07 
          1942   5.914465e-07   1.389893e-03   3.386117e-03   1.757220e-06   0.000000e+00   1.739379e-01   1.854507e-07 
          1943   5.861613e-07   1.389666e-03   3.388026e-03   1.732066e-06   0.000000e+00   1.737854e-01   1.853878e-07 
          1944   5.900486e-07   1.389431e-03   3.390065e-03   1.756779e-06   0.000000e+00   1.736325e-01   1.853245e-07 
          1945   5.853131e-07   1.389202e-03   3.391985e-03   1.731631e-06   0.000000e+00   1.734807e-01   1.852614e-07 
          1946   5.891496e-07   1.388972e-03   3.393999e-03   1.756099e-06   0.000000e+00   1.733289e-01   1.851983e-07 
          1947   5.845219e-07   1.388742e-03   3.395911e-03   1.731119e-06   0.000000e+00   1.731775e-01   1.851354e-07 
          1948   5.882569e-07   1.388517e-03   3.397952e-03   1.755319e-06   0.000000e+00   1.730272e-01   1.850726e-07 
          1949   5.838534e-07   1.388289e-03   3.399848e-03   1.730413e-06   0.000000e+00   1.728767e-01   1.850098e-07 
          1950   5.876001e-07   1.388058e-03   3.401911e-03   1.754507e-06   0.000000e+00   1.727256e-01   1.849468e-07 
          1951   5.833129e-07   1.387816e-03   3.403810e-03   1.729659e-06   0.000000e+00   1.725731e-01   1.848835e-07 
          1952   5.870490e-07   1.387581e-03   3.405854e-03   1.753936e-06   0.000000e+00   1.724224e-01   1.848205e-07 
          1953   5.827434e-07   1.387351e-03   3.407760e-03   1.729118e-06   0.000000e+00   1.722730e-01   1.847577e-07 
          1954   5.864392e-07   1.387124e-03   3.409811e-03   1.753312e-06   0.000000e+00   1.721248e-01   1.846951e-07 
          1955   5.820908e-07   1.386901e-03   3.411693e-03   1.728389e-06   0.000000e+00   1.719776e-01   1.846327e-07 
          1956   5.857538e-07   1.386681e-03   3.413762e-03   1.752602e-06   0.000000e+00   1.718314e-01   1.845703e-07 
          1957   5.813763e-07   1.386463e-03   3.415625e-03   1.727678e-06   0.000000e+00   1.716860e-01   1.845082e-07 
          1958   5.847235e-07   1.386248e-03   3.417704e-03   1.751870e-06   0.000000e+00   1.715416e-01   1.844461e-07 
          1959   5.802388e-07   1.386036e-03   3.419562e-03   1.727080e-06   0.000000e+00   1.713981e-01   1.843842e-07 
          1960   5.838822e-07   1.385826e-03   3.421648e-03   1.751286e-06   0.000000e+00   1.712553e-01   1.843223e-07 
          1961   5.797088e-07   1.385618e-03   3.423493e-03   1.726525e-06   0.000000e+00   1.711134e-01   1.842607e-07 
          1962   5.834445e-07   1.385413e-03   3.425584e-03   1.750703e-06   0.000000e+00   1.709717e-01   1.841990e-07 
          1963   5.793987e-07   1.385198e-03   3.427434e-03   1.726050e-06   0.000000e+00   1.708293e-01   1.841368e-07 
          1964   5.831029e-07   1.384986e-03   3.429535e-03   1.750111e-06   0.000000e+00   1.706878e-01   1.840747e-07 
          1965   5.790835e-07   1.384778e-03   3.431342e-03   1.725433e-06   0.000000e+00   1.705471e-01   1.840128e-07 
          1966   5.827386e-07   1.384572e-03   3.433474e-03   1.749323e-06   0.000000e+00   1.704067e-01   1.839509e-07 
          1967   5.789177e-07   1.384352e-03   3.435302e-03   1.724608e-06   0.000000e+00   1.702642e-01   1.838883e-07 
          1968   5.826825e-07   1.384136e-03   3.437395e-03   1.748489e-06   0.000000e+00   1.701226e-01   1.838259e-07 
          1969   5.789455e-07   1.383911e-03   3.439244e-03   1.724146e-06   0.000000e+00   1.699796e-01   1.837630e-07 
          1970   5.826559e-07   1.383687e-03   3.441316e-03   1.747787e-06   0.000000e+00   1.698372e-01   1.837003e-07 
          1971   5.788173e-07   1.383468e-03   3.443195e-03   1.723371e-06   0.000000e+00   1.696960e-01   1.836378e-07 
          1972   5.824471e-07   1.383252e-03   3.445249e-03   1.746956e-06   0.000000e+00   1.695558e-01   1.835754e-07 
          1973   5.786375e-07   1.383038e-03   3.447098e-03   1.722549e-06   0.000000e+00   1.694163e-01   1.835132e-07 
          1974   5.819701e-07   1.382826e-03   3.449131e-03   1.746003e-06   0.000000e+00   1.692776e-01   1.834510e-07 
          1975   5.780627e-07   1.382617e-03   3.451062e-03   1.721700e-06   0.000000e+00   1.691397e-01   1.833891e-07 
          1976   5.815656e-07   1.382410e-03   3.453088e-03   1.745224e-06   0.000000e+00   1.690021e-01   1.833272e-07 
          1977   5.776643e-07   1.382195e-03   3.455009e-03   1.720973e-06   0.000000e+00   1.688639e-01   1.832647e-07 
          1978   5.813360e-07   1.381982e-03   3.457017e-03   1.744274e-06   0.000000e+00   1.687266e-01   1.832024e-07 
          1979   5.778050e-07   1.381773e-03   3.458894e-03   1.720014e-06   0.000000e+00   1.685901e-01   1.831403e-07 
          1980   5.814694e-07   1.381567e-03   3.460958e-03   1.743046e-06   0.000000e+00   1.684543e-01   1.830782e-07 
          1981   5.781376e-07   1.381362e-03   3.462820e-03   1.719008e-06   0.000000e+00   1.683191e-01   1.830163e-07 
          1982   5.817410e-07   1.381157e-03   3.464877e-03   1.741842e-06   0.000000e+00   1.681837e-01   1.829543e-07 
          1983   5.782484e-07   1.380942e-03   3.466748e-03   1.718036e-06   0.000000e+00   1.680472e-01   1.828917e-07 
          1984   5.815612e-07   1.380731e-03   3.468792e-03   1.740653e-06   0.000000e+00   1.679115e-01   1.828293e-07 
          1985   5.783248e-07   1.380516e-03   3.470655e-03   1.716911e-06   0.000000e+00   1.677753e-01   1.827667e-07 
          1986   5.819172e-07   1.380289e-03   3.472676e-03   1.739642e-06   0.000000e+00   1.676373e-01   1.827034e-07 
          1987   5.790742e-07   1.380067e-03   3.474590e-03   1.715714e-06   0.000000e+00   1.675006e-01   1.826404e-07 
          1988   5.827529e-07   1.379848e-03   3.476591e-03   1.738170e-06   0.000000e+00   1.673645e-01   1.825775e-07 
          1989   5.800424e-07   1.379624e-03   3.478474e-03   1.714321e-06   0.000000e+00   1.672280e-01   1.825143e-07 
          1990   5.835963e-07   1.379388e-03   3.480467e-03   1.736413e-06   0.000000e+00   1.670904e-01   1.824503e-07 
          1991   5.808559e-07   1.379152e-03   3.482379e-03   1.712268e-06   0.000000e+00   1.669530e-01   1.823862e-07 
          1992   5.839757e-07   1.378922e-03   3.484363e-03   1.733678e-06   0.000000e+00   1.668163e-01   1.823224e-07 
          1993   5.809709e-07   1.378696e-03   3.486262e-03   1.709495e-06   0.000000e+00   1.666802e-01   1.822588e-07 
          1994   5.841098e-07   1.378472e-03   3.488296e-03   1.730342e-06   0.000000e+00   1.665446e-01   1.821952e-07 
          1995   5.810505e-07   1.378251e-03   3.490110e-03   1.706280e-06   0.000000e+00   1.664094e-01   1.821317e-07 
          1996   5.839675e-07   1.378031e-03   3.492178e-03   1.727229e-06   0.000000e+00   1.662746e-01   1.820682e-07 
          1997   5.809705e-07   1.377813e-03   3.493963e-03   1.703621e-06   0.000000e+00   1.661402e-01   1.820049e-07 
          1998   5.838747e-07   1.377596e-03   3.496056e-03   1.724563e-06   0.000000e+00   1.660062e-01   1.819414e-07 
          1999   5.809048e-07   1.377380e-03   3.497906e-03   1.701146e-06   0.000000e+00   1.658726e-01   1.818781e-07 
          2000   5.837104e-07   1.377166e-03   3.499950e-03   1.722119e-06   0.000000e+00   1.657394e-01   1.818149e-07 
          2001   5.807580e-07   1.376954e-03   3.501710e-03   1.699026e-06   0.000000e+00   1.656067e-01   1.817517e-07 
          2002   5.834651e-07   1.376743e-03   3.503836e-03   1.719673e-06   0.000000e+00   1.654745e-01   1.816885e-07 
          2003   5.804369e-07   1.376533e-03   3.505575e-03   1.696927e-06   0.000000e+00   1.653428e-01   1.816255e-07 
          2004   5.829339e-07   1.376324e-03   3.507676e-03   1.717362e-06   0.000000e+00   1.652113e-01   1.815624e-07 
          2005   5.799458e-07   1.376114e-03   3.509439e-03   1.694813e-06   0.000000e+00   1.650801e-01   1.814994e-07 
          2006   5.806682e-07   1.375905e-03   3.511334e-03   1.708020e-06   0.000000e+00   1.649492e-01   1.814364e-07 
          2007   5.811566e-07   1.375697e-03   3.513189e-03   1.706589e-06   0.000000e+00   1.648190e-01   1.813734e-07 
          2008   5.807837e-07   1.375491e-03   3.515106e-03   1.704173e-06   0.000000e+00   1.646892e-01   1.813106e-07 
          2009   5.799378e-07   1.375283e-03   3.517059e-03   1.702385e-06   0.000000e+00   1.645591e-01   1.812477e-07 
          2010   5.788953e-07   1.375072e-03   3.518976e-03   1.701032e-06   0.000000e+00   1.644289e-01   1.811848e-07 
          2011   5.777414e-07   1.374863e-03   3.520879e-03   1.699937e-06   0.000000e+00   1.642995e-01   1.811220e-07 
          2012   5.769541e-07   1.374657e-03   3.522799e-03   1.699163e-06   0.000000e+00   1.641709e-01   1.810593e-07 
          2013   5.764998e-07   1.374453e-03   3.524720e-03   1.698532e-06   0.000000e+00   1.640424e-01   1.809967e-07 
          2014   5.763407e-07   1.374234e-03   3.526659e-03   1.698041e-06   0.000000e+00   1.639116e-01   1.809332e-07 
          2015   5.763902e-07   1.374008e-03   3.528589e-03   1.697579e-06   0.000000e+00   1.637801e-01   1.808694e-07 
          2016   5.765138e-07   1.373775e-03   3.530535e-03   1.697069e-06   0.000000e+00   1.636477e-01   1.808053e-07 
          2017   5.766161e-07   1.373544e-03   3.532479e-03   1.696500e-06   0.000000e+00   1.635160e-01   1.807414e-07 
          2018   5.765951e-07   1.373318e-03   3.534389e-03   1.695744e-06   0.000000e+00   1.633855e-01   1.806777e-07 
          2019   5.764694e-07   1.373095e-03   3.536338e-03   1.694884e-06   0.000000e+00   1.632559e-01   1.806142e-07 
          2020   5.764143e-07   1.372874e-03   3.538257e-03   1.694026e-06   0.000000e+00   1.631271e-01   1.805509e-07 
          2021   5.764096e-07   1.372656e-03   3.540177e-03   1.693218e-06   0.000000e+00   1.629990e-01   1.804877e-07 
          2022   5.617831e-07   1.372434e-03   3.542094e-03   1.692065e-06   0.000000e+00   1.628706e-01   1.804244e-07 
          2023   5.521886e-07   1.372213e-03   3.544005e-03   1.691480e-06   0.000000e+00   1.627427e-01   1.803612e-07 
          2024   5.501061e-07   1.371990e-03   3.545918e-03   1.690883e-06   0.000000e+00   1.626147e-01   1.802980e-07 
          2025   5.535374e-07   1.371760e-03   3.547851e-03   1.690171e-06   0.000000e+00   1.624859e-01   1.802344e-07 
          2026   5.590977e-07   1.371529e-03   3.549777e-03   1.689690e-06   0.000000e+00   1.623576e-01   1.801709e-07 
          2027   5.639376e-07   1.371303e-03   3.551698e-03   1.689076e-06   0.000000e+00   1.622305e-01   1.801077e-07 
          2028   5.670776e-07   1.371081e-03   3.553618e-03   1.688120e-06   0.000000e+00   1.621044e-01   1.800446e-07 
          2029   5.683614e-07   1.370862e-03   3.555493e-03   1.687174e-06   0.000000e+00   1.619793e-01   1.799818e-07 
          2030   5.681997e-07   1.370644e-03   3.557403e-03   1.686378e-06   0.000000e+00   1.618550e-01   1.799190e-07 
          2031   5.671966e-07   1.370428e-03   3.559313e-03   1.685860e-06   0.000000e+00   1.617315e-01   1.798564e-07 
          2032   5.658542e-07   1.370215e-03   3.561267e-03   1.685353e-06   0.000000e+00   1.616089e-01   1.797940e-07 
          2033   5.646118e-07   1.370005e-03   3.563209e-03   1.684891e-06   0.000000e+00   1.614872e-01   1.797316e-07 
          2034   5.635690e-07   1.369798e-03   3.565130e-03   1.684421e-06   0.000000e+00   1.613662e-01   1.796695e-07 
          2035   5.627197e-07   1.369592e-03   3.567023e-03   1.683796e-06   0.000000e+00   1.612460e-01   1.796074e-07 
          2036   5.621921e-07   1.369387e-03   3.568921e-03   1.683130e-06   0.000000e+00   1.611266e-01   1.795454e-07 
          2037   5.619366e-07   1.369186e-03   3.570760e-03   1.682535e-06   0.000000e+00   1.610079e-01   1.794836e-07 
          2038   5.619299e-07   1.368986e-03   3.572671e-03   1.681897e-06   0.000000e+00   1.608897e-01   1.794219e-07 
          2039   5.621294e-07   1.368784e-03   3.574540e-03   1.681337e-06   0.000000e+00   1.607715e-01   1.793600e-07 
          2040   5.624142e-07   1.368578e-03   3.576423e-03   1.680836e-06   0.000000e+00   1.606532e-01   1.792980e-07 
          2041   5.628013e-07   1.368376e-03   3.578308e-03   1.680475e-06   0.000000e+00   1.605358e-01   1.792360e-07 
          2042   5.632180e-07   1.368176e-03   3.580184e-03   1.680105e-06   0.000000e+00   1.604191e-01   1.791742e-07 
          2043   5.635089e-07   1.367978e-03   3.582063e-03   1.679605e-06   0.000000e+00   1.603031e-01   1.791125e-07 
          2044   5.637025e-07   1.367783e-03   3.583953e-03   1.679112e-06   0.000000e+00   1.601878e-01   1.790510e-07 
          2045   5.640728e-07   1.367590e-03   3.585843e-03   1.668667e-06   0.000000e+00   1.600731e-01   1.789895e-07 
          2046   5.637561e-07   1.367398e-03   3.587797e-03   1.683389e-06   0.000000e+00   1.599590e-01   1.789281e-07 
          2047   5.639248e-07   1.367208e-03   3.589655e-03   1.681752e-06   0.000000e+00   1.598456e-01   1.788669e-07 
          2048   5.640594e-07   1.367020e-03   3.591564e-03   1.678826e-06   0.000000e+00   1.597326e-01   1.788057e-07 
          2049   5.641021e-07   1.366833e-03   3.593514e-03   1.677312e-06   0.000000e+00   1.596203e-01   1.787446e-07 
          2050   5.640108e-07   1.366648e-03   3.595363e-03   1.676476e-06   0.000000e+00   1.595085e-01   1.786835e-07 
          2051   5.638780e-07   1.366459e-03   3.597201e-03   1.665429e-06   0.000000e+00   1.593961e-01   1.786223e-07 
          2052   5.636353e-07   1.366268e-03   3.599189e-03   1.680200e-06   0.000000e+00   1.592835e-01   1.785611e-07 
          2053   5.634553e-07   1.366067e-03   3.600970e-03   1.677631e-06   0.000000e+00   1.591698e-01   1.784994e-07 
          2054   5.636406e-07   1.365869e-03   3.602866e-03   1.675722e-06   0.000000e+00   1.590572e-01   1.784378e-07 
          2055   5.636867e-07   1.365675e-03   3.604780e-03   1.674762e-06   0.000000e+00   1.589453e-01   1.783764e-07 
          2056   5.636115e-07   1.365483e-03   3.606655e-03   1.674453e-06   0.000000e+00   1.588342e-01   1.783151e-07 
          2057   5.633989e-07   1.365294e-03   3.608519e-03   1.664621e-06   0.000000e+00   1.587234e-01   1.782539e-07 
          2058   5.634248e-07   1.365096e-03   3.610408e-03   1.678625e-06   0.000000e+00   1.586119e-01   1.781923e-07 
          2059   5.630712e-07   1.364902e-03   3.612265e-03   1.675700e-06   0.000000e+00   1.585014e-01   1.781308e-07 
          2060   5.631876e-07   1.364710e-03   3.614146e-03   1.673452e-06   0.000000e+00   1.583915e-01   1.780695e-07 
          2061   5.632911e-07   1.364521e-03   3.616032e-03   1.672925e-06   0.000000e+00   1.582822e-01   1.780082e-07 
          2062   5.630456e-07   1.364334e-03   3.617906e-03   1.662593e-06   0.000000e+00   1.581736e-01   1.779471e-07 
          2063   5.631684e-07   1.364148e-03   3.619782e-03   1.677700e-06   0.000000e+00   1.580655e-01   1.778861e-07 
          2064   5.629222e-07   1.363964e-03   3.621615e-03   1.673974e-06   0.000000e+00   1.579579e-01   1.778251e-07 
          2065   5.629756e-07   1.363781e-03   3.623489e-03   1.671394e-06   0.000000e+00   1.578509e-01   1.777642e-07 
          2066   5.629255e-07   1.363600e-03   3.625368e-03   1.670183e-06   0.000000e+00   1.577445e-01   1.777034e-07 
          2067   5.625282e-07   1.363420e-03   3.627245e-03   1.660284e-06   0.000000e+00   1.576385e-01   1.776427e-07 
          2068   5.626775e-07   1.363240e-03   3.629110e-03   1.674774e-06   0.000000e+00   1.575329e-01   1.775820e-07 
          2069   5.624743e-07   1.363062e-03   3.630982e-03   1.671001e-06   0.000000e+00   1.574275e-01   1.775213e-07 
          2070   5.625841e-07   1.362877e-03   3.632844e-03   1.668494e-06   0.000000e+00   1.573215e-01   1.774603e-07 
          2071   5.625803e-07   1.362688e-03   3.634708e-03   1.667790e-06   0.000000e+00   1.572148e-01   1.773991e-07 
          2072   5.621290e-07   1.362486e-03   3.636565e-03   1.657366e-06   0.000000e+00   1.571065e-01   1.773373e-07 
          2073   5.624888e-07   1.362289e-03   3.638425e-03   1.672706e-06   0.000000e+00   1.569993e-01   1.772757e-07 
          2074   5.616996e-07   1.362097e-03   3.640308e-03   1.658486e-06   0.000000e+00   1.568928e-01   1.772143e-07 
          2075   5.620535e-07   1.361899e-03   3.642174e-03   1.672539e-06   0.000000e+00   1.567857e-01   1.771528e-07 
          2076   5.617711e-07   1.361704e-03   3.644043e-03   1.658870e-06   0.000000e+00   1.566792e-01   1.770913e-07 
          2077   5.624197e-07   1.361502e-03   3.645914e-03   1.671521e-06   0.000000e+00   1.565723e-01   1.770295e-07 
          2078   5.621517e-07   1.361302e-03   3.647755e-03   1.655964e-06   0.000000e+00   1.564659e-01   1.769677e-07 
          2079   5.623511e-07   1.361105e-03   3.649596e-03   1.669481e-06   0.000000e+00   1.563599e-01   1.769061e-07 
          2080   5.618450e-07   1.360887e-03   3.651436e-03   1.654408e-06   0.000000e+00   1.562519e-01   1.768433e-07 
          2081   5.622647e-07   1.360672e-03   3.653279e-03   1.667443e-06   0.000000e+00   1.561445e-01   1.767807e-07 
          2082   5.617938e-07   1.360463e-03   3.655158e-03   1.652239e-06   0.000000e+00   1.560379e-01   1.767184e-07 
          2083   5.613599e-07   1.360258e-03   3.657012e-03   1.652930e-06   0.000000e+00   1.559315e-01   1.766562e-07 
          2084   5.620742e-07   1.360048e-03   3.658887e-03   1.667032e-06   0.000000e+00   1.558244e-01   1.765937e-07 
          2085   5.617008e-07   1.359838e-03   3.660738e-03   1.651476e-06   0.000000e+00   1.557176e-01   1.765311e-07 
          2086   5.612817e-07   1.359631e-03   3.662606e-03   1.651232e-06   0.000000e+00   1.556111e-01   1.764687e-07 
          2087   5.619346e-07   1.359419e-03   3.664428e-03   1.664140e-06   0.000000e+00   1.555040e-01   1.764061e-07 
          2088   5.614653e-07   1.359207e-03   3.666286e-03   1.647550e-06   0.000000e+00   1.553972e-01   1.763435e-07 
          2089   5.609206e-07   1.358998e-03   3.668112e-03   1.646786e-06   0.000000e+00   1.552909e-01   1.762810e-07 
          2090   5.615832e-07   1.358790e-03   3.669955e-03   1.660075e-06   0.000000e+00   1.551848e-01   1.762186e-07 
          2091   5.610458e-07   1.358581e-03   3.671788e-03   1.644113e-06   0.000000e+00   1.550789e-01   1.761561e-07 
          2092   5.604513e-07   1.358374e-03   3.673653e-03   1.644072e-06   0.000000e+00   1.549737e-01   1.760938e-07 
          2093   5.611681e-07   1.358170e-03   3.675455e-03   1.658009e-06   0.000000e+00   1.548691e-01   1.760316e-07 
          2094   5.606802e-07   1.357967e-03   3.677328e-03   1.641803e-06   0.000000e+00   1.547649e-01   1.759695e-07 
          2095   5.601609e-07   1.357766e-03   3.679182e-03   1.641855e-06   0.000000e+00   1.546614e-01   1.759074e-07 
          2096   5.599508e-07   1.357567e-03   3.681038e-03   1.642911e-06   0.000000e+00   1.545584e-01   1.758455e-07 
          2097   5.609944e-07   1.357369e-03   3.682856e-03   1.656593e-06   0.000000e+00   1.544560e-01   1.757837e-07 
          2098   5.605212e-07   1.357174e-03   3.684697e-03   1.639684e-06   0.000000e+00   1.543541e-01   1.757220e-07 
          2099   5.600513e-07   1.356978e-03   3.686534e-03   1.638957e-06   0.000000e+00   1.542526e-01   1.756603e-07 
          2100   5.598419e-07   1.356785e-03   3.688385e-03   1.639142e-06   0.000000e+00   1.541517e-01   1.755987e-07 
          2101   5.606359e-07   1.356593e-03   3.690204e-03   1.652371e-06   0.000000e+00   1.540515e-01   1.755372e-07 
          2102   5.598701e-07   1.356403e-03   3.692044e-03   1.635561e-06   0.000000e+00   1.539518e-01   1.754759e-07 
          2103   5.592853e-07   1.356214e-03   3.693891e-03   1.635256e-06   0.000000e+00   1.538525e-01   1.754146e-07 
          2104   5.589948e-07   1.356024e-03   3.695742e-03   1.635777e-06   0.000000e+00   1.537536e-01   1.753533e-07 
          2105   5.588810e-07   1.355836e-03   3.697607e-03   1.636133e-06   0.000000e+00   1.536551e-01   1.752920e-07 
          2106   5.601047e-07   1.355649e-03   3.699387e-03   1.649134e-06   0.000000e+00   1.535570e-01   1.752309e-07 
          2107   5.594084e-07   1.355455e-03   3.701211e-03   1.631761e-06   0.000000e+00   1.534581e-01   1.751695e-07 
          2108   5.590403e-07   1.355257e-03   3.703055e-03   1.630911e-06   0.000000e+00   1.533589e-01   1.751079e-07 
          2109   5.590818e-07   1.355060e-03   3.704885e-03   1.631179e-06   0.000000e+00   1.532601e-01   1.750463e-07 
          2110   5.594449e-07   1.354858e-03   3.706726e-03   1.631382e-06   0.000000e+00   1.531610e-01   1.749845e-07 
          2111   5.599441e-07   1.354656e-03   3.708594e-03   1.631578e-06   0.000000e+00   1.530621e-01   1.749227e-07 
          2112   5.604412e-07   1.354457e-03   3.710471e-03   1.631738e-06   0.000000e+00   1.529640e-01   1.748610e-07 
          2113   5.609005e-07   1.354261e-03   3.712374e-03   1.631676e-06   0.000000e+00   1.528666e-01   1.747995e-07 
          2114   5.612895e-07   1.354067e-03   3.714240e-03   1.631413e-06   0.000000e+00   1.527697e-01   1.747381e-07 
          2115   5.615435e-07   1.353876e-03   3.716070e-03   1.630900e-06   0.000000e+00   1.526735e-01   1.746768e-07 
          2116   5.617259e-07   1.353686e-03   3.717891e-03   1.630262e-06   0.000000e+00   1.525778e-01   1.746156e-07 
          2117   5.618922e-07   1.353498e-03   3.719703e-03   1.629758e-06   0.000000e+00   1.524825e-01   1.745545e-07 
          2118   5.620725e-07   1.353306e-03   3.721520e-03   1.629560e-06   0.000000e+00   1.523869e-01   1.744932e-07 
          2119   5.622794e-07   1.353112e-03   3.723348e-03   1.629684e-06   0.000000e+00   1.522914e-01   1.744319e-07 
          2120   5.625737e-07   1.352920e-03   3.725188e-03   1.630103e-06   0.000000e+00   1.521965e-01   1.743707e-07 
          2121   5.629267e-07   1.352729e-03   3.727029e-03   1.630592e-06   0.000000e+00   1.521023e-01   1.743096e-07 
          2122   5.632327e-07   1.352540e-03   3.728873e-03   1.631046e-06   0.000000e+00   1.520087e-01   1.742487e-07 
          2123   5.634833e-07   1.352354e-03   3.730705e-03   1.631525e-06   0.000000e+00   1.519157e-01   1.741878e-07 
          2124   5.636888e-07   1.352169e-03   3.732525e-03   1.631901e-06   0.000000e+00   1.518232e-01   1.741271e-07 
          2125   5.636424e-07   1.351982e-03   3.734334e-03   1.632335e-06   0.000000e+00   1.517306e-01   1.740662e-07 
          2126   5.634935e-07   1.351792e-03   3.736128e-03   1.632835e-06   0.000000e+00   1.516381e-01   1.740052e-07 
          2127   5.634556e-07   1.351605e-03   3.737944e-03   1.633177e-06   0.000000e+00   1.515463e-01   1.739444e-07 
          2128   5.635470e-07   1.351420e-03   3.739783e-03   1.633329e-06   0.000000e+00   1.514552e-01   1.738837e-07 
          2129   5.637471e-07   1.351238e-03   3.741616e-03   1.633752e-06   0.000000e+00   1.513646e-01   1.738230e-07 
          2130   5.639449e-07   1.351053e-03   3.743424e-03   1.634458e-06   0.000000e+00   1.512739e-01   1.737624e-07 
          2131   5.641787e-07   1.350868e-03   3.745239e-03   1.635063e-06   0.000000e+00   1.511835e-01   1.737018e-07 
          2132   5.644251e-07   1.350685e-03   3.747062e-03   1.635529e-06   0.000000e+00   1.510937e-01   1.736412e-07 
          2133   5.646322e-07   1.350502e-03   3.748891e-03   1.635934e-06   0.000000e+00   1.510042e-01   1.735807e-07 
          2134   5.648198e-07   1.350322e-03   3.750716e-03   1.636464e-06   0.000000e+00   1.509154e-01   1.735204e-07 
          2135   5.648887e-07   1.350144e-03   3.752506e-03   1.637222e-06   0.000000e+00   1.508272e-01   1.734601e-07 
          2136   5.650221e-07   1.349966e-03   3.754311e-03   1.637991e-06   0.000000e+00   1.507391e-01   1.733999e-07 
          2137   5.651916e-07   1.349782e-03   3.756128e-03   1.638772e-06   0.000000e+00   1.506509e-01   1.733394e-07 
          2138   5.653790e-07   1.349602e-03   3.757920e-03   1.639297e-06   0.000000e+00   1.505635e-01   1.732791e-07 
          2139   5.655712e-07   1.349424e-03   3.759719e-03   1.639768e-06   0.000000e+00   1.504766e-01   1.732188e-07 
          2140   5.657308e-07   1.349248e-03   3.761528e-03   1.640173e-06   0.000000e+00   1.503898e-01   1.731586e-07 
          2141   5.658871e-07   1.349062e-03   3.763351e-03   1.640534e-06   0.000000e+00   1.503021e-01   1.730980e-07 
          2142   5.660503e-07   1.348875e-03   3.765196e-03   1.640970e-06   0.000000e+00   1.502141e-01   1.730374e-07 
          2143   5.662189e-07   1.348680e-03   3.767045e-03   1.641548e-06   0.000000e+00   1.501257e-01   1.729763e-07 
          2144   5.663553e-07   1.348489e-03   3.768908e-03   1.641919e-06   0.000000e+00   1.500379e-01   1.729155e-07 
          2145   5.317835e-07   1.348279e-03   3.770769e-03   1.641905e-06   0.000000e+00   1.499484e-01   1.728537e-07 
          2146   5.065940e-07   1.348074e-03   3.772615e-03   1.641894e-06   0.000000e+00   1.498596e-01   1.727921e-07 
          2147   4.924919e-07   1.347874e-03   3.774475e-03   1.641803e-06   0.000000e+00   1.497714e-01   1.727308e-07 
          2148   4.851794e-07   1.347677e-03   3.776343e-03   1.641915e-06   0.000000e+00   1.496837e-01   1.726695e-07 
          2149   4.817970e-07   1.347483e-03   3.778214e-03   1.642027e-06   0.000000e+00   1.495963e-01   1.726084e-07 
          2150   4.805252e-07   1.347292e-03   3.780097e-03   1.641886e-06   0.000000e+00   1.495094e-01   1.725473e-07 
          2151   4.805972e-07   1.347102e-03   3.781972e-03   1.641662e-06   0.000000e+00   1.494229e-01   1.724864e-07 
          2152   4.813701e-07   1.346912e-03   3.783833e-03   1.641371e-06   0.000000e+00   1.493366e-01   1.724254e-07 
          2153   4.824225e-07   1.346721e-03   3.785700e-03   1.641119e-06   0.000000e+00   1.492502e-01   1.723644e-07 
          2154   4.834872e-07   1.346529e-03   3.787577e-03   1.641042e-06   0.000000e+00   1.491638e-01   1.723034e-07 
          2155   4.844832e-07   1.346340e-03   3.789481e-03   1.641088e-06   0.000000e+00   1.490779e-01   1.722424e-07 
          2156   4.853038e-07   1.346149e-03   3.791339e-03   1.641316e-06   0.000000e+00   1.489919e-01   1.721814e-07 
          2157   4.857513e-07   1.345956e-03   3.793219e-03   1.641468e-06   0.000000e+00   1.489060e-01   1.721204e-07 
          2158   4.861520e-07   1.345766e-03   3.795100e-03   1.641453e-06   0.000000e+00   1.488207e-01   1.720594e-07 
          2159   4.864608e-07   1.345578e-03   3.796984e-03   1.641359e-06   0.000000e+00   1.487359e-01   1.719986e-07 
          2160   4.866454e-07   1.345392e-03   3.798870e-03   1.641272e-06   0.000000e+00   1.486516e-01   1.719378e-07 
          2161   4.867709e-07   1.345207e-03   3.800754e-03   1.641267e-06   0.000000e+00   1.485677e-01   1.718772e-07 
          2162   4.868905e-07   1.345022e-03   3.802641e-03   1.641385e-06   0.000000e+00   1.484842e-01   1.718166e-07 
          2163   4.869870e-07   1.344839e-03   3.804525e-03   1.641614e-06   0.000000e+00   1.484010e-01   1.717560e-07 
          2164   4.870442e-07   1.344653e-03   3.806406e-03   1.641790e-06   0.000000e+00   1.483178e-01   1.716953e-07 
          2165   4.870785e-07   1.344466e-03   3.808288e-03   1.641743e-06   0.000000e+00   1.482348e-01   1.716347e-07 
          2166   4.870908e-07   1.344282e-03   3.810159e-03   1.641530e-06   0.000000e+00   1.481524e-01   1.715741e-07 
          2167   4.870540e-07   1.344100e-03   3.812040e-03   1.641292e-06   0.000000e+00   1.480706e-01   1.715136e-07 
          2168   4.869801e-07   1.343919e-03   3.813938e-03   1.641103e-06   0.000000e+00   1.479893e-01   1.714533e-07 
          2169   4.869134e-07   1.343741e-03   3.815835e-03   1.641092e-06   0.000000e+00   1.479086e-01   1.713931e-07 
          2170   4.868076e-07   1.343564e-03   3.817719e-03   1.641390e-06   0.000000e+00   1.478284e-01   1.713329e-07 
          2171   4.865769e-07   1.343389e-03   3.819594e-03   1.641763e-06   0.000000e+00   1.477486e-01   1.712729e-07 
          2172   4.864719e-07   1.343214e-03   3.821462e-03   1.641922e-06   0.000000e+00   1.476694e-01   1.712129e-07 
          2173   4.854561e-07   1.343041e-03   3.823345e-03   1.642066e-06   0.000000e+00   1.475906e-01   1.711530e-07 
          2174   4.852097e-07   1.342869e-03   3.825222e-03   1.641932e-06   0.000000e+00   1.475123e-01   1.710932e-07 
          2175   4.859247e-07   1.342698e-03   3.827127e-03   1.641485e-06   0.000000e+00   1.474343e-01   1.710334e-07 
          2176   4.870630e-07   1.342522e-03   3.829009e-03   1.641181e-06   0.000000e+00   1.473561e-01   1.709735e-07 
          2177   4.883072e-07   1.342343e-03   3.830885e-03   1.640698e-06   0.000000e+00   1.472780e-01   1.709135e-07 
          2178   4.894969e-07   1.342167e-03   3.832752e-03   1.640084e-06   0.000000e+00   1.472005e-01   1.708537e-07 
          2179   4.905074e-07   1.341993e-03   3.834620e-03   1.639452e-06   0.000000e+00   1.471235e-01   1.707939e-07 
          2180   4.914171e-07   1.341821e-03   3.836490e-03   1.639066e-06   0.000000e+00   1.470468e-01   1.707343e-07 
          2181   4.922746e-07   1.341644e-03   3.838362e-03   1.638882e-06   0.000000e+00   1.469700e-01   1.706744e-07 
          2182   4.930424e-07   1.341470e-03   3.840247e-03   1.638460e-06   0.000000e+00   1.468937e-01   1.706146e-07 
          2183   4.937154e-07   1.341298e-03   3.842117e-03   1.638233e-06   0.000000e+00   1.468180e-01   1.705550e-07 
          2184   4.942484e-07   1.341128e-03   3.843992e-03   1.637871e-06   0.000000e+00   1.467427e-01   1.704954e-07 
          2185   4.945993e-07   1.340957e-03   3.845866e-03   1.637410e-06   0.000000e+00   1.466677e-01   1.704359e-07 
          2186   4.935140e-07   1.340786e-03   3.847739e-03   1.636931e-06   0.000000e+00   1.465927e-01   1.703763e-07 
          2187   4.928978e-07   1.340611e-03   3.849613e-03   1.636524e-06   0.000000e+00   1.465175e-01   1.703166e-07 
          2188   4.923808e-07   1.340436e-03   3.851492e-03   1.636053e-06   0.000000e+00   1.464425e-01   1.702569e-07 
          2189   4.920822e-07   1.340263e-03   3.853359e-03   1.635726e-06   0.000000e+00   1.463680e-01   1.701973e-07 
          2190   4.919378e-07   1.340088e-03   3.855211e-03   1.635603e-06   0.000000e+00   1.462934e-01   1.701377e-07 
          2191   4.918669e-07   1.339906e-03   3.857081e-03   1.635385e-06   0.000000e+00   1.462182e-01   1.700777e-07 
          2192   4.918363e-07   1.339723e-03   3.858948e-03   1.635126e-06   0.000000e+00   1.461432e-01   1.700177e-07 
          2193   4.918364e-07   1.339544e-03   3.860825e-03   1.634669e-06   0.000000e+00   1.460689e-01   1.699579e-07 
          2194   4.918384e-07   1.339366e-03   3.862701e-03   1.634033e-06   0.000000e+00   1.459950e-01   1.698981e-07 
          2195   4.918305e-07   1.339189e-03   3.864565e-03   1.633565e-06   0.000000e+00   1.459216e-01   1.698384e-07 
          2196   4.918054e-07   1.339014e-03   3.866432e-03   1.633104e-06   0.000000e+00   1.458484e-01   1.697788e-07 
          2197   4.917762e-07   1.338832e-03   3.868292e-03   1.632615e-06   0.000000e+00   1.457749e-01   1.697189e-07 
          2198   4.917530e-07   1.338648e-03   3.870155e-03   1.632029e-06   0.000000e+00   1.457015e-01   1.696588e-07 
          2199   4.917427e-07   1.338457e-03   3.872018e-03   1.631267e-06   0.000000e+00   1.456276e-01   1.695984e-07 
          2200   4.917800e-07   1.338272e-03   3.873877e-03   1.630474e-06   0.000000e+00   1.455545e-01   1.695383e-07 
          2201   4.918214e-07   1.338090e-03   3.875739e-03   1.629502e-06   0.000000e+00   1.454818e-01   1.694784e-07 
          2202   4.918207e-07   1.337910e-03   3.877604e-03   1.628458e-06   0.000000e+00   1.454094e-01   1.694185e-07 
          2203   4.917779e-07   1.337731e-03   3.879457e-03   1.627387e-06   0.000000e+00   1.453374e-01   1.693586e-07 
          2204   4.917391e-07   1.337552e-03   3.881317e-03   1.626133e-06   0.000000e+00   1.452656e-01   1.692988e-07 
          2205   4.916796e-07   1.337374e-03   3.883177e-03   1.624707e-06   0.000000e+00   1.451941e-01   1.692390e-07 
          2206   4.916094e-07   1.337198e-03   3.885035e-03   1.622929e-06   0.000000e+00   1.451230e-01   1.691793e-07 
          2207   4.914935e-07   1.337024e-03   3.886886e-03   1.621464e-06   0.000000e+00   1.450524e-01   1.691196e-07 
          2208   4.911803e-07   1.336851e-03   3.888744e-03   1.620032e-06   0.000000e+00   1.449819e-01   1.690601e-07 
          2209   4.908201e-07   1.336676e-03   3.890601e-03   1.619098e-06   0.000000e+00   1.449113e-01   1.690004e-07 
          2210   4.904856e-07   1.336499e-03   3.892457e-03   1.618425e-06   0.000000e+00   1.448407e-01   1.689407e-07 
          2211   4.901110e-07   1.336324e-03   3.894312e-03   1.617657e-06   0.000000e+00   1.447707e-01   1.688811e-07 
          2212   4.897435e-07   1.336152e-03   3.896168e-03   1.616791e-06   0.000000e+00   1.447010e-01   1.688215e-07 
          2213   4.894799e-07   1.335979e-03   3.898021e-03   1.615954e-06   0.000000e+00   1.446315e-01   1.687620e-07 
          2214   4.891549e-07   1.335805e-03   3.899873e-03   1.614975e-06   0.000000e+00   1.445621e-01   1.687024e-07 
          2215   4.889506e-07   1.335634e-03   3.901723e-03   1.614041e-06   0.000000e+00   1.444931e-01   1.686430e-07 
          2216   4.888503e-07   1.335464e-03   3.903574e-03   1.613271e-06   0.000000e+00   1.444247e-01   1.685836e-07 
          2217   4.888176e-07   1.335296e-03   3.905430e-03   1.612571e-06   0.000000e+00   1.443566e-01   1.685244e-07 
          2218   4.887770e-07   1.335128e-03   3.907282e-03   1.611991e-06   0.000000e+00   1.442889e-01   1.684652e-07 
          2219   4.886858e-07   1.334958e-03   3.909134e-03   1.611501e-06   0.000000e+00   1.442213e-01   1.684059e-07 
          2220   4.885286e-07   1.334788e-03   3.910983e-03   1.611071e-06   0.000000e+00   1.441537e-01   1.683466e-07 
          2221   4.884062e-07   1.334616e-03   3.912831e-03   1.610625e-06   0.000000e+00   1.440862e-01   1.682873e-07 
          2222   4.883022e-07   1.334446e-03   3.914679e-03   1.610185e-06   0.000000e+00   1.440193e-01   1.682281e-07 
          2223   4.882075e-07   1.334279e-03   3.916526e-03   1.609742e-06   0.000000e+00   1.439528e-01   1.681690e-07 
          2224   4.881357e-07   1.334110e-03   3.918373e-03   1.609298e-06   0.000000e+00   1.438862e-01   1.681099e-07 
          2225   4.880673e-07   1.333935e-03   3.920218e-03   1.609003e-06   0.000000e+00   1.438192e-01   1.680505e-07 
          2226   4.880006e-07   1.333761e-03   3.922061e-03   1.608498e-06   0.000000e+00   1.437527e-01   1.679912e-07 
          2227   4.879377e-07   1.333589e-03   3.923904e-03   1.608049e-06   0.000000e+00   1.436867e-01   1.679320e-07 
          2228   4.879266e-07   1.333419e-03   3.925745e-03   1.607447e-06   0.000000e+00   1.436212e-01   1.678729e-07 
          2229   4.878807e-07   1.333251e-03   3.927586e-03   1.606938e-06   0.000000e+00   1.435561e-01   1.678139e-07 
          2230   4.877413e-07   1.333084e-03   3.929426e-03   1.606352e-06   0.000000e+00   1.434915e-01   1.677550e-07 
          2231   4.875394e-07   1.332919e-03   3.931264e-03   1.605676e-06   0.000000e+00   1.434274e-01   1.676961e-07 
          2232   4.871347e-07   1.332755e-03   3.933101e-03   1.605374e-06   0.000000e+00   1.433637e-01   1.676374e-07 
          2233   4.868035e-07   1.332592e-03   3.934937e-03   1.604845e-06   0.000000e+00   1.433004e-01   1.675787e-07 
          2234   4.865537e-07   1.332429e-03   3.936772e-03   1.604541e-06   0.000000e+00   1.432372e-01   1.675200e-07 
          2235   4.863738e-07   1.332258e-03   3.938609e-03   1.604119e-06   0.000000e+00   1.431737e-01   1.674611e-07 
          2236   4.862398e-07   1.332088e-03   3.940451e-03   1.602888e-06   0.000000e+00   1.431106e-01   1.674022e-07 
          2237   4.861518e-07   1.331921e-03   3.942278e-03   1.601609e-06   0.000000e+00   1.430480e-01   1.673434e-07 
          2238   4.861148e-07   1.331757e-03   3.944102e-03   1.600660e-06   0.000000e+00   1.429858e-01   1.672847e-07 
          2239   4.861066e-07   1.331594e-03   3.945921e-03   1.600041e-06   0.000000e+00   1.429239e-01   1.672262e-07 
          2240   4.861202e-07   1.331423e-03   3.947741e-03   1.599713e-06   0.000000e+00   1.428616e-01   1.671673e-07 
          2241   4.861558e-07   1.331250e-03   3.949562e-03   1.599340e-06   0.000000e+00   1.427992e-01   1.671082e-07 
          2242   4.861904e-07   1.331072e-03   3.951390e-03   1.598723e-06   0.000000e+00   1.427363e-01   1.670490e-07 
          2243   4.862101e-07   1.330893e-03   3.953213e-03   1.597860e-06   0.000000e+00   1.426735e-01   1.669897e-07 
          2244   4.861710e-07   1.330719e-03   3.955036e-03   1.596804e-06   0.000000e+00   1.426111e-01   1.669306e-07 
          2245   4.859865e-07   1.330547e-03   3.956861e-03   1.595798e-06   0.000000e+00   1.425491e-01   1.668716e-07 
          2246   4.858289e-07   1.330374e-03   3.958684e-03   1.594810e-06   0.000000e+00   1.424872e-01   1.668126e-07 
          2247   4.857350e-07   1.330202e-03   3.960500e-03   1.593895e-06   0.000000e+00   1.424256e-01   1.667535e-07 
          2248   4.857152e-07   1.330032e-03   3.962315e-03   1.593106e-06   0.000000e+00   1.423643e-01   1.666946e-07 
          2249   4.857372e-07   1.329864e-03   3.964129e-03   1.592359e-06   0.000000e+00   1.423034e-01   1.666358e-07 
          2250   4.857679e-07   1.329698e-03   3.965947e-03   1.591567e-06   0.000000e+00   1.422429e-01   1.665770e-07 
          2251   4.858127e-07   1.329533e-03   3.967765e-03   1.590729e-06   0.000000e+00   1.421826e-01   1.665183e-07 
          2252   4.858726e-07   1.329364e-03   3.969598e-03   1.589583e-06   0.000000e+00   1.421221e-01   1.664595e-07 
          2253   4.858426e-07   1.329191e-03   3.971408e-03   1.588700e-06   0.000000e+00   1.420615e-01   1.664006e-07 
          2254   4.858356e-07   1.329017e-03   3.973218e-03   1.587511e-06   0.000000e+00   1.420012e-01   1.663416e-07 
          2255   4.857681e-07   1.328847e-03   3.975027e-03   1.586542e-06   0.000000e+00   1.419414e-01   1.662828e-07 
          2256   4.856917e-07   1.328679e-03   3.976831e-03   1.585491e-06   0.000000e+00   1.418819e-01   1.662241e-07 
          2257   4.856397e-07   1.328512e-03   3.978636e-03   1.584518e-06   0.000000e+00   1.418227e-01   1.661654e-07 
          2258   4.855982e-07   1.328343e-03   3.980448e-03   1.583712e-06   0.000000e+00   1.417634e-01   1.661067e-07 
          2259   4.855688e-07   1.328176e-03   3.982262e-03   1.582826e-06   0.000000e+00   1.417047e-01   1.660480e-07 
          2260   4.855701e-07   1.328011e-03   3.984072e-03   1.581918e-06   0.000000e+00   1.416463e-01   1.659895e-07 
          2261   4.855645e-07   1.327847e-03   3.985878e-03   1.581156e-06   0.000000e+00   1.415884e-01   1.659310e-07 
          2262   4.855336e-07   1.327685e-03   3.987679e-03   1.580520e-06   0.000000e+00   1.415308e-01   1.658726e-07 
          2263   4.855227e-07   1.327524e-03   3.989480e-03   1.579974e-06   0.000000e+00   1.414734e-01   1.658143e-07 
          2264   4.855525e-07   1.327360e-03   3.991282e-03   1.579477e-06   0.000000e+00   1.414160e-01   1.657559e-07 
          2265   4.856169e-07   1.327194e-03   3.993084e-03   1.578994e-06   0.000000e+00   1.413587e-01   1.656975e-07 
          2266   4.857135e-07   1.327031e-03   3.994885e-03   1.578585e-06   0.000000e+00   1.413019e-01   1.656391e-07 
          2267   4.832522e-07   1.326864e-03   3.996712e-03   1.583494e-06   0.000000e+00   1.412450e-01   1.655807e-07 
          2268   4.865502e-07   1.326700e-03   3.998462e-03   1.575279e-06   0.000000e+00   1.411885e-01   1.655223e-07 
          2269   4.857786e-07   1.326537e-03   4.000246e-03   1.574984e-06   0.000000e+00   1.411325e-01   1.654641e-07 
          2270   4.829164e-07   1.326377e-03   4.002071e-03   1.580028e-06   0.000000e+00   1.410768e-01   1.654059e-07 
          2271   4.858247e-07   1.326211e-03   4.003817e-03   1.572279e-06   0.000000e+00   1.410208e-01   1.653475e-07 
          2272   4.850056e-07   1.326038e-03   4.005619e-03   1.572724e-06   0.000000e+00   1.409644e-01   1.652889e-07 
          2273   4.822750e-07   1.325854e-03   4.007461e-03   1.578072e-06   0.000000e+00   1.409073e-01   1.652298e-07 
          2274   4.854132e-07   1.325678e-03   4.009210e-03   1.570216e-06   0.000000e+00   1.408509e-01   1.651711e-07 
          2275   4.826134e-07   1.325505e-03   4.011040e-03   1.574932e-06   0.000000e+00   1.407949e-01   1.651125e-07 
          2276   4.853840e-07   1.325335e-03   4.012791e-03   1.566393e-06   0.000000e+00   1.407392e-01   1.650539e-07 
          2277   4.825114e-07   1.325164e-03   4.014596e-03   1.571361e-06   0.000000e+00   1.406836e-01   1.649954e-07 
          2278   4.851427e-07   1.324993e-03   4.016279e-03   1.563711e-06   0.000000e+00   1.406280e-01   1.649368e-07 
          2279   4.824462e-07   1.324822e-03   4.018096e-03   1.569324e-06   0.000000e+00   1.405726e-01   1.648782e-07 
          2280   4.851306e-07   1.324654e-03   4.019842e-03   1.562125e-06   0.000000e+00   1.405176e-01   1.648198e-07 
          2281   4.826198e-07   1.324487e-03   4.021729e-03   1.567895e-06   0.000000e+00   1.404629e-01   1.647614e-07 
          2282   4.853181e-07   1.324321e-03   4.023482e-03   1.560759e-06   0.000000e+00   1.404085e-01   1.647031e-07 
          2283   4.830784e-07   1.324155e-03   4.025315e-03   1.566213e-06   0.000000e+00   1.403543e-01   1.646448e-07 
          2284   4.841496e-07   1.323990e-03   4.027100e-03   1.563670e-06   0.000000e+00   1.403003e-01   1.645865e-07 
          2285   4.847689e-07   1.323825e-03   4.028866e-03   1.561615e-06   0.000000e+00   1.402465e-01   1.645282e-07 
          2286   4.848693e-07   1.323651e-03   4.030626e-03   1.559955e-06   0.000000e+00   1.401922e-01   1.644697e-07 
          2287   4.847793e-07   1.323475e-03   4.032361e-03   1.558664e-06   0.000000e+00   1.401378e-01   1.644111e-07 
          2288   4.845799e-07   1.323303e-03   4.034104e-03   1.557716e-06   0.000000e+00   1.400840e-01   1.643526e-07 
          2289   4.844357e-07   1.323134e-03   4.035869e-03   1.556964e-06   0.000000e+00   1.400305e-01   1.642943e-07 
          2290   4.842867e-07   1.322965e-03   4.037664e-03   1.556326e-06   0.000000e+00   1.399772e-01   1.642359e-07 
          2291   4.840974e-07   1.322790e-03   4.039475e-03   1.555602e-06   0.000000e+00   1.399235e-01   1.641774e-07 
          2292   4.839334e-07   1.322614e-03   4.041300e-03   1.554575e-06   0.000000e+00   1.398699e-01   1.641187e-07 
          2293   4.838277e-07   1.322438e-03   4.043074e-03   1.553286e-06   0.000000e+00   1.398165e-01   1.640602e-07 
          2294   4.838196e-07   1.322263e-03   4.044829e-03   1.551881e-06   0.000000e+00   1.397632e-01   1.640016e-07 
          2295   4.839044e-07   1.322089e-03   4.046576e-03   1.550507e-06   0.000000e+00   1.397101e-01   1.639431e-07 
          2296   4.840572e-07   1.321908e-03   4.048333e-03   1.549103e-06   0.000000e+00   1.396567e-01   1.638844e-07 
          2297   4.841932e-07   1.321730e-03   4.050076e-03   1.547673e-06   0.000000e+00   1.396037e-01   1.638257e-07 
          2298   4.843296e-07   1.321549e-03   4.051843e-03   1.546254e-06   0.000000e+00   1.395504e-01   1.637670e-07 
          2299   4.844187e-07   1.321368e-03   4.053603e-03   1.544824e-06   0.000000e+00   1.394974e-01   1.637082e-07 
          2300   4.845479e-07   1.321191e-03   4.055397e-03   1.543419e-06   0.000000e+00   1.394449e-01   1.636496e-07 
          2301   4.847056e-07   1.321017e-03   4.057150e-03   1.541989e-06   0.000000e+00   1.393926e-01   1.635911e-07 
          2302   4.848739e-07   1.320844e-03   4.058912e-03   1.540515e-06   0.000000e+00   1.393406e-01   1.635327e-07 
          2303   4.850373e-07   1.320672e-03   4.060667e-03   1.538943e-06   0.000000e+00   1.392889e-01   1.634742e-07 
          2304   4.852658e-07   1.320501e-03   4.062433e-03   1.537451e-06   0.000000e+00   1.392375e-01   1.634157e-07 
          2305   4.831714e-07   1.320331e-03   4.064204e-03   1.536319e-06   0.000000e+00   1.391864e-01   1.633573e-07 
          2306   4.825711e-07   1.320163e-03   4.065945e-03   1.535274e-06   0.000000e+00   1.391356e-01   1.632991e-07 
          2307   4.836236e-07   1.319997e-03   4.067686e-03   1.534000e-06   0.000000e+00   1.390851e-01   1.632408e-07 
          2308   4.846839e-07   1.319832e-03   4.069430e-03   1.532521e-06   0.000000e+00   1.390350e-01   1.631827e-07 
          2309   4.852295e-07   1.319668e-03   4.071144e-03   1.530914e-06   0.000000e+00   1.389852e-01   1.631247e-07 
          2310   4.853111e-07   1.319505e-03   4.072865e-03   1.529290e-06   0.000000e+00   1.389358e-01   1.630667e-07 
          2311   4.852002e-07   1.319344e-03   4.074574e-03   1.527728e-06   0.000000e+00   1.388867e-01   1.630088e-07 
          2312   4.851509e-07   1.319184e-03   4.076289e-03   1.526286e-06   0.000000e+00   1.388380e-01   1.629511e-07 
          2313   4.851472e-07   1.319026e-03   4.077992e-03   1.524952e-06   0.000000e+00   1.387896e-01   1.628933e-07 
          2314   4.853393e-07   1.318869e-03   4.079693e-03   1.523672e-06   0.000000e+00   1.387417e-01   1.628357e-07 
          2315   4.857425e-07   1.318713e-03   4.081400e-03   1.522422e-06   0.000000e+00   1.386941e-01   1.627782e-07 
          2316   4.862126e-07   1.318559e-03   4.083105e-03   1.521183e-06   0.000000e+00   1.386469e-01   1.627208e-07 
          2317   4.866577e-07   1.318406e-03   4.084810e-03   1.519925e-06   0.000000e+00   1.386001e-01   1.626634e-07 
          2318   4.871106e-07   1.318254e-03   4.086515e-03   1.518616e-06   0.000000e+00   1.385537e-01   1.626062e-07 
          2319   4.875040e-07   1.318104e-03   4.087989e-03   1.517292e-06   0.000000e+00   1.385077e-01   1.625490e-07 
          2320   4.878455e-07   1.317955e-03   4.089110e-03   1.515992e-06   0.000000e+00   1.384621e-01   1.624919e-07 
          2321   4.881417e-07   1.317808e-03   4.089945e-03   1.514703e-06   0.000000e+00   1.384169e-01   1.624349e-07 
          2322   4.883987e-07   1.317663e-03   4.090519e-03   1.513437e-06   0.000000e+00   1.383721e-01   1.623780e-07 
          2323   4.886424e-07   1.317518e-03   4.090863e-03   1.512178e-06   0.000000e+00   1.383277e-01   1.623212e-07 
          2324   4.888875e-07   1.317375e-03   4.091009e-03   1.510933e-06   0.000000e+00   1.382836e-01   1.622644e-07 
          2325   4.891274e-07   1.317234e-03   4.090993e-03   1.509696e-06   0.000000e+00   1.382400e-01   1.622078e-07 
          2326   4.893247e-07   1.317094e-03   4.090843e-03   1.508464e-06   0.000000e+00   1.381968e-01   1.621512e-07 
          2327   4.894806e-07   1.316955e-03   4.090586e-03   1.507211e-06   0.000000e+00   1.381540e-01   1.620948e-07 
          2328   4.896498e-07   1.316818e-03   4.090243e-03   1.505924e-06   0.000000e+00   1.381115e-01   1.620384e-07 
          2329   4.898278e-07   1.316683e-03   4.089833e-03   1.504675e-06   0.000000e+00   1.380695e-01   1.619821e-07 
          2330   4.898575e-07   1.316548e-03   4.089369e-03   1.503458e-06   0.000000e+00   1.380278e-01   1.619258e-07 
          2331   4.896762e-07   1.316416e-03   4.088860e-03   1.502237e-06   0.000000e+00   1.379865e-01   1.618697e-07 
          2332   4.894975e-07   1.316284e-03   4.088318e-03   1.500993e-06   0.000000e+00   1.379456e-01   1.618136e-07 
          2333   4.894049e-07   1.316154e-03   4.087750e-03   1.499771e-06   0.000000e+00   1.379050e-01   1.617576e-07 
          2334   4.893906e-07   1.316026e-03   4.087164e-03   1.498566e-06   0.000000e+00   1.378648e-01   1.617017e-07 
          2335   4.894209e-07   1.315899e-03   4.086565e-03   1.497375e-06   0.000000e+00   1.378250e-01   1.616459e-07 
          2336   4.895003e-07   1.315773e-03   4.085958e-03   1.496211e-06   0.000000e+00   1.377856e-01   1.615902e-07 
          2337   4.895996e-07   1.315649e-03   4.085345e-03   1.495068e-06   0.000000e+00   1.377465e-01   1.615345e-07 
          2338   4.897423e-07   1.315526e-03   4.084727e-03   1.493933e-06   0.000000e+00   1.377078e-01   1.614789e-07 
          2339   4.899312e-07   1.315405e-03   4.084109e-03   1.492853e-06   0.000000e+00   1.376694e-01   1.614233e-07 
          2340   4.901273e-07   1.315285e-03   4.083493e-03   1.491796e-06   0.000000e+00   1.376314e-01   1.613679e-07 
          2341   4.903175e-07   1.315166e-03   4.082881e-03   1.490753e-06   0.000000e+00   1.375937e-01   1.613125e-07 
          2342   4.904976e-07   1.315048e-03   4.082272e-03   1.489730e-06   0.000000e+00   1.375564e-01   1.612572e-07 
          2343   4.906760e-07   1.314932e-03   4.081668e-03   1.488703e-06   0.000000e+00   1.375194e-01   1.612020e-07 
          2344   4.909081e-07   1.314818e-03   4.081071e-03   1.487696e-06   0.000000e+00   1.374828e-01   1.611468e-07 
          2345   4.911574e-07   1.314705e-03   4.080479e-03   1.486725e-06   0.000000e+00   1.374465e-01   1.610917e-07 
          2346   4.913620e-07   1.314593e-03   4.079895e-03   1.485773e-06   0.000000e+00   1.374105e-01   1.610366e-07 
          2347   4.762011e-07   1.314482e-03   4.079317e-03   1.484730e-06   0.000000e+00   1.373748e-01   1.609817e-07 
          2348   4.662749e-07   1.314372e-03   4.078749e-03   1.483833e-06   0.000000e+00   1.373395e-01   1.609268e-07 
          2349   4.641248e-07   1.314264e-03   4.078191e-03   1.483008e-06   0.000000e+00   1.373045e-01   1.608719e-07 
          2350   4.669501e-07   1.314158e-03   4.077645e-03   1.482184e-06   0.000000e+00   1.372698e-01   1.608171e-07 
          2351   4.713199e-07   1.314052e-03   4.077107e-03   1.481323e-06   0.000000e+00   1.372354e-01   1.607624e-07 
          2352   4.749599e-07   1.313948e-03   4.076579e-03   1.480390e-06   0.000000e+00   1.372013e-01   1.607078e-07 
          2353   4.768915e-07   1.313845e-03   4.076059e-03   1.479406e-06   0.000000e+00   1.371675e-01   1.606532e-07 
          2354   4.771700e-07   1.313743e-03   4.075546e-03   1.478402e-06   0.000000e+00   1.371341e-01   1.605986e-07 
          2355   4.763315e-07   1.313642e-03   4.075040e-03   1.477409e-06   0.000000e+00   1.371009e-01   1.605442e-07 
          2356   4.749833e-07   1.313543e-03   4.074540e-03   1.476441e-06   0.000000e+00   1.370680e-01   1.604897e-07 
          2357   4.735790e-07   1.313444e-03   4.074044e-03   1.475512e-06   0.000000e+00   1.370354e-01   1.604354e-07 
          2358   4.724043e-07   1.313347e-03   4.073555e-03   1.474627e-06   0.000000e+00   1.370031e-01   1.603811e-07 
          2359   4.716037e-07   1.313251e-03   4.073071e-03   1.473777e-06   0.000000e+00   1.369711e-01   1.603268e-07 
          2360   4.711984e-07   1.313157e-03   4.072592e-03   1.472954e-06   0.000000e+00   1.369393e-01   1.602726e-07 
          2361   4.711511e-07   1.313063e-03   4.072119e-03   1.472135e-06   0.000000e+00   1.369078e-01   1.602185e-07 
          2362   4.713839e-07   1.312970e-03   4.071651e-03   1.471342e-06   0.000000e+00   1.368766e-01   1.601644e-07 
          2363   4.717519e-07   1.312879e-03   4.071185e-03   1.470500e-06   0.000000e+00   1.368457e-01   1.601103e-07 
          2364   4.722157e-07   1.312789e-03   4.070729e-03   1.469617e-06   0.000000e+00   1.368150e-01   1.600563e-07 
          2365   4.726837e-07   1.312700e-03   4.070279e-03   1.468723e-06   0.000000e+00   1.367845e-01   1.600024e-07 
          2366   4.730951e-07   1.312611e-03   4.069836e-03   1.467837e-06   0.000000e+00   1.367544e-01   1.599485e-07 
          2367   4.734453e-07   1.312524e-03   4.069499e-03   1.466510e-06   0.000000e+00   1.367245e-01   1.598947e-07 
          2368   4.737021e-07   1.312438e-03   4.069047e-03   1.465088e-06   0.000000e+00   1.366948e-01   1.598409e-07 
          2369   4.738598e-07   1.312353e-03   4.068602e-03   1.463933e-06   0.000000e+00   1.366654e-01   1.597872e-07 
          2370   4.739412e-07   1.312269e-03   4.068124e-03   1.463076e-06   0.000000e+00   1.366363e-01   1.597335e-07 
          2371   4.739553e-07   1.312187e-03   4.067645e-03   1.462360e-06   0.000000e+00   1.366073e-01   1.596798e-07 
          2372   4.739326e-07   1.312105e-03   4.067209e-03   1.461592e-06   0.000000e+00   1.365787e-01   1.596262e-07 
          2373   4.739096e-07   1.312024e-03   4.066777e-03   1.460799e-06   0.000000e+00   1.365503e-01   1.595727e-07 
          2374   4.738972e-07   1.311944e-03   4.066345e-03   1.460006e-06   0.000000e+00   1.365221e-01   1.595192e-07 
          2375   4.736913e-07   1.311865e-03   4.065916e-03   1.459230e-06   0.000000e+00   1.364941e-01   1.594657e-07 
          2376   4.735056e-07   1.311787e-03   4.065491e-03   1.458482e-06   0.000000e+00   1.364664e-01   1.594123e-07 
          2377   4.734342e-07   1.311710e-03   4.065069e-03   1.457715e-06   0.000000e+00   1.364389e-01   1.593589e-07 
          2378   4.734601e-07   1.311634e-03   4.064652e-03   1.456956e-06   0.000000e+00   1.364117e-01   1.593056e-07 
          2379   4.735416e-07   1.311558e-03   4.064237e-03   1.456212e-06   0.000000e+00   1.363846e-01   1.592523e-07 
          2380   4.736485e-07   1.311484e-03   4.063824e-03   1.455476e-06   0.000000e+00   1.363578e-01   1.591990e-07 
          2381   4.737607e-07   1.311411e-03   4.063413e-03   1.454753e-06   0.000000e+00   1.363312e-01   1.591458e-07 
          2382   4.738742e-07   1.311338e-03   4.063004e-03   1.454045e-06   0.000000e+00   1.363049e-01   1.590927e-07 
          2383   4.739886e-07   1.311266e-03   4.062600e-03   1.453352e-06   0.000000e+00   1.362787e-01   1.590396e-07 
          2384   4.741299e-07   1.311196e-03   4.062199e-03   1.452723e-06   0.000000e+00   1.362528e-01   1.589865e-07 
          2385   4.742478e-07   1.311126e-03   4.061803e-03   1.452088e-06   0.000000e+00   1.362271e-01   1.589334e-07 
          2386   4.743696e-07   1.311057e-03   4.061410e-03   1.451436e-06   0.000000e+00   1.362015e-01   1.588805e-07 
          2387   4.744835e-07   1.310989e-03   4.061020e-03   1.450761e-06   0.000000e+00   1.361762e-01   1.588275e-07 
          2388   4.745842e-07   1.310921e-03   4.060632e-03   1.450095e-06   0.000000e+00   1.361511e-01   1.587746e-07 
          2389   4.746594e-07   1.310855e-03   4.060247e-03   1.449457e-06   0.000000e+00   1.361262e-01   1.587217e-07 
          2390   4.747182e-07   1.310789e-03   4.059866e-03   1.448847e-06   0.000000e+00   1.361015e-01   1.586689e-07 
          2391   4.747773e-07   1.310724e-03   4.059487e-03   1.448275e-06   0.000000e+00   1.360770e-01   1.586161e-07 
          2392   4.748503e-07   1.310660e-03   4.059113e-03   1.447686e-06   0.000000e+00   1.360527e-01   1.585633e-07 
          2393   4.749401e-07   1.310597e-03   4.058742e-03   1.447082e-06   0.000000e+00   1.360286e-01   1.585106e-07 
          2394   4.750205e-07   1.310534e-03   4.058372e-03   1.446478e-06   0.000000e+00   1.360047e-01   1.584579e-07 
          2395   4.751138e-07   1.310472e-03   4.058003e-03   1.445876e-06   0.000000e+00   1.359809e-01   1.584052e-07 
          2396   4.752145e-07   1.310411e-03   4.057634e-03   1.445286e-06   0.000000e+00   1.359574e-01   1.583526e-07 
          2397   4.753180e-07   1.310351e-03   4.057268e-03   1.444710e-06   0.000000e+00   1.359340e-01   1.583000e-07 
          2398   4.754227e-07   1.310291e-03   4.056905e-03   1.444149e-06   0.000000e+00   1.359109e-01   1.582475e-07 
          2399   4.755300e-07   1.310232e-03   4.056544e-03   1.443589e-06   0.000000e+00   1.358879e-01   1.581950e-07 
          2400   4.756385e-07   1.310174e-03   4.056185e-03   1.443029e-06   0.000000e+00   1.358651e-01   1.581425e-07 
          2401   4.757493e-07   1.310117e-03   4.055829e-03   1.442472e-06   0.000000e+00   1.358425e-01   1.580900e-07 
          2402   4.758604e-07   1.310060e-03   4.055474e-03   1.441922e-06   0.000000e+00   1.358200e-01   1.580376e-07 
          2403   4.759645e-07   1.310004e-03   4.055121e-03   1.441380e-06   0.000000e+00   1.357978e-01   1.579853e-07 
          2404   4.760625e-07   1.309949e-03   4.054770e-03   1.440839e-06   0.000000e+00   1.357757e-01   1.579329e-07 
          2405   4.761576e-07   1.309894e-03   4.054421e-03   1.440296e-06   0.000000e+00   1.357538e-01   1.578806e-07 
          2406   4.762549e-07   1.309840e-03   4.054075e-03   1.439756e-06   0.000000e+00   1.357320e-01   1.578284e-07 
          2407   4.763712e-07   1.309787e-03   4.053730e-03   1.439221e-06   0.000000e+00   1.357104e-01   1.577761e-07 
          2408   4.764777e-07   1.309734e-03   4.053388e-03   1.438697e-06   0.000000e+00   1.356890e-01   1.577240e-07 
          2409   4.765751e-07   1.309682e-03   4.053048e-03   1.438178e-06   0.000000e+00   1.356678e-01   1.576718e-07 
          2410   4.766602e-07   1.309631e-03   4.052709e-03   1.437658e-06   0.000000e+00   1.356467e-01   1.576197e-07 
          2411   4.767452e-07   1.309580e-03   4.052372e-03   1.437129e-06   0.000000e+00   1.356258e-01   1.575676e-07 
          2412   4.768183e-07   1.309530e-03   4.052037e-03   1.436599e-06   0.000000e+00   1.356051e-01   1.575155e-07 
          2413   4.768864e-07   1.309480e-03   4.051702e-03   1.436073e-06   0.000000e+00   1.355845e-01   1.574635e-07 
          2414   4.769535e-07   1.309431e-03   4.051368e-03   1.435554e-06   0.000000e+00   1.355641e-01   1.574115e-07 
          2415   4.770167e-07   1.309383e-03   4.051037e-03   1.435041e-06   0.000000e+00   1.355438e-01   1.573595e-07 
          2416   4.770709e-07   1.309335e-03   4.050708e-03   1.434530e-06   0.000000e+00   1.355237e-01   1.573076e-07 
          2417   4.771120e-07   1.309288e-03   4.050382e-03   1.434011e-06   0.000000e+00   1.355037e-01   1.572557e-07 
          2418   4.771455e-07   1.309242e-03   4.050058e-03   1.433491e-06   0.000000e+00   1.354839e-01   1.572038e-07 
          2419   4.771737e-07   1.309196e-03   4.049735e-03   1.432968e-06   0.000000e+00   1.354643e-01   1.571520e-07 
          2420   4.771968e-07   1.309150e-03   4.049415e-03   1.432455e-06   0.000000e+00   1.354448e-01   1.571002e-07 
          2421   4.772306e-07   1.309106e-03   4.049096e-03   1.431937e-06   0.000000e+00   1.354254e-01   1.570484e-07 
          2422   4.772373e-07   1.309061e-03   4.048779e-03   1.431414e-06   0.000000e+00   1.354062e-01   1.569966e-07 
          2423   4.770733e-07   1.309018e-03   4.048464e-03   1.430918e-06   0.000000e+00   1.353872e-01   1.569449e-07 
          2424   4.768935e-07   1.308975e-03   4.048151e-03   1.430408e-06   0.000000e+00   1.353682e-01   1.568932e-07 
          2425   4.768300e-07   1.308932e-03   4.047839e-03   1.429842e-06   0.000000e+00   1.353495e-01   1.568416e-07 
          2426   4.768554e-07   1.308890e-03   4.047529e-03   1.429314e-06   0.000000e+00   1.353308e-01   1.567900e-07 
          2427   4.769191e-07   1.308848e-03   4.047221e-03   1.428795e-06   0.000000e+00   1.353124e-01   1.567384e-07 
          2428   4.769835e-07   1.308807e-03   4.046915e-03   1.428291e-06   0.000000e+00   1.352940e-01   1.566868e-07 
          2429   4.769957e-07   1.308767e-03   4.046611e-03   1.427785e-06   0.000000e+00   1.352758e-01   1.566353e-07 
          2430   4.770260e-07   1.308727e-03   4.046311e-03   1.427254e-06   0.000000e+00   1.352577e-01   1.565838e-07 
          2431   4.770610e-07   1.308687e-03   4.046012e-03   1.426718e-06   0.000000e+00   1.352398e-01   1.565323e-07 
          2432   4.766611e-07   1.308648e-03   4.045712e-03   1.426201e-06   0.000000e+00   1.352220e-01   1.564809e-07 
          2433   4.742179e-07   1.308610e-03   4.045412e-03   1.425585e-06   0.000000e+00   1.352043e-01   1.564295e-07 
          2434   4.719068e-07   1.308572e-03   4.045167e-03   1.425825e-06   0.000000e+00   1.351868e-01   1.563781e-07 
          2435   4.721739e-07   1.308534e-03   4.044802e-03   1.422906e-06   0.000000e+00   1.351694e-01   1.563267e-07 
          2436   4.697807e-07   1.308497e-03   4.044559e-03   1.422780e-06   0.000000e+00   1.351521e-01   1.562754e-07 
          2437   4.706563e-07   1.308460e-03   4.044202e-03   1.420442e-06   0.000000e+00   1.351349e-01   1.562241e-07 
          2438   4.686500e-07   1.308424e-03   4.043972e-03   1.420021e-06   0.000000e+00   1.351179e-01   1.561728e-07 
          2439   4.693052e-07   1.308388e-03   4.043679e-03   1.419509e-06   0.000000e+00   1.351010e-01   1.561216e-07 
          2440   4.696552e-07   1.308353e-03   4.043388e-03   1.419302e-06   0.000000e+00   1.350842e-01   1.560704e-07 
          2441   4.694848e-07   1.308318e-03   4.043098e-03   1.418225e-06   0.000000e+00   1.350676e-01   1.560192e-07 
          2442   4.691876e-07   1.308284e-03   4.042811e-03   1.417549e-06   0.000000e+00   1.350510e-01   1.559681e-07 
          2443   4.686049e-07   1.308250e-03   4.042528e-03   1.416459e-06   0.000000e+00   1.350346e-01   1.559169e-07 
          2444   4.681299e-07   1.308216e-03   4.042250e-03   1.415946e-06   0.000000e+00   1.350182e-01   1.558658e-07 
          2445   4.676047e-07   1.308183e-03   4.041974e-03   1.415123e-06   0.000000e+00   1.350020e-01   1.558148e-07 
          2446   4.674162e-07   1.308151e-03   4.041700e-03   1.414973e-06   0.000000e+00   1.349860e-01   1.557637e-07 
          2447   4.671810e-07   1.308118e-03   4.041425e-03   1.414192e-06   0.000000e+00   1.349700e-01   1.557127e-07 
          2448   4.671888e-07   1.308086e-03   4.041153e-03   1.413898e-06   0.000000e+00   1.349541e-01   1.556617e-07 
          2449   4.671578e-07   1.308055e-03   4.040878e-03   1.413146e-06   0.000000e+00   1.349384e-01   1.556108e-07 
          2450   4.673286e-07   1.308024e-03   4.040605e-03   1.412783e-06   0.000000e+00   1.349227e-01   1.555598e-07 
          2451   4.674417e-07   1.307993e-03   4.040335e-03   1.412023e-06   0.000000e+00   1.349072e-01   1.555089e-07 
          2452   4.676643e-07   1.307963e-03   4.040067e-03   1.411661e-06   0.000000e+00   1.348918e-01   1.554580e-07 
          2453   4.677819e-07   1.307933e-03   4.039801e-03   1.410972e-06   0.000000e+00   1.348765e-01   1.554072e-07 
          2454   4.679680e-07   1.307904e-03   4.039536e-03   1.410672e-06   0.000000e+00   1.348613e-01   1.553564e-07 
          2455   4.680468e-07   1.307874e-03   4.039274e-03   1.410035e-06   0.000000e+00   1.348462e-01   1.553056e-07 
          2456   4.681900e-07   1.307846e-03   4.039013e-03   1.409744e-06   0.000000e+00   1.348312e-01   1.552548e-07 
          2457   4.682415e-07   1.307817e-03   4.038752e-03   1.409111e-06   0.000000e+00   1.348163e-01   1.552041e-07 
          2458   4.683613e-07   1.307789e-03   4.038492e-03   1.408789e-06   0.000000e+00   1.348015e-01   1.551533e-07 
          2459   4.684091e-07   1.307762e-03   4.038232e-03   1.408142e-06   0.000000e+00   1.347868e-01   1.551027e-07 
          2460   4.685305e-07   1.307734e-03   4.037974e-03   1.407805e-06   0.000000e+00   1.347722e-01   1.550520e-07 
          2461   4.685943e-07   1.307707e-03   4.037717e-03   1.407172e-06   0.000000e+00   1.347577e-01   1.550014e-07 
          2462   4.687263e-07   1.307681e-03   4.037462e-03   1.406845e-06   0.000000e+00   1.347433e-01   1.549507e-07 
          2463   4.688076e-07   1.307654e-03   4.037208e-03   1.406227e-06   0.000000e+00   1.347290e-01   1.549002e-07 
          2464   4.689569e-07   1.307629e-03   4.036956e-03   1.405896e-06   0.000000e+00   1.347148e-01   1.548496e-07 
          2465   4.690527e-07   1.307603e-03   4.036704e-03   1.405272e-06   0.000000e+00   1.347007e-01   1.547991e-07 
          2466   4.692078e-07   1.307578e-03   4.036454e-03   1.404926e-06   0.000000e+00   1.346867e-01   1.547486e-07 
          2467   4.693096e-07   1.307553e-03   4.036204e-03   1.404288e-06   0.000000e+00   1.346727e-01   1.546981e-07 
          2468   4.694679e-07   1.307528e-03   4.035956e-03   1.403927e-06   0.000000e+00   1.346589e-01   1.546476e-07 
          2469   4.695654e-07   1.307504e-03   4.035708e-03   1.403286e-06   0.000000e+00   1.346452e-01   1.545972e-07 
          2470   4.697130e-07   1.307480e-03   4.035462e-03   1.402931e-06   0.000000e+00   1.346315e-01   1.545468e-07 
          2471   4.698070e-07   1.307456e-03   4.035216e-03   1.402301e-06   0.000000e+00   1.346179e-01   1.544964e-07 
          2472   4.699549e-07   1.307433e-03   4.034973e-03   1.401943e-06   0.000000e+00   1.346044e-01   1.544461e-07 
          2473   4.700501e-07   1.307410e-03   4.034729e-03   1.401301e-06   0.000000e+00   1.345910e-01   1.543958e-07 
          2474   4.701981e-07   1.307387e-03   4.034485e-03   1.400985e-06   0.000000e+00   1.345777e-01   1.543455e-07 
          2475   4.702944e-07   1.307365e-03   4.034241e-03   1.400393e-06   0.000000e+00   1.345645e-01   1.542952e-07 
          2476   4.704428e-07   1.307343e-03   4.034000e-03   1.400050e-06   0.000000e+00   1.345514e-01   1.542449e-07 
          2477   4.661465e-07   1.307321e-03   4.033759e-03   1.399404e-06   0.000000e+00   1.345383e-01   1.541947e-07 
          2478   4.704902e-07   1.307299e-03   4.034217e-03   1.495009e-06   0.000000e+00   1.345253e-01   1.541445e-07 
          2479   4.727737e-07   1.307278e-03   4.033993e-03   1.452552e-06   0.000000e+00   1.345124e-01   1.540944e-07 
          2480   4.735729e-07   1.307257e-03   4.033314e-03   1.420054e-06   0.000000e+00   1.344996e-01   1.540442e-07 
          2481   4.686320e-07   1.307236e-03   4.032646e-03   1.395692e-06   0.000000e+00   1.344869e-01   1.539941e-07 
          2482   4.721864e-07   1.307216e-03   4.032670e-03   1.477240e-06   0.000000e+00   1.344742e-01   1.539440e-07 
          2483   4.734818e-07   1.307196e-03   4.032662e-03   1.432164e-06   0.000000e+00   1.344617e-01   1.538939e-07 
          2484   4.734973e-07   1.307176e-03   4.032175e-03   1.406393e-06   0.000000e+00   1.344492e-01   1.538439e-07 
          2485   4.682734e-07   1.307156e-03   4.031674e-03   1.391888e-06   0.000000e+00   1.344368e-01   1.537938e-07 
          2486   4.718802e-07   1.307137e-03   4.031942e-03   1.480790e-06   0.000000e+00   1.344244e-01   1.537439e-07 
          2487   4.734152e-07   1.307118e-03   4.031929e-03   1.438422e-06   0.000000e+00   1.344122e-01   1.536939e-07 
          2488   4.737353e-07   1.307099e-03   4.031412e-03   1.410750e-06   0.000000e+00   1.344000e-01   1.536440e-07 
          2489   4.687355e-07   1.307080e-03   4.030805e-03   1.391901e-06   0.000000e+00   1.343879e-01   1.535940e-07 
          2490   4.723930e-07   1.307062e-03   4.030932e-03   1.476945e-06   0.000000e+00   1.343758e-01   1.535441e-07 
          2491   4.739233e-07   1.307044e-03   4.030919e-03   1.432147e-06   0.000000e+00   1.343639e-01   1.534943e-07 
          2492   4.741886e-07   1.307026e-03   4.030429e-03   1.404746e-06   0.000000e+00   1.343520e-01   1.534444e-07 
          2493   4.691366e-07   1.307008e-03   4.029832e-03   1.387843e-06   0.000000e+00   1.343402e-01   1.533946e-07 
          2494   4.727479e-07   1.306991e-03   4.030062e-03   1.474713e-06   0.000000e+00   1.343284e-01   1.533448e-07 
          2495   4.742732e-07   1.306974e-03   4.030078e-03   1.431410e-06   0.000000e+00   1.343167e-01   1.532951e-07 
          2496   4.745865e-07   1.306957e-03   4.029578e-03   1.404441e-06   0.000000e+00   1.343051e-01   1.532453e-07 
          2497   4.696058e-07   1.306940e-03   4.029031e-03   1.386861e-06   0.000000e+00   1.342936e-01   1.531956e-07 
          2498   4.732409e-07   1.306924e-03   4.029190e-03   1.472880e-06   0.000000e+00   1.342821e-01   1.531459e-07 
          2499   4.747682e-07   1.306908e-03   4.029196e-03   1.428462e-06   0.000000e+00   1.342707e-01   1.530962e-07 
          2500   4.750629e-07   1.306892e-03   4.028664e-03   1.401067e-06   0.000000e+00   1.342594e-01   1.530466e-07 
          2501   4.700794e-07   1.306876e-03   4.028162e-03   1.383513e-06   0.000000e+00   1.342481e-01   1.529970e-07 
          2502   4.737082e-07   1.306861e-03   4.028326e-03   1.469968e-06   0.000000e+00   1.342370e-01   1.529474e-07 
          2503   4.752260e-07   1.306846e-03   4.028354e-03   1.425936e-06   0.000000e+00   1.342258e-01   1.528978e-07 
          2504   4.755467e-07   1.306831e-03   4.027828e-03   1.399063e-06   0.000000e+00   1.342148e-01   1.528483e-07 
          2505   4.705963e-07   1.306816e-03   4.027338e-03   1.381761e-06   0.000000e+00   1.342038e-01   1.527987e-07 
          2506   4.742268e-07   1.306801e-03   4.027501e-03   1.468386e-06   0.000000e+00   1.341928e-01   1.527493e-07 
          2507   4.757554e-07   1.306787e-03   4.027530e-03   1.423777e-06   0.000000e+00   1.341820e-01   1.526998e-07 
          2508   4.760686e-07   1.306772e-03   4.026991e-03   1.396634e-06   0.000000e+00   1.341712e-01   1.526503e-07 
          2509   4.711694e-07   1.306759e-03   4.026501e-03   1.379163e-06   0.000000e+00   1.341604e-01   1.526009e-07 
          2510   4.748465e-07   1.306745e-03   4.026667e-03   1.465843e-06   0.000000e+00   1.341497e-01   1.525515e-07 
          2511   4.764334e-07   1.306731e-03   4.026714e-03   1.421115e-06   0.000000e+00   1.341391e-01   1.525022e-07 
          2512   4.768058e-07   1.306718e-03   4.026176e-03   1.394218e-06   0.000000e+00   1.341285e-01   1.524528e-07 
          2513   4.719249e-07   1.306705e-03   4.025694e-03   1.376925e-06   0.000000e+00   1.341180e-01   1.524035e-07 
          2514   4.755694e-07   1.306691e-03   4.025864e-03   1.463801e-06   0.000000e+00   1.341076e-01   1.523542e-07 
          2515   4.771480e-07   1.306679e-03   4.025921e-03   1.418805e-06   0.000000e+00   1.340972e-01   1.523049e-07 
          2516   4.775004e-07   1.306666e-03   4.025373e-03   1.391807e-06   0.000000e+00   1.340869e-01   1.522557e-07 
          2517   4.726250e-07   1.306654e-03   4.024892e-03   1.374413e-06   0.000000e+00   1.340766e-01   1.522064e-07 
          2518   4.762467e-07   1.306641e-03   4.025063e-03   1.461319e-06   0.000000e+00   1.340664e-01   1.521573e-07 
          2519   4.778321e-07   1.306629e-03   4.025138e-03   1.416185e-06   0.000000e+00   1.340563e-01   1.521081e-07 
          2520   4.781838e-07   1.306618e-03   4.024585e-03   1.389343e-06   0.000000e+00   1.340462e-01   1.520589e-07 
          2521   4.733244e-07   1.306606e-03   4.024107e-03   1.372043e-06   0.000000e+00   1.340362e-01   1.520098e-07 
          2522   4.769217e-07   1.306594e-03   4.024282e-03   1.459080e-06   0.000000e+00   1.340262e-01   1.519607e-07 
          2523   4.785025e-07   1.306583e-03   4.024370e-03   1.413817e-06   0.000000e+00   1.340163e-01   1.519116e-07 
          2524   4.788417e-07   1.306572e-03   4.023812e-03   1.387016e-06   0.000000e+00   1.340064e-01   1.518626e-07 
          2525   4.739793e-07   1.306561e-03   4.023332e-03   1.369681e-06   0.000000e+00   1.339966e-01   1.518136e-07 
          2526   4.775761e-07   1.306550e-03   4.023510e-03   1.456754e-06   0.000000e+00   1.339868e-01   1.517646e-07 
          2527   4.791591e-07   1.306540e-03   4.023595e-03   1.411381e-06   0.000000e+00   1.339771e-01   1.517156e-07 
          2528   4.795037e-07   1.306529e-03   4.023059e-03   1.384686e-06   0.000000e+00   1.339675e-01   1.516666e-07 
          2529   4.746672e-07   1.306519e-03   4.022573e-03   1.367413e-06   0.000000e+00   1.339578e-01   1.516177e-07 
          2530   4.782598e-07   1.306509e-03   4.022752e-03   1.454577e-06   0.000000e+00   1.339483e-01   1.515688e-07 
          2531   4.798116e-07   1.306499e-03   4.022846e-03   1.409109e-06   0.000000e+00   1.339388e-01   1.515199e-07 
          2532   4.801148e-07   1.306489e-03   4.022311e-03   1.382460e-06   0.000000e+00   1.339293e-01   1.514711e-07 
          2533   4.752628e-07   1.306479e-03   4.021827e-03   1.365172e-06   0.000000e+00   1.339199e-01   1.514222e-07 
          2534   4.788396e-07   1.306470e-03   4.022008e-03   1.452392e-06   0.000000e+00   1.339106e-01   1.513735e-07 
          2535   4.804005e-07   1.306461e-03   4.022107e-03   1.406958e-06   0.000000e+00   1.339013e-01   1.513247e-07 
          2536   4.807191e-07   1.306452e-03   4.021575e-03   1.380400e-06   0.000000e+00   1.338920e-01   1.512759e-07 
          2537   4.758923e-07   1.306443e-03   4.021094e-03   1.363130e-06   0.000000e+00   1.338828e-01   1.512272e-07 
          2538   4.794868e-07   1.306434e-03   4.021275e-03   1.450408e-06   0.000000e+00   1.338737e-01   1.511785e-07 
          2539   4.810698e-07   1.306425e-03   4.021377e-03   1.404979e-06   0.000000e+00   1.338646e-01   1.511298e-07 
          2540   4.730754e-07   1.306416e-03   4.020851e-03   1.378399e-06   0.000000e+00   1.338555e-01   1.510811e-07 
          2541   4.377572e-07   1.306408e-03   4.020372e-03   1.361025e-06   0.000000e+00   1.338465e-01   1.510325e-07 
          2542   4.269294e-07   1.306400e-03   4.020549e-03   1.448147e-06   0.000000e+00   1.338375e-01   1.509839e-07 
          2543   4.175166e-07   1.306392e-03   4.020655e-03   1.402841e-06   0.000000e+00   1.338286e-01   1.509353e-07 
          2544   4.129607e-07   1.306384e-03   4.020127e-03   1.376303e-06   0.000000e+00   1.338197e-01   1.508867e-07 
          2545   4.055956e-07   1.306376e-03   4.019647e-03   1.358974e-06   0.000000e+00   1.338109e-01   1.508382e-07 
          2546   4.123742e-07   1.306368e-03   4.019820e-03   1.446022e-06   0.000000e+00   1.338021e-01   1.507897e-07 
          2547   4.129103e-07   1.306361e-03   4.019931e-03   1.400633e-06   0.000000e+00   1.337934e-01   1.507412e-07 
          2548   4.137692e-07   1.306353e-03   4.019414e-03   1.373938e-06   0.000000e+00   1.337847e-01   1.506928e-07 
          2549   4.091278e-07   1.306346e-03   4.018946e-03   1.356601e-06   0.000000e+00   1.337760e-01   1.506443e-07 
          2550   4.167796e-07   1.306339e-03   4.019139e-03   1.443635e-06   0.000000e+00   1.337674e-01   1.505959e-07 
          2551   4.176705e-07   1.306332e-03   4.019254e-03   1.398250e-06   0.000000e+00   1.337588e-01   1.505475e-07 
          2552   4.182534e-07   1.306325e-03   4.018746e-03   1.371730e-06   0.000000e+00   1.337503e-01   1.504992e-07 
          2553   4.130969e-07   1.306318e-03   4.018287e-03   1.354464e-06   0.000000e+00   1.337418e-01   1.504508e-07 
          2554   4.199398e-07   1.306311e-03   4.018478e-03   1.441623e-06   0.000000e+00   1.337333e-01   1.504025e-07 
          2555   4.202918e-07   1.306305e-03   4.018607e-03   1.396035e-06   0.000000e+00   1.337249e-01   1.503542e-07 
          2556   4.203443e-07   1.306299e-03   4.018094e-03   1.369460e-06   0.000000e+00   1.337166e-01   1.503059e-07 
          2557   4.147784e-07   1.306292e-03   4.017646e-03   1.352209e-06   0.000000e+00   1.337082e-01   1.502577e-07 
          2558   4.212227e-07   1.306286e-03   4.017839e-03   1.439433e-06   0.000000e+00   1.336999e-01   1.502095e-07 
          2559   4.213302e-07   1.306280e-03   4.017969e-03   1.393775e-06   0.000000e+00   1.336917e-01   1.501613e-07 
          2560   4.211885e-07   1.306274e-03   4.017462e-03   1.367256e-06   0.000000e+00   1.336835e-01   1.501131e-07 
          2561   4.154615e-07   1.306269e-03   4.017017e-03   1.350101e-06   0.000000e+00   1.336753e-01   1.500650e-07 
          2562   4.217289e-07   1.306263e-03   4.017215e-03   1.437389e-06   0.000000e+00   1.336672e-01   1.500169e-07 
          2563   4.217177e-07   1.306257e-03   4.017343e-03   1.391607e-06   0.000000e+00   1.336591e-01   1.499688e-07 
          2564   4.214607e-07   1.306252e-03   4.016844e-03   1.365086e-06   0.000000e+00   1.336510e-01   1.499207e-07 
          2565   4.156342e-07   1.306247e-03   4.016343e-03   1.347941e-06   0.000000e+00   1.336430e-01   1.498726e-07 
          2566   4.218628e-07   1.306241e-03   4.016423e-03   1.435304e-06   0.000000e+00   1.336350e-01   1.498246e-07 
          2567   4.218421e-07   1.306236e-03   4.016401e-03   1.389392e-06   0.000000e+00   1.336270e-01   1.497766e-07 
          2568   4.215984e-07   1.306231e-03   4.015708e-03   1.362880e-06   0.000000e+00   1.336191e-01   1.497286e-07 
          2569   4.158094e-07   1.306226e-03   4.015036e-03   1.345787e-06   0.000000e+00   1.336112e-01   1.496807e-07 
          2570   4.220391e-07   1.306221e-03   4.014969e-03   1.433237e-06   0.000000e+00   1.336033e-01   1.496328e-07 
          2571   4.219621e-07   1.306217e-03   4.014848e-03   1.387192e-06   0.000000e+00   1.335955e-01   1.495849e-07 
          2572   4.216800e-07   1.306212e-03   4.014069e-03   1.360689e-06   0.000000e+00   1.335878e-01   1.495370e-07 
          2573   4.158735e-07   1.306208e-03   4.013330e-03   1.343645e-06   0.000000e+00   1.335800e-01   1.494891e-07 
          2574   4.221038e-07   1.306204e-03   4.013204e-03   1.431167e-06   0.000000e+00   1.335723e-01   1.494413e-07 
          2575   4.220040e-07   1.306199e-03   4.013048e-03   1.384996e-06   0.000000e+00   1.335646e-01   1.493935e-07 
          2576   4.216894e-07   1.306195e-03   4.012237e-03   1.358507e-06   0.000000e+00   1.335570e-01   1.493457e-07 
          2577   4.158449e-07   1.306191e-03   4.011473e-03   1.341487e-06   0.000000e+00   1.335493e-01   1.492980e-07 
          2578   4.220336e-07   1.306187e-03   4.011334e-03   1.429037e-06   0.000000e+00   1.335418e-01   1.492503e-07 
          2579   4.218867e-07   1.306183e-03   4.011171e-03   1.382755e-06   0.000000e+00   1.335342e-01   1.492025e-07 
          2580   4.215575e-07   1.306180e-03   4.010357e-03   1.356271e-06   0.000000e+00   1.335267e-01   1.491549e-07 
          2581   4.157139e-07   1.306176e-03   4.009595e-03   1.339279e-06   0.000000e+00   1.335192e-01   1.491072e-07 
          2582   4.219090e-07   1.306172e-03   4.009450e-03   1.426901e-06   0.000000e+00   1.335117e-01   1.490596e-07 
          2583   4.217512e-07   1.306169e-03   4.009292e-03   1.380532e-06   0.000000e+00   1.335043e-01   1.490120e-07 
          2584   4.214181e-07   1.306166e-03   4.008482e-03   1.354088e-06   0.000000e+00   1.334969e-01   1.489644e-07 
          2585   4.155726e-07   1.306162e-03   4.007723e-03   1.337154e-06   0.000000e+00   1.334895e-01   1.489168e-07 
          2586   4.217473e-07   1.306159e-03   4.007576e-03   1.424877e-06   0.000000e+00   1.334822e-01   1.488693e-07 
          2587   4.213491e-07   1.306156e-03   4.007419e-03   1.378407e-06   0.000000e+00   1.334748e-01   1.488217e-07 
          2588   4.207158e-07   1.306153e-03   4.006616e-03   1.351971e-06   0.000000e+00   1.334675e-01   1.487742e-07 
          2589   4.145205e-07   1.306150e-03   4.005862e-03   1.335046e-06   0.000000e+00   1.334602e-01   1.487268e-07 
          2590   4.205060e-07   1.306147e-03   4.005716e-03   1.422812e-06   0.000000e+00   1.334529e-01   1.486793e-07 
          2591   4.202181e-07   1.306144e-03   4.005558e-03   1.376178e-06   0.000000e+00   1.334457e-01   1.486319e-07 
          2592   4.198647e-07   1.306141e-03   4.004765e-03   1.349716e-06   0.000000e+00   1.334385e-01   1.485845e-07 
          2593   4.139957e-07   1.306138e-03   4.004015e-03   1.332817e-06   0.000000e+00   1.334313e-01   1.485371e-07 
          2594   4.202698e-07   1.306136e-03   4.003869e-03   1.420694e-06   0.000000e+00   1.334241e-01   1.484898e-07 
          2595   4.201274e-07   1.306133e-03   4.003710e-03   1.373977e-06   0.000000e+00   1.334170e-01   1.484424e-07 
          2596   4.198483e-07   1.306131e-03   4.002926e-03   1.347510e-06   0.000000e+00   1.334099e-01   1.483951e-07 
          2597   4.140408e-07   1.306129e-03   4.002180e-03   1.330666e-06   0.000000e+00   1.334028e-01   1.483478e-07 
          2598   4.203301e-07   1.306126e-03   4.002034e-03   1.418634e-06   0.000000e+00   1.333957e-01   1.483006e-07 
          2599   4.201955e-07   1.306124e-03   4.001873e-03   1.371849e-06   0.000000e+00   1.333887e-01   1.482533e-07 
          2600   4.198955e-07   1.306122e-03   4.001096e-03   1.345383e-06   0.000000e+00   1.333817e-01   1.482061e-07 
          2601   4.140710e-07   1.306120e-03   4.000353e-03   1.328588e-06   0.000000e+00   1.333747e-01   1.481589e-07 
          2602   4.203444e-07   1.306118e-03   4.000206e-03   1.416642e-06   0.000000e+00   1.333677e-01   1.481118e-07 
          2603   4.202032e-07   1.306116e-03   4.000044e-03   1.369769e-06   0.000000e+00   1.333607e-01   1.480646e-07 
          2604   4.198873e-07   1.306114e-03   3.999272e-03   1.343307e-06   0.000000e+00   1.333538e-01   1.480175e-07 
          2605   4.140498e-07   1.306112e-03   3.998531e-03   1.326568e-06   0.000000e+00   1.333469e-01   1.479704e-07 
          2606   4.203139e-07   1.306110e-03   3.998383e-03   1.414718e-06   0.000000e+00   1.333400e-01   1.479234e-07 
          2607   4.201658e-07   1.306109e-03   3.998220e-03   1.367748e-06   0.000000e+00   1.333332e-01   1.478763e-07 
          2608   4.198451e-07   1.306107e-03   3.997455e-03   1.341217e-06   0.000000e+00   1.333263e-01   1.478293e-07 
          2609   4.140114e-07   1.306106e-03   3.996711e-03   1.324489e-06   0.000000e+00   1.333195e-01   1.477823e-07 
          2610   4.202850e-07   1.306104e-03   3.996556e-03   1.412646e-06   0.000000e+00   1.333127e-01   1.477353e-07 
          2611   4.201425e-07   1.306103e-03   3.996381e-03   1.365617e-06   0.000000e+00   1.333059e-01   1.476884e-07 
          2612   4.198272e-07   1.306102e-03   3.995610e-03   1.339162e-06   0.000000e+00   1.332992e-01   1.476415e-07 
          2613   4.141907e-07   1.306101e-03   3.994857e-03   1.322465e-06   0.000000e+00   1.332924e-01   1.475945e-07 
          2614   4.205763e-07   1.306099e-03   3.994692e-03   1.410813e-06   0.000000e+00   1.332857e-01   1.475477e-07 
          2615   4.204809e-07   1.306098e-03   3.994510e-03   1.363748e-06   0.000000e+00   1.332790e-01   1.475008e-07 
          2616   4.201770e-07   1.306097e-03   3.993740e-03   1.337305e-06   0.000000e+00   1.332724e-01   1.474540e-07 
          2617   4.143677e-07   1.306096e-03   3.992988e-03   1.320611e-06   0.000000e+00   1.332657e-01   1.474072e-07 
          2618   4.206349e-07   1.306095e-03   3.992816e-03   1.408927e-06   0.000000e+00   1.332590e-01   1.473604e-07 
          2619   4.204810e-07   1.306094e-03   3.992629e-03   1.361658e-06   0.000000e+00   1.332524e-01   1.473136e-07 
          2620   4.201662e-07   1.306094e-03   3.991862e-03   1.335162e-06   0.000000e+00   1.332458e-01   1.472669e-07 
          2621   4.143739e-07   1.306093e-03   3.991107e-03   1.318484e-06   0.000000e+00   1.332392e-01   1.472202e-07 
          2622   4.206409e-07   1.306092e-03   3.990935e-03   1.406982e-06   0.000000e+00   1.332326e-01   1.471735e-07 
          2623   4.204548e-07   1.306092e-03   3.990743e-03   1.359662e-06   0.000000e+00   1.332261e-01   1.471269e-07 
          2624   4.201479e-07   1.306091e-03   3.989981e-03   1.333130e-06   0.000000e+00   1.332196e-01   1.470802e-07 
          2625   4.144016e-07   1.306090e-03   3.989223e-03   1.316439e-06   0.000000e+00   1.332130e-01   1.470336e-07 
          2626   4.207922e-07   1.306090e-03   3.989049e-03   1.404913e-06   0.000000e+00   1.332065e-01   1.469870e-07 
          2627   4.207056e-07   1.306090e-03   3.988857e-03   1.357462e-06   0.000000e+00   1.332001e-01   1.469405e-07 
          2628   4.204633e-07   1.306089e-03   3.988097e-03   1.330980e-06   0.000000e+00   1.331936e-01   1.468939e-07 
          2629   4.147459e-07   1.306089e-03   3.987336e-03   1.314357e-06   0.000000e+00   1.331872e-01   1.468474e-07 
          2630   4.211346e-07   1.306089e-03   3.987160e-03   1.402977e-06   0.000000e+00   1.331807e-01   1.468009e-07 
          2631   4.210224e-07   1.306089e-03   3.986968e-03   1.355483e-06   0.000000e+00   1.331743e-01   1.467544e-07 
          2632   4.207559e-07   1.306089e-03   3.986210e-03   1.329034e-06   0.000000e+00   1.331679e-01   1.467080e-07 
          2633   4.150222e-07   1.306089e-03   3.985448e-03   1.312460e-06   0.000000e+00   1.331616e-01   1.466616e-07 
          2634   4.214012e-07   1.306088e-03   3.985271e-03   1.401174e-06   0.000000e+00   1.331552e-01   1.466152e-07 
          2635   4.212740e-07   1.306089e-03   3.985078e-03   1.353618e-06   0.000000e+00   1.331489e-01   1.465688e-07 
          2636   4.210027e-07   1.306089e-03   3.984322e-03   1.327149e-06   0.000000e+00   1.331425e-01   1.465225e-07 
          2637   4.152710e-07   1.306089e-03   3.983560e-03   1.310576e-06   0.000000e+00   1.331362e-01   1.464761e-07 
          2638   4.216523e-07   1.306089e-03   3.983384e-03   1.399363e-06   0.000000e+00   1.331299e-01   1.464298e-07 
          2639   4.215220e-07   1.306089e-03   3.983191e-03   1.351759e-06   0.000000e+00   1.331236e-01   1.463836e-07 
          2640   4.212496e-07   1.306090e-03   3.982435e-03   1.325309e-06   0.000000e+00   1.331174e-01   1.463373e-07 
          2641   4.155384e-07   1.306090e-03   3.981673e-03   1.308766e-06   0.000000e+00   1.331111e-01   1.462911e-07 
          2642   4.219655e-07   1.306091e-03   3.981499e-03   1.397692e-06   0.000000e+00   1.331049e-01   1.462449e-07 
          2643   4.218552e-07   1.306091e-03   3.981307e-03   1.350100e-06   0.000000e+00   1.330987e-01   1.461987e-07 
          2644   4.215584e-07   1.306092e-03   3.980554e-03   1.323657e-06   0.000000e+00   1.330925e-01   1.461525e-07 
          2645   4.210820e-07   1.306092e-03   3.979790e-03   1.307076e-06   0.000000e+00   1.330863e-01   1.461064e-07 
          2646   4.154353e-07   1.306093e-03   3.979130e-03   1.299391e-06   0.000000e+00   1.330801e-01   1.460603e-07 
          2647   4.217097e-07   1.306094e-03   3.979162e-03   1.393904e-06   0.000000e+00   1.330739e-01   1.460142e-07 
          2648   4.216169e-07   1.306094e-03   3.979032e-03   1.351290e-06   0.000000e+00   1.330678e-01   1.459682e-07 
          2649   4.215339e-07   1.306095e-03   3.978301e-03   1.326387e-06   0.000000e+00   1.330616e-01   1.459221e-07 
          2650   4.212098e-07   1.306096e-03   3.977505e-03   1.308792e-06   0.000000e+00   1.330555e-01   1.458761e-07 
          2651   4.157275e-07   1.306097e-03   3.976827e-03   1.298380e-06   0.000000e+00   1.330494e-01   1.458301e-07 
          2652   4.220718e-07   1.306098e-03   3.976790e-03   1.390856e-06   0.000000e+00   1.330433e-01   1.457842e-07 
          2653   4.220604e-07   1.306099e-03   3.976646e-03   1.346361e-06   0.000000e+00   1.330372e-01   1.457382e-07 
          2654   4.219099e-07   1.306100e-03   3.975933e-03   1.321584e-06   0.000000e+00   1.330311e-01   1.456923e-07 
          2655   4.216137e-07   1.306101e-03   3.975138e-03   1.304990e-06   0.000000e+00   1.330251e-01   1.456464e-07 
          2656   4.212330e-07   1.306102e-03   3.974489e-03   1.296212e-06   0.000000e+00   1.330190e-01   1.456005e-07 
          2657   4.158542e-07   1.306103e-03   3.973978e-03   1.293929e-06   0.000000e+00   1.330130e-01   1.455547e-07 
          2658   4.218713e-07   1.306104e-03   3.974091e-03   1.392469e-06   0.000000e+00   1.330069e-01   1.455089e-07 
          2659   4.190315e-07   1.306105e-03   3.973995e-03   1.350588e-06   0.000000e+00   1.330009e-01   1.454631e-07 
          2660   4.178862e-07   1.306107e-03   3.973213e-03   1.324675e-06   0.000000e+00   1.329949e-01   1.454173e-07 
          2661   4.175554e-07   1.306108e-03   3.972360e-03   1.304790e-06   0.000000e+00   1.329889e-01   1.453715e-07 
          2662   4.174802e-07   1.306109e-03   3.971631e-03   1.292718e-06   0.000000e+00   1.329829e-01   1.453258e-07 
          2663   4.124121e-07   1.306111e-03   3.971083e-03   1.288621e-06   0.000000e+00   1.329770e-01   1.452801e-07 
          2664   4.194370e-07   1.306112e-03   3.971180e-03   1.386421e-06   0.000000e+00   1.329710e-01   1.452344e-07 
          2665   4.180894e-07   1.306114e-03   3.971127e-03   1.345668e-06   0.000000e+00   1.329651e-01   1.451888e-07 
          2666   4.203199e-07   1.306115e-03   3.970387e-03   1.322446e-06   0.000000e+00   1.329591e-01   1.451431e-07 
          2667   4.208872e-07   1.306117e-03   3.969571e-03   1.304098e-06   0.000000e+00   1.329532e-01   1.450975e-07 
          2668   4.211915e-07   1.306119e-03   3.968841e-03   1.292306e-06   0.000000e+00   1.329473e-01   1.450519e-07 
          2669   4.211740e-07   1.306120e-03   3.968265e-03   1.288020e-06   0.000000e+00   1.329414e-01   1.450063e-07 
          2670   4.208156e-07   1.306122e-03   3.967859e-03   1.288967e-06   0.000000e+00   1.329355e-01   1.449608e-07 
          2671   4.205245e-07   1.306124e-03   3.967562e-03   1.294346e-06   0.000000e+00   1.329296e-01   1.449153e-07 
          2672   4.204116e-07   1.306125e-03   3.967256e-03   1.300022e-06   0.000000e+00   1.329237e-01   1.448698e-07 
          2673   4.201905e-07   1.306127e-03   3.966864e-03   1.303399e-06   0.000000e+00   1.329178e-01   1.448243e-07 
          2674   4.203855e-07   1.306129e-03   3.966373e-03   1.303417e-06   0.000000e+00   1.329119e-01   1.447789e-07 
          2675   4.205268e-07   1.306131e-03   3.965813e-03   1.300431e-06   0.000000e+00   1.329061e-01   1.447334e-07 
          2676   4.207559e-07   1.306133e-03   3.965244e-03   1.296484e-06   0.000000e+00   1.329002e-01   1.446880e-07 
          2677   4.209357e-07   1.306135e-03   3.964710e-03   1.293590e-06   0.000000e+00   1.328944e-01   1.446426e-07 
          2678   4.210907e-07   1.306137e-03   3.964232e-03   1.292310e-06   0.000000e+00   1.328886e-01   1.445973e-07 
          2679   4.212040e-07   1.306139e-03   3.963796e-03   1.293088e-06   0.000000e+00   1.328828e-01   1.445520e-07 
          2680   4.213614e-07   1.306141e-03   3.963372e-03   1.294540e-06   0.000000e+00   1.328769e-01   1.445066e-07 
          2681   4.214499e-07   1.306143e-03   3.962929e-03   1.295967e-06   0.000000e+00   1.328711e-01   1.444613e-07 
          2682   4.216126e-07   1.306145e-03   3.962455e-03   1.296335e-06   0.000000e+00   1.328653e-01   1.444161e-07 
          2683   4.216939e-07   1.306147e-03   3.961950e-03   1.295659e-06   0.000000e+00   1.328595e-01   1.443708e-07 
          2684   4.218308e-07   1.306149e-03   3.961434e-03   1.294184e-06   0.000000e+00   1.328538e-01   1.443256e-07 
          2685   4.218799e-07   1.306151e-03   3.960922e-03   1.292769e-06   0.000000e+00   1.328480e-01   1.442804e-07 
          2686   4.219683e-07   1.306153e-03   3.960425e-03   1.291691e-06   0.000000e+00   1.328422e-01   1.442352e-07 
          2687   4.220016e-07   1.306156e-03   3.959945e-03   1.291467e-06   0.000000e+00   1.328365e-01   1.441901e-07 
          2688   4.220955e-07   1.306158e-03   3.959477e-03   1.291558e-06   0.000000e+00   1.328307e-01   1.441450e-07 
          2689   4.221437e-07   1.306160e-03   3.959007e-03   1.291948e-06   0.000000e+00   1.328250e-01   1.440999e-07 
          2690   4.222671e-07   1.306162e-03   3.958527e-03   1.291984e-06   0.000000e+00   1.328192e-01   1.440548e-07 
          2691   4.223287e-07   1.306165e-03   3.958035e-03   1.291775e-06   0.000000e+00   1.328135e-01   1.440097e-07 
          2692   4.192524e-07   1.306167e-03   3.957537e-03   1.291065e-06   0.000000e+00   1.328078e-01   1.439647e-07 
          2693   4.191132e-07   1.306170e-03   3.957034e-03   1.290318e-06   0.000000e+00   1.328021e-01   1.439197e-07 
          2694   4.213192e-07   1.306172e-03   3.956537e-03   1.289519e-06   0.000000e+00   1.327963e-01   1.438747e-07 
          2695   4.241353e-07   1.306175e-03   3.956044e-03   1.289093e-06   0.000000e+00   1.327906e-01   1.438297e-07 
          2696   4.268739e-07   1.306177e-03   3.955560e-03   1.288709e-06   0.000000e+00   1.327849e-01   1.437847e-07 
          2697   4.291488e-07   1.306180e-03   3.955076e-03   1.288595e-06   0.000000e+00   1.327792e-01   1.437398e-07 
          2698   4.311466e-07   1.306182e-03   3.954590e-03   1.288365e-06   0.000000e+00   1.327736e-01   1.436949e-07 
          2699   4.327869e-07   1.306185e-03   3.954098e-03   1.288200e-06   0.000000e+00   1.327679e-01   1.436500e-07 
          2700   4.342890e-07   1.306187e-03   3.953601e-03   1.287780e-06   0.000000e+00   1.327622e-01   1.436052e-07 
          2701   4.355159e-07   1.306190e-03   3.953102e-03   1.287402e-06   0.000000e+00   1.327565e-01   1.435604e-07 
          2702   4.366445e-07   1.306193e-03   3.952603e-03   1.286860e-06   0.000000e+00   1.327508e-01   1.435155e-07 
          2703   4.375188e-07   1.306195e-03   3.952107e-03   1.286498e-06   0.000000e+00   1.327452e-01   1.434708e-07 
          2704   4.383223e-07   1.306198e-03   3.951614e-03   1.286077e-06   0.000000e+00   1.327395e-01   1.434260e-07 
          2705   4.389118e-07   1.306201e-03   3.951121e-03   1.285870e-06   0.000000e+00   1.327338e-01   1.433813e-07 
          2706   4.394819e-07   1.306204e-03   3.950629e-03   1.285541e-06   0.000000e+00   1.327282e-01   1.433365e-07 
          2707   4.398919e-07   1.306206e-03   3.950135e-03   1.285343e-06   0.000000e+00   1.327225e-01   1.432918e-07 
          2708   4.403309e-07   1.306209e-03   3.949640e-03   1.284946e-06   0.000000e+00   1.327169e-01   1.432472e-07 
          2709   4.406408e-07   1.306212e-03   3.949143e-03   1.284666e-06   0.000000e+00   1.327113e-01   1.432025e-07 
          2710   4.410031e-07   1.306215e-03   3.948646e-03   1.284208e-06   0.000000e+00   1.327056e-01   1.431579e-07 
          2711   4.412499e-07   1.306218e-03   3.948148e-03   1.283922e-06   0.000000e+00   1.327000e-01   1.431133e-07 
          2712   4.383129e-07   1.306221e-03   3.947632e-03   1.282493e-06   0.000000e+00   1.326944e-01   1.430687e-07 
          2713   4.411155e-07   1.306224e-03   3.947141e-03   1.284012e-06   0.000000e+00   1.326887e-01   1.430242e-07 
          2714   4.417713e-07   1.306227e-03   3.946628e-03   1.283473e-06   0.000000e+00   1.326831e-01   1.429796e-07 
          2715   4.393363e-07   1.306230e-03   3.946116e-03   1.281939e-06   0.000000e+00   1.326775e-01   1.429351e-07 
          2716   4.420708e-07   1.306233e-03   3.945627e-03   1.283281e-06   0.000000e+00   1.326719e-01   1.428906e-07 
          2717   4.427411e-07   1.306236e-03   3.945121e-03   1.282912e-06   0.000000e+00   1.326662e-01   1.428462e-07 
          2718   4.431266e-07   1.306239e-03   3.944630e-03   1.282165e-06   0.000000e+00   1.326606e-01   1.428017e-07 
          2719   4.401021e-07   1.306242e-03   3.944118e-03   1.280961e-06   0.000000e+00   1.326550e-01   1.427573e-07 
          2720   4.424153e-07   1.306245e-03   3.943628e-03   1.282121e-06   0.000000e+00   1.326494e-01   1.427129e-07 
          2721   4.427735e-07   1.306248e-03   3.943118e-03   1.281261e-06   0.000000e+00   1.326438e-01   1.426685e-07 
          2722   4.429542e-07   1.306251e-03   3.942621e-03   1.280801e-06   0.000000e+00   1.326382e-01   1.426242e-07 
          2723   4.400026e-07   1.306254e-03   3.942104e-03   1.279583e-06   0.000000e+00   1.326326e-01   1.425799e-07 
          2724   4.425775e-07   1.306257e-03   3.941612e-03   1.280851e-06   0.000000e+00   1.326270e-01   1.425356e-07 
          2725   4.429261e-07   1.306261e-03   3.941098e-03   1.280119e-06   0.000000e+00   1.326214e-01   1.424913e-07 
          2726   4.402975e-07   1.306264e-03   3.940581e-03   1.278659e-06   0.000000e+00   1.326158e-01   1.424470e-07 
          2727   4.429042e-07   1.306267e-03   3.940088e-03   1.279924e-06   0.000000e+00   1.326102e-01   1.424028e-07 
          2728   4.403975e-07   1.306270e-03   3.939557e-03   1.278486e-06   0.000000e+00   1.326046e-01   1.423586e-07 
          2729   4.429736e-07   1.306274e-03   3.939066e-03   1.279691e-06   0.000000e+00   1.325991e-01   1.423144e-07 
          2730   4.434708e-07   1.306277e-03   3.938552e-03   1.278505e-06   0.000000e+00   1.325935e-01   1.422702e-07 
          2731   4.407683e-07   1.306280e-03   3.938035e-03   1.277117e-06   0.000000e+00   1.325879e-01   1.422261e-07 
          2732   4.431639e-07   1.306283e-03   3.937540e-03   1.278119e-06   0.000000e+00   1.325823e-01   1.421820e-07 
          2733   4.406692e-07   1.306287e-03   3.937008e-03   1.276574e-06   0.000000e+00   1.325767e-01   1.421379e-07 
          2734   4.405376e-07   1.306290e-03   3.936497e-03   1.276864e-06   0.000000e+00   1.325712e-01   1.420938e-07 
          2735   4.407129e-07   1.306294e-03   3.935969e-03   1.276799e-06   0.000000e+00   1.325656e-01   1.420497e-07 
          2736   4.438888e-07   1.306297e-03   3.935458e-03   1.277613e-06   0.000000e+00   1.325600e-01   1.420057e-07 
          2737   4.417684e-07   1.306300e-03   3.934925e-03   1.275746e-06   0.000000e+00   1.325544e-01   1.419617e-07 
          2738   4.416310e-07   1.306304e-03   3.934418e-03   1.275553e-06   0.000000e+00   1.325489e-01   1.419177e-07 
          2739   4.415178e-07   1.306307e-03   3.933895e-03   1.275176e-06   0.000000e+00   1.325433e-01   1.418738e-07 
          2740   4.441877e-07   1.306311e-03   3.933389e-03   1.275810e-06   0.000000e+00   1.325377e-01   1.418298e-07 
          2741   4.417970e-07   1.306314e-03   3.932860e-03   1.273932e-06   0.000000e+00   1.325322e-01   1.417859e-07 
          2742   4.415185e-07   1.306318e-03   3.932352e-03   1.273995e-06   0.000000e+00   1.325266e-01   1.417420e-07 
          2743   4.412712e-07   1.306321e-03   3.931826e-03   1.273954e-06   0.000000e+00   1.325211e-01   1.416982e-07 
          2744   4.440721e-07   1.306325e-03   3.931316e-03   1.274871e-06   0.000000e+00   1.325155e-01   1.416543e-07 
          2745   4.416226e-07   1.306328e-03   3.930780e-03   1.273031e-06   0.000000e+00   1.325099e-01   1.416105e-07 
          2746   4.413937e-07   1.306332e-03   3.930268e-03   1.272966e-06   0.000000e+00   1.325044e-01   1.415667e-07 
          2747   4.413365e-07   1.306335e-03   3.929739e-03   1.272696e-06   0.000000e+00   1.324988e-01   1.415229e-07 
          2748   4.441947e-07   1.306339e-03   3.929227e-03   1.273420e-06   0.000000e+00   1.324932e-01   1.414792e-07 
          2749   4.419623e-07   1.306343e-03   3.928692e-03   1.271634e-06   0.000000e+00   1.324877e-01   1.414354e-07 
          2750   4.419131e-07   1.306346e-03   3.928178e-03   1.271656e-06   0.000000e+00   1.324822e-01   1.413917e-07 
          2751   4.418363e-07   1.306350e-03   3.927646e-03   1.271609e-06   0.000000e+00   1.324766e-01   1.413481e-07 
          2752   4.419077e-07   1.306354e-03   3.927113e-03   1.271380e-06   0.000000e+00   1.324711e-01   1.413044e-07 
          2753   4.448303e-07   1.306357e-03   3.926597e-03   1.272106e-06   0.000000e+00   1.324656e-01   1.412608e-07 
          2754   4.425628e-07   1.306361e-03   3.926055e-03   1.270623e-06   0.000000e+00   1.324600e-01   1.412171e-07 
          2755   4.423841e-07   1.306365e-03   3.925537e-03   1.270274e-06   0.000000e+00   1.324545e-01   1.411735e-07 
          2756   4.422205e-07   1.306368e-03   3.925002e-03   1.269937e-06   0.000000e+00   1.324490e-01   1.411300e-07 
          2757   4.449880e-07   1.306372e-03   3.924484e-03   1.270619e-06   0.000000e+00   1.324434e-01   1.410864e-07 
          2758   4.426958e-07   1.306376e-03   3.923940e-03   1.269005e-06   0.000000e+00   1.324379e-01   1.410429e-07 
          2759   4.425873e-07   1.306380e-03   3.923417e-03   1.268974e-06   0.000000e+00   1.324324e-01   1.409994e-07 
          2760   4.424813e-07   1.306383e-03   3.922876e-03   1.268901e-06   0.000000e+00   1.324269e-01   1.409560e-07 
          2761   4.425535e-07   1.306387e-03   3.922334e-03   1.268680e-06   0.000000e+00   1.324213e-01   1.409125e-07 
          2762   4.455531e-07   1.306391e-03   3.921809e-03   1.269393e-06   0.000000e+00   1.324158e-01   1.408691e-07 
          2763   4.432632e-07   1.306395e-03   3.921259e-03   1.267974e-06   0.000000e+00   1.324103e-01   1.408257e-07 
          2764   4.430932e-07   1.306398e-03   3.920731e-03   1.267566e-06   0.000000e+00   1.324048e-01   1.407823e-07 
          2765   4.429292e-07   1.306402e-03   3.920187e-03   1.267207e-06   0.000000e+00   1.323993e-01   1.407389e-07 
          2766   4.457450e-07   1.306406e-03   3.919661e-03   1.267876e-06   0.000000e+00   1.323938e-01   1.406956e-07 
          2767   4.434127e-07   1.306410e-03   3.919106e-03   1.266311e-06   0.000000e+00   1.323883e-01   1.406523e-07 
          2768   4.432954e-07   1.306414e-03   3.918573e-03   1.266255e-06   0.000000e+00   1.323828e-01   1.406090e-07 
          2769   4.431829e-07   1.306418e-03   3.918023e-03   1.266175e-06   0.000000e+00   1.323773e-01   1.405658e-07 
          2770   4.432587e-07   1.306422e-03   3.917470e-03   1.265954e-06   0.000000e+00   1.323718e-01   1.405225e-07 
          2771   4.463185e-07   1.306426e-03   3.916938e-03   1.266665e-06   0.000000e+00   1.323663e-01   1.404793e-07 
          2772   4.439960e-07   1.306429e-03   3.916378e-03   1.265294e-06   0.000000e+00   1.323608e-01   1.404361e-07 
          2773   4.438346e-07   1.306433e-03   3.915842e-03   1.264848e-06   0.000000e+00   1.323553e-01   1.403930e-07 
          2774   4.436766e-07   1.306437e-03   3.915291e-03   1.264474e-06   0.000000e+00   1.323498e-01   1.403498e-07 
          2775   4.465512e-07   1.306441e-03   3.914757e-03   1.265141e-06   0.000000e+00   1.323443e-01   1.403067e-07 
          2776   4.441986e-07   1.306445e-03   3.914193e-03   1.263621e-06   0.000000e+00   1.323388e-01   1.402636e-07 
          2777   4.440935e-07   1.306449e-03   3.913651e-03   1.263536e-06   0.000000e+00   1.323334e-01   1.402206e-07 
          2778   4.439950e-07   1.306453e-03   3.913093e-03   1.263450e-06   0.000000e+00   1.323279e-01   1.401775e-07 
          2779   4.440902e-07   1.306457e-03   3.912535e-03   1.263203e-06   0.000000e+00   1.323224e-01   1.401345e-07 
          2780   4.472098e-07   1.306461e-03   3.912001e-03   1.263867e-06   0.000000e+00   1.323169e-01   1.400915e-07 
          2781   4.448613e-07   1.306465e-03   3.911437e-03   1.262518e-06   0.000000e+00   1.323115e-01   1.400485e-07 
          2782   4.447494e-07   1.306469e-03   3.910898e-03   1.262019e-06   0.000000e+00   1.323060e-01   1.400056e-07 
          2783   4.446320e-07   1.306473e-03   3.910340e-03   1.261642e-06   0.000000e+00   1.323005e-01   1.399627e-07 
          2784   4.476305e-07   1.306477e-03   3.909803e-03   1.262324e-06   0.000000e+00   1.322951e-01   1.399198e-07 
          2785   4.452961e-07   1.306481e-03   3.909233e-03   1.260837e-06   0.000000e+00   1.322896e-01   1.398769e-07 
          2786   4.452276e-07   1.306485e-03   3.908688e-03   1.260716e-06   0.000000e+00   1.322841e-01   1.398341e-07 
          2787   4.451377e-07   1.306489e-03   3.908124e-03   1.260616e-06   0.000000e+00   1.322787e-01   1.397912e-07 
          2788   4.452413e-07   1.306493e-03   3.907560e-03   1.260386e-06   0.000000e+00   1.322732e-01   1.397484e-07 
          2789   4.484310e-07   1.306498e-03   3.907019e-03   1.261093e-06   0.000000e+00   1.322678e-01   1.397057e-07 
          2790   4.459834e-07   1.306502e-03   3.906445e-03   1.259770e-06   0.000000e+00   1.322623e-01   1.396629e-07 
          2791   4.457491e-07   1.306506e-03   3.905899e-03   1.259239e-06   0.000000e+00   1.322569e-01   1.396202e-07 
          2792   4.454898e-07   1.306510e-03   3.905335e-03   1.258832e-06   0.000000e+00   1.322514e-01   1.395775e-07 
          2793   4.484083e-07   1.306514e-03   3.904794e-03   1.259488e-06   0.000000e+00   1.322460e-01   1.395348e-07 
          2794   4.459207e-07   1.306518e-03   3.904217e-03   1.257988e-06   0.000000e+00   1.322405e-01   1.394921e-07 
          2795   4.457675e-07   1.306522e-03   3.903664e-03   1.257834e-06   0.000000e+00   1.322351e-01   1.394495e-07 
          2796   4.456066e-07   1.306526e-03   3.903095e-03   1.257731e-06   0.000000e+00   1.322296e-01   1.394069e-07 
          2797   4.456492e-07   1.306531e-03   3.902524e-03   1.257497e-06   0.000000e+00   1.322242e-01   1.393643e-07 
          2798   4.488362e-07   1.306535e-03   3.901977e-03   1.258200e-06   0.000000e+00   1.322188e-01   1.393218e-07 
          2799   4.453342e-07   1.306539e-03   3.901395e-03   1.257286e-06   0.000000e+00   1.322133e-01   1.392792e-07 
          2800   4.459112e-07   1.306543e-03   3.900838e-03   1.256911e-06   0.000000e+00   1.322079e-01   1.392367e-07 
          2801   4.468263e-07   1.306547e-03   3.900260e-03   1.256479e-06   0.000000e+00   1.322025e-01   1.391942e-07 
          2802   4.476353e-07   1.306552e-03   3.899681e-03   1.255975e-06   0.000000e+00   1.321970e-01   1.391518e-07 
          2803   4.506910e-07   1.306556e-03   3.899124e-03   1.256556e-06   0.000000e+00   1.321916e-01   1.391093e-07 
          2804   4.490223e-07   1.306560e-03   3.898533e-03   1.255362e-06   0.000000e+00   1.321862e-01   1.390669e-07 
          2805   4.490412e-07   1.306564e-03   3.897968e-03   1.255164e-06   0.000000e+00   1.321807e-01   1.390245e-07 
          2806   4.491079e-07   1.306568e-03   3.897385e-03   1.254976e-06   0.000000e+00   1.321753e-01   1.389821e-07 
          2807   4.494586e-07   1.306573e-03   3.896802e-03   1.254733e-06   0.000000e+00   1.321699e-01   1.389398e-07 
          2808   4.500401e-07   1.306577e-03   3.896219e-03   1.254389e-06   0.000000e+00   1.321645e-01   1.388975e-07 
          2809   4.531604e-07   1.306581e-03   3.895660e-03   1.255026e-06   0.000000e+00   1.321590e-01   1.388552e-07 
          2810   4.515806e-07   1.306585e-03   3.895066e-03   1.253982e-06   0.000000e+00   1.321536e-01   1.388129e-07 
          2811   4.516860e-07   1.306590e-03   3.894498e-03   1.253471e-06   0.000000e+00   1.321482e-01   1.387707e-07 
          2812   4.517006e-07   1.306594e-03   3.893912e-03   1.253071e-06   0.000000e+00   1.321428e-01   1.387284e-07 
          2813   4.543770e-07   1.306598e-03   3.893351e-03   1.253656e-06   0.000000e+00   1.321374e-01   1.386862e-07 
          2814   4.523934e-07   1.306603e-03   3.892750e-03   1.252391e-06   0.000000e+00   1.321320e-01   1.386441e-07 
          2815   4.523697e-07   1.306607e-03   3.892174e-03   1.252275e-06   0.000000e+00   1.321265e-01   1.386019e-07 
          2816   4.524022e-07   1.306611e-03   3.891582e-03   1.252173e-06   0.000000e+00   1.321211e-01   1.385598e-07 
          2817   4.526433e-07   1.306615e-03   3.890988e-03   1.251969e-06   0.000000e+00   1.321157e-01   1.385177e-07 
          2818   4.530082e-07   1.306620e-03   3.890395e-03   1.251643e-06   0.000000e+00   1.321103e-01   1.384756e-07 
          2819   4.559346e-07   1.306624e-03   3.889829e-03   1.252258e-06   0.000000e+00   1.321049e-01   1.384336e-07 
          2820   4.539942e-07   1.306628e-03   3.889226e-03   1.251241e-06   0.000000e+00   1.320995e-01   1.383915e-07 
          2821   4.538518e-07   1.306633e-03   3.888650e-03   1.250711e-06   0.000000e+00   1.320941e-01   1.383495e-07 
          2822   4.536775e-07   1.306637e-03   3.888056e-03   1.250316e-06   0.000000e+00   1.320887e-01   1.383075e-07 
          2823   4.562917e-07   1.306642e-03   3.887486e-03   1.250891e-06   0.000000e+00   1.320833e-01   1.382656e-07 
          2824   4.541677e-07   1.306646e-03   3.886876e-03   1.249685e-06   0.000000e+00   1.320779e-01   1.382236e-07 
          2825   4.540711e-07   1.306650e-03   3.886291e-03   1.249568e-06   0.000000e+00   1.320725e-01   1.381817e-07 
          2826   4.540137e-07   1.306655e-03   3.885689e-03   1.249482e-06   0.000000e+00   1.320670e-01   1.381398e-07 
          2827   4.472867e-07   1.306659e-03   3.885086e-03   1.249234e-06   0.000000e+00   1.320616e-01   1.380980e-07 
          2828   4.344415e-07   1.306663e-03   3.884485e-03   1.248916e-06   0.000000e+00   1.320562e-01   1.380561e-07 
          2829   4.317991e-07   1.306668e-03   3.883889e-03   1.248730e-06   0.000000e+00   1.320508e-01   1.380143e-07 
          2830   4.365090e-07   1.306672e-03   3.883298e-03   1.248545e-06   0.000000e+00   1.320454e-01   1.379725e-07 
          2831   4.435484e-07   1.306677e-03   3.882710e-03   1.248316e-06   0.000000e+00   1.320400e-01   1.379308e-07 
          2832   4.491241e-07   1.306681e-03   3.882124e-03   1.248018e-06   0.000000e+00   1.320347e-01   1.378890e-07 
          2833   4.516615e-07   1.306685e-03   3.881538e-03   1.247659e-06   0.000000e+00   1.320293e-01   1.378473e-07 
          2834   4.513104e-07   1.306690e-03   3.880950e-03   1.247309e-06   0.000000e+00   1.320239e-01   1.378056e-07 
          2835   4.490221e-07   1.306694e-03   3.880361e-03   1.247000e-06   0.000000e+00   1.320185e-01   1.377639e-07 
          2836   4.458554e-07   1.306699e-03   3.879769e-03   1.246763e-06   0.000000e+00   1.320131e-01   1.377223e-07 
          2837   4.426194e-07   1.306703e-03   3.879177e-03   1.246593e-06   0.000000e+00   1.320077e-01   1.376807e-07 
          2838   4.397960e-07   1.306707e-03   3.878583e-03   1.246479e-06   0.000000e+00   1.320023e-01   1.376391e-07 
          2839   4.375999e-07   1.306712e-03   3.877988e-03   1.246395e-06   0.000000e+00   1.319969e-01   1.375975e-07 
          2840   4.360778e-07   1.306716e-03   3.877393e-03   1.246313e-06   0.000000e+00   1.319915e-01   1.375559e-07 
          2841   4.351816e-07   1.306721e-03   3.876796e-03   1.246211e-06   0.000000e+00   1.319861e-01   1.375144e-07 
          2842   4.348100e-07   1.306725e-03   3.876198e-03   1.246077e-06   0.000000e+00   1.319807e-01   1.374729e-07 
          2843   4.348317e-07   1.306730e-03   3.875600e-03   1.245904e-06   0.000000e+00   1.319753e-01   1.374314e-07 
          2844   4.351052e-07   1.306734e-03   3.875000e-03   1.245692e-06   0.000000e+00   1.319700e-01   1.373899e-07 
          2845   4.354995e-07   1.306739e-03   3.874400e-03   1.245451e-06   0.000000e+00   1.319646e-01   1.373485e-07 
          2846   4.359084e-07   1.306743e-03   3.873799e-03   1.245186e-06   0.000000e+00   1.319592e-01   1.373071e-07 
          2847   4.362601e-07   1.306748e-03   3.873197e-03   1.244908e-06   0.000000e+00   1.319538e-01   1.372657e-07 
          2848   4.365205e-07   1.306752e-03   3.872595e-03   1.244626e-06   0.000000e+00   1.319484e-01   1.372243e-07 
          2849   4.367076e-07   1.306757e-03   3.871993e-03   1.244339e-06   0.000000e+00   1.319430e-01   1.371830e-07 
          2850   4.367167e-07   1.306761e-03   3.871389e-03   1.244069e-06   0.000000e+00   1.319377e-01   1.371417e-07 
          2851   4.367210e-07   1.306765e-03   3.870785e-03   1.243783e-06   0.000000e+00   1.319323e-01   1.371004e-07 
          2852   4.367831e-07   1.306770e-03   3.870180e-03   1.243495e-06   0.000000e+00   1.319269e-01   1.370591e-07 
          2853   4.368894e-07   1.306774e-03   3.869574e-03   1.243216e-06   0.000000e+00   1.319215e-01   1.370178e-07 
          2854   4.370167e-07   1.306779e-03   3.868966e-03   1.242944e-06   0.000000e+00   1.319161e-01   1.369766e-07 
          2855   4.371464e-07   1.306783e-03   3.868358e-03   1.242673e-06   0.000000e+00   1.319108e-01   1.369354e-07 
          2856   4.372682e-07   1.306788e-03   3.867750e-03   1.242400e-06   0.000000e+00   1.319054e-01   1.368942e-07 
          2857   4.373827e-07   1.306792e-03   3.867140e-03   1.242126e-06   0.000000e+00   1.319000e-01   1.368531e-07 
          2858   4.374896e-07   1.306797e-03   3.866530e-03   1.241850e-06   0.000000e+00   1.318946e-01   1.368119e-07 
          2859   4.375808e-07   1.306802e-03   3.865919e-03   1.241573e-06   0.000000e+00   1.318893e-01   1.367708e-07 
          2860   4.376556e-07   1.306806e-03   3.865308e-03   1.241299e-06   0.000000e+00   1.318839e-01   1.367298e-07 
          2861   4.376928e-07   1.306811e-03   3.864695e-03   1.241027e-06   0.000000e+00   1.318785e-01   1.366887e-07 
          2862   4.377535e-07   1.306815e-03   3.864081e-03   1.240753e-06   0.000000e+00   1.318731e-01   1.366476e-07 
          2863   4.378442e-07   1.306820e-03   3.863465e-03   1.240544e-06   0.000000e+00   1.318678e-01   1.366066e-07 
          2864   4.379310e-07   1.306824e-03   3.862847e-03   1.240405e-06   0.000000e+00   1.318624e-01   1.365656e-07 
          2865   4.380054e-07   1.306829e-03   3.862229e-03   1.240208e-06   0.000000e+00   1.318570e-01   1.365247e-07 
          2866   4.380723e-07   1.306833e-03   3.861608e-03   1.239915e-06   0.000000e+00   1.318517e-01   1.364837e-07 
          2867   4.381331e-07   1.306838e-03   3.860987e-03   1.239559e-06   0.000000e+00   1.318463e-01   1.364428e-07 
          2868   4.381868e-07   1.306842e-03   3.860365e-03   1.239184e-06   0.000000e+00   1.318409e-01   1.364019e-07 
          2869   4.382457e-07   1.306847e-03   3.859742e-03   1.238819e-06   0.000000e+00   1.318355e-01   1.363610e-07 
          2870   4.383097e-07   1.306851e-03   3.859118e-03   1.238476e-06   0.000000e+00   1.318302e-01   1.363202e-07 
          2871   4.383770e-07   1.306856e-03   3.858493e-03   1.238156e-06   0.000000e+00   1.318248e-01   1.362793e-07 
          2872   4.384468e-07   1.306860e-03   3.857867e-03   1.237854e-06   0.000000e+00   1.318194e-01   1.362385e-07 
          2873   4.393223e-07   1.306865e-03   3.857242e-03   1.237496e-06   0.000000e+00   1.318141e-01   1.361977e-07 
          2874   4.387702e-07   1.306870e-03   3.856614e-03   1.237068e-06   0.000000e+00   1.318087e-01   1.361570e-07 
          2875   4.388372e-07   1.306874e-03   3.855988e-03   1.236869e-06   0.000000e+00   1.318033e-01   1.361162e-07 
          2876   4.389433e-07   1.306879e-03   3.855359e-03   1.236716e-06   0.000000e+00   1.317980e-01   1.360755e-07 
          2877   4.392145e-07   1.306883e-03   3.854730e-03   1.236536e-06   0.000000e+00   1.317926e-01   1.360348e-07 
          2878   4.394789e-07   1.306888e-03   3.854099e-03   1.236298e-06   0.000000e+00   1.317872e-01   1.359941e-07 
          2879   4.397331e-07   1.306892e-03   3.853467e-03   1.236048e-06   0.000000e+00   1.317818e-01   1.359535e-07 
          2880   4.399260e-07   1.306897e-03   3.852834e-03   1.235783e-06   0.000000e+00   1.317765e-01   1.359128e-07 
          2881   4.400631e-07   1.306901e-03   3.852205e-03   1.235499e-06   0.000000e+00   1.317711e-01   1.358722e-07 
          2882   4.401457e-07   1.306906e-03   3.851574e-03   1.235226e-06   0.000000e+00   1.317657e-01   1.358317e-07 
          2883   4.401887e-07   1.306911e-03   3.850942e-03   1.234984e-06   0.000000e+00   1.317604e-01   1.357911e-07 
          2884   4.402115e-07   1.306915e-03   3.850307e-03   1.234788e-06   0.000000e+00   1.317550e-01   1.357506e-07 
          2885   4.402294e-07   1.306920e-03   3.849672e-03   1.234622e-06   0.000000e+00   1.317496e-01   1.357100e-07 
          2886   4.402522e-07   1.306924e-03   3.849035e-03   1.234463e-06   0.000000e+00   1.317443e-01   1.356695e-07 
          2887   4.402880e-07   1.306929e-03   3.848398e-03   1.234297e-06   0.000000e+00   1.317389e-01   1.356291e-07 
          2888   4.403417e-07   1.306933e-03   3.847760e-03   1.234121e-06   0.000000e+00   1.317335e-01   1.355886e-07 
          2889   4.404147e-07   1.306938e-03   3.847121e-03   1.233935e-06   0.000000e+00   1.317281e-01   1.355482e-07 
          2890   4.405063e-07   1.306942e-03   3.846482e-03   1.233748e-06   0.000000e+00   1.317227e-01   1.355078e-07 
          2891   4.406119e-07   1.306947e-03   3.845841e-03   1.233564e-06   0.000000e+00   1.317173e-01   1.354674e-07 
          2892   4.407290e-07   1.306952e-03   3.845200e-03   1.233384e-06   0.000000e+00   1.317120e-01   1.354271e-07 
          2893   4.408457e-07   1.306956e-03   3.844558e-03   1.233209e-06   0.000000e+00   1.317066e-01   1.353867e-07 
          2894   4.409666e-07   1.306961e-03   3.843916e-03   1.233034e-06   0.000000e+00   1.317012e-01   1.353464e-07 
          2895   4.410882e-07   1.306965e-03   3.843273e-03   1.232855e-06   0.000000e+00   1.316958e-01   1.353061e-07 
          2896   4.412076e-07   1.306970e-03   3.842629e-03   1.232671e-06   0.000000e+00   1.316904e-01   1.352658e-07 
          2897   4.413223e-07   1.306974e-03   3.841984e-03   1.232483e-06   0.000000e+00   1.316850e-01   1.352256e-07 
          2898   4.414336e-07   1.306979e-03   3.841338e-03   1.232292e-06   0.000000e+00   1.316796e-01   1.351854e-07 
          2899   4.415435e-07   1.306983e-03   3.840690e-03   1.232116e-06   0.000000e+00   1.316742e-01   1.351452e-07 
          2900   4.416514e-07   1.306988e-03   3.840040e-03   1.231963e-06   0.000000e+00   1.316688e-01   1.351050e-07 
          2901   4.417624e-07   1.306993e-03   3.839390e-03   1.231814e-06   0.000000e+00   1.316634e-01   1.350648e-07 
          2902   4.418751e-07   1.306997e-03   3.838741e-03   1.231652e-06   0.000000e+00   1.316580e-01   1.350247e-07 
          2903   4.419887e-07   1.307002e-03   3.838091e-03   1.231473e-06   0.000000e+00   1.316526e-01   1.349846e-07 
          2904   4.421027e-07   1.307006e-03   3.837441e-03   1.231282e-06   0.000000e+00   1.316472e-01   1.349445e-07 
          2905   4.422169e-07   1.307011e-03   3.836790e-03   1.231088e-06   0.000000e+00   1.316418e-01   1.349044e-07 
          2906   4.423269e-07   1.307015e-03   3.836139e-03   1.230900e-06   0.000000e+00   1.316364e-01   1.348644e-07 
          2907   4.424397e-07   1.307020e-03   3.835484e-03   1.230720e-06   0.000000e+00   1.316309e-01   1.348243e-07 
          2908   4.425553e-07   1.307025e-03   3.834830e-03   1.230549e-06   0.000000e+00   1.316255e-01   1.347843e-07 
          2909   4.426722e-07   1.307029e-03   3.834175e-03   1.230377e-06   0.000000e+00   1.316201e-01   1.347444e-07 
          2910   4.427893e-07   1.307034e-03   3.833521e-03   1.230201e-06   0.000000e+00   1.316147e-01   1.347044e-07 
          2911   4.429063e-07   1.307038e-03   3.832866e-03   1.230020e-06   0.000000e+00   1.316092e-01   1.346645e-07 
          2912   4.430232e-07   1.307043e-03   3.832211e-03   1.229893e-06   0.000000e+00   1.316038e-01   1.346246e-07 
          2913   4.431457e-07   1.307047e-03   3.831556e-03   1.229697e-06   0.000000e+00   1.315984e-01   1.345847e-07 
          2914   4.432687e-07   1.307052e-03   3.830899e-03   1.229499e-06   0.000000e+00   1.315930e-01   1.345448e-07 
          2915   4.433818e-07   1.307056e-03   3.830150e-03   1.229300e-06   0.000000e+00   1.315875e-01   1.345049e-07 
          2916   4.434934e-07   1.307061e-03   3.829348e-03   1.229108e-06   0.000000e+00   1.315821e-01   1.344651e-07 
          2917   4.436016e-07   1.307066e-03   3.828507e-03   1.228921e-06   0.000000e+00   1.315766e-01   1.344253e-07 
          2918   4.436975e-07   1.307070e-03   3.827635e-03   1.228738e-06   0.000000e+00   1.315712e-01   1.343855e-07 
          2919   4.437928e-07   1.307075e-03   3.826739e-03   1.228558e-06   0.000000e+00   1.315657e-01   1.343458e-07 
          2920   4.438981e-07   1.307079e-03   3.825823e-03   1.228384e-06   0.000000e+00   1.315603e-01   1.343060e-07 
          2921   4.440075e-07   1.307084e-03   3.824893e-03   1.228213e-06   0.000000e+00   1.315548e-01   1.342663e-07 
          2922   4.441215e-07   1.307088e-03   3.823953e-03   1.228048e-06   0.000000e+00   1.315494e-01   1.342266e-07 
          2923   4.442383e-07   1.307093e-03   3.823003e-03   1.227880e-06   0.000000e+00   1.315439e-01   1.341869e-07 
          2924   4.443562e-07   1.307098e-03   3.822046e-03   1.227705e-06   0.000000e+00   1.315384e-01   1.341473e-07 
          2925   4.444741e-07   1.307102e-03   3.821084e-03   1.227518e-06   0.000000e+00   1.315330e-01   1.341076e-07 
          2926   4.445839e-07   1.307107e-03   3.820118e-03   1.227344e-06   0.000000e+00   1.315275e-01   1.340680e-07 
          2927   4.446991e-07   1.307111e-03   3.819148e-03   1.227178e-06   0.000000e+00   1.315220e-01   1.340284e-07 
          2928   4.448202e-07   1.307116e-03   3.818176e-03   1.227022e-06   0.000000e+00   1.315165e-01   1.339889e-07 
          2929   4.449426e-07   1.307120e-03   3.817198e-03   1.226827e-06   0.000000e+00   1.315110e-01   1.339493e-07 
          2930   4.450655e-07   1.307125e-03   3.816215e-03   1.226612e-06   0.000000e+00   1.315056e-01   1.339098e-07 
          2931   4.451927e-07   1.307129e-03   3.815226e-03   1.226412e-06   0.000000e+00   1.315001e-01   1.338703e-07 
          2932   4.453301e-07   1.307134e-03   3.814229e-03   1.226236e-06   0.000000e+00   1.314946e-01   1.338308e-07 
          2933   4.454703e-07   1.307138e-03   3.813228e-03   1.226080e-06   0.000000e+00   1.314891e-01   1.337913e-07 
          2934   4.456039e-07   1.307143e-03   3.812222e-03   1.225929e-06   0.000000e+00   1.314836e-01   1.337519e-07 
          2935   4.457304e-07   1.307148e-03   3.811215e-03   1.225776e-06   0.000000e+00   1.314781e-01   1.337125e-07 
          2936   4.458532e-07   1.307152e-03   3.810206e-03   1.225618e-06   0.000000e+00   1.314725e-01   1.336731e-07 
          2937   4.459759e-07   1.307157e-03   3.809196e-03   1.225453e-06   0.000000e+00   1.314670e-01   1.336337e-07 
          2938   4.460981e-07   1.307161e-03   3.808185e-03   1.225287e-06   0.000000e+00   1.314615e-01   1.335944e-07 
          2939   4.462195e-07   1.307166e-03   3.807173e-03   1.225122e-06   0.000000e+00   1.314560e-01   1.335550e-07 
          2940   4.463401e-07   1.307170e-03   3.806159e-03   1.224953e-06   0.000000e+00   1.314505e-01   1.335157e-07 
          2941   4.464689e-07   1.307175e-03   3.805145e-03   1.224772e-06   0.000000e+00   1.314449e-01   1.334764e-07 
          2942   4.405551e-07   1.307179e-03   3.804130e-03   1.224593e-06   0.000000e+00   1.314394e-01   1.334371e-07 
          2943   4.179521e-07   1.307184e-03   3.803115e-03   1.224402e-06   0.000000e+00   1.314338e-01   1.333979e-07 
          2944   4.055366e-07   1.307188e-03   3.802100e-03   1.224265e-06   0.000000e+00   1.314283e-01   1.333587e-07 
          2945   3.992713e-07   1.307193e-03   3.801084e-03   1.224145e-06   0.000000e+00   1.314227e-01   1.333194e-07 
          2946   3.966261e-07   1.307197e-03   3.800068e-03   1.224014e-06   0.000000e+00   1.314172e-01   1.332803e-07 
          2947   3.959885e-07   1.307202e-03   3.799050e-03   1.223842e-06   0.000000e+00   1.314116e-01   1.332411e-07 
          2948   3.964182e-07   1.307206e-03   3.798031e-03   1.223637e-06   0.000000e+00   1.314061e-01   1.332019e-07 
          2949   3.973585e-07   1.307211e-03   3.797010e-03   1.223431e-06   0.000000e+00   1.314005e-01   1.331628e-07 
          2950   3.984884e-07   1.307215e-03   3.795989e-03   1.223251e-06   0.000000e+00   1.313949e-01   1.331237e-07 
          2951   3.996170e-07   1.307220e-03   3.794966e-03   1.223107e-06   0.000000e+00   1.313894e-01   1.330846e-07 
          2952   4.006366e-07   1.307224e-03   3.793941e-03   1.222987e-06   0.000000e+00   1.313838e-01   1.330456e-07 
          2953   4.015105e-07   1.307229e-03   3.792915e-03   1.222874e-06   0.000000e+00   1.313782e-01   1.330065e-07 
          2954   4.021673e-07   1.307233e-03   3.791888e-03   1.222751e-06   0.000000e+00   1.313726e-01   1.329675e-07 
          2955   4.025640e-07   1.307238e-03   3.790860e-03   1.222596e-06   0.000000e+00   1.313670e-01   1.329285e-07 
          2956   4.029051e-07   1.307242e-03   3.789831e-03   1.222392e-06   0.000000e+00   1.313614e-01   1.328895e-07 
          2957   4.032436e-07   1.307247e-03   3.788801e-03   1.222172e-06   0.000000e+00   1.313558e-01   1.328505e-07 
          2958   4.035676e-07   1.307251e-03   3.787771e-03   1.221957e-06   0.000000e+00   1.313502e-01   1.328116e-07 
          2959   4.038603e-07   1.307256e-03   3.786739e-03   1.221757e-06   0.000000e+00   1.313446e-01   1.327727e-07 
          2960   4.041082e-07   1.307260e-03   3.785707e-03   1.221567e-06   0.000000e+00   1.313389e-01   1.327338e-07 
          2961   4.043002e-07   1.307265e-03   3.784674e-03   1.221385e-06   0.000000e+00   1.313333e-01   1.326949e-07 
          2962   4.044351e-07   1.307269e-03   3.783639e-03   1.221206e-06   0.000000e+00   1.313277e-01   1.326560e-07 
          2963   4.043738e-07   1.307274e-03   3.782604e-03   1.221025e-06   0.000000e+00   1.313221e-01   1.326172e-07 
          2964   4.042989e-07   1.307278e-03   3.781568e-03   1.220832e-06   0.000000e+00   1.313164e-01   1.325784e-07 
          2965   4.042589e-07   1.307283e-03   3.780531e-03   1.220633e-06   0.000000e+00   1.313108e-01   1.325396e-07 
          2966   4.042382e-07   1.307287e-03   3.779494e-03   1.220443e-06   0.000000e+00   1.313051e-01   1.325008e-07 
          2967   4.042243e-07   1.307292e-03   3.778457e-03   1.220268e-06   0.000000e+00   1.312995e-01   1.324620e-07 
          2968   4.042108e-07   1.307296e-03   3.777420e-03   1.220110e-06   0.000000e+00   1.312938e-01   1.324233e-07 
          2969   4.041953e-07   1.307300e-03   3.776381e-03   1.219962e-06   0.000000e+00   1.312881e-01   1.323846e-07 
          2970   4.041701e-07   1.307305e-03   3.775341e-03   1.219816e-06   0.000000e+00   1.312825e-01   1.323459e-07 
          2971   4.041373e-07   1.307309e-03   3.774300e-03   1.219659e-06   0.000000e+00   1.312768e-01   1.323072e-07 
          2972   4.040958e-07   1.307314e-03   3.773258e-03   1.219487e-06   0.000000e+00   1.312711e-01   1.322685e-07 
          2973   4.040431e-07   1.307318e-03   3.772215e-03   1.219301e-06   0.000000e+00   1.312654e-01   1.322299e-07 
          2974   4.039752e-07   1.307323e-03   3.771171e-03   1.219110e-06   0.000000e+00   1.312597e-01   1.321912e-07 
          2975   4.038905e-07   1.307327e-03   3.770127e-03   1.218920e-06   0.000000e+00   1.312540e-01   1.321526e-07 
          2976   4.037912e-07   1.307331e-03   3.769081e-03   1.218737e-06   0.000000e+00   1.312483e-01   1.321141e-07 
          2977   4.036825e-07   1.307336e-03   3.768035e-03   1.218565e-06   0.000000e+00   1.312426e-01   1.320755e-07 
          2978   4.035707e-07   1.307340e-03   3.766987e-03   1.218401e-06   0.000000e+00   1.312369e-01   1.320370e-07 
          2979   4.034615e-07   1.307345e-03   3.765938e-03   1.218239e-06   0.000000e+00   1.312312e-01   1.319984e-07 
          2980   4.033593e-07   1.307349e-03   3.764888e-03   1.218078e-06   0.000000e+00   1.312255e-01   1.319599e-07 
          2981   4.032662e-07   1.307353e-03   3.763836e-03   1.217916e-06   0.000000e+00   1.312197e-01   1.319215e-07 
          2982   4.031842e-07   1.307358e-03   3.762784e-03   1.217754e-06   0.000000e+00   1.312140e-01   1.318830e-07 
          2983   4.031125e-07   1.307362e-03   3.761730e-03   1.217594e-06   0.000000e+00   1.312082e-01   1.318446e-07 
          2984   4.030497e-07   1.307367e-03   3.760676e-03   1.217437e-06   0.000000e+00   1.312025e-01   1.318061e-07 
          2985   4.029554e-07   1.307371e-03   3.759620e-03   1.217302e-06   0.000000e+00   1.311967e-01   1.317677e-07 
          2986   4.027857e-07   1.307375e-03   3.758563e-03   1.217192e-06   0.000000e+00   1.311910e-01   1.317293e-07 
          2987   4.026386e-07   1.307380e-03   3.757505e-03   1.216994e-06   0.000000e+00   1.311852e-01   1.316910e-07 
          2988   4.025605e-07   1.307384e-03   3.756445e-03   1.216732e-06   0.000000e+00   1.311794e-01   1.316526e-07 
          2989   4.025334e-07   1.307389e-03   3.755385e-03   1.216469e-06   0.000000e+00   1.311737e-01   1.316143e-07 
          2990   4.025380e-07   1.307393e-03   3.754323e-03   1.216241e-06   0.000000e+00   1.311679e-01   1.315760e-07 
          2991   4.025541e-07   1.307397e-03   3.753259e-03   1.216052e-06   0.000000e+00   1.311621e-01   1.315377e-07 
          2992   4.025699e-07   1.307402e-03   3.752195e-03   1.215892e-06   0.000000e+00   1.311563e-01   1.314995e-07 
          2993   4.025789e-07   1.307406e-03   3.751129e-03   1.215745e-06   0.000000e+00   1.311505e-01   1.314612e-07 
          2994   4.025801e-07   1.307410e-03   3.750062e-03   1.215600e-06   0.000000e+00   1.311447e-01   1.314230e-07 
          2995   4.025744e-07   1.307415e-03   3.748994e-03   1.215452e-06   0.000000e+00   1.311389e-01   1.313848e-07 
          2996   4.025637e-07   1.307419e-03   3.747925e-03   1.215303e-06   0.000000e+00   1.311330e-01   1.313466e-07 
          2997   4.025500e-07   1.307423e-03   3.746854e-03   1.215153e-06   0.000000e+00   1.311272e-01   1.313084e-07 
          2998   4.025342e-07   1.307428e-03   3.745782e-03   1.215004e-06   0.000000e+00   1.311214e-01   1.312703e-07 
          2999   4.025178e-07   1.307432e-03   3.744709e-03   1.214857e-06   0.000000e+00   1.311155e-01   1.312322e-07 
          3000   4.025010e-07   1.307436e-03   3.743635e-03   1.214711e-06   0.000000e+00   1.311097e-01   1.311940e-07 
          3001   4.024837e-07   1.307441e-03   3.742559e-03   1.214566e-06   0.000000e+00   1.311038e-01   1.311560e-07 
          3002   4.024660e-07   1.307445e-03   3.741483e-03   1.214418e-06   0.000000e+00   1.310980e-01   1.311179e-07 
          3003   4.024469e-07   1.307449e-03   3.740405e-03   1.214268e-06   0.000000e+00   1.310921e-01   1.310798e-07 
          3004   4.024248e-07   1.307453e-03   3.739325e-03   1.214117e-06   0.000000e+00   1.310862e-01   1.310418e-07 
          3005   4.023994e-07   1.307458e-03   3.738245e-03   1.213967e-06   0.000000e+00   1.310804e-01   1.310038e-07 
          3006   3.962805e-07   1.307462e-03   3.737185e-03   1.210714e-06   0.000000e+00   1.310745e-01   1.309658e-07 
          3007   4.001214e-07   1.307466e-03   3.736086e-03   1.213884e-06   0.000000e+00   1.310686e-01   1.309278e-07 
          3008   4.008853e-07   1.307471e-03   3.734992e-03   1.214471e-06   0.000000e+00   1.310627e-01   1.308899e-07 
          3009   4.015654e-07   1.307475e-03   3.733903e-03   1.214345e-06   0.000000e+00   1.310568e-01   1.308520e-07 
          3010   4.020472e-07   1.307479e-03   3.732813e-03   1.213825e-06   0.000000e+00   1.310509e-01   1.308140e-07 
          3011   4.022663e-07   1.307483e-03   3.731723e-03   1.213260e-06   0.000000e+00   1.310449e-01   1.307761e-07 
          3012   4.022693e-07   1.307488e-03   3.730633e-03   1.212777e-06   0.000000e+00   1.310390e-01   1.307383e-07 
          3013   4.021433e-07   1.307492e-03   3.729543e-03   1.212459e-06   0.000000e+00   1.310331e-01   1.307004e-07 
          3014   4.019757e-07   1.307496e-03   3.728453e-03   1.212307e-06   0.000000e+00   1.310272e-01   1.306626e-07 
          3015   4.018284e-07   1.307500e-03   3.727362e-03   1.212270e-06   0.000000e+00   1.310212e-01   1.306248e-07 
          3016   4.017298e-07   1.307505e-03   3.726267e-03   1.212261e-06   0.000000e+00   1.310153e-01   1.305870e-07 
          3017   4.016789e-07   1.307509e-03   3.725171e-03   1.212204e-06   0.000000e+00   1.310093e-01   1.305492e-07 
          3018   4.016590e-07   1.307513e-03   3.724072e-03   1.212064e-06   0.000000e+00   1.310033e-01   1.305114e-07 
          3019   4.016654e-07   1.307517e-03   3.722973e-03   1.211852e-06   0.000000e+00   1.309973e-01   1.304737e-07 
          3020   4.017058e-07   1.307521e-03   3.721872e-03   1.211617e-06   0.000000e+00   1.309914e-01   1.304360e-07 
          3021   4.017687e-07   1.307526e-03   3.720772e-03   1.211411e-06   0.000000e+00   1.309854e-01   1.303983e-07 
          3022   4.018753e-07   1.307530e-03   3.719671e-03   1.211298e-06   0.000000e+00   1.309794e-01   1.303606e-07 
          3023   3.960077e-07   1.307534e-03   3.718594e-03   1.208209e-06   0.000000e+00   1.309734e-01   1.303229e-07 
          3024   4.001139e-07   1.307538e-03   3.717476e-03   1.211476e-06   0.000000e+00   1.309674e-01   1.302853e-07 
          3025   4.009534e-07   1.307542e-03   3.716363e-03   1.212032e-06   0.000000e+00   1.309613e-01   1.302477e-07 
          3026   4.016646e-07   1.307547e-03   3.715253e-03   1.211784e-06   0.000000e+00   1.309553e-01   1.302101e-07 
          3027   4.021895e-07   1.307551e-03   3.714141e-03   1.211209e-06   0.000000e+00   1.309493e-01   1.301725e-07 
          3028   4.025289e-07   1.307555e-03   3.713029e-03   1.210702e-06   0.000000e+00   1.309432e-01   1.301349e-07 
          3029   3.967051e-07   1.307559e-03   3.711942e-03   1.207306e-06   0.000000e+00   1.309372e-01   1.300974e-07 
          3030   4.007080e-07   1.307563e-03   3.710818e-03   1.210374e-06   0.000000e+00   1.309311e-01   1.300598e-07 
          3031   4.014093e-07   1.307567e-03   3.709699e-03   1.210896e-06   0.000000e+00   1.309251e-01   1.300223e-07 
          3032   4.019910e-07   1.307571e-03   3.708585e-03   1.210770e-06   0.000000e+00   1.309190e-01   1.299849e-07 
          3033   4.024257e-07   1.307576e-03   3.707467e-03   1.210372e-06   0.000000e+00   1.309129e-01   1.299474e-07 
          3034   4.027510e-07   1.307580e-03   3.706348e-03   1.210036e-06   0.000000e+00   1.309068e-01   1.299099e-07 
          3035   3.968985e-07   1.307584e-03   3.705251e-03   1.206663e-06   0.000000e+00   1.309008e-01   1.298725e-07 
          3036   4.008570e-07   1.307588e-03   3.704117e-03   1.209672e-06   0.000000e+00   1.308947e-01   1.298351e-07 
          3037   4.015587e-07   1.307592e-03   3.702990e-03   1.210102e-06   0.000000e+00   1.308886e-01   1.297977e-07 
          3038   4.021848e-07   1.307596e-03   3.701869e-03   1.209930e-06   0.000000e+00   1.308825e-01   1.297603e-07 
          3039   3.966714e-07   1.307600e-03   3.700769e-03   1.206475e-06   0.000000e+00   1.308763e-01   1.297230e-07 
          3040   4.008971e-07   1.307604e-03   3.699629e-03   1.209530e-06   0.000000e+00   1.308702e-01   1.296856e-07 
          3041   4.017699e-07   1.307608e-03   3.698495e-03   1.209886e-06   0.000000e+00   1.308641e-01   1.296483e-07 
          3042   4.024280e-07   1.307613e-03   3.697367e-03   1.209520e-06   0.000000e+00   1.308580e-01   1.296110e-07 
          3043   4.028740e-07   1.307617e-03   3.696237e-03   1.208956e-06   0.000000e+00   1.308518e-01   1.295737e-07 
          3044   4.030080e-07   1.307621e-03   3.695106e-03   1.208503e-06   0.000000e+00   1.308457e-01   1.295365e-07 
          3045   4.027910e-07   1.307625e-03   3.693976e-03   1.208185e-06   0.000000e+00   1.308395e-01   1.294992e-07 
          3046   4.025181e-07   1.307629e-03   3.692846e-03   1.207967e-06   0.000000e+00   1.308333e-01   1.294620e-07 
          3047   4.023210e-07   1.307633e-03   3.691715e-03   1.207837e-06   0.000000e+00   1.308271e-01   1.294248e-07 
          3048   4.022493e-07   1.307637e-03   3.690582e-03   1.207760e-06   0.000000e+00   1.308210e-01   1.293876e-07 
          3049   4.022981e-07   1.307641e-03   3.689448e-03   1.207738e-06   0.000000e+00   1.308148e-01   1.293505e-07 
          3050   4.023837e-07   1.307645e-03   3.688311e-03   1.207747e-06   0.000000e+00   1.308086e-01   1.293133e-07 
          3051   4.024675e-07   1.307649e-03   3.687172e-03   1.207656e-06   0.000000e+00   1.308023e-01   1.292762e-07 
          3052   4.025394e-07   1.307653e-03   3.686032e-03   1.207445e-06   0.000000e+00   1.307961e-01   1.292391e-07 
          3053   4.026038e-07   1.307657e-03   3.684890e-03   1.207168e-06   0.000000e+00   1.307899e-01   1.292020e-07 
          3054   4.026582e-07   1.307661e-03   3.683748e-03   1.206886e-06   0.000000e+00   1.307837e-01   1.291649e-07 
          3055   4.027094e-07   1.307665e-03   3.682606e-03   1.206639e-06   0.000000e+00   1.307774e-01   1.291279e-07 
          3056   4.027606e-07   1.307669e-03   3.681464e-03   1.206431e-06   0.000000e+00   1.307712e-01   1.290909e-07 
          3057   4.028134e-07   1.307673e-03   3.680320e-03   1.206247e-06   0.000000e+00   1.307649e-01   1.290539e-07 
          3058   4.028585e-07   1.307677e-03   3.679173e-03   1.206076e-06   0.000000e+00   1.307587e-01   1.290169e-07 
          3059   4.029108e-07   1.307681e-03   3.678025e-03   1.205920e-06   0.000000e+00   1.307524e-01   1.289799e-07 
          3060   3.970381e-07   1.307685e-03   3.676903e-03   1.202722e-06   0.000000e+00   1.307461e-01   1.289429e-07 
          3061   4.011357e-07   1.307689e-03   3.675739e-03   1.206064e-06   0.000000e+00   1.307398e-01   1.289060e-07 
          3062   3.960151e-07   1.307693e-03   3.674608e-03   1.203431e-06   0.000000e+00   1.307335e-01   1.288691e-07 
          3063   4.007121e-07   1.307697e-03   3.673439e-03   1.206900e-06   0.000000e+00   1.307272e-01   1.288322e-07 
          3064   3.963306e-07   1.307701e-03   3.672294e-03   1.204215e-06   0.000000e+00   1.307209e-01   1.287953e-07 
          3065   4.012582e-07   1.307705e-03   3.671120e-03   1.207380e-06   0.000000e+00   1.307146e-01   1.287585e-07 
          3066   3.968904e-07   1.307709e-03   3.669976e-03   1.204293e-06   0.000000e+00   1.307083e-01   1.287216e-07 
          3067   4.020931e-07   1.307712e-03   3.668799e-03   1.207542e-06   0.000000e+00   1.307020e-01   1.286848e-07 
          3068   3.977499e-07   1.307716e-03   3.667655e-03   1.204552e-06   0.000000e+00   1.306956e-01   1.286480e-07 
          3069   4.029046e-07   1.307720e-03   3.666477e-03   1.207758e-06   0.000000e+00   1.306893e-01   1.286112e-07 
          3070   3.985183e-07   1.307724e-03   3.665326e-03   1.204888e-06   0.000000e+00   1.306829e-01   1.285745e-07 
          3071   4.034914e-07   1.307728e-03   3.664148e-03   1.207978e-06   0.000000e+00   1.306766e-01   1.285377e-07 
          3072   3.988311e-07   1.307732e-03   3.662996e-03   1.204864e-06   0.000000e+00   1.306702e-01   1.285010e-07 
          3073   4.037420e-07   1.307736e-03   3.661813e-03   1.207978e-06   0.000000e+00   1.306639e-01   1.284643e-07 
          3074   3.988431e-07   1.307740e-03   3.660661e-03   1.204787e-06   0.000000e+00   1.306575e-01   1.284276e-07 
          3075   4.035841e-07   1.307744e-03   3.659475e-03   1.207812e-06   0.000000e+00   1.306511e-01   1.283909e-07 
          3076   3.987558e-07   1.307748e-03   3.658316e-03   1.204788e-06   0.000000e+00   1.306447e-01   1.283543e-07 
          3077   4.033827e-07   1.307751e-03   3.657132e-03   1.207731e-06   0.000000e+00   1.306383e-01   1.283176e-07 
          3078   3.984854e-07   1.307755e-03   3.655975e-03   1.204521e-06   0.000000e+00   1.306319e-01   1.282810e-07 
          3079   4.033185e-07   1.307759e-03   3.654786e-03   1.207644e-06   0.000000e+00   1.306255e-01   1.282444e-07 
          3080   3.984860e-07   1.307763e-03   3.653627e-03   1.204498e-06   0.000000e+00   1.306191e-01   1.282079e-07 
          3081   4.032832e-07   1.307767e-03   3.652435e-03   1.207535e-06   0.000000e+00   1.306127e-01   1.281713e-07 
          3082   3.985724e-07   1.307771e-03   3.651268e-03   1.204484e-06   0.000000e+00   1.306063e-01   1.281348e-07 
          3083   4.032937e-07   1.307774e-03   3.650075e-03   1.207401e-06   0.000000e+00   1.305998e-01   1.280982e-07 
          3084   3.984942e-07   1.307778e-03   3.648910e-03   1.204132e-06   0.000000e+00   1.305934e-01   1.280618e-07 
          3085   4.033332e-07   1.307782e-03   3.647714e-03   1.207176e-06   0.000000e+00   1.305869e-01   1.280253e-07 
          3086   3.984876e-07   1.307786e-03   3.646549e-03   1.203950e-06   0.000000e+00   1.305805e-01   1.279888e-07 
          3087   4.032561e-07   1.307790e-03   3.645350e-03   1.206958e-06   0.000000e+00   1.305740e-01   1.279524e-07 
          3088   3.985264e-07   1.307794e-03   3.644177e-03   1.203904e-06   0.000000e+00   1.305676e-01   1.279159e-07 
          3089   4.032144e-07   1.307797e-03   3.642978e-03   1.206853e-06   0.000000e+00   1.305611e-01   1.278795e-07 
          3090   3.984240e-07   1.307801e-03   3.641808e-03   1.203765e-06   0.000000e+00   1.305546e-01   1.278432e-07 
          3091   4.033261e-07   1.307805e-03   3.640605e-03   1.207000e-06   0.000000e+00   1.305482e-01   1.278068e-07 
          3092   3.985524e-07   1.307809e-03   3.639434e-03   1.203826e-06   0.000000e+00   1.305417e-01   1.277704e-07 
          3093   4.033426e-07   1.307812e-03   3.638228e-03   1.206780e-06   0.000000e+00   1.305352e-01   1.277341e-07 
          3094   3.986029e-07   1.307816e-03   3.637047e-03   1.203582e-06   0.000000e+00   1.305287e-01   1.276978e-07 
          3095   4.032288e-07   1.307820e-03   3.635840e-03   1.206356e-06   0.000000e+00   1.305222e-01   1.276615e-07 
          3096   3.983435e-07   1.307824e-03   3.634661e-03   1.202964e-06   0.000000e+00   1.305157e-01   1.276252e-07 
          3097   4.030737e-07   1.307827e-03   3.633450e-03   1.205958e-06   0.000000e+00   1.305092e-01   1.275890e-07 
          3098   3.981843e-07   1.307831e-03   3.632271e-03   1.202688e-06   0.000000e+00   1.305027e-01   1.275528e-07 
          3099   4.028775e-07   1.307835e-03   3.631061e-03   1.205667e-06   0.000000e+00   1.304962e-01   1.275165e-07 
          3100   3.981520e-07   1.307839e-03   3.629877e-03   1.202564e-06   0.000000e+00   1.304896e-01   1.274803e-07 
          3101   4.028081e-07   1.307842e-03   3.628665e-03   1.205453e-06   0.000000e+00   1.304831e-01   1.274442e-07 
          3102   3.980260e-07   1.307846e-03   3.627479e-03   1.202127e-06   0.000000e+00   1.304766e-01   1.274080e-07 
          3103   4.028366e-07   1.307850e-03   3.626261e-03   1.205151e-06   0.000000e+00   1.304700e-01   1.273719e-07 
          3104   3.980357e-07   1.307853e-03   3.625073e-03   1.201861e-06   0.000000e+00   1.304635e-01   1.273357e-07 
          3105   4.027607e-07   1.307857e-03   3.623852e-03   1.204824e-06   0.000000e+00   1.304569e-01   1.272996e-07 
          3106   3.980594e-07   1.307861e-03   3.622658e-03   1.201705e-06   0.000000e+00   1.304504e-01   1.272635e-07 
          3107   4.026986e-07   1.307865e-03   3.621441e-03   1.204566e-06   0.000000e+00   1.304438e-01   1.272275e-07 
          3108   3.979222e-07   1.307868e-03   3.620253e-03   1.201222e-06   0.000000e+00   1.304373e-01   1.271914e-07 
          3109   4.027064e-07   1.307872e-03   3.619034e-03   1.204238e-06   0.000000e+00   1.304307e-01   1.271554e-07 
          3110   3.979143e-07   1.307876e-03   3.617841e-03   1.200963e-06   0.000000e+00   1.304241e-01   1.271194e-07 
          3111   4.026288e-07   1.307879e-03   3.616614e-03   1.203949e-06   0.000000e+00   1.304176e-01   1.270834e-07 
          3112   3.979467e-07   1.307883e-03   3.615411e-03   1.200851e-06   0.000000e+00   1.304110e-01   1.270474e-07 
          3113   4.025769e-07   1.307887e-03   3.614182e-03   1.203761e-06   0.000000e+00   1.304044e-01   1.270115e-07 
          3114   3.978138e-07   1.307890e-03   3.612981e-03   1.200461e-06   0.000000e+00   1.303978e-01   1.269755e-07 
          3115   4.025853e-07   1.307894e-03   3.611750e-03   1.203513e-06   0.000000e+00   1.303912e-01   1.269396e-07 
          3116   3.978002e-07   1.307897e-03   3.610549e-03   1.200244e-06   0.000000e+00   1.303846e-01   1.269037e-07 
          3117   4.025038e-07   1.307901e-03   3.609316e-03   1.203228e-06   0.000000e+00   1.303780e-01   1.268679e-07 
          3118   3.978311e-07   1.307905e-03   3.608107e-03   1.200125e-06   0.000000e+00   1.303714e-01   1.268320e-07 
          3119   4.024580e-07   1.307908e-03   3.606873e-03   1.203033e-06   0.000000e+00   1.303648e-01   1.267962e-07 
          3120   3.977060e-07   1.307912e-03   3.605665e-03   1.199730e-06   0.000000e+00   1.303582e-01   1.267603e-07 
          3121   4.024740e-07   1.307915e-03   3.604475e-03   1.202404e-06   0.000000e+00   1.303516e-01   1.267245e-07 
          3122   3.978082e-07   1.307919e-03   3.603311e-03   1.198595e-06   0.000000e+00   1.303450e-01   1.266887e-07 
          3123   3.971364e-07   1.307923e-03   3.602138e-03   1.198340e-06   0.000000e+00   1.303383e-01   1.266530e-07 
          3124   4.022412e-07   1.307926e-03   3.600908e-03   1.201479e-06   0.000000e+00   1.303317e-01   1.266172e-07 
          3125   3.979306e-07   1.307930e-03   3.599695e-03   1.198218e-06   0.000000e+00   1.303251e-01   1.265815e-07 
          3126   3.977570e-07   1.307933e-03   3.598469e-03   1.198483e-06   0.000000e+00   1.303185e-01   1.265458e-07 
          3127   4.030266e-07   1.307937e-03   3.597212e-03   1.201614e-06   0.000000e+00   1.303118e-01   1.265101e-07 
          3128   3.986051e-07   1.307941e-03   3.595999e-03   1.198026e-06   0.000000e+00   1.303052e-01   1.264744e-07 
          3129   4.038277e-07   1.307944e-03   3.594757e-03   1.200843e-06   0.000000e+00   1.302985e-01   1.264388e-07 
          3130   3.993699e-07   1.307948e-03   3.593541e-03   1.197462e-06   0.000000e+00   1.302919e-01   1.264031e-07 
          3131   4.041941e-07   1.307951e-03   3.592306e-03   1.200161e-06   0.000000e+00   1.302852e-01   1.263675e-07 
          3132   3.992796e-07   1.307955e-03   3.591095e-03   1.196658e-06   0.000000e+00   1.302786e-01   1.263319e-07 
          3133   4.041348e-07   1.307958e-03   3.589854e-03   1.199698e-06   0.000000e+00   1.302719e-01   1.262963e-07 
          3134   3.992900e-07   1.307962e-03   3.588638e-03   1.196552e-06   0.000000e+00   1.302652e-01   1.262608e-07 
          3135   3.985285e-07   1.307965e-03   3.587417e-03   1.196777e-06   0.000000e+00   1.302586e-01   1.262252e-07 
          3136   4.034682e-07   1.307969e-03   3.586163e-03   1.200018e-06   0.000000e+00   1.302519e-01   1.261897e-07 
          3137   3.988262e-07   1.307972e-03   3.584945e-03   1.196591e-06   0.000000e+00   1.302452e-01   1.261542e-07 
          3138   3.983818e-07   1.307976e-03   3.583721e-03   1.196649e-06   0.000000e+00   1.302385e-01   1.261187e-07 
          3139   3.977474e-07   1.307979e-03   3.582492e-03   1.196654e-06   0.000000e+00   1.302319e-01   1.260832e-07 
          3140   3.976533e-07   1.307983e-03   3.581259e-03   1.196829e-06   0.000000e+00   1.302252e-01   1.260478e-07 
          3141   3.973970e-07   1.307986e-03   3.580028e-03   1.196858e-06   0.000000e+00   1.302185e-01   1.260123e-07 
          3142   3.975913e-07   1.307990e-03   3.578791e-03   1.196948e-06   0.000000e+00   1.302118e-01   1.259769e-07 
          3143   3.974856e-07   1.307993e-03   3.577556e-03   1.196851e-06   0.000000e+00   1.302051e-01   1.259415e-07 
          3144   3.977325e-07   1.307997e-03   3.576315e-03   1.196784e-06   0.000000e+00   1.301984e-01   1.259062e-07 
          3145   3.976258e-07   1.308000e-03   3.575077e-03   1.196538e-06   0.000000e+00   1.301917e-01   1.258708e-07 
          3146   3.978121e-07   1.308004e-03   3.573835e-03   1.196390e-06   0.000000e+00   1.301850e-01   1.258355e-07 
          3147   3.976359e-07   1.308007e-03   3.572597e-03   1.196144e-06   0.000000e+00   1.301782e-01   1.258001e-07 
          3148   3.977624e-07   1.308010e-03   3.571354e-03   1.196047e-06   0.000000e+00   1.301715e-01   1.257648e-07 
          3149   3.975783e-07   1.308014e-03   3.570114e-03   1.195881e-06   0.000000e+00   1.301648e-01   1.257295e-07 
          3150   3.977103e-07   1.308017e-03   3.568869e-03   1.195834e-06   0.000000e+00   1.301581e-01   1.256943e-07 
          3151   3.975325e-07   1.308021e-03   3.567627e-03   1.195684e-06   0.000000e+00   1.301514e-01   1.256590e-07 
          3152   3.976729e-07   1.308024e-03   3.566379e-03   1.195612e-06   0.000000e+00   1.301446e-01   1.256238e-07 
          3153   3.975105e-07   1.308028e-03   3.565135e-03   1.195422e-06   0.000000e+00   1.301379e-01   1.255886e-07 
          3154   3.962318e-07   1.308031e-03   3.563886e-03   1.195332e-06   0.000000e+00   1.301311e-01   1.255534e-07 
          3155   3.945428e-07   1.308034e-03   3.562641e-03   1.195138e-06   0.000000e+00   1.301244e-01   1.255182e-07 
          3156   3.943118e-07   1.308038e-03   3.561393e-03   1.195037e-06   0.000000e+00   1.301176e-01   1.254831e-07 
          3157   3.943730e-07   1.308041e-03   3.560147e-03   1.194860e-06   0.000000e+00   1.301109e-01   1.254479e-07 
          3158   3.950567e-07   1.308045e-03   3.558897e-03   1.194791e-06   0.000000e+00   1.301041e-01   1.254128e-07 
          3159   3.955026e-07   1.308048e-03   3.557650e-03   1.194642e-06   0.000000e+00   1.300974e-01   1.253777e-07 
          3160   3.962959e-07   1.308051e-03   3.556397e-03   1.194577e-06   0.000000e+00   1.300906e-01   1.253426e-07 
          3161   3.966779e-07   1.308055e-03   3.555146e-03   1.194419e-06   0.000000e+00   1.300838e-01   1.253076e-07 
          3162   3.973379e-07   1.308058e-03   3.553891e-03   1.194331e-06   0.000000e+00   1.300771e-01   1.252725e-07 
          3163   3.975461e-07   1.308061e-03   3.552639e-03   1.194151e-06   0.000000e+00   1.300703e-01   1.252375e-07 
          3164   3.980372e-07   1.308065e-03   3.551382e-03   1.194049e-06   0.000000e+00   1.300635e-01   1.252025e-07 
          3165   3.980868e-07   1.308068e-03   3.550129e-03   1.193866e-06   0.000000e+00   1.300567e-01   1.251675e-07 
          3166   3.984510e-07   1.308071e-03   3.548870e-03   1.193772e-06   0.000000e+00   1.300499e-01   1.251325e-07 
          3167   3.984000e-07   1.308075e-03   3.547615e-03   1.193600e-06   0.000000e+00   1.300432e-01   1.250975e-07 
          3168   3.986901e-07   1.308078e-03   3.546354e-03   1.193515e-06   0.000000e+00   1.300364e-01   1.250626e-07 
          3169   3.985803e-07   1.308081e-03   3.545097e-03   1.193348e-06   0.000000e+00   1.300296e-01   1.250277e-07 
          3170   3.988313e-07   1.308085e-03   3.543834e-03   1.193262e-06   0.000000e+00   1.300228e-01   1.249928e-07 
          3171   3.987034e-07   1.308088e-03   3.542574e-03   1.193094e-06   0.000000e+00   1.300160e-01   1.249579e-07 
          3172   3.989406e-07   1.308091e-03   3.541308e-03   1.193004e-06   0.000000e+00   1.300091e-01   1.249230e-07 
          3173   3.988066e-07   1.308095e-03   3.540046e-03   1.192834e-06   0.000000e+00   1.300023e-01   1.248882e-07 
          3174   3.990469e-07   1.308098e-03   3.538778e-03   1.192752e-06   0.000000e+00   1.299955e-01   1.248534e-07 
          3175   3.989126e-07   1.308101e-03   3.537515e-03   1.192596e-06   0.000000e+00   1.299887e-01   1.248185e-07 
          3176   3.991530e-07   1.308105e-03   3.536245e-03   1.192528e-06   0.000000e+00   1.299819e-01   1.247837e-07 
          3177   3.990181e-07   1.308108e-03   3.534979e-03   1.192377e-06   0.000000e+00   1.299750e-01   1.247490e-07 
          3178   3.992559e-07   1.308111e-03   3.533706e-03   1.192313e-06   0.000000e+00   1.299682e-01   1.247142e-07 
          3179   3.991202e-07   1.308114e-03   3.532439e-03   1.192157e-06   0.000000e+00   1.299614e-01   1.246795e-07 
          3180   3.993475e-07   1.308118e-03   3.531181e-03   1.192089e-06   0.000000e+00   1.299545e-01   1.246447e-07 
          3181   3.992076e-07   1.308121e-03   3.529935e-03   1.191929e-06   0.000000e+00   1.299477e-01   1.246100e-07 
          3182   3.993865e-07   1.308124e-03   3.528691e-03   1.191875e-06   0.000000e+00   1.299408e-01   1.245753e-07 
          3183   3.991762e-07   1.308127e-03   3.527459e-03   1.191708e-06   0.000000e+00   1.299340e-01   1.245407e-07 
          3184   3.993487e-07   1.308131e-03   3.526226e-03   1.191650e-06   0.000000e+00   1.299271e-01   1.245060e-07 
          3185   3.991832e-07   1.308134e-03   3.525001e-03   1.191496e-06   0.000000e+00   1.299202e-01   1.244714e-07 
          3186   3.993865e-07   1.308137e-03   3.523773e-03   1.191450e-06   0.000000e+00   1.299134e-01   1.244367e-07 
          3187   3.992234e-07   1.308140e-03   3.522552e-03   1.191299e-06   0.000000e+00   1.299065e-01   1.244021e-07 
          3188   3.994252e-07   1.308143e-03   3.521327e-03   1.191251e-06   0.000000e+00   1.298996e-01   1.243676e-07 
          3189   3.992645e-07   1.308147e-03   3.520107e-03   1.191098e-06   0.000000e+00   1.298927e-01   1.243330e-07 
          3190   3.994890e-07   1.308150e-03   3.518881e-03   1.191051e-06   0.000000e+00   1.298858e-01   1.242984e-07 
          3191   3.994679e-07   1.308153e-03   3.517660e-03   1.190898e-06   0.000000e+00   1.298790e-01   1.242639e-07 
          3192   3.993439e-07   1.308156e-03   3.516433e-03   1.190839e-06   0.000000e+00   1.298721e-01   1.242294e-07 
          3193   3.986642e-07   1.308159e-03   3.515210e-03   1.190660e-06   0.000000e+00   1.298651e-01   1.241949e-07 
          3194   3.983325e-07   1.308162e-03   3.513983e-03   1.190581e-06   0.000000e+00   1.298582e-01   1.241604e-07 
          3195   3.977144e-07   1.308165e-03   3.512759e-03   1.190404e-06   0.000000e+00   1.298513e-01   1.241259e-07 
          3196   3.975499e-07   1.308168e-03   3.511529e-03   1.190327e-06   0.000000e+00   1.298444e-01   1.240915e-07 
          3197   3.971261e-07   1.308171e-03   3.510302e-03   1.190146e-06   0.000000e+00   1.298374e-01   1.240570e-07 
          3198   3.971403e-07   1.308175e-03   3.509071e-03   1.190062e-06   0.000000e+00   1.298305e-01   1.240226e-07 
          3199   3.968627e-07   1.308178e-03   3.507842e-03   1.189879e-06   0.000000e+00   1.298236e-01   1.239882e-07 
          3200   3.969860e-07   1.308181e-03   3.506608e-03   1.189797e-06   0.000000e+00   1.298166e-01   1.239538e-07 
          3201   3.967899e-07   1.308184e-03   3.505378e-03   1.189620e-06   0.000000e+00   1.298097e-01   1.239194e-07 
          3202   3.969685e-07   1.308187e-03   3.504141e-03   1.189548e-06   0.000000e+00   1.298027e-01   1.238851e-07 
          3203   3.968045e-07   1.308190e-03   3.502908e-03   1.189392e-06   0.000000e+00   1.297957e-01   1.238508e-07 
          3204   3.970106e-07   1.308193e-03   3.501670e-03   1.189341e-06   0.000000e+00   1.297888e-01   1.238164e-07 
          3205   3.969306e-07   1.308196e-03   3.500435e-03   1.189210e-06   0.000000e+00   1.297818e-01   1.237821e-07 
          3206   3.971931e-07   1.308199e-03   3.499195e-03   1.189284e-06   0.000000e+00   1.297748e-01   1.237479e-07 
          3207   3.970710e-07   1.308202e-03   3.497958e-03   1.189229e-06   0.000000e+00   1.297678e-01   1.237136e-07 
          3208   3.972931e-07   1.308205e-03   3.496716e-03   1.189172e-06   0.000000e+00   1.297608e-01   1.236793e-07 
          3209   3.971588e-07   1.308208e-03   3.495478e-03   1.188935e-06   0.000000e+00   1.297538e-01   1.236451e-07 
          3210   3.973730e-07   1.308211e-03   3.494234e-03   1.188755e-06   0.000000e+00   1.297468e-01   1.236109e-07 
          3211   3.972268e-07   1.308214e-03   3.492993e-03   1.188474e-06   0.000000e+00   1.297398e-01   1.235767e-07 
          3212   3.974239e-07   1.308217e-03   3.491748e-03   1.188301e-06   0.000000e+00   1.297328e-01   1.235425e-07 
          3213   3.972634e-07   1.308220e-03   3.490506e-03   1.188057e-06   0.000000e+00   1.297258e-01   1.235083e-07 
          3214   3.974503e-07   1.308223e-03   3.489259e-03   1.187928e-06   0.000000e+00   1.297188e-01   1.234742e-07 
          3215   3.972906e-07   1.308226e-03   3.488016e-03   1.187713e-06   0.000000e+00   1.297118e-01   1.234401e-07 
          3216   3.974829e-07   1.308229e-03   3.486767e-03   1.187594e-06   0.000000e+00   1.297048e-01   1.234060e-07 
          3217   3.973332e-07   1.308232e-03   3.485521e-03   1.187385e-06   0.000000e+00   1.296977e-01   1.233719e-07 
          3218   3.975364e-07   1.308235e-03   3.484270e-03   1.187282e-06   0.000000e+00   1.296907e-01   1.233378e-07 
          3219   3.973976e-07   1.308237e-03   3.483023e-03   1.187098e-06   0.000000e+00   1.296836e-01   1.233037e-07 
          3220   3.976106e-07   1.308240e-03   3.481771e-03   1.187025e-06   0.000000e+00   1.296766e-01   1.232697e-07 
          3221   3.974799e-07   1.308243e-03   3.480522e-03   1.186867e-06   0.000000e+00   1.296696e-01   1.232356e-07 
          3222   3.977012e-07   1.308246e-03   3.479267e-03   1.186813e-06   0.000000e+00   1.296625e-01   1.232016e-07 
          3223   3.975778e-07   1.308249e-03   3.478017e-03   1.186664e-06   0.000000e+00   1.296554e-01   1.231676e-07 
          3224   3.977831e-07   1.308252e-03   3.476761e-03   1.186610e-06   0.000000e+00   1.296484e-01   1.231336e-07 
          3225   3.976528e-07   1.308255e-03   3.475509e-03   1.186454e-06   0.000000e+00   1.296413e-01   1.230997e-07 
          3226   3.978704e-07   1.308258e-03   3.474251e-03   1.186394e-06   0.000000e+00   1.296343e-01   1.230657e-07 
          3227   3.977426e-07   1.308261e-03   3.472998e-03   1.186241e-06   0.000000e+00   1.296272e-01   1.230318e-07 
          3228   3.979611e-07   1.308263e-03   3.471739e-03   1.186184e-06   0.000000e+00   1.296201e-01   1.229979e-07 
          3229   3.978366e-07   1.308266e-03   3.470484e-03   1.186039e-06   0.000000e+00   1.296130e-01   1.229640e-07 
          3230   3.980563e-07   1.308269e-03   3.469223e-03   1.185984e-06   0.000000e+00   1.296059e-01   1.229301e-07 
          3231   3.979321e-07   1.308272e-03   3.467966e-03   1.185840e-06   0.000000e+00   1.295989e-01   1.228963e-07 
          3232   3.981525e-07   1.308275e-03   3.466705e-03   1.185784e-06   0.000000e+00   1.295918e-01   1.228624e-07 
          3233   3.980290e-07   1.308278e-03   3.465446e-03   1.185638e-06   0.000000e+00   1.295847e-01   1.228286e-07 
          3234   3.982507e-07   1.308280e-03   3.464183e-03   1.185579e-06   0.000000e+00   1.295776e-01   1.227948e-07 
          3235   3.981274e-07   1.308283e-03   3.462923e-03   1.185433e-06   0.000000e+00   1.295705e-01   1.227610e-07 
          3236   3.983518e-07   1.308286e-03   3.461658e-03   1.185374e-06   0.000000e+00   1.295634e-01   1.227272e-07 
          3237   3.981943e-07   1.308289e-03   3.460396e-03   1.185228e-06   0.000000e+00   1.295562e-01   1.226934e-07 
          3238   3.983262e-07   1.308292e-03   3.459129e-03   1.185166e-06   0.000000e+00   1.295491e-01   1.226597e-07 
          3239   3.981644e-07   1.308295e-03   3.457866e-03   1.185003e-06   0.000000e+00   1.295420e-01   1.226260e-07 
          3240   3.983752e-07   1.308297e-03   3.456596e-03   1.184929e-06   0.000000e+00   1.295349e-01   1.225923e-07 
          3241   3.982384e-07   1.308300e-03   3.455329e-03   1.184777e-06   0.000000e+00   1.295278e-01   1.225586e-07 
          3242   3.984520e-07   1.308303e-03   3.454057e-03   1.184708e-06   0.000000e+00   1.295206e-01   1.225249e-07 
          3243   3.983327e-07   1.308306e-03   3.452788e-03   1.184570e-06   0.000000e+00   1.295135e-01   1.224912e-07 
          3244   3.985590e-07   1.308308e-03   3.451514e-03   1.184513e-06   0.000000e+00   1.295064e-01   1.224576e-07 
          3245   3.984451e-07   1.308311e-03   3.450243e-03   1.184378e-06   0.000000e+00   1.294992e-01   1.224239e-07 
          3246   3.986706e-07   1.308314e-03   3.448966e-03   1.184312e-06   0.000000e+00   1.294921e-01   1.223903e-07 
          3247   3.985584e-07   1.308317e-03   3.447693e-03   1.184169e-06   0.000000e+00   1.294849e-01   1.223567e-07 
          3248   3.987832e-07   1.308319e-03   3.446415e-03   1.184095e-06   0.000000e+00   1.294778e-01   1.223232e-07 
          3249   3.986747e-07   1.308322e-03   3.445141e-03   1.183950e-06   0.000000e+00   1.294706e-01   1.222896e-07 
          3250   3.989014e-07   1.308325e-03   3.443861e-03   1.183879e-06   0.000000e+00   1.294635e-01   1.222561e-07 
          3251   3.987953e-07   1.308328e-03   3.442584e-03   1.183740e-06   0.000000e+00   1.294563e-01   1.222225e-07 
          3252   3.990260e-07   1.308330e-03   3.441302e-03   1.183674e-06   0.000000e+00   1.294492e-01   1.221890e-07 
          3253   3.987736e-07   1.308333e-03   3.440025e-03   1.183535e-06   0.000000e+00   1.294420e-01   1.221555e-07 
          3254   3.988055e-07   1.308336e-03   3.438741e-03   1.183457e-06   0.000000e+00   1.294348e-01   1.221221e-07 
          3255   3.985839e-07   1.308339e-03   3.437461e-03   1.183284e-06   0.000000e+00   1.294277e-01   1.220886e-07 
          3256   3.987512e-07   1.308341e-03   3.436176e-03   1.183161e-06   0.000000e+00   1.294205e-01   1.220552e-07 
          3257   3.986384e-07   1.308344e-03   3.434895e-03   1.182973e-06   0.000000e+00   1.294133e-01   1.220217e-07 
          3258   3.989811e-07   1.308347e-03   3.433608e-03   1.182871e-06   0.000000e+00   1.294061e-01   1.219883e-07 
          3259   3.989900e-07   1.308349e-03   3.432325e-03   1.182786e-06   0.000000e+00   1.293989e-01   1.219549e-07 
          3260   3.993165e-07   1.308352e-03   3.431037e-03   1.182767e-06   0.000000e+00   1.293917e-01   1.219215e-07 
          3261   3.993047e-07   1.308355e-03   3.429752e-03   1.182630e-06   0.000000e+00   1.293846e-01   1.218882e-07 
          3262   3.996219e-07   1.308357e-03   3.428463e-03   1.182503e-06   0.000000e+00   1.293774e-01   1.218548e-07 
          3263   3.996012e-07   1.308360e-03   3.427177e-03   1.182280e-06   0.000000e+00   1.293702e-01   1.218215e-07 
          3264   3.998465e-07   1.308363e-03   3.425885e-03   1.182108e-06   0.000000e+00   1.293630e-01   1.217882e-07 
          3265   3.994898e-07   1.308365e-03   3.424598e-03   1.181876e-06   0.000000e+00   1.293558e-01   1.217549e-07 
          3266   3.993758e-07   1.308368e-03   3.423304e-03   1.181720e-06   0.000000e+00   1.293485e-01   1.217216e-07 
          3267   3.990270e-07   1.308371e-03   3.422015e-03   1.181547e-06   0.000000e+00   1.293413e-01   1.216884e-07 
          3268   3.989911e-07   1.308373e-03   3.420721e-03   1.181506e-06   0.000000e+00   1.293341e-01   1.216551e-07 
          3269   3.986214e-07   1.308376e-03   3.419430e-03   1.181336e-06   0.000000e+00   1.293269e-01   1.216219e-07 
          3270   3.986147e-07   1.308379e-03   3.418134e-03   1.181133e-06   0.000000e+00   1.293197e-01   1.215887e-07 
          3271   3.982242e-07   1.308381e-03   3.416842e-03   1.180812e-06   0.000000e+00   1.293125e-01   1.215555e-07 
          3272   3.980995e-07   1.308384e-03   3.415545e-03   1.180538e-06   0.000000e+00   1.293052e-01   1.215223e-07 
          3273   3.977089e-07   1.308386e-03   3.414250e-03   1.180137e-06   0.000000e+00   1.292980e-01   1.214891e-07 
          3274   3.977741e-07   1.308389e-03   3.412950e-03   1.179801e-06   0.000000e+00   1.292908e-01   1.214560e-07 
          3275   3.976146e-07   1.308392e-03   3.411654e-03   1.179432e-06   0.000000e+00   1.292835e-01   1.214229e-07 
          3276   3.978714e-07   1.308394e-03   3.410351e-03   1.179199e-06   0.000000e+00   1.292763e-01   1.213898e-07 
          3277   3.978299e-07   1.308397e-03   3.409052e-03   1.178953e-06   0.000000e+00   1.292690e-01   1.213567e-07 
          3278   3.981455e-07   1.308399e-03   3.407747e-03   1.178838e-06   0.000000e+00   1.292618e-01   1.213236e-07 
          3279   3.981147e-07   1.308402e-03   3.406446e-03   1.178679e-06   0.000000e+00   1.292545e-01   1.212905e-07 
          3280   3.984184e-07   1.308404e-03   3.405138e-03   1.178617e-06   0.000000e+00   1.292472e-01   1.212575e-07 
          3281   3.983636e-07   1.308407e-03   3.403834e-03   1.178479e-06   0.000000e+00   1.292400e-01   1.212244e-07 
          3282   3.986449e-07   1.308410e-03   3.402524e-03   1.178423e-06   0.000000e+00   1.292327e-01   1.211914e-07 
          3283   3.985700e-07   1.308412e-03   3.401218e-03   1.178285e-06   0.000000e+00   1.292254e-01   1.211584e-07 
          3284   3.988389e-07   1.308415e-03   3.399907e-03   1.178233e-06   0.000000e+00   1.292182e-01   1.211254e-07 
          3285   3.987593e-07   1.308417e-03   3.398599e-03   1.178104e-06   0.000000e+00   1.292109e-01   1.210925e-07 
          3286   3.990259e-07   1.308420e-03   3.397286e-03   1.178059e-06   0.000000e+00   1.292036e-01   1.210595e-07 
          3287   3.989492e-07   1.308422e-03   3.395976e-03   1.177940e-06   0.000000e+00   1.291963e-01   1.210266e-07 
          3288   3.992174e-07   1.308425e-03   3.394661e-03   1.177901e-06   0.000000e+00   1.291890e-01   1.209937e-07 
          3289   3.991473e-07   1.308427e-03   3.393349e-03   1.177791e-06   0.000000e+00   1.291817e-01   1.209608e-07 
          3290   3.994155e-07   1.308430e-03   3.392031e-03   1.177755e-06   0.000000e+00   1.291744e-01   1.209279e-07 
          3291   3.992409e-07   1.308432e-03   3.390717e-03   1.177680e-06   0.000000e+00   1.291671e-01   1.208950e-07 
          3292   3.990415e-07   1.308435e-03   3.389397e-03   1.177961e-06   0.000000e+00   1.291598e-01   1.208622e-07 
          3293   3.997248e-07   1.308437e-03   3.388079e-03   1.177954e-06   0.000000e+00   1.291525e-01   1.208293e-07 
          3294   4.009534e-07   1.308440e-03   3.386753e-03   1.177841e-06   0.000000e+00   1.291452e-01   1.207965e-07 
          3295   4.016567e-07   1.308442e-03   3.385430e-03   1.177609e-06   0.000000e+00   1.291379e-01   1.207637e-07 
          3296   4.024781e-07   1.308445e-03   3.384102e-03   1.177481e-06   0.000000e+00   1.291306e-01   1.207309e-07 
          3297   4.027990e-07   1.308447e-03   3.382779e-03   1.177348e-06   0.000000e+00   1.291232e-01   1.206982e-07 
          3298   4.034156e-07   1.308450e-03   3.381451e-03   1.177344e-06   0.000000e+00   1.291159e-01   1.206654e-07 
          3299   4.037112e-07   1.308452e-03   3.380127e-03   1.177308e-06   0.000000e+00   1.291086e-01   1.206327e-07 
          3300   4.043881e-07   1.308455e-03   3.378796e-03   1.177338e-06   0.000000e+00   1.291012e-01   1.205999e-07 
          3301   4.047470e-07   1.308457e-03   3.377469e-03   1.177282e-06   0.000000e+00   1.290939e-01   1.205672e-07 
          3302   4.054153e-07   1.308460e-03   3.376136e-03   1.177257e-06   0.000000e+00   1.290866e-01   1.205345e-07 
          3303   4.056807e-07   1.308462e-03   3.374806e-03   1.177143e-06   0.000000e+00   1.290792e-01   1.205019e-07 
          3304   4.061910e-07   1.308465e-03   3.373471e-03   1.177081e-06   0.000000e+00   1.290719e-01   1.204692e-07 
          3305   4.062825e-07   1.308467e-03   3.372140e-03   1.176961e-06   0.000000e+00   1.290645e-01   1.204366e-07 
          3306   4.066457e-07   1.308470e-03   3.370803e-03   1.176916e-06   0.000000e+00   1.290571e-01   1.204039e-07 
          3307   4.066438e-07   1.308472e-03   3.369470e-03   1.176824e-06   0.000000e+00   1.290498e-01   1.203713e-07 
          3308   4.069639e-07   1.308474e-03   3.368132e-03   1.176795e-06   0.000000e+00   1.290424e-01   1.203387e-07 
          3309   4.069580e-07   1.308477e-03   3.366796e-03   1.176709e-06   0.000000e+00   1.290350e-01   1.203062e-07 
          3310   4.072866e-07   1.308479e-03   3.365456e-03   1.176674e-06   0.000000e+00   1.290277e-01   1.202736e-07 
          3311   4.072817e-07   1.308482e-03   3.364118e-03   1.176572e-06   0.000000e+00   1.290203e-01   1.202410e-07 
          3312   4.075932e-07   1.308484e-03   3.362775e-03   1.176523e-06   0.000000e+00   1.290129e-01   1.202085e-07 
          3313   4.075597e-07   1.308487e-03   3.361436e-03   1.176417e-06   0.000000e+00   1.290055e-01   1.201760e-07 
          3314   4.078344e-07   1.308489e-03   3.360091e-03   1.176370e-06   0.000000e+00   1.289981e-01   1.201435e-07 
          3315   4.077704e-07   1.308491e-03   3.358750e-03   1.176275e-06   0.000000e+00   1.289907e-01   1.201110e-07 
          3316   4.081677e-07   1.308494e-03   3.357404e-03   1.176221e-06   0.000000e+00   1.289833e-01   1.200785e-07 
          3317   4.084372e-07   1.308496e-03   3.356061e-03   1.176077e-06   0.000000e+00   1.289759e-01   1.200461e-07 
          3318   4.091480e-07   1.308498e-03   3.354712e-03   1.175971e-06   0.000000e+00   1.289685e-01   1.200137e-07 
          3319   4.095289e-07   1.308501e-03   3.353367e-03   1.175802e-06   0.000000e+00   1.289611e-01   1.199812e-07 
          3320   4.101573e-07   1.308503e-03   3.352011e-03   1.175706e-06   0.000000e+00   1.289537e-01   1.199488e-07 
          3321   4.103264e-07   1.308506e-03   3.350623e-03   1.175596e-06   0.000000e+00   1.289463e-01   1.199165e-07 
          3322   4.107059e-07   1.308508e-03   3.349213e-03   1.175553e-06   0.000000e+00   1.289389e-01   1.198841e-07 
          3323   4.106559e-07   1.308510e-03   3.347789e-03   1.175468e-06   0.000000e+00   1.289314e-01   1.198517e-07 
          3324   4.108728e-07   1.308513e-03   3.346347e-03   1.175429e-06   0.000000e+00   1.289240e-01   1.198194e-07 
          3325   4.107288e-07   1.308515e-03   3.344898e-03   1.175342e-06   0.000000e+00   1.289166e-01   1.197871e-07 
          3326   4.108822e-07   1.308517e-03   3.343436e-03   1.175296e-06   0.000000e+00   1.289091e-01   1.197548e-07 
          3327   4.107298e-07   1.308520e-03   3.341972e-03   1.175204e-06   0.000000e+00   1.289017e-01   1.197225e-07 
          3328   4.109232e-07   1.308522e-03   3.340499e-03   1.175155e-06   0.000000e+00   1.288942e-01   1.196902e-07 
          3329   4.108137e-07   1.308524e-03   3.339027e-03   1.175057e-06   0.000000e+00   1.288868e-01   1.196579e-07 
          3330   4.110511e-07   1.308527e-03   3.337547e-03   1.175002e-06   0.000000e+00   1.288793e-01   1.196257e-07 
          3331   4.109862e-07   1.308529e-03   3.336072e-03   1.174903e-06   0.000000e+00   1.288719e-01   1.195934e-07 
          3332   4.112500e-07   1.308531e-03   3.334589e-03   1.174846e-06   0.000000e+00   1.288644e-01   1.195612e-07 
          3333   4.006056e-07   1.308534e-03   3.333112e-03   1.174731e-06   0.000000e+00   1.288570e-01   1.195290e-07 
          3334   3.851703e-07   1.308536e-03   3.331628e-03   1.174644e-06   0.000000e+00   1.288495e-01   1.194968e-07 
          3335   3.767951e-07   1.308538e-03   3.330151e-03   1.174513e-06   0.000000e+00   1.288420e-01   1.194647e-07 
          3336   3.731974e-07   1.308541e-03   3.328669e-03   1.174497e-06   0.000000e+00   1.288346e-01   1.194325e-07 
          3337   3.716715e-07   1.308543e-03   3.327192e-03   1.174401e-06   0.000000e+00   1.288271e-01   1.194004e-07 
          3338   3.718306e-07   1.308545e-03   3.325710e-03   1.174372e-06   0.000000e+00   1.288196e-01   1.193683e-07 
          3339   3.722898e-07   1.308547e-03   3.324232e-03   1.174251e-06   0.000000e+00   1.288121e-01   1.193362e-07 
          3340   3.733442e-07   1.308550e-03   3.322751e-03   1.174186e-06   0.000000e+00   1.288046e-01   1.193041e-07 
          3341   3.741146e-07   1.308552e-03   3.321274e-03   1.174063e-06   0.000000e+00   1.287971e-01   1.192720e-07 
          3342   3.751501e-07   1.308554e-03   3.319793e-03   1.174019e-06   0.000000e+00   1.287897e-01   1.192399e-07 
          3343   3.757336e-07   1.308557e-03   3.318316e-03   1.173927e-06   0.000000e+00   1.287822e-01   1.192079e-07 
          3344   3.765293e-07   1.308559e-03   3.316835e-03   1.173914e-06   0.000000e+00   1.287747e-01   1.191759e-07 
          3345   3.768641e-07   1.308561e-03   3.315358e-03   1.173840e-06   0.000000e+00   1.287672e-01   1.191439e-07 
          3346   3.774485e-07   1.308563e-03   3.313876e-03   1.173814e-06   0.000000e+00   1.287596e-01   1.191119e-07 
          3347   3.776002e-07   1.308566e-03   3.312399e-03   1.173662e-06   0.000000e+00   1.287521e-01   1.190799e-07 
          3348   3.780420e-07   1.308568e-03   3.310918e-03   1.173571e-06   0.000000e+00   1.287446e-01   1.190479e-07 
          3349   3.780779e-07   1.308570e-03   3.309442e-03   1.173420e-06   0.000000e+00   1.287371e-01   1.190160e-07 
          3350   3.784288e-07   1.308572e-03   3.307959e-03   1.173373e-06   0.000000e+00   1.287296e-01   1.189840e-07 
          3351   3.783883e-07   1.308574e-03   3.306482e-03   1.173270e-06   0.000000e+00   1.287221e-01   1.189521e-07 
          3352   3.786763e-07   1.308577e-03   3.304998e-03   1.173258e-06   0.000000e+00   1.287145e-01   1.189202e-07 
          3353   3.785824e-07   1.308579e-03   3.303519e-03   1.173168e-06   0.000000e+00   1.287070e-01   1.188883e-07 
          3354   3.788273e-07   1.308581e-03   3.302034e-03   1.173151e-06   0.000000e+00   1.286995e-01   1.188564e-07 
          3355   3.786964e-07   1.308583e-03   3.300554e-03   1.173043e-06   0.000000e+00   1.286920e-01   1.188246e-07 
          3356   3.789126e-07   1.308585e-03   3.299069e-03   1.173002e-06   0.000000e+00   1.286844e-01   1.187927e-07 
          3357   3.787569e-07   1.308588e-03   3.297588e-03   1.172864e-06   0.000000e+00   1.286769e-01   1.187609e-07 
          3358   3.789547e-07   1.308590e-03   3.296103e-03   1.172809e-06   0.000000e+00   1.286693e-01   1.187291e-07 
          3359   3.787836e-07   1.308592e-03   3.294621e-03   1.172682e-06   0.000000e+00   1.286618e-01   1.186973e-07 
          3360   3.789696e-07   1.308594e-03   3.293135e-03   1.172656e-06   0.000000e+00   1.286542e-01   1.186655e-07 
          3361   3.787893e-07   1.308596e-03   3.291652e-03   1.172555e-06   0.000000e+00   1.286467e-01   1.186337e-07 
          3362   3.789681e-07   1.308598e-03   3.290164e-03   1.172540e-06   0.000000e+00   1.286391e-01   1.186020e-07 
          3363   3.787826e-07   1.308601e-03   3.288681e-03   1.172436e-06   0.000000e+00   1.286316e-01   1.185703e-07 
          3364   3.789573e-07   1.308603e-03   3.287192e-03   1.172408e-06   0.000000e+00   1.286240e-01   1.185385e-07 
          3365   3.788136e-07   1.308605e-03   3.285708e-03   1.172291e-06   0.000000e+00   1.286165e-01   1.185068e-07 
          3366   3.790668e-07   1.308607e-03   3.284218e-03   1.172317e-06   0.000000e+00   1.286089e-01   1.184751e-07 
          3367   3.789323e-07   1.308609e-03   3.282734e-03   1.172307e-06   0.000000e+00   1.286013e-01   1.184435e-07 
          3368   3.791343e-07   1.308611e-03   3.281244e-03   1.172327e-06   0.000000e+00   1.285938e-01   1.184118e-07 
          3369   3.789696e-07   1.308613e-03   3.279758e-03   1.172176e-06   0.000000e+00   1.285862e-01   1.183802e-07 
          3370   3.791589e-07   1.308616e-03   3.278268e-03   1.172045e-06   0.000000e+00   1.285786e-01   1.183485e-07 
          3371   3.789806e-07   1.308618e-03   3.276782e-03   1.171803e-06   0.000000e+00   1.285711e-01   1.183169e-07 
          3372   3.791509e-07   1.308620e-03   3.275291e-03   1.171645e-06   0.000000e+00   1.285635e-01   1.182853e-07 
          3373   3.789514e-07   1.308622e-03   3.273805e-03   1.171416e-06   0.000000e+00   1.285559e-01   1.182537e-07 
          3374   3.791032e-07   1.308624e-03   3.272313e-03   1.171290e-06   0.000000e+00   1.285483e-01   1.182221e-07 
          3375   3.788925e-07   1.308626e-03   3.270826e-03   1.171096e-06   0.000000e+00   1.285407e-01   1.181906e-07 
          3376   3.790387e-07   1.308628e-03   3.269333e-03   1.171005e-06   0.000000e+00   1.285331e-01   1.181590e-07 
          3377   3.788297e-07   1.308630e-03   3.267845e-03   1.170842e-06   0.000000e+00   1.285256e-01   1.181275e-07 
          3378   3.789821e-07   1.308632e-03   3.266352e-03   1.170778e-06   0.000000e+00   1.285180e-01   1.180960e-07 
          3379   3.787040e-07   1.308634e-03   3.264864e-03   1.170640e-06   0.000000e+00   1.285104e-01   1.180645e-07 
          3380   3.787557e-07   1.308637e-03   3.263370e-03   1.170603e-06   0.000000e+00   1.285028e-01   1.180330e-07 
          3381   3.785490e-07   1.308639e-03   3.261881e-03   1.170480e-06   0.000000e+00   1.284952e-01   1.180015e-07 
          3382   3.787563e-07   1.308641e-03   3.260387e-03   1.170452e-06   0.000000e+00   1.284876e-01   1.179701e-07 
          3383   3.788752e-07   1.308643e-03   3.258898e-03   1.170337e-06   0.000000e+00   1.284800e-01   1.179386e-07 
          3384   3.796060e-07   1.308645e-03   3.257403e-03   1.170302e-06   0.000000e+00   1.284724e-01   1.179072e-07 
          3385   3.799145e-07   1.308647e-03   3.255913e-03   1.170151e-06   0.000000e+00   1.284647e-01   1.178758e-07 
          3386   3.804060e-07   1.308649e-03   3.254418e-03   1.170063e-06   0.000000e+00   1.284571e-01   1.178444e-07 
          3387   3.804190e-07   1.308651e-03   3.252928e-03   1.169884e-06   0.000000e+00   1.284495e-01   1.178130e-07 
          3388   3.807429e-07   1.308653e-03   3.251431e-03   1.169806e-06   0.000000e+00   1.284419e-01   1.177817e-07 
          3389   3.807049e-07   1.308655e-03   3.249941e-03   1.169657e-06   0.000000e+00   1.284343e-01   1.177503e-07 
          3390   3.810271e-07   1.308657e-03   3.248444e-03   1.169611e-06   0.000000e+00   1.284267e-01   1.177190e-07 
          3391   3.809989e-07   1.308659e-03   3.246953e-03   1.169488e-06   0.000000e+00   1.284191e-01   1.176876e-07 
          3392   3.813104e-07   1.308661e-03   3.245456e-03   1.169457e-06   0.000000e+00   1.284114e-01   1.176563e-07 
          3393   3.812506e-07   1.308663e-03   3.243965e-03   1.169342e-06   0.000000e+00   1.284038e-01   1.176250e-07 
          3394   3.815138e-07   1.308665e-03   3.242468e-03   1.169314e-06   0.000000e+00   1.283962e-01   1.175937e-07 
          3395   3.813985e-07   1.308667e-03   3.240976e-03   1.169201e-06   0.000000e+00   1.283885e-01   1.175625e-07 
          3396   3.816060e-07   1.308669e-03   3.239478e-03   1.169172e-06   0.000000e+00   1.283809e-01   1.175312e-07 
          3397   3.814424e-07   1.308671e-03   3.237986e-03   1.169058e-06   0.000000e+00   1.283733e-01   1.175000e-07 
          3398   3.816081e-07   1.308673e-03   3.236488e-03   1.169024e-06   0.000000e+00   1.283656e-01   1.174688e-07 
          3399   3.814177e-07   1.308675e-03   3.234996e-03   1.168904e-06   0.000000e+00   1.283580e-01   1.174375e-07 
          3400   3.815667e-07   1.308677e-03   3.233501e-03   1.168859e-06   0.000000e+00   1.283503e-01   1.174064e-07 
          3401   3.813716e-07   1.308679e-03   3.232013e-03   1.168737e-06   0.000000e+00   1.283427e-01   1.173752e-07 
          3402   3.815178e-07   1.308681e-03   3.230520e-03   1.168699e-06   0.000000e+00   1.283351e-01   1.173440e-07 
          3403   3.813199e-07   1.308683e-03   3.229033e-03   1.168586e-06   0.000000e+00   1.283274e-01   1.173128e-07 
          3404   3.814662e-07   1.308685e-03   3.227541e-03   1.168550e-06   0.000000e+00   1.283198e-01   1.172817e-07 
          3405   3.812706e-07   1.308686e-03   3.226054e-03   1.168430e-06   0.000000e+00   1.283121e-01   1.172506e-07 
          3406   3.814178e-07   1.308688e-03   3.224563e-03   1.168382e-06   0.000000e+00   1.283044e-01   1.172195e-07 
          3407   3.812236e-07   1.308690e-03   3.223077e-03   1.168254e-06   0.000000e+00   1.282968e-01   1.171884e-07 
          3408   3.813732e-07   1.308692e-03   3.221586e-03   1.168202e-06   0.000000e+00   1.282891e-01   1.171573e-07 
          3409   3.811850e-07   1.308694e-03   3.220100e-03   1.168079e-06   0.000000e+00   1.282815e-01   1.171262e-07 
          3410   3.813586e-07   1.308696e-03   3.218611e-03   1.168195e-06   0.000000e+00   1.282738e-01   1.170952e-07 
          3411   3.812275e-07   1.308698e-03   3.217127e-03   1.168277e-06   0.000000e+00   1.282661e-01   1.170641e-07 
          3412   3.814293e-07   1.308700e-03   3.215638e-03   1.168346e-06   0.000000e+00   1.282585e-01   1.170331e-07 
          3413   3.812845e-07   1.308702e-03   3.214153e-03   1.168244e-06   0.000000e+00   1.282508e-01   1.170021e-07 
          3414   3.814288e-07   1.308704e-03   3.212664e-03   1.168103e-06   0.000000e+00   1.282431e-01   1.169711e-07 
          3415   3.812193e-07   1.308705e-03   3.211180e-03   1.167862e-06   0.000000e+00   1.282354e-01   1.169401e-07 
          3416   3.813053e-07   1.308707e-03   3.209692e-03   1.167676e-06   0.000000e+00   1.282278e-01   1.169091e-07 
          3417   3.810565e-07   1.308709e-03   3.208209e-03   1.167485e-06   0.000000e+00   1.282201e-01   1.168782e-07 
          3418   3.811165e-07   1.308711e-03   3.206723e-03   1.167395e-06   0.000000e+00   1.282124e-01   1.168472e-07 
          3419   3.808906e-07   1.308713e-03   3.205241e-03   1.167297e-06   0.000000e+00   1.282047e-01   1.168163e-07 
          3420   3.809988e-07   1.308715e-03   3.203756e-03   1.167257e-06   0.000000e+00   1.281970e-01   1.167854e-07 
          3421   3.808180e-07   1.308717e-03   3.202274e-03   1.167161e-06   0.000000e+00   1.281894e-01   1.167545e-07 
          3422   3.809562e-07   1.308718e-03   3.200783e-03   1.167086e-06   0.000000e+00   1.281817e-01   1.167236e-07 
          3423   3.807846e-07   1.308720e-03   3.199293e-03   1.166950e-06   0.000000e+00   1.281740e-01   1.166927e-07 
          3424   3.809165e-07   1.308722e-03   3.197799e-03   1.166850e-06   0.000000e+00   1.281663e-01   1.166619e-07 
          3425   3.807357e-07   1.308724e-03   3.196310e-03   1.166714e-06   0.000000e+00   1.281586e-01   1.166310e-07 
          3426   3.808664e-07   1.308726e-03   3.194815e-03   1.166637e-06   0.000000e+00   1.281509e-01   1.166002e-07 
          3427   3.806882e-07   1.308727e-03   3.193322e-03   1.166530e-06   0.000000e+00   1.281432e-01   1.165694e-07 
          3428   3.808238e-07   1.308729e-03   3.191825e-03   1.166478e-06   0.000000e+00   1.281355e-01   1.165386e-07 
          3429   3.806511e-07   1.308731e-03   3.190332e-03   1.166380e-06   0.000000e+00   1.281278e-01   1.165078e-07 
          3430   3.807964e-07   1.308733e-03   3.188829e-03   1.166318e-06   0.000000e+00   1.281201e-01   1.164770e-07 
          3431   3.806298e-07   1.308735e-03   3.187315e-03   1.166197e-06   0.000000e+00   1.281124e-01   1.164462e-07 
          3432   3.807791e-07   1.308736e-03   3.185782e-03   1.166124e-06   0.000000e+00   1.281047e-01   1.164155e-07 
          3433   3.806130e-07   1.308738e-03   3.184245e-03   1.166003e-06   0.000000e+00   1.280970e-01   1.163848e-07 
          3434   3.807624e-07   1.308740e-03   3.182695e-03   1.165938e-06   0.000000e+00   1.280892e-01   1.163540e-07 
          3435   3.805952e-07   1.308742e-03   3.181143e-03   1.165829e-06   0.000000e+00   1.280815e-01   1.163233e-07 
          3436   3.807266e-07   1.308743e-03   3.179581e-03   1.165773e-06   0.000000e+00   1.280738e-01   1.162926e-07 
          3437   3.805480e-07   1.308745e-03   3.178019e-03   1.165672e-06   0.000000e+00   1.280661e-01   1.162620e-07 
          3438   3.806943e-07   1.308747e-03   3.176450e-03   1.165620e-06   0.000000e+00   1.280584e-01   1.162313e-07 
          3439   3.805240e-07   1.308749e-03   3.174882e-03   1.165511e-06   0.000000e+00   1.280507e-01   1.162007e-07 
          3440   3.806692e-07   1.308750e-03   3.173308e-03   1.165448e-06   0.000000e+00   1.280429e-01   1.161700e-07 
          3441   3.804962e-07   1.308752e-03   3.171737e-03   1.165327e-06   0.000000e+00   1.280352e-01   1.161394e-07 
          3442   3.806408e-07   1.308754e-03   3.170161e-03   1.165257e-06   0.000000e+00   1.280275e-01   1.161088e-07 
          3443   3.804565e-07   1.308756e-03   3.168590e-03   1.165133e-06   0.000000e+00   1.280198e-01   1.160782e-07 
          3444   3.805940e-07   1.308757e-03   3.167013e-03   1.165064e-06   0.000000e+00   1.280120e-01   1.160476e-07 
          3445   3.804135e-07   1.308759e-03   3.165443e-03   1.164942e-06   0.000000e+00   1.280043e-01   1.160171e-07 
          3446   3.805526e-07   1.308761e-03   3.163868e-03   1.164877e-06   0.000000e+00   1.279966e-01   1.159865e-07 
          3447   3.803688e-07   1.308762e-03   3.162299e-03   1.164760e-06   0.000000e+00   1.279888e-01   1.159560e-07 
          3448   3.805113e-07   1.308764e-03   3.160725e-03   1.164697e-06   0.000000e+00   1.279811e-01   1.159254e-07 
          3449   3.803439e-07   1.308766e-03   3.159158e-03   1.164581e-06   0.000000e+00   1.279734e-01   1.158949e-07 
          3450   3.804682e-07   1.308767e-03   3.157588e-03   1.164523e-06   0.000000e+00   1.279656e-01   1.158644e-07 
          3451   3.802200e-07   1.308769e-03   3.156023e-03   1.164405e-06   0.000000e+00   1.279579e-01   1.158340e-07 
          3452   3.802083e-07   1.308771e-03   3.154455e-03   1.164312e-06   0.000000e+00   1.279501e-01   1.158035e-07 
          3453   3.798724e-07   1.308772e-03   3.152893e-03   1.164158e-06   0.000000e+00   1.279424e-01   1.157730e-07 
          3454   3.798006e-07   1.308774e-03   3.151328e-03   1.164043e-06   0.000000e+00   1.279346e-01   1.157426e-07 
          3455   3.793809e-07   1.308776e-03   3.149769e-03   1.163889e-06   0.000000e+00   1.279269e-01   1.157122e-07 
          3456   3.792423e-07   1.308777e-03   3.148207e-03   1.163783e-06   0.000000e+00   1.279191e-01   1.156818e-07 
          3457   3.788045e-07   1.308779e-03   3.146651e-03   1.163644e-06   0.000000e+00   1.279114e-01   1.156514e-07 
          3458   3.786905e-07   1.308781e-03   3.145091e-03   1.163546e-06   0.000000e+00   1.279036e-01   1.156210e-07 
          3459   3.783058e-07   1.308782e-03   3.143538e-03   1.163411e-06   0.000000e+00   1.278959e-01   1.155906e-07 
          3460   3.782539e-07   1.308784e-03   3.141981e-03   1.163312e-06   0.000000e+00   1.278881e-01   1.155602e-07 
          3461   3.779316e-07   1.308786e-03   3.140431e-03   1.163176e-06   0.000000e+00   1.278803e-01   1.155299e-07 
          3462   3.779351e-07   1.308787e-03   3.138877e-03   1.163073e-06   0.000000e+00   1.278726e-01   1.154996e-07 
          3463   3.776636e-07   1.308789e-03   3.137330e-03   1.162932e-06   0.000000e+00   1.278648e-01   1.154693e-07 
          3464   3.777267e-07   1.308790e-03   3.135779e-03   1.162828e-06   0.000000e+00   1.278570e-01   1.154390e-07 
          3465   3.775212e-07   1.308792e-03   3.134234e-03   1.162674e-06   0.000000e+00   1.278493e-01   1.154087e-07 
          3466   3.776189e-07   1.308793e-03   3.132686e-03   1.162559e-06   0.000000e+00   1.278415e-01   1.153784e-07 
          3467   3.774201e-07   1.308795e-03   3.131144e-03   1.162409e-06   0.000000e+00   1.278337e-01   1.153481e-07 
          3468   3.775220e-07   1.308797e-03   3.129598e-03   1.162304e-06   0.000000e+00   1.278260e-01   1.153179e-07 
          3469   3.773272e-07   1.308798e-03   3.128060e-03   1.162165e-06   0.000000e+00   1.278182e-01   1.152877e-07 
          3470   3.774346e-07   1.308800e-03   3.126518e-03   1.162072e-06   0.000000e+00   1.278104e-01   1.152574e-07 
          3471   3.772465e-07   1.308801e-03   3.124982e-03   1.161943e-06   0.000000e+00   1.278026e-01   1.152272e-07 
          3472   3.773592e-07   1.308803e-03   3.123442e-03   1.161855e-06   0.000000e+00   1.277948e-01   1.151970e-07 
          3473   3.771832e-07   1.308804e-03   3.121909e-03   1.161731e-06   0.000000e+00   1.277871e-01   1.151669e-07 
          3474   3.773107e-07   1.308806e-03   3.120372e-03   1.161647e-06   0.000000e+00   1.277793e-01   1.151367e-07 
          3475   3.771505e-07   1.308807e-03   3.118842e-03   1.161531e-06   0.000000e+00   1.277715e-01   1.151065e-07 
          3476   3.772907e-07   1.308809e-03   3.117308e-03   1.161451e-06   0.000000e+00   1.277637e-01   1.150764e-07 
          3477   3.771441e-07   1.308811e-03   3.115780e-03   1.161350e-06   0.000000e+00   1.277559e-01   1.150463e-07 
          3478   3.772960e-07   1.308812e-03   3.114249e-03   1.161287e-06   0.000000e+00   1.277481e-01   1.150162e-07 
          3479   3.771591e-07   1.308814e-03   3.112725e-03   1.161182e-06   0.000000e+00   1.277403e-01   1.149861e-07 
          3480   3.773176e-07   1.308815e-03   3.111196e-03   1.161108e-06   0.000000e+00   1.277325e-01   1.149560e-07 
          3481   3.771856e-07   1.308817e-03   3.109675e-03   1.160993e-06   0.000000e+00   1.277247e-01   1.149259e-07 
          3482   3.773472e-07   1.308818e-03   3.108149e-03   1.160916e-06   0.000000e+00   1.277169e-01   1.148959e-07 
          3483   3.772184e-07   1.308820e-03   3.106630e-03   1.160809e-06   0.000000e+00   1.277091e-01   1.148659e-07 
          3484   3.773823e-07   1.308821e-03   3.105108e-03   1.160745e-06   0.000000e+00   1.277013e-01   1.148358e-07 
          3485   3.772563e-07   1.308823e-03   3.103592e-03   1.160652e-06   0.000000e+00   1.276935e-01   1.148058e-07 
          3486   3.774183e-07   1.308824e-03   3.102072e-03   1.160595e-06   0.000000e+00   1.276857e-01   1.147758e-07 
          3487   3.772954e-07   1.308825e-03   3.100559e-03   1.160503e-06   0.000000e+00   1.276779e-01   1.147458e-07 
          3488   3.774626e-07   1.308827e-03   3.099042e-03   1.160444e-06   0.000000e+00   1.276701e-01   1.147159e-07 
          3489   3.773534e-07   1.308828e-03   3.097532e-03   1.160352e-06   0.000000e+00   1.276622e-01   1.146859e-07 
          3490   3.757668e-07   1.308830e-03   3.096018e-03   1.160267e-06   0.000000e+00   1.276544e-01   1.146560e-07 
          3491   3.641750e-07   1.308831e-03   3.094510e-03   1.160010e-06   0.000000e+00   1.276466e-01   1.146260e-07 
          3492   3.577327e-07   1.308833e-03   3.092998e-03   1.159849e-06   0.000000e+00   1.276388e-01   1.145961e-07 
          3493   3.534752e-07   1.308834e-03   3.091492e-03   1.159677e-06   0.000000e+00   1.276309e-01   1.145662e-07 
          3494   3.510051e-07   1.308836e-03   3.089984e-03   1.159563e-06   0.000000e+00   1.276231e-01   1.145363e-07 
          3495   3.492161e-07   1.308837e-03   3.088482e-03   1.159434e-06   0.000000e+00   1.276153e-01   1.145065e-07 
          3496   3.483126e-07   1.308838e-03   3.086978e-03   1.159361e-06   0.000000e+00   1.276074e-01   1.144766e-07 
          3497   3.471792e-07   1.308840e-03   3.085481e-03   1.159285e-06   0.000000e+00   1.275996e-01   1.144468e-07 
          3498   3.465847e-07   1.308841e-03   3.083981e-03   1.159192e-06   0.000000e+00   1.275918e-01   1.144169e-07 
          3499   3.461037e-07   1.308843e-03   3.082487e-03   1.158984e-06   0.000000e+00   1.275839e-01   1.143871e-07 
          3500   3.461758e-07   1.308844e-03   3.080991e-03   1.158753e-06   0.000000e+00   1.275761e-01   1.143573e-07 
          3501   3.461426e-07   1.308845e-03   3.079501e-03   1.158485e-06   0.000000e+00   1.275682e-01   1.143275e-07 
          3502   3.464731e-07   1.308847e-03   3.078008e-03   1.158276e-06   0.000000e+00   1.275604e-01   1.142977e-07 
          3503   3.465446e-07   1.308848e-03   3.076522e-03   1.158085e-06   0.000000e+00   1.275525e-01   1.142680e-07 
          3504   3.468982e-07   1.308850e-03   3.075033e-03   1.157959e-06   0.000000e+00   1.275447e-01   1.142382e-07 
          3505   3.469483e-07   1.308851e-03   3.073550e-03   1.157839e-06   0.000000e+00   1.275368e-01   1.142085e-07 
          3506   3.472737e-07   1.308852e-03   3.072065e-03   1.157757e-06   0.000000e+00   1.275290e-01   1.141787e-07 
          3507   3.472916e-07   1.308854e-03   3.070585e-03   1.157658e-06   0.000000e+00   1.275211e-01   1.141490e-07 
          3508   3.475930e-07   1.308855e-03   3.069103e-03   1.157582e-06   0.000000e+00   1.275132e-01   1.141193e-07 
          3509   3.475845e-07   1.308856e-03   3.067627e-03   1.157481e-06   0.000000e+00   1.275054e-01   1.140897e-07 
          3510   3.478611e-07   1.308858e-03   3.066148e-03   1.157402e-06   0.000000e+00   1.274975e-01   1.140600e-07 
          3511   3.477680e-07   1.308859e-03   3.064676e-03   1.157299e-06   0.000000e+00   1.274896e-01   1.140303e-07 
          3512   3.480121e-07   1.308860e-03   3.063200e-03   1.157223e-06   0.000000e+00   1.274818e-01   1.140007e-07 
          3513   3.479704e-07   1.308862e-03   3.061731e-03   1.157124e-06   0.000000e+00   1.274739e-01   1.139711e-07 
          3514   3.455240e-07   1.308863e-03   3.060260e-03   1.157022e-06   0.000000e+00   1.274660e-01   1.139414e-07 
          3515   3.430545e-07   1.308864e-03   3.058794e-03   1.156890e-06   0.000000e+00   1.274581e-01   1.139118e-07 
          3516   3.433625e-07   1.308865e-03   3.057326e-03   1.156783e-06   0.000000e+00   1.274502e-01   1.138822e-07 
          3517   3.445464e-07   1.308867e-03   3.055864e-03   1.156665e-06   0.000000e+00   1.274424e-01   1.138527e-07 
          3518   3.463509e-07   1.308868e-03   3.054399e-03   1.156558e-06   0.000000e+00   1.274345e-01   1.138231e-07 
          3519   3.478087e-07   1.308869e-03   3.052940e-03   1.156458e-06   0.000000e+00   1.274266e-01   1.137936e-07 
          3520   3.493800e-07   1.308871e-03   3.051479e-03   1.156362e-06   0.000000e+00   1.274187e-01   1.137640e-07 
          3521   3.504783e-07   1.308872e-03   3.050023e-03   1.156279e-06   0.000000e+00   1.274108e-01   1.137345e-07 
          3522   3.517019e-07   1.308873e-03   3.048566e-03   1.156201e-06   0.000000e+00   1.274029e-01   1.137050e-07 
          3523   3.525953e-07   1.308874e-03   3.047114e-03   1.156128e-06   0.000000e+00   1.273950e-01   1.136755e-07 
          3524   3.537754e-07   1.308876e-03   3.045660e-03   1.156047e-06   0.000000e+00   1.273871e-01   1.136460e-07 
          3525   3.545128e-07   1.308877e-03   3.044212e-03   1.155944e-06   0.000000e+00   1.273792e-01   1.136166e-07 
          3526   3.553319e-07   1.308878e-03   3.042763e-03   1.155836e-06   0.000000e+00   1.273713e-01   1.135871e-07 
          3527   3.557110e-07   1.308879e-03   3.041319e-03   1.155726e-06   0.000000e+00   1.273634e-01   1.135577e-07 
          3528   3.561348e-07   1.308881e-03   3.039873e-03   1.155604e-06   0.000000e+00   1.273555e-01   1.135282e-07 
          3529   3.560858e-07   1.308882e-03   3.038434e-03   1.155490e-06   0.000000e+00   1.273476e-01   1.134988e-07 
          3530   3.562721e-07   1.308883e-03   3.036992e-03   1.155360e-06   0.000000e+00   1.273396e-01   1.134694e-07 
          3531   3.561522e-07   1.308884e-03   3.035556e-03   1.155235e-06   0.000000e+00   1.273317e-01   1.134400e-07 
          3532   3.562933e-07   1.308886e-03   3.034118e-03   1.155100e-06   0.000000e+00   1.273238e-01   1.134107e-07 
          3533   3.561162e-07   1.308887e-03   3.032687e-03   1.154974e-06   0.000000e+00   1.273159e-01   1.133813e-07 
          3534   3.562242e-07   1.308888e-03   3.031253e-03   1.154850e-06   0.000000e+00   1.273080e-01   1.133519e-07 
          3535   3.560615e-07   1.308889e-03   3.029825e-03   1.154752e-06   0.000000e+00   1.273000e-01   1.133226e-07 
          3536   3.561906e-07   1.308890e-03   3.028395e-03   1.154665e-06   0.000000e+00   1.272921e-01   1.132933e-07 
          3537   3.560479e-07   1.308892e-03   3.026972e-03   1.154594e-06   0.000000e+00   1.272842e-01   1.132640e-07 
          3538   3.561980e-07   1.308893e-03   3.025547e-03   1.154518e-06   0.000000e+00   1.272762e-01   1.132347e-07 
          3539   3.560728e-07   1.308894e-03   3.024127e-03   1.154447e-06   0.000000e+00   1.272683e-01   1.132054e-07 
          3540   3.562371e-07   1.308895e-03   3.022705e-03   1.154371e-06   0.000000e+00   1.272604e-01   1.131761e-07 
          3541   3.561237e-07   1.308896e-03   3.021289e-03   1.154302e-06   0.000000e+00   1.272524e-01   1.131469e-07 
          3542   3.562993e-07   1.308897e-03   3.019872e-03   1.154232e-06   0.000000e+00   1.272445e-01   1.131176e-07 
          3543   3.561967e-07   1.308898e-03   3.018460e-03   1.154173e-06   0.000000e+00   1.272366e-01   1.130884e-07 
          3544   3.563807e-07   1.308900e-03   3.017047e-03   1.154116e-06   0.000000e+00   1.272286e-01   1.130592e-07 
          3545   3.562835e-07   1.308901e-03   3.015640e-03   1.154070e-06   0.000000e+00   1.272207e-01   1.130300e-07 
          3546   3.564723e-07   1.308902e-03   3.014231e-03   1.154021e-06   0.000000e+00   1.272127e-01   1.130008e-07 
          3547   3.563820e-07   1.308903e-03   3.012828e-03   1.153982e-06   0.000000e+00   1.272048e-01   1.129716e-07 
          3548   3.565655e-07   1.308904e-03   3.011423e-03   1.153938e-06   0.000000e+00   1.271968e-01   1.129425e-07 
          3549   3.564797e-07   1.308905e-03   3.010025e-03   1.153903e-06   0.000000e+00   1.271889e-01   1.129133e-07 
          3550   3.566820e-07   1.308906e-03   3.008624e-03   1.153863e-06   0.000000e+00   1.271809e-01   1.128842e-07 
          3551   3.566083e-07   1.308907e-03   3.007230e-03   1.153839e-06   0.000000e+00   1.271730e-01   1.128550e-07 
          3552   3.568199e-07   1.308908e-03   3.005834e-03   1.153812e-06   0.000000e+00   1.271650e-01   1.128259e-07 
          3553   3.567548e-07   1.308910e-03   3.004445e-03   1.153800e-06   0.000000e+00   1.271571e-01   1.127968e-07 
          3554   3.569700e-07   1.308911e-03   3.003053e-03   1.153780e-06   0.000000e+00   1.271491e-01   1.127678e-07 
          3555   3.569066e-07   1.308912e-03   3.001668e-03   1.153774e-06   0.000000e+00   1.271411e-01   1.127387e-07 
          3556   3.571218e-07   1.308913e-03   3.000281e-03   1.153758e-06   0.000000e+00   1.271332e-01   1.127096e-07 
          3557   3.570564e-07   1.308914e-03   2.998900e-03   1.153755e-06   0.000000e+00   1.271252e-01   1.126806e-07 
          3558   3.572700e-07   1.308915e-03   2.997517e-03   1.153741e-06   0.000000e+00   1.271172e-01   1.126515e-07 
          3559   3.572027e-07   1.308916e-03   2.996141e-03   1.153739e-06   0.000000e+00   1.271093e-01   1.126225e-07 
          3560   3.574149e-07   1.308917e-03   2.994763e-03   1.153728e-06   0.000000e+00   1.271013e-01   1.125935e-07 
          3561   3.573440e-07   1.308918e-03   2.993391e-03   1.153728e-06   0.000000e+00   1.270933e-01   1.125645e-07 
          3562   3.575534e-07   1.308919e-03   2.992017e-03   1.153719e-06   0.000000e+00   1.270853e-01   1.125355e-07 
          3563   3.574922e-07   1.308920e-03   2.990650e-03   1.153720e-06   0.000000e+00   1.270773e-01   1.125065e-07 
          3564   3.578100e-07   1.308921e-03   2.989280e-03   1.153725e-06   0.000000e+00   1.270694e-01   1.124776e-07 
          3565   3.578108e-07   1.308922e-03   2.987918e-03   1.153836e-06   0.000000e+00   1.270614e-01   1.124486e-07 
          3566   3.580511e-07   1.308923e-03   2.986553e-03   1.153914e-06   0.000000e+00   1.270534e-01   1.124197e-07 
          3567   3.579918e-07   1.308924e-03   2.985197e-03   1.153931e-06   0.000000e+00   1.270454e-01   1.123908e-07 
          3568   3.582094e-07   1.308925e-03   2.983842e-03   1.153869e-06   0.000000e+00   1.270374e-01   1.123619e-07 
          3569   3.581399e-07   1.308926e-03   2.982493e-03   1.153778e-06   0.000000e+00   1.270294e-01   1.123330e-07 
          3570   3.583510e-07   1.308927e-03   2.981139e-03   1.153643e-06   0.000000e+00   1.270214e-01   1.123041e-07 
          3571   3.582786e-07   1.308928e-03   2.979790e-03   1.153522e-06   0.000000e+00   1.270134e-01   1.122752e-07 
          3572   3.584816e-07   1.308929e-03   2.978438e-03   1.153387e-06   0.000000e+00   1.270054e-01   1.122464e-07 
          3573   3.584000e-07   1.308930e-03   2.977092e-03   1.153290e-06   0.000000e+00   1.269974e-01   1.122175e-07 
          3574   3.585900e-07   1.308931e-03   2.975745e-03   1.153190e-06   0.000000e+00   1.269894e-01   1.121887e-07 
          3575   3.575966e-07   1.308932e-03   2.974405e-03   1.153282e-06   0.000000e+00   1.269814e-01   1.121599e-07 
          3576   3.610955e-07   1.308933e-03   2.973065e-03   1.153473e-06   0.000000e+00   1.269734e-01   1.121311e-07 
          3577   3.691969e-07   1.308934e-03   2.971733e-03   1.153617e-06   0.000000e+00   1.269654e-01   1.121023e-07 
          3578   3.786641e-07   1.308935e-03   2.970400e-03   1.153616e-06   0.000000e+00   1.269574e-01   1.120735e-07 
          3579   3.858142e-07   1.308936e-03   2.969073e-03   1.153522e-06   0.000000e+00   1.269494e-01   1.120447e-07 
          3580   3.899072e-07   1.308937e-03   2.967744e-03   1.153355e-06   0.000000e+00   1.269414e-01   1.120160e-07 
          3581   3.908257e-07   1.308938e-03   2.966422e-03   1.153194e-06   0.000000e+00   1.269334e-01   1.119872e-07 
          3582   3.900332e-07   1.308939e-03   2.965098e-03   1.153056e-06   0.000000e+00   1.269254e-01   1.119585e-07 
          3583   3.881280e-07   1.308940e-03   2.963781e-03   1.152979e-06   0.000000e+00   1.269174e-01   1.119298e-07 
          3584   3.862015e-07   1.308941e-03   2.962461e-03   1.152941e-06   0.000000e+00   1.269093e-01   1.119011e-07 
          3585   3.842732e-07   1.308942e-03   2.961149e-03   1.152964e-06   0.000000e+00   1.269013e-01   1.118724e-07 
          3586   3.828394e-07   1.308942e-03   2.959833e-03   1.152996e-06   0.000000e+00   1.268933e-01   1.118437e-07 
          3587   3.816307e-07   1.308943e-03   2.958525e-03   1.153060e-06   0.000000e+00   1.268853e-01   1.118150e-07 
          3588   3.809514e-07   1.308944e-03   2.957214e-03   1.153096e-06   0.000000e+00   1.268772e-01   1.117864e-07 
          3589   3.804157e-07   1.308945e-03   2.955910e-03   1.153123e-06   0.000000e+00   1.268692e-01   1.117577e-07 
          3590   3.802709e-07   1.308946e-03   2.954603e-03   1.153110e-06   0.000000e+00   1.268612e-01   1.117291e-07 
          3591   3.801187e-07   1.308947e-03   2.953303e-03   1.153075e-06   0.000000e+00   1.268532e-01   1.117005e-07 
          3592   3.802204e-07   1.308948e-03   2.952001e-03   1.153012e-06   0.000000e+00   1.268451e-01   1.116719e-07 
          3593   3.801922e-07   1.308949e-03   2.950707e-03   1.152938e-06   0.000000e+00   1.268371e-01   1.116433e-07 
          3594   3.803343e-07   1.308949e-03   2.949409e-03   1.152851e-06   0.000000e+00   1.268291e-01   1.116147e-07 
          3595   3.802985e-07   1.308950e-03   2.948120e-03   1.152766e-06   0.000000e+00   1.268210e-01   1.115861e-07 
          3596   3.804165e-07   1.308951e-03   2.946824e-03   1.152681e-06   0.000000e+00   1.268130e-01   1.115576e-07 
          3597   3.803585e-07   1.308952e-03   2.945542e-03   1.152613e-06   0.000000e+00   1.268049e-01   1.115290e-07 
          3598   3.804662e-07   1.308953e-03   2.944259e-03   1.152540e-06   0.000000e+00   1.267969e-01   1.115005e-07 
          3599   3.804114e-07   1.308954e-03   2.942979e-03   1.152483e-06   0.000000e+00   1.267889e-01   1.114720e-07 
          3600   3.805311e-07   1.308955e-03   2.941692e-03   1.152414e-06   0.000000e+00   1.267808e-01   1.114435e-07 
          3601   3.804929e-07   1.308955e-03   2.940408e-03   1.152362e-06   0.000000e+00   1.267728e-01   1.114150e-07 
          3602   3.806280e-07   1.308956e-03   2.939118e-03   1.152296e-06   0.000000e+00   1.267647e-01   1.113865e-07 
          3603   3.806011e-07   1.308957e-03   2.937681e-03   1.152268e-06   0.000000e+00   1.267567e-01   1.113581e-07 
          3604   3.807336e-07   1.308958e-03   2.936126e-03   1.152216e-06   0.000000e+00   1.267486e-01   1.113296e-07 
          3605   3.806987e-07   1.308959e-03   2.934586e-03   1.152170e-06   0.000000e+00   1.267406e-01   1.113012e-07 
          3606   3.808321e-07   1.308959e-03   2.933060e-03   1.152101e-06   0.000000e+00   1.267325e-01   1.112727e-07 
          3607   3.807962e-07   1.308960e-03   2.931550e-03   1.152043e-06   0.000000e+00   1.267245e-01   1.112443e-07 
          3608   3.809228e-07   1.308961e-03   2.930044e-03   1.151966e-06   0.000000e+00   1.267164e-01   1.112159e-07 
          3609   3.808814e-07   1.308962e-03   2.928547e-03   1.151900e-06   0.000000e+00   1.267084e-01   1.111875e-07 
          3610   3.810052e-07   1.308963e-03   2.927050e-03   1.151819e-06   0.000000e+00   1.267003e-01   1.111591e-07 
          3611   3.809638e-07   1.308963e-03   2.925561e-03   1.151751e-06   0.000000e+00   1.266923e-01   1.111308e-07 
          3612   3.810846e-07   1.308964e-03   2.923998e-03   1.151652e-06   0.000000e+00   1.266842e-01   1.111024e-07 
          3613   3.810378e-07   1.308965e-03   2.922516e-03   1.151588e-06   0.000000e+00   1.266762e-01   1.110741e-07 
          3614   3.811511e-07   1.308966e-03   2.920984e-03   1.151508e-06   0.000000e+00   1.266681e-01   1.110457e-07 
          3615   3.811017e-07   1.308966e-03   2.919450e-03   1.151446e-06   0.000000e+00   1.266600e-01   1.110174e-07 
          3616   3.812151e-07   1.308967e-03   2.917913e-03   1.151367e-06   0.000000e+00   1.266520e-01   1.109891e-07 
          3617   3.811689e-07   1.308968e-03   2.916382e-03   1.151307e-06   0.000000e+00   1.266439e-01   1.109608e-07 
          3618   3.812857e-07   1.308969e-03   2.914851e-03   1.151231e-06   0.000000e+00   1.266359e-01   1.109325e-07 
          3619   3.812429e-07   1.308969e-03   2.913327e-03   1.151175e-06   0.000000e+00   1.266278e-01   1.109043e-07 
          3620   3.813620e-07   1.308970e-03   2.911802e-03   1.151104e-06   0.000000e+00   1.266197e-01   1.108760e-07 
          3621   3.813222e-07   1.308971e-03   2.910285e-03   1.151058e-06   0.000000e+00   1.266117e-01   1.108478e-07 
          3622   3.814452e-07   1.308971e-03   2.908766e-03   1.150994e-06   0.000000e+00   1.266036e-01   1.108196e-07 
          3623   3.814098e-07   1.308972e-03   2.907256e-03   1.150948e-06   0.000000e+00   1.265955e-01   1.107913e-07 
          3624   3.815359e-07   1.308973e-03   2.905743e-03   1.150876e-06   0.000000e+00   1.265875e-01   1.107631e-07 
          3625   3.815025e-07   1.308973e-03   2.904237e-03   1.150822e-06   0.000000e+00   1.265794e-01   1.107349e-07 
          3626   3.816288e-07   1.308974e-03   2.902730e-03   1.150745e-06   0.000000e+00   1.265713e-01   1.107068e-07 
          3627   3.815948e-07   1.308975e-03   2.901230e-03   1.150690e-06   0.000000e+00   1.265633e-01   1.106786e-07 
          3628   3.817201e-07   1.308976e-03   2.899728e-03   1.150617e-06   0.000000e+00   1.265552e-01   1.106504e-07 
          3629   3.816856e-07   1.308976e-03   2.898234e-03   1.150567e-06   0.000000e+00   1.265471e-01   1.106223e-07 
          3630   3.818114e-07   1.308977e-03   2.896737e-03   1.150499e-06   0.000000e+00   1.265390e-01   1.105942e-07 
          3631   3.817775e-07   1.308978e-03   2.895247e-03   1.150451e-06   0.000000e+00   1.265310e-01   1.105660e-07 
          3632   3.819046e-07   1.308978e-03   2.893755e-03   1.150385e-06   0.000000e+00   1.265229e-01   1.105379e-07 
          3633   3.818714e-07   1.308979e-03   2.892271e-03   1.150337e-06   0.000000e+00   1.265148e-01   1.105098e-07 
          3634   3.820002e-07   1.308979e-03   2.890783e-03   1.150271e-06   0.000000e+00   1.265067e-01   1.104818e-07 
          3635   3.819676e-07   1.308980e-03   2.889303e-03   1.150221e-06   0.000000e+00   1.264987e-01   1.104537e-07 
          3636   3.820978e-07   1.308981e-03   2.887820e-03   1.150155e-06   0.000000e+00   1.264906e-01   1.104256e-07 
          3637   3.820660e-07   1.308981e-03   2.886343e-03   1.150105e-06   0.000000e+00   1.264825e-01   1.103976e-07 
          3638   3.821976e-07   1.308982e-03   2.884864e-03   1.150039e-06   0.000000e+00   1.264744e-01   1.103696e-07 
          3639   3.821673e-07   1.308983e-03   2.883392e-03   1.149989e-06   0.000000e+00   1.264664e-01   1.103415e-07 
          3640   3.822995e-07   1.308983e-03   2.881917e-03   1.149928e-06   0.000000e+00   1.264583e-01   1.103135e-07 
          3641   3.822709e-07   1.308984e-03   2.880449e-03   1.149890e-06   0.000000e+00   1.264502e-01   1.102855e-07 
          3642   3.824019e-07   1.308984e-03   2.878981e-03   1.149797e-06   0.000000e+00   1.264421e-01   1.102576e-07 
          3643   3.823736e-07   1.308985e-03   2.877517e-03   1.149707e-06   0.000000e+00   1.264340e-01   1.102296e-07 
          3644   3.825037e-07   1.308986e-03   2.876049e-03   1.149600e-06   0.000000e+00   1.264260e-01   1.102016e-07 
          3645   3.824798e-07   1.308986e-03   2.874586e-03   1.149545e-06   0.000000e+00   1.264179e-01   1.101737e-07 
          3646   3.811050e-07   1.308987e-03   2.873121e-03   1.149503e-06   0.000000e+00   1.264098e-01   1.101458e-07 
          3647   3.800067e-07   1.308987e-03   2.871661e-03   1.149485e-06   0.000000e+00   1.264017e-01   1.101178e-07 
          3648   3.799010e-07   1.308988e-03   2.870198e-03   1.149428e-06   0.000000e+00   1.263936e-01   1.100899e-07 
          3649   3.801036e-07   1.308989e-03   2.868741e-03   1.149375e-06   0.000000e+00   1.263855e-01   1.100620e-07 
          3650   3.806837e-07   1.308989e-03   2.867281e-03   1.149314e-06   0.000000e+00   1.263775e-01   1.100342e-07 
          3651   3.811903e-07   1.308990e-03   2.865829e-03   1.149257e-06   0.000000e+00   1.263694e-01   1.100063e-07 
          3652   3.818439e-07   1.308990e-03   2.864373e-03   1.149206e-06   0.000000e+00   1.263613e-01   1.099784e-07 
          3653   3.822926e-07   1.308991e-03   2.862923e-03   1.149157e-06   0.000000e+00   1.263532e-01   1.099506e-07 
          3654   3.828226e-07   1.308991e-03   2.861471e-03   1.149111e-06   0.000000e+00   1.263451e-01   1.099228e-07 
          3655   3.831282e-07   1.308992e-03   2.860025e-03   1.149063e-06   0.000000e+00   1.263370e-01   1.098949e-07 
          3656   3.835186e-07   1.308992e-03   2.858576e-03   1.149014e-06   0.000000e+00   1.263289e-01   1.098671e-07 
          3657   3.837066e-07   1.308993e-03   2.857133e-03   1.148962e-06   0.000000e+00   1.263208e-01   1.098393e-07 
          3658   3.840013e-07   1.308993e-03   2.855687e-03   1.148916e-06   0.000000e+00   1.263127e-01   1.098116e-07 
          3659   3.841150e-07   1.308994e-03   2.854248e-03   1.148867e-06   0.000000e+00   1.263047e-01   1.097838e-07 
          3660   3.843530e-07   1.308994e-03   2.852805e-03   1.148815e-06   0.000000e+00   1.262966e-01   1.097560e-07 
          3661   3.844242e-07   1.308995e-03   2.851369e-03   1.148755e-06   0.000000e+00   1.262885e-01   1.097283e-07 
          3662   3.846289e-07   1.308995e-03   2.849930e-03   1.148692e-06   0.000000e+00   1.262804e-01   1.097006e-07 
          3663   3.846760e-07   1.308996e-03   2.848496e-03   1.148626e-06   0.000000e+00   1.262723e-01   1.096728e-07 
          3664   3.848627e-07   1.308996e-03   2.847059e-03   1.148564e-06   0.000000e+00   1.262642e-01   1.096451e-07 
          3665   3.848978e-07   1.308997e-03   2.845629e-03   1.148503e-06   0.000000e+00   1.262561e-01   1.096174e-07 
          3666   3.850766e-07   1.308997e-03   2.844195e-03   1.148445e-06   0.000000e+00   1.262480e-01   1.095898e-07 
          3667   3.851045e-07   1.308998e-03   2.842767e-03   1.148389e-06   0.000000e+00   1.262399e-01   1.095621e-07 
          3668   3.848860e-07   1.308998e-03   2.841335e-03   1.148320e-06   0.000000e+00   1.262318e-01   1.095344e-07 
          3669   3.844451e-07   1.308999e-03   2.839910e-03   1.148216e-06   0.000000e+00   1.262237e-01   1.095068e-07 
          3670   3.843348e-07   1.308999e-03   2.838482e-03   1.148055e-06   0.000000e+00   1.262156e-01   1.094791e-07 
          3671   3.842935e-07   1.309000e-03   2.837059e-03   1.147874e-06   0.000000e+00   1.262075e-01   1.094515e-07 
          3672   3.845251e-07   1.309000e-03   2.835633e-03   1.147691e-06   0.000000e+00   1.261994e-01   1.094239e-07 
          3673   3.847562e-07   1.309001e-03   2.834212e-03   1.147553e-06   0.000000e+00   1.261913e-01   1.093963e-07 
          3674   3.851660e-07   1.309001e-03   2.832789e-03   1.147495e-06   0.000000e+00   1.261832e-01   1.093687e-07 
          3675   3.853792e-07   1.309001e-03   2.831372e-03   1.147512e-06   0.000000e+00   1.261751e-01   1.093412e-07 
          3676   3.856776e-07   1.309002e-03   2.829952e-03   1.147483e-06   0.000000e+00   1.261670e-01   1.093136e-07 
          3677   3.858021e-07   1.309002e-03   2.828538e-03   1.147401e-06   0.000000e+00   1.261589e-01   1.092861e-07 
          3678   3.860360e-07   1.309003e-03   2.827120e-03   1.147247e-06   0.000000e+00   1.261508e-01   1.092585e-07 
          3679   3.861105e-07   1.309003e-03   2.825708e-03   1.147081e-06   0.000000e+00   1.261427e-01   1.092310e-07 
          3680   3.863076e-07   1.309003e-03   2.824293e-03   1.146893e-06   0.000000e+00   1.261346e-01   1.092035e-07 
          3681   3.863574e-07   1.309004e-03   2.822883e-03   1.146735e-06   0.000000e+00   1.261265e-01   1.091760e-07 
          3682   3.865386e-07   1.309004e-03   2.821471e-03   1.146577e-06   0.000000e+00   1.261183e-01   1.091485e-07 
          3683   3.865787e-07   1.309005e-03   2.820064e-03   1.146459e-06   0.000000e+00   1.261102e-01   1.091210e-07 
          3684   3.867516e-07   1.309005e-03   2.818654e-03   1.146337e-06   0.000000e+00   1.261021e-01   1.090936e-07 
          3685   3.867851e-07   1.309005e-03   2.817249e-03   1.146266e-06   0.000000e+00   1.260940e-01   1.090661e-07 
          3686   3.869783e-07   1.309006e-03   2.815843e-03   1.146370e-06   0.000000e+00   1.260859e-01   1.090387e-07 
          3687   3.870615e-07   1.309006e-03   2.814442e-03   1.146498e-06   0.000000e+00   1.260778e-01   1.090113e-07 
          3688   3.872821e-07   1.309007e-03   2.813038e-03   1.146524e-06   0.000000e+00   1.260697e-01   1.089838e-07 
          3689   3.873378e-07   1.309007e-03   2.811639e-03   1.146461e-06   0.000000e+00   1.260616e-01   1.089564e-07 
          3690   3.874907e-07   1.309007e-03   2.810236e-03   1.146291e-06   0.000000e+00   1.260535e-01   1.089291e-07 
          3691   3.874691e-07   1.309008e-03   2.808839e-03   1.146105e-06   0.000000e+00   1.260454e-01   1.089017e-07 
          3692   3.875594e-07   1.309008e-03   2.807439e-03   1.145911e-06   0.000000e+00   1.260373e-01   1.088743e-07 
          3693   3.875048e-07   1.309008e-03   2.806045e-03   1.145790e-06   0.000000e+00   1.260292e-01   1.088470e-07 
          3694   3.875989e-07   1.309009e-03   2.804648e-03   1.145696e-06   0.000000e+00   1.260210e-01   1.088196e-07 
          3695   3.875757e-07   1.309009e-03   2.803257e-03   1.145669e-06   0.000000e+00   1.260129e-01   1.087923e-07 
          3696   3.877051e-07   1.309009e-03   2.801863e-03   1.145625e-06   0.000000e+00   1.260048e-01   1.087650e-07 
          3697   3.877140e-07   1.309010e-03   2.800474e-03   1.145599e-06   0.000000e+00   1.259967e-01   1.087377e-07 
          3698   3.878607e-07   1.309010e-03   2.799081e-03   1.145522e-06   0.000000e+00   1.259886e-01   1.087104e-07 
          3699   3.878811e-07   1.309010e-03   2.797693e-03   1.145456e-06   0.000000e+00   1.259805e-01   1.086831e-07 
          3700   3.880208e-07   1.309010e-03   2.796303e-03   1.145361e-06   0.000000e+00   1.259724e-01   1.086558e-07 
          3701   3.880275e-07   1.309011e-03   2.794733e-03   1.145308e-06   0.000000e+00   1.259643e-01   1.086286e-07 
          3702   3.881617e-07   1.309011e-03   2.793099e-03   1.145238e-06   0.000000e+00   1.259562e-01   1.086013e-07 
          3703   3.881684e-07   1.309011e-03   2.791480e-03   1.145207e-06   0.000000e+00   1.259481e-01   1.085741e-07 
          3704   3.846107e-07   1.309012e-03   2.789850e-03   1.145092e-06   0.000000e+00   1.259400e-01   1.085469e-07 
          3705   3.687341e-07   1.309012e-03   2.788194e-03   1.144934e-06   0.000000e+00   1.259319e-01   1.085197e-07 
          3706   3.601503e-07   1.309012e-03   2.786638e-03   1.142382e-06   0.000000e+00   1.259238e-01   1.084925e-07 
          3707   3.569812e-07   1.309012e-03   2.784911e-03   1.145308e-06   0.000000e+00   1.259157e-01   1.084653e-07 
          3708   3.545014e-07   1.309013e-03   2.783303e-03   1.143342e-06   0.000000e+00   1.259075e-01   1.084382e-07 
          3709   3.551682e-07   1.309013e-03   2.781526e-03   1.146206e-06   0.000000e+00   1.258994e-01   1.084110e-07 
          3710   3.549165e-07   1.309013e-03   2.779899e-03   1.144014e-06   0.000000e+00   1.258913e-01   1.083838e-07 
          3711   3.566539e-07   1.309013e-03   2.778113e-03   1.146489e-06   0.000000e+00   1.258832e-01   1.083567e-07 
          3712   3.569254e-07   1.309014e-03   2.776492e-03   1.143767e-06   0.000000e+00   1.258751e-01   1.083296e-07 
          3713   3.586123e-07   1.309014e-03   2.774706e-03   1.145987e-06   0.000000e+00   1.258670e-01   1.083025e-07 
          3714   3.588929e-07   1.309014e-03   2.773075e-03   1.143465e-06   0.000000e+00   1.258589e-01   1.082754e-07 
          3715   3.602968e-07   1.309014e-03   2.771281e-03   1.145918e-06   0.000000e+00   1.258508e-01   1.082483e-07 
          3716   3.602627e-07   1.309015e-03   2.769655e-03   1.143309e-06   0.000000e+00   1.258427e-01   1.082212e-07 
          3717   3.613055e-07   1.309015e-03   2.767871e-03   1.145735e-06   0.000000e+00   1.258346e-01   1.081942e-07 
          3718   3.611887e-07   1.309015e-03   2.766248e-03   1.143352e-06   0.000000e+00   1.258265e-01   1.081671e-07 
          3719   3.620803e-07   1.309015e-03   2.764466e-03   1.145859e-06   0.000000e+00   1.258184e-01   1.081401e-07 
          3720   3.617650e-07   1.309015e-03   2.762853e-03   1.143150e-06   0.000000e+00   1.258103e-01   1.081131e-07 
          3721   3.624716e-07   1.309016e-03   2.761075e-03   1.145422e-06   0.000000e+00   1.258022e-01   1.080860e-07 
          3722   3.621675e-07   1.309016e-03   2.759439e-03   1.142886e-06   0.000000e+00   1.257941e-01   1.080590e-07 
          3723   3.628276e-07   1.309016e-03   2.757665e-03   1.145317e-06   0.000000e+00   1.257860e-01   1.080320e-07 
          3724   3.623834e-07   1.309016e-03   2.756057e-03   1.142631e-06   0.000000e+00   1.257779e-01   1.080051e-07 
          3725   3.629074e-07   1.309016e-03   2.754294e-03   1.145003e-06   0.000000e+00   1.257698e-01   1.079781e-07 
          3726   3.624516e-07   1.309017e-03   2.752688e-03   1.142577e-06   0.000000e+00   1.257617e-01   1.079511e-07 
          3727   3.629810e-07   1.309017e-03   2.750926e-03   1.145081e-06   0.000000e+00   1.257536e-01   1.079242e-07 
          3728   3.624802e-07   1.309017e-03   2.749326e-03   1.142388e-06   0.000000e+00   1.257456e-01   1.078973e-07 
          3729   3.629710e-07   1.309017e-03   2.747574e-03   1.144722e-06   0.000000e+00   1.257375e-01   1.078703e-07 
          3730   3.625630e-07   1.309017e-03   2.745975e-03   1.142239e-06   0.000000e+00   1.257294e-01   1.078434e-07 
          3731   3.630965e-07   1.309017e-03   2.744226e-03   1.144740e-06   0.000000e+00   1.257213e-01   1.078165e-07 
          3732   3.625942e-07   1.309017e-03   2.742634e-03   1.142059e-06   0.000000e+00   1.257132e-01   1.077896e-07 
          3733   3.630630e-07   1.309018e-03   2.740896e-03   1.144431e-06   0.000000e+00   1.257051e-01   1.077628e-07 
          3734   3.626291e-07   1.309018e-03   2.739307e-03   1.141990e-06   0.000000e+00   1.256970e-01   1.077359e-07 
          3735   3.631315e-07   1.309018e-03   2.737571e-03   1.144517e-06   0.000000e+00   1.256889e-01   1.077090e-07 
          3736   3.626096e-07   1.309018e-03   2.735990e-03   1.141842e-06   0.000000e+00   1.256808e-01   1.076822e-07 
          3737   3.630648e-07   1.309018e-03   2.734265e-03   1.144194e-06   0.000000e+00   1.256728e-01   1.076554e-07 
          3738   3.626321e-07   1.309018e-03   2.732688e-03   1.141725e-06   0.000000e+00   1.256647e-01   1.076286e-07 
          3739   3.631262e-07   1.309018e-03   2.730963e-03   1.144218e-06   0.000000e+00   1.256566e-01   1.076017e-07 
          3740   3.625956e-07   1.309018e-03   2.729394e-03   1.141534e-06   0.000000e+00   1.256485e-01   1.075750e-07 
          3741   3.630332e-07   1.309019e-03   2.727681e-03   1.143887e-06   0.000000e+00   1.256404e-01   1.075482e-07 
          3742   3.625960e-07   1.309019e-03   2.726115e-03   1.141444e-06   0.000000e+00   1.256323e-01   1.075214e-07 
          3743   3.630876e-07   1.309019e-03   2.724403e-03   1.143949e-06   0.000000e+00   1.256243e-01   1.074946e-07 
          3744   3.625528e-07   1.309019e-03   2.722845e-03   1.141294e-06   0.000000e+00   1.256162e-01   1.074679e-07 
          3745   3.630099e-07   1.309019e-03   2.721144e-03   1.143659e-06   0.000000e+00   1.256081e-01   1.074411e-07 
          3746   3.625795e-07   1.309019e-03   2.719589e-03   1.141256e-06   0.000000e+00   1.256000e-01   1.074144e-07 
          3747   3.631121e-07   1.309019e-03   2.717889e-03   1.143771e-06   0.000000e+00   1.255919e-01   1.073877e-07 
          3748   3.625951e-07   1.309019e-03   2.716343e-03   1.141149e-06   0.000000e+00   1.255839e-01   1.073610e-07 
          3749   3.630760e-07   1.309019e-03   2.714653e-03   1.143492e-06   0.000000e+00   1.255758e-01   1.073343e-07 
          3750   3.626510e-07   1.309019e-03   2.713110e-03   1.141101e-06   0.000000e+00   1.255677e-01   1.073076e-07 
          3751   3.631769e-07   1.309019e-03   2.711421e-03   1.143599e-06   0.000000e+00   1.255596e-01   1.072810e-07 
          3752   3.626684e-07   1.309019e-03   2.709886e-03   1.140999e-06   0.000000e+00   1.255515e-01   1.072543e-07 
          3753   3.631405e-07   1.309019e-03   2.708208e-03   1.143351e-06   0.000000e+00   1.255435e-01   1.072277e-07 
          3754   3.627233e-07   1.309019e-03   2.706676e-03   1.140988e-06   0.000000e+00   1.255354e-01   1.072010e-07 
          3755   3.632432e-07   1.309019e-03   2.704998e-03   1.143496e-06   0.000000e+00   1.255273e-01   1.071744e-07 
          3756   3.627402e-07   1.309019e-03   2.703474e-03   1.140905e-06   0.000000e+00   1.255192e-01   1.071478e-07 
          3757   3.632075e-07   1.309019e-03   2.701806e-03   1.143254e-06   0.000000e+00   1.255111e-01   1.071212e-07 
          3758   3.627986e-07   1.309019e-03   2.700285e-03   1.140893e-06   0.000000e+00   1.255031e-01   1.070946e-07 
          3759   3.633200e-07   1.309019e-03   2.698618e-03   1.143392e-06   0.000000e+00   1.254950e-01   1.070680e-07 
          3760   3.628296e-07   1.309019e-03   2.697105e-03   1.140799e-06   0.000000e+00   1.254869e-01   1.070414e-07 
          3761   3.633007e-07   1.309019e-03   2.695449e-03   1.143144e-06   0.000000e+00   1.254788e-01   1.070149e-07 
          3762   3.629013e-07   1.309019e-03   2.693939e-03   1.140794e-06   0.000000e+00   1.254707e-01   1.069883e-07 
          3763   3.632096e-07   1.309019e-03   2.692282e-03   1.143343e-06   0.000000e+00   1.254627e-01   1.069618e-07 
          3764   3.619238e-07   1.309019e-03   2.690780e-03   1.141018e-06   0.000000e+00   1.254546e-01   1.069353e-07 
          3765   3.624256e-07   1.309019e-03   2.689135e-03   1.143455e-06   0.000000e+00   1.254465e-01   1.069088e-07 
          3766   3.624377e-07   1.309019e-03   2.687638e-03   1.141090e-06   0.000000e+00   1.254384e-01   1.068823e-07 
          3767   3.634523e-07   1.309019e-03   2.685994e-03   1.143461e-06   0.000000e+00   1.254303e-01   1.068558e-07 
          3768   3.634280e-07   1.309019e-03   2.684507e-03   1.140820e-06   0.000000e+00   1.254223e-01   1.068293e-07 
          3769   3.643913e-07   1.309019e-03   2.682876e-03   1.143053e-06   0.000000e+00   1.254142e-01   1.068028e-07 
          3770   3.643750e-07   1.309019e-03   2.681390e-03   1.140712e-06   0.000000e+00   1.254061e-01   1.067764e-07 
          3771   3.653649e-07   1.309019e-03   2.679757e-03   1.143190e-06   0.000000e+00   1.253980e-01   1.067499e-07 
          3772   3.651965e-07   1.309019e-03   2.678277e-03   1.140672e-06   0.000000e+00   1.253899e-01   1.067235e-07 
          3773   3.664558e-07   1.309019e-03   2.676653e-03   1.143000e-06   0.000000e+00   1.253819e-01   1.066971e-07 
          3774   3.668616e-07   1.309018e-03   2.675175e-03   1.140682e-06   0.000000e+00   1.253738e-01   1.066707e-07 
          3775   3.691739e-07   1.309018e-03   2.673550e-03   1.143143e-06   0.000000e+00   1.253657e-01   1.066443e-07 
          3776   3.700535e-07   1.309018e-03   2.672080e-03   1.140543e-06   0.000000e+00   1.253576e-01   1.066179e-07 
          3777   3.722413e-07   1.309018e-03   2.670464e-03   1.142850e-06   0.000000e+00   1.253495e-01   1.065915e-07 
          3778   3.727148e-07   1.309018e-03   2.668997e-03   1.140459e-06   0.000000e+00   1.253414e-01   1.065651e-07 
          3779   3.742554e-07   1.309018e-03   2.667382e-03   1.142949e-06   0.000000e+00   1.253334e-01   1.065388e-07 
          3780   3.740391e-07   1.309018e-03   2.665922e-03   1.140369e-06   0.000000e+00   1.253253e-01   1.065124e-07 
          3781   3.750254e-07   1.309018e-03   2.664317e-03   1.142726e-06   0.000000e+00   1.253172e-01   1.064861e-07 
          3782   3.746076e-07   1.309018e-03   2.662860e-03   1.140338e-06   0.000000e+00   1.253091e-01   1.064598e-07 
          3783   3.754349e-07   1.309018e-03   2.661254e-03   1.142825e-06   0.000000e+00   1.253010e-01   1.064335e-07 
          3784   3.747543e-07   1.309017e-03   2.659805e-03   1.140220e-06   0.000000e+00   1.252930e-01   1.064072e-07 
          3785   3.754115e-07   1.309017e-03   2.658210e-03   1.142547e-06   0.000000e+00   1.252849e-01   1.063809e-07 
          3786   3.747700e-07   1.309017e-03   2.656763e-03   1.140150e-06   0.000000e+00   1.252768e-01   1.063546e-07 
          3787   3.754421e-07   1.309017e-03   2.655169e-03   1.142638e-06   0.000000e+00   1.252687e-01   1.063284e-07 
          3788   3.746509e-07   1.309017e-03   2.653730e-03   1.140054e-06   0.000000e+00   1.252606e-01   1.063021e-07 
          3789   3.752360e-07   1.309017e-03   2.652146e-03   1.142396e-06   0.000000e+00   1.252525e-01   1.062759e-07 
          3790   3.744382e-07   1.309017e-03   2.650709e-03   1.140011e-06   0.000000e+00   1.252445e-01   1.062496e-07 
          3791   3.744834e-07   1.309016e-03   2.649124e-03   1.142445e-06   0.000000e+00   1.252364e-01   1.062234e-07 
          3792   3.730973e-07   1.309016e-03   2.647696e-03   1.139775e-06   0.000000e+00   1.252283e-01   1.061972e-07 
          3793   3.735768e-07   1.309016e-03   2.646121e-03   1.142002e-06   0.000000e+00   1.252202e-01   1.061710e-07 
          3794   3.729216e-07   1.309016e-03   2.644696e-03   1.139455e-06   0.000000e+00   1.252121e-01   1.061448e-07 
          3795   3.740028e-07   1.309016e-03   2.643121e-03   1.141845e-06   0.000000e+00   1.252040e-01   1.061186e-07 
          3796   3.734343e-07   1.309016e-03   2.641705e-03   1.139147e-06   0.000000e+00   1.251960e-01   1.060925e-07 
          3797   3.745011e-07   1.309015e-03   2.640140e-03   1.141477e-06   0.000000e+00   1.251879e-01   1.060663e-07 
          3798   3.739703e-07   1.309015e-03   2.638727e-03   1.138996e-06   0.000000e+00   1.251798e-01   1.060402e-07 
          3799   3.749597e-07   1.309015e-03   2.637162e-03   1.141511e-06   0.000000e+00   1.251717e-01   1.060140e-07 
          3800   3.741858e-07   1.309015e-03   2.635757e-03   1.138902e-06   0.000000e+00   1.251636e-01   1.059879e-07 
          3801   3.749913e-07   1.309015e-03   2.634202e-03   1.141303e-06   0.000000e+00   1.251556e-01   1.059618e-07 
          3802   3.742649e-07   1.309014e-03   2.632800e-03   1.138831e-06   0.000000e+00   1.251475e-01   1.059357e-07 
          3803   3.750594e-07   1.309014e-03   2.631246e-03   1.141356e-06   0.000000e+00   1.251394e-01   1.059096e-07 
          3804   3.741945e-07   1.309014e-03   2.629852e-03   1.138731e-06   0.000000e+00   1.251313e-01   1.058835e-07 
          3805   3.749144e-07   1.309014e-03   2.628307e-03   1.141132e-06   0.000000e+00   1.251232e-01   1.058575e-07 
          3806   3.741564e-07   1.309014e-03   2.626916e-03   1.138661e-06   0.000000e+00   1.251152e-01   1.058314e-07 
          3807   3.749281e-07   1.309013e-03   2.625374e-03   1.141200e-06   0.000000e+00   1.251071e-01   1.058054e-07 
          3808   3.740697e-07   1.309013e-03   2.623996e-03   1.138580e-06   0.000000e+00   1.250990e-01   1.057793e-07 
          3809   3.748056e-07   1.309013e-03   2.622470e-03   1.141004e-06   0.000000e+00   1.250909e-01   1.057533e-07 
          3810   3.740613e-07   1.309013e-03   2.621101e-03   1.138529e-06   0.000000e+00   1.250829e-01   1.057273e-07 
          3811   3.748598e-07   1.309012e-03   2.619579e-03   1.141083e-06   0.000000e+00   1.250748e-01   1.057013e-07 
          3812   3.740081e-07   1.309012e-03   2.618220e-03   1.138464e-06   0.000000e+00   1.250667e-01   1.056753e-07 
          3813   3.747676e-07   1.309012e-03   2.616709e-03   1.140894e-06   0.000000e+00   1.250586e-01   1.056493e-07 
          3814   3.740217e-07   1.309012e-03   2.615353e-03   1.138427e-06   0.000000e+00   1.250506e-01   1.056234e-07 
          3815   3.748330e-07   1.309011e-03   2.613844e-03   1.140995e-06   0.000000e+00   1.250425e-01   1.055974e-07 
          3816   3.739661e-07   1.309011e-03   2.612498e-03   1.138396e-06   0.000000e+00   1.250344e-01   1.055715e-07 
          3817   3.747214e-07   1.309011e-03   2.610999e-03   1.140842e-06   0.000000e+00   1.250263e-01   1.055455e-07 
          3818   3.739524e-07   1.309011e-03   2.609655e-03   1.138385e-06   0.000000e+00   1.250183e-01   1.055196e-07 
          3819   3.747477e-07   1.309010e-03   2.608157e-03   1.140950e-06   0.000000e+00   1.250102e-01   1.054937e-07 
          3820   3.738553e-07   1.309010e-03   2.606821e-03   1.138340e-06   0.000000e+00   1.250021e-01   1.054678e-07 
          3821   3.745915e-07   1.309010e-03   2.605332e-03   1.140768e-06   0.000000e+00   1.249941e-01   1.054419e-07 
          3822   3.738057e-07   1.309009e-03   2.603998e-03   1.138299e-06   0.000000e+00   1.249860e-01   1.054160e-07 
          3823   3.745879e-07   1.309009e-03   2.602508e-03   1.140852e-06   0.000000e+00   1.249779e-01   1.053901e-07 
          3824   3.736881e-07   1.309009e-03   2.601180e-03   1.138236e-06   0.000000e+00   1.249699e-01   1.053643e-07 
          3825   3.744197e-07   1.309008e-03   2.599698e-03   1.140662e-06   0.000000e+00   1.249618e-01   1.053384e-07 
          3826   3.736356e-07   1.309008e-03   2.598372e-03   1.138194e-06   0.000000e+00   1.249538e-01   1.053126e-07 
          3827   3.744194e-07   1.309008e-03   2.596891e-03   1.140748e-06   0.000000e+00   1.249457e-01   1.052868e-07 
          3828   3.735224e-07   1.309008e-03   2.595572e-03   1.138122e-06   0.000000e+00   1.249376e-01   1.052610e-07 
          3829   3.742565e-07   1.309007e-03   2.594099e-03   1.140536e-06   0.000000e+00   1.249296e-01   1.052352e-07 
          3830   3.734764e-07   1.309007e-03   2.592782e-03   1.138056e-06   0.000000e+00   1.249215e-01   1.052094e-07 
          3831   3.742604e-07   1.309007e-03   2.591310e-03   1.140600e-06   0.000000e+00   1.249135e-01   1.051836e-07 
          3832   3.733663e-07   1.309006e-03   2.590000e-03   1.137977e-06   0.000000e+00   1.249054e-01   1.051578e-07 
          3833   3.740947e-07   1.309006e-03   2.588538e-03   1.140399e-06   0.000000e+00   1.248974e-01   1.051321e-07 
          3834   3.733203e-07   1.309006e-03   2.587230e-03   1.137932e-06   0.000000e+00   1.248893e-01   1.051063e-07 
          3835   3.740855e-07   1.309005e-03   2.585768e-03   1.140484e-06   0.000000e+00   1.248813e-01   1.050806e-07 
          3836   3.732006e-07   1.309005e-03   2.584468e-03   1.137857e-06   0.000000e+00   1.248732e-01   1.050548e-07 
          3837   3.739084e-07   1.309004e-03   2.583015e-03   1.140272e-06   0.000000e+00   1.248652e-01   1.050291e-07 
          3838   3.731499e-07   1.309004e-03   2.581717e-03   1.137793e-06   0.000000e+00   1.248571e-01   1.050034e-07 
          3839   3.739011e-07   1.309004e-03   2.580266e-03   1.140340e-06   0.000000e+00   1.248491e-01   1.049777e-07 
          3840   3.730366e-07   1.309003e-03   2.578975e-03   1.137698e-06   0.000000e+00   1.248410e-01   1.049520e-07 
          3841   3.737365e-07   1.309003e-03   2.577532e-03   1.140121e-06   0.000000e+00   1.248330e-01   1.049263e-07 
          3842   3.729938e-07   1.309003e-03   2.576244e-03   1.137640e-06   0.000000e+00   1.248250e-01   1.049007e-07 
          3843   3.737412e-07   1.309002e-03   2.574801e-03   1.140196e-06   0.000000e+00   1.248169e-01   1.048750e-07 
          3844   3.728877e-07   1.309002e-03   2.573521e-03   1.137549e-06   0.000000e+00   1.248089e-01   1.048494e-07 
          3845   3.735844e-07   1.309001e-03   2.572088e-03   1.139976e-06   0.000000e+00   1.248009e-01   1.048238e-07 
          3846   3.728557e-07   1.309001e-03   2.570809e-03   1.137490e-06   0.000000e+00   1.247928e-01   1.047981e-07 
          3847   3.735984e-07   1.309001e-03   2.569377e-03   1.140046e-06   0.000000e+00   1.247848e-01   1.047725e-07 
          3848   3.727563e-07   1.309000e-03   2.568105e-03   1.137381e-06   0.000000e+00   1.247768e-01   1.047469e-07 
          3849   3.734457e-07   1.309000e-03   2.566682e-03   1.139804e-06   0.000000e+00   1.247688e-01   1.047213e-07 
          3850   3.727158e-07   1.308999e-03   2.565412e-03   1.137309e-06   0.000000e+00   1.247607e-01   1.046958e-07 
          3851   3.734461e-07   1.308999e-03   2.563989e-03   1.139871e-06   0.000000e+00   1.247527e-01   1.046702e-07 
          3852   3.726034e-07   1.308999e-03   2.562728e-03   1.137208e-06   0.000000e+00   1.247447e-01   1.046446e-07 
          3853   3.732836e-07   1.308998e-03   2.561314e-03   1.139647e-06   0.000000e+00   1.247367e-01   1.046191e-07 
          3854   3.725598e-07   1.308998e-03   2.560054e-03   1.137152e-06   0.000000e+00   1.247287e-01   1.045935e-07 
          3855   3.732876e-07   1.308997e-03   2.558641e-03   1.139720e-06   0.000000e+00   1.247206e-01   1.045680e-07 
          3856   3.724565e-07   1.308997e-03   2.557389e-03   1.137039e-06   0.000000e+00   1.247126e-01   1.045425e-07 
          3857   3.731394e-07   1.308996e-03   2.555984e-03   1.139474e-06   0.000000e+00   1.247046e-01   1.045170e-07 
          3858   3.724288e-07   1.308996e-03   2.554734e-03   1.136967e-06   0.000000e+00   1.246966e-01   1.044915e-07 
          3859   3.731576e-07   1.308995e-03   2.553331e-03   1.139539e-06   0.000000e+00   1.246886e-01   1.044660e-07 
          3860   3.723342e-07   1.308995e-03   2.552088e-03   1.136854e-06   0.000000e+00   1.246806e-01   1.044406e-07 
          3861   3.730164e-07   1.308995e-03   2.550693e-03   1.139300e-06   0.000000e+00   1.246726e-01   1.044151e-07 
          3862   3.723125e-07   1.308994e-03   2.549453e-03   1.136793e-06   0.000000e+00   1.246646e-01   1.043896e-07 
          3863   3.730392e-07   1.308994e-03   2.548059e-03   1.139370e-06   0.000000e+00   1.246566e-01   1.043642e-07 
          3864   3.722203e-07   1.308993e-03   2.546826e-03   1.136674e-06   0.000000e+00   1.246486e-01   1.043388e-07 
          3865   3.728921e-07   1.308993e-03   2.545441e-03   1.139113e-06   0.000000e+00   1.246406e-01   1.043134e-07 
          3866   3.721966e-07   1.308992e-03   2.544210e-03   1.136595e-06   0.000000e+00   1.246327e-01   1.042880e-07 
          3867   3.729090e-07   1.308992e-03   2.542826e-03   1.139162e-06   0.000000e+00   1.246247e-01   1.042626e-07 
          3868   3.721094e-07   1.308991e-03   2.541602e-03   1.136462e-06   0.000000e+00   1.246167e-01   1.042372e-07 
          3869   3.727724e-07   1.308991e-03   2.540228e-03   1.138888e-06   0.000000e+00   1.246087e-01   1.042118e-07 
          3870   3.720965e-07   1.308990e-03   2.539006e-03   1.136369e-06   0.000000e+00   1.246007e-01   1.041864e-07 
          3871   3.727997e-07   1.308990e-03   2.537632e-03   1.138931e-06   0.000000e+00   1.245928e-01   1.041611e-07 
          3872   3.720158e-07   1.308989e-03   2.536418e-03   1.136233e-06   0.000000e+00   1.245848e-01   1.041357e-07 
          3873   3.726672e-07   1.308989e-03   2.535053e-03   1.138668e-06   0.000000e+00   1.245768e-01   1.041104e-07 
          3874   3.720042e-07   1.308988e-03   2.533841e-03   1.136161e-06   0.000000e+00   1.245688e-01   1.040851e-07 
          3875   3.722649e-07   1.308988e-03   2.532477e-03   1.138687e-06   0.000000e+00   1.245609e-01   1.040598e-07 
          3876   3.706857e-07   1.308987e-03   2.531274e-03   1.135902e-06   0.000000e+00   1.245529e-01   1.040345e-07 
          3877   3.706905e-07   1.308987e-03   2.529919e-03   1.138214e-06   0.000000e+00   1.245449e-01   1.040092e-07 
          3878   3.699136e-07   1.308986e-03   2.528718e-03   1.135578e-06   0.000000e+00   1.245370e-01   1.039839e-07 
          3879   3.706806e-07   1.308986e-03   2.527365e-03   1.137974e-06   0.000000e+00   1.245290e-01   1.039586e-07 
          3880   3.704349e-07   1.308985e-03   2.526171e-03   1.135199e-06   0.000000e+00   1.245211e-01   1.039334e-07 
          3881   3.713273e-07   1.308985e-03   2.524828e-03   1.137505e-06   0.000000e+00   1.245131e-01   1.039081e-07 
          3882   3.712540e-07   1.308984e-03   2.523637e-03   1.135001e-06   0.000000e+00   1.245052e-01   1.038829e-07 
          3883   3.720375e-07   1.308984e-03   2.522295e-03   1.137494e-06   0.000000e+00   1.244972e-01   1.038576e-07 
          3884   3.717319e-07   1.308983e-03   2.521109e-03   1.134843e-06   0.000000e+00   1.244893e-01   1.038324e-07 
          3885   3.723573e-07   1.308982e-03   2.519776e-03   1.137025e-06   0.000000e+00   1.244813e-01   1.038072e-07 
          3886   3.719886e-07   1.308982e-03   2.518593e-03   1.134815e-06   0.000000e+00   1.244734e-01   1.037820e-07 
          3887   3.725740e-07   1.308981e-03   2.517262e-03   1.137081e-06   0.000000e+00   1.244655e-01   1.037568e-07 
          3888   3.720652e-07   1.308981e-03   2.516087e-03   1.134698e-06   0.000000e+00   1.244575e-01   1.037317e-07 
          3889   3.725707e-07   1.308980e-03   2.514764e-03   1.136833e-06   0.000000e+00   1.244496e-01   1.037065e-07 
          3890   3.721298e-07   1.308980e-03   2.513590e-03   1.134597e-06   0.000000e+00   1.244417e-01   1.036813e-07 
          3891   3.726520e-07   1.308979e-03   2.512268e-03   1.136855e-06   0.000000e+00   1.244337e-01   1.036562e-07 
          3892   3.720991e-07   1.308978e-03   2.511102e-03   1.134455e-06   0.000000e+00   1.244258e-01   1.036311e-07 
          3893   3.725872e-07   1.308978e-03   2.509788e-03   1.136581e-06   0.000000e+00   1.244179e-01   1.036059e-07 
          3894   3.721268e-07   1.308977e-03   2.508624e-03   1.134337e-06   0.000000e+00   1.244100e-01   1.035808e-07 
          3895   3.726704e-07   1.308977e-03   2.507311e-03   1.136602e-06   0.000000e+00   1.244021e-01   1.035557e-07 
          3896   3.721091e-07   1.308976e-03   2.506154e-03   1.134212e-06   0.000000e+00   1.243942e-01   1.035306e-07 
          3897   3.726084e-07   1.308975e-03   2.504850e-03   1.136364e-06   0.000000e+00   1.243862e-01   1.035055e-07 
          3898   3.721410e-07   1.308975e-03   2.503696e-03   1.134138e-06   0.000000e+00   1.243783e-01   1.034805e-07 
          3899   3.726838e-07   1.308974e-03   2.502393e-03   1.136420e-06   0.000000e+00   1.243704e-01   1.034554e-07 
          3900   3.721102e-07   1.308974e-03   2.501245e-03   1.134027e-06   0.000000e+00   1.243625e-01   1.034303e-07 
          3901   3.725973e-07   1.308973e-03   2.499950e-03   1.136174e-06   0.000000e+00   1.243546e-01   1.034053e-07 
          3902   3.721191e-07   1.308972e-03   2.498805e-03   1.133941e-06   0.000000e+00   1.243467e-01   1.033803e-07 
          3903   3.726443e-07   1.308972e-03   2.497511e-03   1.136221e-06   0.000000e+00   1.243388e-01   1.033552e-07 
          3904   3.720635e-07   1.308971e-03   2.496373e-03   1.133822e-06   0.000000e+00   1.243309e-01   1.033302e-07 
          3905   3.725333e-07   1.308971e-03   2.495089e-03   1.135968e-06   0.000000e+00   1.243231e-01   1.033052e-07 
          3906   3.720553e-07   1.308970e-03   2.493953e-03   1.133740e-06   0.000000e+00   1.243152e-01   1.032802e-07 
          3907   3.725656e-07   1.308969e-03   2.492668e-03   1.136021e-06   0.000000e+00   1.243073e-01   1.032553e-07 
          3908   3.719902e-07   1.308969e-03   2.491540e-03   1.133619e-06   0.000000e+00   1.242994e-01   1.032303e-07 
          3909   3.724514e-07   1.308968e-03   2.490264e-03   1.135762e-06   0.000000e+00   1.242915e-01   1.032053e-07 
          3910   3.719833e-07   1.308967e-03   2.489138e-03   1.133533e-06   0.000000e+00   1.242836e-01   1.031804e-07 
          3911   3.724882e-07   1.308967e-03   2.487863e-03   1.135815e-06   0.000000e+00   1.242758e-01   1.031554e-07 
          3912   3.719256e-07   1.308966e-03   2.486744e-03   1.133412e-06   0.000000e+00   1.242679e-01   1.031305e-07 
          3913   3.723846e-07   1.308965e-03   2.485478e-03   1.135552e-06   0.000000e+00   1.242600e-01   1.031056e-07 
          3914   3.719317e-07   1.308965e-03   2.484361e-03   1.133326e-06   0.000000e+00   1.242522e-01   1.030807e-07 
          3915   3.724410e-07   1.308964e-03   2.483096e-03   1.135614e-06   0.000000e+00   1.242443e-01   1.030558e-07 
          3916   3.719038e-07   1.308963e-03   2.481986e-03   1.133213e-06   0.000000e+00   1.242364e-01   1.030309e-07 
          3917   3.723791e-07   1.308963e-03   2.480730e-03   1.135358e-06   0.000000e+00   1.242286e-01   1.030060e-07 
          3918   3.714864e-07   1.308962e-03   2.479622e-03   1.133085e-06   0.000000e+00   1.242207e-01   1.029811e-07 
          3919   3.711315e-07   1.308961e-03   2.478367e-03   1.135260e-06   0.000000e+00   1.242129e-01   1.029563e-07 
          3920   3.700315e-07   1.308961e-03   2.477266e-03   1.132720e-06   0.000000e+00   1.242050e-01   1.029314e-07 
          3921   3.704100e-07   1.308960e-03   2.476018e-03   1.134703e-06   0.000000e+00   1.241971e-01   1.029066e-07 
          3922   3.704428e-07   1.308959e-03   2.474920e-03   1.132330e-06   0.000000e+00   1.241893e-01   1.028817e-07 
          3923   3.714110e-07   1.308958e-03   2.473673e-03   1.134505e-06   0.000000e+00   1.241814e-01   1.028569e-07 
          3924   3.716894e-07   1.308958e-03   2.472583e-03   1.132117e-06   0.000000e+00   1.241736e-01   1.028321e-07 
          3925   3.725270e-07   1.308957e-03   2.471344e-03   1.134454e-06   0.000000e+00   1.241657e-01   1.028073e-07 
          3926   3.727577e-07   1.308956e-03   2.470255e-03   1.132330e-06   0.000000e+00   1.241579e-01   1.027825e-07 
          3927   3.733666e-07   1.308956e-03   2.469016e-03   1.134696e-06   0.000000e+00   1.241501e-01   1.027577e-07 
          3928   3.733176e-07   1.308955e-03   2.467934e-03   1.132248e-06   0.000000e+00   1.241422e-01   1.027330e-07 
          3929   3.736895e-07   1.308954e-03   2.466724e-03   1.134266e-06   0.000000e+00   1.241344e-01   1.027082e-07 
          3930   3.734893e-07   1.308953e-03   2.465684e-03   1.131819e-06   0.000000e+00   1.241266e-01   1.026835e-07 
          3931   3.737620e-07   1.308953e-03   2.464502e-03   1.133962e-06   0.000000e+00   1.241187e-01   1.026587e-07 
          3932   3.734151e-07   1.308952e-03   2.463471e-03   1.131497e-06   0.000000e+00   1.241109e-01   1.026340e-07 
          3933   3.736531e-07   1.308951e-03   2.462288e-03   1.133642e-06   0.000000e+00   1.241031e-01   1.026093e-07 
          3934   3.733491e-07   1.308950e-03   2.461254e-03   1.131346e-06   0.000000e+00   1.240953e-01   1.025846e-07 
          3935   3.736574e-07   1.308950e-03   2.460069e-03   1.133635e-06   0.000000e+00   1.240875e-01   1.025599e-07 
          3936   3.733210e-07   1.308949e-03   2.459038e-03   1.131248e-06   0.000000e+00   1.240796e-01   1.025352e-07 
          3937   3.736200e-07   1.308948e-03   2.457857e-03   1.133401e-06   0.000000e+00   1.240718e-01   1.025105e-07 
          3938   3.732714e-07   1.308947e-03   2.456828e-03   1.131059e-06   0.000000e+00   1.240640e-01   1.024858e-07 
          3939   3.735864e-07   1.308947e-03   2.455647e-03   1.133281e-06   0.000000e+00   1.240562e-01   1.024612e-07 
          3940   3.732224e-07   1.308946e-03   2.454624e-03   1.130852e-06   0.000000e+00   1.240484e-01   1.024365e-07 
          3941   3.735285e-07   1.308945e-03   2.453450e-03   1.133014e-06   0.000000e+00   1.240406e-01   1.024119e-07 
          3942   3.732237e-07   1.308944e-03   2.452428e-03   1.130698e-06   0.000000e+00   1.240328e-01   1.023873e-07 
          3943   3.735643e-07   1.308944e-03   2.451255e-03   1.132991e-06   0.000000e+00   1.240250e-01   1.023626e-07 
          3944   3.732140e-07   1.308943e-03   2.450240e-03   1.130596e-06   0.000000e+00   1.240172e-01   1.023380e-07 
          3945   3.735262e-07   1.308942e-03   2.449073e-03   1.132790e-06   0.000000e+00   1.240094e-01   1.023134e-07 
          3946   3.732277e-07   1.308941e-03   2.448060e-03   1.130452e-06   0.000000e+00   1.240016e-01   1.022888e-07 
          3947   3.735625e-07   1.308940e-03   2.446894e-03   1.132715e-06   0.000000e+00   1.239938e-01   1.022643e-07 
          3948   3.732128e-07   1.308940e-03   2.445889e-03   1.130284e-06   0.000000e+00   1.239861e-01   1.022397e-07 
          3949   3.735150e-07   1.308939e-03   2.444731e-03   1.132452e-06   0.000000e+00   1.239783e-01   1.022151e-07 
          3950   3.732184e-07   1.308938e-03   2.443728e-03   1.130101e-06   0.000000e+00   1.239705e-01   1.021906e-07 
          3951   3.735522e-07   1.308937e-03   2.442573e-03   1.132377e-06   0.000000e+00   1.239627e-01   1.021661e-07 
          3952   3.732077e-07   1.308936e-03   2.441577e-03   1.129965e-06   0.000000e+00   1.239549e-01   1.021415e-07 
          3953   3.735138e-07   1.308935e-03   2.440430e-03   1.132164e-06   0.000000e+00   1.239472e-01   1.021170e-07 
          3954   3.732315e-07   1.308935e-03   2.439436e-03   1.129833e-06   0.000000e+00   1.239394e-01   1.020925e-07 
          3955   3.735751e-07   1.308934e-03   2.438290e-03   1.132124e-06   0.000000e+00   1.239316e-01   1.020680e-07 
          3956   3.732373e-07   1.308933e-03   2.437304e-03   1.129702e-06   0.000000e+00   1.239239e-01   1.020436e-07 
          3957   3.735512e-07   1.308932e-03   2.436165e-03   1.131889e-06   0.000000e+00   1.239161e-01   1.020191e-07 
          3958   3.729042e-07   1.308931e-03   2.435181e-03   1.129521e-06   0.000000e+00   1.239083e-01   1.019946e-07 
          3959   3.721806e-07   1.308930e-03   2.434044e-03   1.131715e-06   0.000000e+00   1.239006e-01   1.019702e-07 
          3960   3.709793e-07   1.308930e-03   2.433067e-03   1.129182e-06   0.000000e+00   1.238928e-01   1.019457e-07 
          3961   3.711439e-07   1.308929e-03   2.431938e-03   1.131236e-06   0.000000e+00   1.238851e-01   1.019213e-07 
          3962   3.710499e-07   1.308928e-03   2.430964e-03   1.128798e-06   0.000000e+00   1.238773e-01   1.018969e-07 
          3963   3.720008e-07   1.308927e-03   2.429838e-03   1.130997e-06   0.000000e+00   1.238696e-01   1.018725e-07 
          3964   3.721588e-07   1.308926e-03   2.428871e-03   1.128529e-06   0.000000e+00   1.238619e-01   1.018481e-07 
          3965   3.729595e-07   1.308925e-03   2.427751e-03   1.130688e-06   0.000000e+00   1.238541e-01   1.018237e-07 
          3966   3.729857e-07   1.308924e-03   2.426785e-03   1.128354e-06   0.000000e+00   1.238464e-01   1.017993e-07 
          3967   3.735329e-07   1.308923e-03   2.425667e-03   1.130645e-06   0.000000e+00   1.238387e-01   1.017749e-07 
          3968   3.732823e-07   1.308923e-03   2.424707e-03   1.128237e-06   0.000000e+00   1.238309e-01   1.017506e-07 
          3969   3.736749e-07   1.308922e-03   2.423597e-03   1.130409e-06   0.000000e+00   1.238232e-01   1.017262e-07 
          3970   3.734066e-07   1.308921e-03   2.422639e-03   1.128107e-06   0.000000e+00   1.238155e-01   1.017019e-07 
          3971   3.737712e-07   1.308920e-03   2.421530e-03   1.130391e-06   0.000000e+00   1.238077e-01   1.016776e-07 
          3972   3.733628e-07   1.308919e-03   2.420579e-03   1.127994e-06   0.000000e+00   1.238000e-01   1.016532e-07 
          3973   3.736897e-07   1.308918e-03   2.419478e-03   1.130145e-06   0.000000e+00   1.237923e-01   1.016289e-07 
          3974   3.733691e-07   1.308917e-03   2.418527e-03   1.127832e-06   0.000000e+00   1.237846e-01   1.016046e-07 
          3975   3.737474e-07   1.308916e-03   2.417426e-03   1.130086e-06   0.000000e+00   1.237769e-01   1.015803e-07 
          3976   3.733485e-07   1.308915e-03   2.416484e-03   1.127679e-06   0.000000e+00   1.237692e-01   1.015561e-07 
          3977   3.737148e-07   1.308914e-03   2.415393e-03   1.129839e-06   0.000000e+00   1.237615e-01   1.015318e-07 
          3978   3.734309e-07   1.308914e-03   2.414454e-03   1.127585e-06   0.000000e+00   1.237538e-01   1.015076e-07 
          3979   3.738362e-07   1.308913e-03   2.413363e-03   1.129887e-06   0.000000e+00   1.237461e-01   1.014833e-07 
          3980   3.734714e-07   1.308912e-03   2.412430e-03   1.127504e-06   0.000000e+00   1.237384e-01   1.014591e-07 
          3981   3.738466e-07   1.308911e-03   2.411347e-03   1.129673e-06   0.000000e+00   1.237307e-01   1.014349e-07 
          3982   3.735887e-07   1.308910e-03   2.410417e-03   1.127421e-06   0.000000e+00   1.237230e-01   1.014106e-07 
          3983   3.739836e-07   1.308909e-03   2.409337e-03   1.129717e-06   0.000000e+00   1.237153e-01   1.013864e-07 
          3984   3.736301e-07   1.308908e-03   2.408414e-03   1.127322e-06   0.000000e+00   1.237076e-01   1.013622e-07 
          3985   3.739855e-07   1.308907e-03   2.407341e-03   1.129489e-06   0.000000e+00   1.236999e-01   1.013381e-07 
          3986   3.737303e-07   1.308906e-03   2.406420e-03   1.127242e-06   0.000000e+00   1.236922e-01   1.013139e-07 
          3987   3.741032e-07   1.308905e-03   2.405346e-03   1.129549e-06   0.000000e+00   1.236846e-01   1.012897e-07 
          3988   3.737509e-07   1.308904e-03   2.404436e-03   1.127160e-06   0.000000e+00   1.236769e-01   1.012656e-07 
          3989   3.740847e-07   1.308903e-03   2.403374e-03   1.129332e-06   0.000000e+00   1.236692e-01   1.012414e-07 
          3990   3.738291e-07   1.308902e-03   2.402466e-03   1.127084e-06   0.000000e+00   1.236615e-01   1.012173e-07 
          3991   3.741827e-07   1.308901e-03   2.401406e-03   1.129386e-06   0.000000e+00   1.236539e-01   1.011932e-07 
          3992   3.738263e-07   1.308900e-03   2.400504e-03   1.126983e-06   0.000000e+00   1.236462e-01   1.011691e-07 
          3993   3.741449e-07   1.308899e-03   2.399452e-03   1.129152e-06   0.000000e+00   1.236386e-01   1.011450e-07 
          3994   3.738808e-07   1.308898e-03   2.398551e-03   1.126899e-06   0.000000e+00   1.236309e-01   1.011209e-07 
          3995   3.742193e-07   1.308897e-03   2.397500e-03   1.129220e-06   0.000000e+00   1.236232e-01   1.010968e-07 
          3996   3.738598e-07   1.308896e-03   2.396608e-03   1.126815e-06   0.000000e+00   1.236156e-01   1.010727e-07 
          3997   3.744830e-07   1.308895e-03   2.395659e-03   1.126904e-06   0.000000e+00   1.236079e-01   1.010487e-07 
          3998   3.746059e-07   1.308894e-03   2.394719e-03   1.127372e-06   0.000000e+00   1.236003e-01   1.010246e-07 
          3999   3.745962e-07   1.308893e-03   2.393780e-03   1.127892e-06   0.000000e+00   1.235926e-01   1.010006e-07 
          4000   3.746090e-07   1.308892e-03   2.392838e-03   1.128248e-06   0.000000e+00   1.235850e-01   1.009766e-07 
          4001   3.746390e-07   1.308891e-03   2.391894e-03   1.128403e-06   0.000000e+00   1.235774e-01   1.009525e-07 
          4002   3.747347e-07   1.308890e-03   2.390950e-03   1.128382e-06   0.000000e+00   1.235697e-01   1.009285e-07 
          4003   3.748621e-07   1.308889e-03   2.390006e-03   1.128254e-06   0.000000e+00   1.235621e-01   1.009045e-07 
          4004   3.750081e-07   1.308888e-03   2.389063e-03   1.128075e-06   0.000000e+00   1.235545e-01   1.008805e-07 
          4005   3.751363e-07   1.308887e-03   2.388120e-03   1.127917e-06   0.000000e+00   1.235468e-01   1.008566e-07 
          4006   3.752304e-07   1.308886e-03   2.387180e-03   1.127812e-06   0.000000e+00   1.235392e-01   1.008326e-07 
          4007   3.753067e-07   1.308885e-03   2.386241e-03   1.127769e-06   0.000000e+00   1.235316e-01   1.008086e-07 
          4008   3.753712e-07   1.308884e-03   2.385303e-03   1.127759e-06   0.000000e+00   1.235240e-01   1.007847e-07 
          4009   3.754244e-07   1.308883e-03   2.384368e-03   1.127747e-06   0.000000e+00   1.235164e-01   1.007608e-07 
          4010   3.754695e-07   1.308882e-03   2.383435e-03   1.127704e-06   0.000000e+00   1.235088e-01   1.007368e-07 
          4011   3.755079e-07   1.308881e-03   2.382504e-03   1.127620e-06   0.000000e+00   1.235011e-01   1.007129e-07 
          4012   3.755393e-07   1.308880e-03   2.381575e-03   1.127507e-06   0.000000e+00   1.234935e-01   1.006890e-07 
          4013   3.755642e-07   1.308879e-03   2.380648e-03   1.127389e-06   0.000000e+00   1.234859e-01   1.006651e-07 
          4014   3.755842e-07   1.308878e-03   2.379724e-03   1.127288e-06   0.000000e+00   1.234783e-01   1.006412e-07 
          4015   3.756018e-07   1.308877e-03   2.378802e-03   1.127217e-06   0.000000e+00   1.234707e-01   1.006173e-07 
          4016   3.756194e-07   1.308875e-03   2.377883e-03   1.127177e-06   0.000000e+00   1.234631e-01   1.005935e-07 
          4017   3.756383e-07   1.308874e-03   2.376967e-03   1.127155e-06   0.000000e+00   1.234555e-01   1.005696e-07 
          4018   3.756599e-07   1.308873e-03   2.376053e-03   1.127135e-06   0.000000e+00   1.234480e-01   1.005458e-07 
          4019   3.756844e-07   1.308872e-03   2.375141e-03   1.127106e-06   0.000000e+00   1.234404e-01   1.005219e-07 
          4020   3.757119e-07   1.308871e-03   2.374233e-03   1.127062e-06   0.000000e+00   1.234328e-01   1.004981e-07 
          4021   3.757423e-07   1.308870e-03   2.373327e-03   1.127002e-06   0.000000e+00   1.234252e-01   1.004743e-07 
          4022   3.757759e-07   1.308869e-03   2.372423e-03   1.126932e-06   0.000000e+00   1.234176e-01   1.004505e-07 
          4023   3.758111e-07   1.308868e-03   2.371521e-03   1.126867e-06   0.000000e+00   1.234101e-01   1.004267e-07 
          4024   3.758477e-07   1.308867e-03   2.370623e-03   1.126814e-06   0.000000e+00   1.234025e-01   1.004029e-07 
          4025   3.758859e-07   1.308866e-03   2.369727e-03   1.126774e-06   0.000000e+00   1.233949e-01   1.003791e-07 
          4026   3.759256e-07   1.308864e-03   2.368834e-03   1.126739e-06   0.000000e+00   1.233873e-01   1.003554e-07 
          4027   3.759671e-07   1.308863e-03   2.367943e-03   1.126703e-06   0.000000e+00   1.233798e-01   1.003316e-07 
          4028   3.760082e-07   1.308862e-03   2.367055e-03   1.126659e-06   0.000000e+00   1.233722e-01   1.003079e-07 
          4029   3.760490e-07   1.308861e-03   2.366169e-03   1.126607e-06   0.000000e+00   1.233647e-01   1.002841e-07 
          4030   3.760904e-07   1.308860e-03   2.365286e-03   1.126549e-06   0.000000e+00   1.233571e-01   1.002604e-07 
          4031   3.761322e-07   1.308859e-03   2.364406e-03   1.126485e-06   0.000000e+00   1.233496e-01   1.002367e-07 
          4032   3.761744e-07   1.308858e-03   2.363528e-03   1.126427e-06   0.000000e+00   1.233420e-01   1.002130e-07 
          4033   3.762169e-07   1.308857e-03   2.362653e-03   1.126374e-06   0.000000e+00   1.233345e-01   1.001893e-07 
          4034   3.762597e-07   1.308855e-03   2.361780e-03   1.126324e-06   0.000000e+00   1.233269e-01   1.001656e-07 
          4035   3.763048e-07   1.308854e-03   2.360911e-03   1.126274e-06   0.000000e+00   1.233194e-01   1.001419e-07 
          4036   3.763522e-07   1.308853e-03   2.360043e-03   1.126222e-06   0.000000e+00   1.233118e-01   1.001182e-07 
          4037   3.763981e-07   1.308852e-03   2.359179e-03   1.126168e-06   0.000000e+00   1.233043e-01   1.000946e-07 
          4038   3.764419e-07   1.308851e-03   2.358317e-03   1.126111e-06   0.000000e+00   1.232968e-01   1.000709e-07 
          4039   3.759877e-07   1.308850e-03   2.357458e-03   1.126058e-06   0.000000e+00   1.232893e-01   1.000473e-07 
          4040   3.752570e-07   1.308848e-03   2.356602e-03   1.126013e-06   0.000000e+00   1.232817e-01   1.000237e-07 
          4041   3.749797e-07   1.308847e-03   2.355748e-03   1.125958e-06   0.000000e+00   1.232742e-01   1.000001e-07 
          4042   3.748251e-07   1.308846e-03   2.354896e-03   1.125876e-06   0.000000e+00   1.232667e-01   9.997644e-08 
          4043   3.745899e-07   1.308845e-03   2.354047e-03   1.125782e-06   0.000000e+00   1.232592e-01   9.995285e-08 
          4044   3.742148e-07   1.308844e-03   2.353201e-03   1.125689e-06   0.000000e+00   1.232517e-01   9.992926e-08 
          4045   3.737304e-07   1.308842e-03   2.352357e-03   1.125608e-06   0.000000e+00   1.232442e-01   9.990568e-08 
          4046   3.732008e-07   1.308841e-03   2.351517e-03   1.125541e-06   0.000000e+00   1.232367e-01   9.988211e-08 
          4047   3.726892e-07   1.308840e-03   2.350679e-03   1.125487e-06   0.000000e+00   1.232291e-01   9.985855e-08 
          4048   3.722426e-07   1.308839e-03   2.349843e-03   1.125458e-06   0.000000e+00   1.232216e-01   9.983500e-08 
          4049   3.718876e-07   1.308838e-03   2.349013e-03   1.125440e-06   0.000000e+00   1.232142e-01   9.981146e-08 
          4050   3.716328e-07   1.308836e-03   2.348184e-03   1.125417e-06   0.000000e+00   1.232067e-01   9.978793e-08 
          4051   3.714733e-07   1.308835e-03   2.347357e-03   1.125383e-06   0.000000e+00   1.231992e-01   9.976441e-08 
          4052   3.713957e-07   1.308834e-03   2.346538e-03   1.125339e-06   0.000000e+00   1.231917e-01   9.974090e-08 
          4053   3.625618e-07   1.308833e-03   2.345711e-03   1.125281e-06   0.000000e+00   1.231842e-01   9.971739e-08 
          4054   3.527974e-07   1.308832e-03   2.344885e-03   1.125225e-06   0.000000e+00   1.231767e-01   9.969390e-08 
          4055   3.478629e-07   1.308830e-03   2.344059e-03   1.125193e-06   0.000000e+00   1.231692e-01   9.967042e-08 
          4056   3.446651e-07   1.308829e-03   2.343233e-03   1.125127e-06   0.000000e+00   1.231618e-01   9.964694e-08 
          4057   3.425478e-07   1.308828e-03   2.342408e-03   1.124997e-06   0.000000e+00   1.231543e-01   9.962348e-08 
          4058   3.416396e-07   1.308827e-03   2.341584e-03   1.124796e-06   0.000000e+00   1.231468e-01   9.960003e-08 
          4059   3.417482e-07   1.308825e-03   2.340763e-03   1.124562e-06   0.000000e+00   1.231393e-01   9.957658e-08 
          4060   3.424917e-07   1.308824e-03   2.339945e-03   1.124362e-06   0.000000e+00   1.231319e-01   9.955315e-08 
          4061   3.434749e-07   1.308823e-03   2.339131e-03   1.124238e-06   0.000000e+00   1.231244e-01   9.952972e-08 
          4062   3.444724e-07   1.308822e-03   2.338318e-03   1.124194e-06   0.000000e+00   1.231170e-01   9.950630e-08 
          4063   3.453753e-07   1.308820e-03   2.337506e-03   1.124204e-06   0.000000e+00   1.231095e-01   9.948290e-08 
          4064   3.461565e-07   1.308819e-03   2.336697e-03   1.124214e-06   0.000000e+00   1.231020e-01   9.945950e-08 
          4065   3.468229e-07   1.308818e-03   2.335888e-03   1.124194e-06   0.000000e+00   1.230946e-01   9.943611e-08 
          4066   3.473876e-07   1.308816e-03   2.335082e-03   1.124132e-06   0.000000e+00   1.230871e-01   9.941273e-08 
          4067   3.478535e-07   1.308815e-03   2.334277e-03   1.124038e-06   0.000000e+00   1.230797e-01   9.938936e-08 
          4068   3.482222e-07   1.308814e-03   2.333475e-03   1.123930e-06   0.000000e+00   1.230723e-01   9.936600e-08 
          4069   3.484949e-07   1.308813e-03   2.332676e-03   1.123830e-06   0.000000e+00   1.230648e-01   9.934265e-08 
          4070   3.486701e-07   1.308811e-03   2.331879e-03   1.123756e-06   0.000000e+00   1.230574e-01   9.931931e-08 
          4071   3.487539e-07   1.308810e-03   2.331085e-03   1.123708e-06   0.000000e+00   1.230499e-01   9.929598e-08 
          4072   3.487612e-07   1.308809e-03   2.330292e-03   1.123678e-06   0.000000e+00   1.230425e-01   9.927266e-08 
          4073   3.487123e-07   1.308807e-03   2.329502e-03   1.123656e-06   0.000000e+00   1.230351e-01   9.924935e-08 
          4074   3.486244e-07   1.308806e-03   2.328713e-03   1.123632e-06   0.000000e+00   1.230277e-01   9.922604e-08 
          4075   3.485194e-07   1.308805e-03   2.327927e-03   1.123605e-06   0.000000e+00   1.230203e-01   9.920275e-08 
          4076   3.484179e-07   1.308803e-03   2.327142e-03   1.123570e-06   0.000000e+00   1.230128e-01   9.917946e-08 
          4077   3.483346e-07   1.308802e-03   2.326360e-03   1.123531e-06   0.000000e+00   1.230054e-01   9.915619e-08 
          4078   3.482722e-07   1.308801e-03   2.325581e-03   1.123489e-06   0.000000e+00   1.229980e-01   9.913292e-08 
          4079   3.482344e-07   1.308799e-03   2.324807e-03   1.123453e-06   0.000000e+00   1.229906e-01   9.910965e-08 
          4080   3.482221e-07   1.308798e-03   2.324035e-03   1.123424e-06   0.000000e+00   1.229832e-01   9.908640e-08 
          4081   3.482322e-07   1.308796e-03   2.323264e-03   1.123397e-06   0.000000e+00   1.229758e-01   9.906315e-08 
          4082   3.482583e-07   1.308795e-03   2.322496e-03   1.123367e-06   0.000000e+00   1.229684e-01   9.903991e-08 
          4083   3.482935e-07   1.308793e-03   2.321730e-03   1.123327e-06   0.000000e+00   1.229610e-01   9.901669e-08 
          4084   3.483308e-07   1.308792e-03   2.320966e-03   1.123275e-06   0.000000e+00   1.229536e-01   9.899347e-08 
          4085   3.483605e-07   1.308790e-03   2.320205e-03   1.123214e-06   0.000000e+00   1.229462e-01   9.897026e-08 
          4086   3.483797e-07   1.308788e-03   2.319445e-03   1.123150e-06   0.000000e+00   1.229388e-01   9.894706e-08 
          4087   3.483856e-07   1.308787e-03   2.318688e-03   1.123087e-06   0.000000e+00   1.229314e-01   9.892387e-08 
          4088   3.483785e-07   1.308785e-03   2.317934e-03   1.123030e-06   0.000000e+00   1.229241e-01   9.890069e-08 
          4089   3.483585e-07   1.308784e-03   2.317181e-03   1.122980e-06   0.000000e+00   1.229167e-01   9.887752e-08 
          4090   3.483250e-07   1.308782e-03   2.316431e-03   1.122936e-06   0.000000e+00   1.229093e-01   9.885435e-08 
          4091   3.482893e-07   1.308781e-03   2.315683e-03   1.122894e-06   0.000000e+00   1.229019e-01   9.883120e-08 
          4092   3.482530e-07   1.308779e-03   2.314937e-03   1.122853e-06   0.000000e+00   1.228945e-01   9.880806e-08 
          4093   3.482197e-07   1.308778e-03   2.314194e-03   1.122811e-06   0.000000e+00   1.228872e-01   9.878492e-08 
          4094   3.481919e-07   1.308776e-03   2.313452e-03   1.122768e-06   0.000000e+00   1.228798e-01   9.876180e-08 
          4095   3.481706e-07   1.308774e-03   2.312713e-03   1.122723e-06   0.000000e+00   1.228724e-01   9.873868e-08 
          4096   3.481554e-07   1.308773e-03   2.311974e-03   1.122680e-06   0.000000e+00   1.228651e-01   9.871557e-08 
          4097   3.481453e-07   1.308771e-03   2.311239e-03   1.122641e-06   0.000000e+00   1.228577e-01   9.869247e-08 
          4098   3.481395e-07   1.308770e-03   2.310506e-03   1.122606e-06   0.000000e+00   1.228504e-01   9.866938e-08 
          4099   3.481367e-07   1.308768e-03   2.309774e-03   1.122569e-06   0.000000e+00   1.228430e-01   9.864631e-08 
          4100   3.481349e-07   1.308766e-03   2.309044e-03   1.122527e-06   0.000000e+00   1.228357e-01   9.862323e-08 
          4101   3.481315e-07   1.308765e-03   2.308316e-03   1.122479e-06   0.000000e+00   1.228283e-01   9.860017e-08 
          4102   3.481252e-07   1.308763e-03   2.307590e-03   1.122427e-06   0.000000e+00   1.228210e-01   9.857712e-08 
          4103   3.481164e-07   1.308761e-03   2.306866e-03   1.122375e-06   0.000000e+00   1.228136e-01   9.855408e-08 
          4104   3.481046e-07   1.308760e-03   2.306143e-03   1.122325e-06   0.000000e+00   1.228063e-01   9.853105e-08 
          4105   3.480896e-07   1.308758e-03   2.305422e-03   1.122277e-06   0.000000e+00   1.227989e-01   9.850802e-08 
          4106   3.480724e-07   1.308757e-03   2.304703e-03   1.122232e-06   0.000000e+00   1.227916e-01   9.848501e-08 
          4107   3.480541e-07   1.308755e-03   2.303985e-03   1.122187e-06   0.000000e+00   1.227843e-01   9.846200e-08 
          4108   3.480360e-07   1.308753e-03   2.303269e-03   1.122142e-06   0.000000e+00   1.227769e-01   9.843901e-08 
          4109   3.480190e-07   1.308752e-03   2.302555e-03   1.122095e-06   0.000000e+00   1.227696e-01   9.841602e-08 
          4110   3.480018e-07   1.308750e-03   2.301839e-03   1.122016e-06   0.000000e+00   1.227623e-01   9.839304e-08 
          4111   3.479925e-07   1.308748e-03   2.301122e-03   1.121920e-06   0.000000e+00   1.227550e-01   9.837007e-08 
          4112   3.479919e-07   1.308747e-03   2.300405e-03   1.121838e-06   0.000000e+00   1.227476e-01   9.834711e-08 
          4113   3.479986e-07   1.308745e-03   2.299690e-03   1.121779e-06   0.000000e+00   1.227403e-01   9.832416e-08 
          4114   3.480086e-07   1.308743e-03   2.298977e-03   1.121734e-06   0.000000e+00   1.227330e-01   9.830122e-08 
          4115   3.480183e-07   1.308742e-03   2.298265e-03   1.121693e-06   0.000000e+00   1.227257e-01   9.827829e-08 
          4116   3.480246e-07   1.308740e-03   2.297554e-03   1.121649e-06   0.000000e+00   1.227184e-01   9.825537e-08 
          4117   3.480256e-07   1.308738e-03   2.296844e-03   1.121598e-06   0.000000e+00   1.227111e-01   9.823246e-08 
          4118   3.480203e-07   1.308737e-03   2.296134e-03   1.121544e-06   0.000000e+00   1.227038e-01   9.820955e-08 
          4119   3.480090e-07   1.308735e-03   2.295426e-03   1.121492e-06   0.000000e+00   1.226965e-01   9.818666e-08 
          4120   3.479931e-07   1.308733e-03   2.294719e-03   1.121445e-06   0.000000e+00   1.226892e-01   9.816378e-08 
          4121   3.479748e-07   1.308732e-03   2.294014e-03   1.121403e-06   0.000000e+00   1.226819e-01   9.814090e-08 
          4122   3.479557e-07   1.308730e-03   2.293309e-03   1.121363e-06   0.000000e+00   1.226746e-01   9.811803e-08 
          4123   3.479376e-07   1.308728e-03   2.292606e-03   1.121321e-06   0.000000e+00   1.226673e-01   9.809518e-08 
          4124   3.478490e-07   1.308727e-03   2.291892e-03   1.121261e-06   0.000000e+00   1.226600e-01   9.807233e-08 
          4125   3.462270e-07   1.308725e-03   2.291140e-03   1.121233e-06   0.000000e+00   1.226527e-01   9.804949e-08 
          4126   3.455018e-07   1.308723e-03   2.290390e-03   1.121171e-06   0.000000e+00   1.226454e-01   9.802666e-08 
          4127   3.453124e-07   1.308722e-03   2.289647e-03   1.121094e-06   0.000000e+00   1.226382e-01   9.800384e-08 
          4128   3.453762e-07   1.308720e-03   2.288906e-03   1.121012e-06   0.000000e+00   1.226309e-01   9.798103e-08 
          4129   3.455552e-07   1.308718e-03   2.288169e-03   1.120935e-06   0.000000e+00   1.226236e-01   9.795822e-08 
          4130   3.457968e-07   1.308716e-03   2.287434e-03   1.120870e-06   0.000000e+00   1.226164e-01   9.793543e-08 
          4131   3.460413e-07   1.308715e-03   2.286702e-03   1.120824e-06   0.000000e+00   1.226091e-01   9.791265e-08 
          4132   3.462608e-07   1.308713e-03   2.285971e-03   1.120792e-06   0.000000e+00   1.226018e-01   9.788987e-08 
          4133   3.464692e-07   1.308711e-03   2.285242e-03   1.120913e-06   0.000000e+00   1.225946e-01   9.786711e-08 
          4134   3.466712e-07   1.308710e-03   2.284514e-03   1.121086e-06   0.000000e+00   1.225873e-01   9.784435e-08 
          4135   3.468494e-07   1.308708e-03   2.283787e-03   1.121186e-06   0.000000e+00   1.225800e-01   9.782160e-08 
          4136   3.469860e-07   1.308706e-03   2.283062e-03   1.121162e-06   0.000000e+00   1.225728e-01   9.779887e-08 
          4137   3.470813e-07   1.308705e-03   2.282339e-03   1.121028e-06   0.000000e+00   1.225655e-01   9.777614e-08 
          4138   3.471708e-07   1.308703e-03   2.281619e-03   1.120832e-06   0.000000e+00   1.225583e-01   9.775342e-08 
          4139   3.472446e-07   1.308701e-03   2.280899e-03   1.120608e-06   0.000000e+00   1.225511e-01   9.773071e-08 
          4140   3.472673e-07   1.308699e-03   2.280182e-03   1.120422e-06   0.000000e+00   1.225438e-01   9.770801e-08 
          4141   3.472554e-07   1.308698e-03   2.279463e-03   1.120334e-06   0.000000e+00   1.225366e-01   9.768532e-08 
          4142   3.472407e-07   1.308696e-03   2.278746e-03   1.120353e-06   0.000000e+00   1.225293e-01   9.766263e-08 
          4143   3.472431e-07   1.308694e-03   2.278030e-03   1.120433e-06   0.000000e+00   1.225221e-01   9.763996e-08 
          4144   3.472662e-07   1.308693e-03   2.277316e-03   1.120508e-06   0.000000e+00   1.225149e-01   9.761729e-08 
          4145   3.473039e-07   1.308691e-03   2.276602e-03   1.120532e-06   0.000000e+00   1.225077e-01   9.759464e-08 
          4146   3.473466e-07   1.308689e-03   2.275889e-03   1.120495e-06   0.000000e+00   1.225004e-01   9.757199e-08 
          4147   3.473851e-07   1.308687e-03   2.275178e-03   1.120413e-06   0.000000e+00   1.224932e-01   9.754935e-08 
          4148   3.474152e-07   1.308686e-03   2.274468e-03   1.120315e-06   0.000000e+00   1.224860e-01   9.752673e-08 
          4149   3.474361e-07   1.308684e-03   2.273759e-03   1.120227e-06   0.000000e+00   1.224788e-01   9.750411e-08 
          4150   3.474495e-07   1.308682e-03   2.273051e-03   1.120159e-06   0.000000e+00   1.224716e-01   9.748150e-08 
          4151   3.474578e-07   1.308681e-03   2.272343e-03   1.120108e-06   0.000000e+00   1.224644e-01   9.745890e-08 
          4152   3.474541e-07   1.308679e-03   2.271637e-03   1.120063e-06   0.000000e+00   1.224572e-01   9.743630e-08 
          4153   3.474440e-07   1.308677e-03   2.270932e-03   1.120010e-06   0.000000e+00   1.224500e-01   9.741372e-08 
          4154   3.474355e-07   1.308675e-03   2.270227e-03   1.119944e-06   0.000000e+00   1.224428e-01   9.739115e-08 
          4155   3.474277e-07   1.308674e-03   2.269524e-03   1.119866e-06   0.000000e+00   1.224356e-01   9.736858e-08 
          4156   3.474207e-07   1.308672e-03   2.268822e-03   1.119781e-06   0.000000e+00   1.224284e-01   9.734603e-08 
          4157   3.474144e-07   1.308670e-03   2.268121e-03   1.119696e-06   0.000000e+00   1.224212e-01   9.732348e-08 
          4158   3.474095e-07   1.308668e-03   2.267421e-03   1.119617e-06   0.000000e+00   1.224140e-01   9.730094e-08 
          4159   3.474065e-07   1.308667e-03   2.266722e-03   1.119545e-06   0.000000e+00   1.224068e-01   9.727841e-08 
          4160   3.474051e-07   1.308665e-03   2.266024e-03   1.119479e-06   0.000000e+00   1.223996e-01   9.725589e-08 
          4161   3.474016e-07   1.308663e-03   2.265326e-03   1.119413e-06   0.000000e+00   1.223925e-01   9.723338e-08 
          4162   3.474020e-07   1.308661e-03   2.264630e-03   1.119348e-06   0.000000e+00   1.223853e-01   9.721088e-08 
          4163   3.474051e-07   1.308660e-03   2.263934e-03   1.119282e-06   0.000000e+00   1.223781e-01   9.718839e-08 
          4164   3.474107e-07   1.308658e-03   2.263240e-03   1.119215e-06   0.000000e+00   1.223710e-01   9.716591e-08 
          4165   3.474175e-07   1.308656e-03   2.262546e-03   1.119147e-06   0.000000e+00   1.223638e-01   9.714343e-08 
          4166   3.474252e-07   1.308654e-03   2.261853e-03   1.119080e-06   0.000000e+00   1.223566e-01   9.712097e-08 
          4167   3.474334e-07   1.308653e-03   2.261160e-03   1.119016e-06   0.000000e+00   1.223495e-01   9.709851e-08 
          4168   3.474421e-07   1.308651e-03   2.260468e-03   1.118956e-06   0.000000e+00   1.223423e-01   9.707606e-08 
          4169   3.474505e-07   1.308649e-03   2.259776e-03   1.118898e-06   0.000000e+00   1.223352e-01   9.705363e-08 
          4170   3.474586e-07   1.308647e-03   2.259085e-03   1.118842e-06   0.000000e+00   1.223280e-01   9.703120e-08 
          4171   3.474669e-07   1.308645e-03   2.258395e-03   1.118786e-06   0.000000e+00   1.223209e-01   9.700878e-08 
          4172   3.474751e-07   1.308644e-03   2.257705e-03   1.118729e-06   0.000000e+00   1.223137e-01   9.698636e-08 
          4173   3.474828e-07   1.308642e-03   2.257016e-03   1.118672e-06   0.000000e+00   1.223066e-01   9.696396e-08 
          4174   3.474900e-07   1.308640e-03   2.256328e-03   1.118613e-06   0.000000e+00   1.222995e-01   9.694157e-08 
          4175   3.474965e-07   1.308638e-03   2.255641e-03   1.118552e-06   0.000000e+00   1.222923e-01   9.691918e-08 
          4176   3.475029e-07   1.308637e-03   2.254955e-03   1.118489e-06   0.000000e+00   1.222852e-01   9.689681e-08 
          4177   3.475093e-07   1.308635e-03   2.254269e-03   1.118423e-06   0.000000e+00   1.222781e-01   9.687444e-08 
          4178   3.475159e-07   1.308633e-03   2.253584e-03   1.118359e-06   0.000000e+00   1.222709e-01   9.685209e-08 
          4179   3.475227e-07   1.308631e-03   2.252900e-03   1.118300e-06   0.000000e+00   1.222638e-01   9.682974e-08 
          4180   3.475299e-07   1.308629e-03   2.252217e-03   1.118245e-06   0.000000e+00   1.222567e-01   9.680740e-08 
          4181   3.475374e-07   1.308628e-03   2.251535e-03   1.118191e-06   0.000000e+00   1.222496e-01   9.678507e-08 
          4182   3.475453e-07   1.308626e-03   2.250854e-03   1.118138e-06   0.000000e+00   1.222425e-01   9.676274e-08 
          4183   3.475538e-07   1.308624e-03   2.250174e-03   1.118083e-06   0.000000e+00   1.222353e-01   9.674043e-08 
          4184   3.475628e-07   1.308622e-03   2.249493e-03   1.118028e-06   0.000000e+00   1.222282e-01   9.671813e-08 
          4185   3.475696e-07   1.308620e-03   2.248813e-03   1.117973e-06   0.000000e+00   1.222211e-01   9.669583e-08 
          4186   3.475797e-07   1.308619e-03   2.248133e-03   1.117917e-06   0.000000e+00   1.222140e-01   9.667355e-08 
          4187   3.475908e-07   1.308617e-03   2.247454e-03   1.117864e-06   0.000000e+00   1.222069e-01   9.665127e-08 
          4188   3.476020e-07   1.308615e-03   2.246775e-03   1.117793e-06   0.000000e+00   1.221998e-01   9.662900e-08 
          4189   3.476135e-07   1.308613e-03   2.246080e-03   1.117450e-06   0.000000e+00   1.221927e-01   9.660674e-08 
          4190   3.476245e-07   1.308611e-03   2.245428e-03   1.116989e-06   0.000000e+00   1.221856e-01   9.658449e-08 
          4191   3.476361e-07   1.308609e-03   2.244760e-03   1.116663e-06   0.000000e+00   1.221785e-01   9.656225e-08 
          4192   3.476484e-07   1.308608e-03   2.244089e-03   1.116560e-06   0.000000e+00   1.221715e-01   9.654002e-08 
          4193   3.476610e-07   1.308606e-03   2.243417e-03   1.116594e-06   0.000000e+00   1.221644e-01   9.651779e-08 
          4194   3.471385e-07   1.308604e-03   2.242745e-03   1.116607e-06   0.000000e+00   1.221573e-01   9.649558e-08 
          4195   3.463068e-07   1.308602e-03   2.242074e-03   1.116541e-06   0.000000e+00   1.221502e-01   9.647337e-08 
          4196   3.457756e-07   1.308600e-03   2.241404e-03   1.116402e-06   0.000000e+00   1.221431e-01   9.645117e-08 
          4197   3.457362e-07   1.308598e-03   2.240739e-03   1.116226e-06   0.000000e+00   1.221361e-01   9.642899e-08 
          4198   3.460895e-07   1.308597e-03   2.240075e-03   1.116050e-06   0.000000e+00   1.221290e-01   9.640681e-08 
          4199   3.467099e-07   1.308595e-03   2.239414e-03   1.115905e-06   0.000000e+00   1.221219e-01   9.638463e-08 
          4200   3.474319e-07   1.308593e-03   2.238755e-03   1.115807e-06   0.000000e+00   1.221149e-01   9.636247e-08 
          4201   3.481554e-07   1.308591e-03   2.238098e-03   1.115753e-06   0.000000e+00   1.221078e-01   9.634032e-08 
          4202   3.488213e-07   1.308589e-03   2.237441e-03   1.115725e-06   0.000000e+00   1.221008e-01   9.631817e-08 
          4203   3.493942e-07   1.308587e-03   2.236783e-03   1.115707e-06   0.000000e+00   1.220937e-01   9.629604e-08 
          4204   3.498540e-07   1.308586e-03   2.236128e-03   1.115685e-06   0.000000e+00   1.220867e-01   9.627391e-08 
          4205   3.501881e-07   1.308584e-03   2.235474e-03   1.115645e-06   0.000000e+00   1.220796e-01   9.625179e-08 
          4206   3.496999e-07   1.308582e-03   2.234820e-03   1.115685e-06   0.000000e+00   1.220726e-01   9.622968e-08 
          4207   3.489901e-07   1.308580e-03   2.234168e-03   1.115758e-06   0.000000e+00   1.220655e-01   9.620758e-08 
          4208   3.478088e-07   1.308578e-03   2.233518e-03   1.115692e-06   0.000000e+00   1.220585e-01   9.618548e-08 
          4209   3.472820e-07   1.308576e-03   2.232870e-03   1.115512e-06   0.000000e+00   1.220514e-01   9.616340e-08 
          4210   3.471540e-07   1.308574e-03   2.232225e-03   1.115296e-06   0.000000e+00   1.220444e-01   9.614132e-08 
          4211   3.471791e-07   1.308572e-03   2.231582e-03   1.115113e-06   0.000000e+00   1.220374e-01   9.611925e-08 
          4212   3.472210e-07   1.308571e-03   2.230940e-03   1.115001e-06   0.000000e+00   1.220304e-01   9.609719e-08 
          4213   3.472644e-07   1.308569e-03   2.230299e-03   1.114965e-06   0.000000e+00   1.220233e-01   9.607514e-08 
          4214   3.473530e-07   1.308567e-03   2.229659e-03   1.114976e-06   0.000000e+00   1.220163e-01   9.605310e-08 
          4215   3.475237e-07   1.308565e-03   2.229020e-03   1.114998e-06   0.000000e+00   1.220093e-01   9.603107e-08 
          4216   3.477740e-07   1.308563e-03   2.228383e-03   1.115000e-06   0.000000e+00   1.220023e-01   9.600904e-08 
          4217   3.480640e-07   1.308561e-03   2.227746e-03   1.114967e-06   0.000000e+00   1.219953e-01   9.598702e-08 
          4218   3.483389e-07   1.308559e-03   2.227111e-03   1.114899e-06   0.000000e+00   1.219883e-01   9.596501e-08 
          4219   3.485540e-07   1.308557e-03   2.226478e-03   1.114807e-06   0.000000e+00   1.219812e-01   9.594301e-08 
          4220   3.486894e-07   1.308555e-03   2.225846e-03   1.114711e-06   0.000000e+00   1.219742e-01   9.592102e-08 
          4221   3.487510e-07   1.308553e-03   2.225215e-03   1.114624e-06   0.000000e+00   1.219672e-01   9.589904e-08 
          4222   3.487615e-07   1.308552e-03   2.224586e-03   1.114554e-06   0.000000e+00   1.219602e-01   9.587706e-08 
          4223   3.487487e-07   1.308550e-03   2.223958e-03   1.114500e-06   0.000000e+00   1.219533e-01   9.585509e-08 
          4224   3.487368e-07   1.308548e-03   2.223332e-03   1.114456e-06   0.000000e+00   1.219463e-01   9.583313e-08 
          4225   3.487408e-07   1.308546e-03   2.222707e-03   1.114414e-06   0.000000e+00   1.219393e-01   9.581118e-08 
          4226   3.487671e-07   1.308544e-03   2.221938e-03   1.114369e-06   0.000000e+00   1.219323e-01   9.578924e-08 
          4227   3.488157e-07   1.308542e-03   2.220736e-03   1.114317e-06   0.000000e+00   1.219253e-01   9.576731e-08 
          4228   3.488828e-07   1.308540e-03   2.219230e-03   1.114265e-06   0.000000e+00   1.219183e-01   9.574538e-08 
          4229   3.489627e-07   1.308538e-03   2.217496e-03   1.114216e-06   0.000000e+00   1.219114e-01   9.572347e-08 
          4230   3.490491e-07   1.308536e-03   2.215584e-03   1.114170e-06   0.000000e+00   1.219044e-01   9.570156e-08 
          4231   3.491354e-07   1.308534e-03   2.213534e-03   1.114128e-06   0.000000e+00   1.218974e-01   9.567966e-08 
          4232   3.492148e-07   1.308532e-03   2.211377e-03   1.114086e-06   0.000000e+00   1.218904e-01   9.565776e-08 
          4233   3.492814e-07   1.308530e-03   2.209138e-03   1.114041e-06   0.000000e+00   1.218835e-01   9.563588e-08 
          4234   3.493307e-07   1.308528e-03   2.206839e-03   1.113990e-06   0.000000e+00   1.218765e-01   9.561401e-08 
          4235   3.493584e-07   1.308526e-03   2.204493e-03   1.113932e-06   0.000000e+00   1.218696e-01   9.559214e-08 
          4236   3.493661e-07   1.308525e-03   2.202115e-03   1.113877e-06   0.000000e+00   1.218626e-01   9.557028e-08 
          4237   3.493606e-07   1.308523e-03   2.199715e-03   1.113818e-06   0.000000e+00   1.218557e-01   9.554843e-08 
          4238   3.493472e-07   1.308521e-03   2.197299e-03   1.113753e-06   0.000000e+00   1.218487e-01   9.552659e-08 
          4239   3.493326e-07   1.308519e-03   2.194874e-03   1.113687e-06   0.000000e+00   1.218418e-01   9.550475e-08 
          4240   3.493217e-07   1.308517e-03   2.192445e-03   1.113625e-06   0.000000e+00   1.218348e-01   9.548293e-08 
          4241   3.493388e-07   1.308515e-03   2.190016e-03   1.113565e-06   0.000000e+00   1.218279e-01   9.546111e-08 
          4242   3.493642e-07   1.308513e-03   2.187585e-03   1.113513e-06   0.000000e+00   1.218209e-01   9.543930e-08 
          4243   3.493986e-07   1.308511e-03   2.185157e-03   1.113470e-06   0.000000e+00   1.218140e-01   9.541750e-08 
          4244   3.494404e-07   1.308509e-03   2.182734e-03   1.113433e-06   0.000000e+00   1.218071e-01   9.539570e-08 
          4245   3.494863e-07   1.308507e-03   2.180319e-03   1.113398e-06   0.000000e+00   1.218001e-01   9.537392e-08 
          4246   3.495352e-07   1.308505e-03   2.177909e-03   1.113360e-06   0.000000e+00   1.217932e-01   9.535214e-08 
          4247   3.495862e-07   1.308503e-03   2.175507e-03   1.113323e-06   0.000000e+00   1.217863e-01   9.533037e-08 
          4248   3.496383e-07   1.308501e-03   2.173113e-03   1.113288e-06   0.000000e+00   1.217794e-01   9.530861e-08 
          4249   3.496910e-07   1.308499e-03   2.170727e-03   1.113258e-06   0.000000e+00   1.217725e-01   9.528686e-08 
          4250   3.497188e-07   1.308497e-03   2.168349e-03   1.113231e-06   0.000000e+00   1.217655e-01   9.526512e-08 
          4251   3.497273e-07   1.308495e-03   2.165979e-03   1.113201e-06   0.000000e+00   1.217586e-01   9.524338e-08 
          4252   3.497362e-07   1.308493e-03   2.163618e-03   1.113167e-06   0.000000e+00   1.217517e-01   9.522165e-08 
          4253   3.497512e-07   1.308491e-03   2.161264e-03   1.113135e-06   0.000000e+00   1.217448e-01   9.519994e-08 
          4254   3.497796e-07   1.308489e-03   2.158919e-03   1.113105e-06   0.000000e+00   1.217379e-01   9.517822e-08 
          4255   3.498193e-07   1.308487e-03   2.156582e-03   1.113076e-06   0.000000e+00   1.217310e-01   9.515652e-08 
          4256   3.498540e-07   1.308485e-03   2.154252e-03   1.113047e-06   0.000000e+00   1.217241e-01   9.513483e-08 
          4257   3.498964e-07   1.308483e-03   2.151931e-03   1.113018e-06   0.000000e+00   1.217172e-01   9.511314e-08 
          4258   3.499422e-07   1.308480e-03   2.149617e-03   1.112991e-06   0.000000e+00   1.217103e-01   9.509146e-08 
          4259   3.499833e-07   1.308478e-03   2.147310e-03   1.112968e-06   0.000000e+00   1.217034e-01   9.506979e-08 
          4260   3.500237e-07   1.308476e-03   2.145011e-03   1.112948e-06   0.000000e+00   1.216965e-01   9.504813e-08 
          4261   3.500932e-07   1.308474e-03   2.142719e-03   1.112927e-06   0.000000e+00   1.216896e-01   9.502648e-08 
          4262   3.501651e-07   1.308472e-03   2.140434e-03   1.112905e-06   0.000000e+00   1.216827e-01   9.500483e-08 
          4263   3.502402e-07   1.308470e-03   2.138156e-03   1.112883e-06   0.000000e+00   1.216758e-01   9.498319e-08 
          4264   3.503161e-07   1.308468e-03   2.135885e-03   1.112861e-06   0.000000e+00   1.216690e-01   9.496157e-08 
          4265   3.503900e-07   1.308466e-03   2.133620e-03   1.112838e-06   0.000000e+00   1.216621e-01   9.493994e-08 
          4266   3.504613e-07   1.308464e-03   2.131362e-03   1.112815e-06   0.000000e+00   1.216552e-01   9.491833e-08 
          4267   3.505290e-07   1.308462e-03   2.129109e-03   1.112792e-06   0.000000e+00   1.216483e-01   9.489673e-08 
          4268   3.505932e-07   1.308460e-03   2.126863e-03   1.112768e-06   0.000000e+00   1.216414e-01   9.487513e-08 
          4269   3.506542e-07   1.308458e-03   2.124623e-03   1.112745e-06   0.000000e+00   1.216346e-01   9.485354e-08 
          4270   3.507123e-07   1.308456e-03   2.122389e-03   1.112719e-06   0.000000e+00   1.216277e-01   9.483196e-08 
          4271   3.507683e-07   1.308454e-03   2.120160e-03   1.112693e-06   0.000000e+00   1.216208e-01   9.481039e-08 
          4272   3.508227e-07   1.308452e-03   2.117937e-03   1.112665e-06   0.000000e+00   1.216139e-01   9.478883e-08 
          4273   3.508763e-07   1.308450e-03   2.115720e-03   1.112639e-06   0.000000e+00   1.216071e-01   9.476727e-08 
          4274   3.509296e-07   1.308447e-03   2.113509e-03   1.112612e-06   0.000000e+00   1.216002e-01   9.474572e-08 
          4275   3.509826e-07   1.308445e-03   2.111302e-03   1.112586e-06   0.000000e+00   1.215933e-01   9.472418e-08 
          4276   3.510310e-07   1.308443e-03   2.109101e-03   1.112559e-06   0.000000e+00   1.215865e-01   9.470265e-08 
          4277   3.510706e-07   1.308441e-03   2.106905e-03   1.112534e-06   0.000000e+00   1.215796e-01   9.468113e-08 
          4278   3.510860e-07   1.308439e-03   2.104715e-03   1.112512e-06   0.000000e+00   1.215728e-01   9.465961e-08 
          4279   3.511251e-07   1.308437e-03   2.102529e-03   1.112489e-06   0.000000e+00   1.215659e-01   9.463811e-08 
          4280   3.511784e-07   1.308435e-03   2.100348e-03   1.112464e-06   0.000000e+00   1.215591e-01   9.461661e-08 
          4281   3.512352e-07   1.308433e-03   2.098172e-03   1.112437e-06   0.000000e+00   1.215522e-01   9.459512e-08 
          4282   3.512890e-07   1.308431e-03   2.096001e-03   1.112406e-06   0.000000e+00   1.215454e-01   9.457364e-08 
          4283   3.513374e-07   1.308429e-03   2.093835e-03   1.112375e-06   0.000000e+00   1.215385e-01   9.455216e-08 
          4284   3.513806e-07   1.308426e-03   2.091673e-03   1.112342e-06   0.000000e+00   1.215317e-01   9.453069e-08 
          4285   3.514209e-07   1.308424e-03   2.089516e-03   1.112310e-06   0.000000e+00   1.215248e-01   9.450924e-08 
          4286   3.514608e-07   1.308422e-03   2.087363e-03   1.112277e-06   0.000000e+00   1.215180e-01   9.448779e-08 
          4287   3.515022e-07   1.308420e-03   2.085215e-03   1.112246e-06   0.000000e+00   1.215111e-01   9.446634e-08 
          4288   3.515463e-07   1.308418e-03   2.083072e-03   1.112215e-06   0.000000e+00   1.215043e-01   9.444491e-08 
          4289   3.515936e-07   1.308416e-03   2.080932e-03   1.112184e-06   0.000000e+00   1.214975e-01   9.442348e-08 
          4290   3.516437e-07   1.308414e-03   2.078797e-03   1.112153e-06   0.000000e+00   1.214906e-01   9.440207e-08 
          4291   3.516956e-07   1.308412e-03   2.076666e-03   1.112121e-06   0.000000e+00   1.214838e-01   9.438066e-08 
          4292   3.517478e-07   1.308409e-03   2.074540e-03   1.112089e-06   0.000000e+00   1.214770e-01   9.435925e-08 
          4293   3.518020e-07   1.308407e-03   2.072418e-03   1.112056e-06   0.000000e+00   1.214702e-01   9.433786e-08 
          4294   3.518572e-07   1.308405e-03   2.070299e-03   1.112021e-06   0.000000e+00   1.214633e-01   9.431647e-08 
          4295   3.519118e-07   1.308403e-03   2.068185e-03   1.111985e-06   0.000000e+00   1.214565e-01   9.429510e-08 
          4296   3.519624e-07   1.308401e-03   2.066075e-03   1.111949e-06   0.000000e+00   1.214497e-01   9.427373e-08 
          4297   3.520113e-07   1.308399e-03   2.063969e-03   1.111912e-06   0.000000e+00   1.214429e-01   9.425237e-08 
          4298   3.520769e-07   1.308396e-03   2.061866e-03   1.111873e-06   0.000000e+00   1.214361e-01   9.423101e-08 
          4299   3.521488e-07   1.308394e-03   2.059769e-03   1.111834e-06   0.000000e+00   1.214293e-01   9.420967e-08 
          4300   3.521993e-07   1.308392e-03   2.057674e-03   1.111792e-06   0.000000e+00   1.214225e-01   9.418833e-08 
          4301   3.522323e-07   1.308390e-03   2.055585e-03   1.111746e-06   0.000000e+00   1.214156e-01   9.416700e-08 
          4302   3.522772e-07   1.308388e-03   2.053501e-03   1.111693e-06   0.000000e+00   1.214088e-01   9.414568e-08 
          4303   3.523261e-07   1.308386e-03   2.051421e-03   1.111643e-06   0.000000e+00   1.214021e-01   9.412437e-08 
          4304   3.523754e-07   1.308383e-03   2.049346e-03   1.111597e-06   0.000000e+00   1.213953e-01   9.410306e-08 
          4305   3.524238e-07   1.308381e-03   2.047276e-03   1.111556e-06   0.000000e+00   1.213885e-01   9.408176e-08 
          4306   3.524712e-07   1.308379e-03   2.045210e-03   1.111517e-06   0.000000e+00   1.213817e-01   9.406047e-08 
          4307   3.525179e-07   1.308377e-03   2.043148e-03   1.111478e-06   0.000000e+00   1.213749e-01   9.403919e-08 
          4308   3.525642e-07   1.308375e-03   2.041090e-03   1.111437e-06   0.000000e+00   1.213681e-01   9.401792e-08 
          4309   3.498336e-07   1.308372e-03   2.039037e-03   1.111364e-06   0.000000e+00   1.213613e-01   9.399665e-08 
          4310   3.486501e-07   1.308370e-03   2.036987e-03   1.111301e-06   0.000000e+00   1.213546e-01   9.397540e-08 
          4311   3.490527e-07   1.308368e-03   2.034942e-03   1.111237e-06   0.000000e+00   1.213478e-01   9.395415e-08 
          4312   3.501337e-07   1.308366e-03   2.032901e-03   1.111168e-06   0.000000e+00   1.213410e-01   9.393291e-08 
          4313   3.513733e-07   1.308364e-03   2.030864e-03   1.111099e-06   0.000000e+00   1.213342e-01   9.391167e-08 
          4314   3.525543e-07   1.308361e-03   2.028831e-03   1.111039e-06   0.000000e+00   1.213275e-01   9.389045e-08 
          4315   3.536051e-07   1.308359e-03   2.026802e-03   1.110993e-06   0.000000e+00   1.213207e-01   9.386923e-08 
          4316   3.545148e-07   1.308357e-03   2.024776e-03   1.110959e-06   0.000000e+00   1.213140e-01   9.384802e-08 
          4317   3.552891e-07   1.308355e-03   2.022754e-03   1.110928e-06   0.000000e+00   1.213072e-01   9.382682e-08 
          4318   3.559416e-07   1.308353e-03   2.020736e-03   1.110879e-06   0.000000e+00   1.213005e-01   9.380562e-08 
          4319   3.564828e-07   1.308350e-03   2.018722e-03   1.110821e-06   0.000000e+00   1.212937e-01   9.378444e-08 
          4320   3.569232e-07   1.308348e-03   2.016712e-03   1.110752e-06   0.000000e+00   1.212870e-01   9.376326e-08 
          4321   3.572762e-07   1.308346e-03   2.014705e-03   1.110679e-06   0.000000e+00   1.212802e-01   9.374209e-08 
          4322   3.575573e-07   1.308344e-03   2.012703e-03   1.110608e-06   0.000000e+00   1.212735e-01   9.372093e-08 
          4323   3.577814e-07   1.308341e-03   2.010705e-03   1.110547e-06   0.000000e+00   1.212668e-01   9.369978e-08 
          4324   3.579613e-07   1.308339e-03   2.008710e-03   1.110499e-06   0.000000e+00   1.212600e-01   9.367863e-08 
          4325   3.581065e-07   1.308337e-03   2.006720e-03   1.110457e-06   0.000000e+00   1.212533e-01   9.365749e-08 
          4326   3.582229e-07   1.308335e-03   2.004733e-03   1.110417e-06   0.000000e+00   1.212466e-01   9.363636e-08 
          4327   3.583151e-07   1.308332e-03   2.002751e-03   1.110370e-06   0.000000e+00   1.212399e-01   9.361524e-08 
          4328   3.583917e-07   1.308330e-03   2.000771e-03   1.110344e-06   0.000000e+00   1.212332e-01   9.359412e-08 
          4329   3.584774e-07   1.308328e-03   1.998796e-03   1.110478e-06   0.000000e+00   1.212264e-01   9.357302e-08 
          4330   3.585714e-07   1.308326e-03   1.996823e-03   1.110622e-06   0.000000e+00   1.212197e-01   9.355192e-08 
          4331   3.586608e-07   1.308323e-03   1.994853e-03   1.110694e-06   0.000000e+00   1.212130e-01   9.353083e-08 
          4332   3.587347e-07   1.308321e-03   1.992888e-03   1.110660e-06   0.000000e+00   1.212063e-01   9.350975e-08 
          4333   3.587886e-07   1.308319e-03   1.990929e-03   1.110534e-06   0.000000e+00   1.211996e-01   9.348867e-08 
          4334   3.588249e-07   1.308317e-03   1.988973e-03   1.110359e-06   0.000000e+00   1.211929e-01   9.346761e-08 
          4335   3.588534e-07   1.308314e-03   1.987022e-03   1.110188e-06   0.000000e+00   1.211863e-01   9.344655e-08 
          4336   3.588921e-07   1.308312e-03   1.985075e-03   1.110064e-06   0.000000e+00   1.211796e-01   9.342550e-08 
          4337   3.589430e-07   1.308310e-03   1.983123e-03   1.110001e-06   0.000000e+00   1.211729e-01   9.340445e-08 
          4338   3.590083e-07   1.308308e-03   1.981185e-03   1.109966e-06   0.000000e+00   1.211662e-01   9.338342e-08 
          4339   3.590873e-07   1.308305e-03   1.979252e-03   1.109935e-06   0.000000e+00   1.211595e-01   9.336239e-08 
          4340   3.591756e-07   1.308303e-03   1.977322e-03   1.109891e-06   0.000000e+00   1.211529e-01   9.334137e-08 
          4341   3.592657e-07   1.308301e-03   1.975396e-03   1.109824e-06   0.000000e+00   1.211462e-01   9.332036e-08 
          4342   3.593473e-07   1.308298e-03   1.973474e-03   1.109736e-06   0.000000e+00   1.211395e-01   9.329936e-08 
          4343   3.594218e-07   1.308296e-03   1.971557e-03   1.109640e-06   0.000000e+00   1.211329e-01   9.327836e-08 
          4344   3.594910e-07   1.308294e-03   1.969644e-03   1.109550e-06   0.000000e+00   1.211262e-01   9.325737e-08 
          4345   3.595577e-07   1.308292e-03   1.967735e-03   1.109478e-06   0.000000e+00   1.211196e-01   9.323639e-08 
          4346   3.596247e-07   1.308289e-03   1.965830e-03   1.109425e-06   0.000000e+00   1.211129e-01   9.321542e-08 
          4347   3.596937e-07   1.308287e-03   1.963929e-03   1.109387e-06   0.000000e+00   1.211063e-01   9.319446e-08 
          4348   3.598375e-07   1.308285e-03   1.962031e-03   1.109352e-06   0.000000e+00   1.210997e-01   9.317350e-08 
          4349   3.597517e-07   1.308282e-03   1.960137e-03   1.109387e-06   0.000000e+00   1.210930e-01   9.315255e-08 
          4350   3.597184e-07   1.308280e-03   1.958250e-03   1.109508e-06   0.000000e+00   1.210864e-01   9.313161e-08 
          4351   3.598277e-07   1.308278e-03   1.956369e-03   1.109695e-06   0.000000e+00   1.210798e-01   9.311068e-08 
          4352   3.600795e-07   1.308275e-03   1.954492e-03   1.109904e-06   0.000000e+00   1.210731e-01   9.308975e-08 
          4353   3.604616e-07   1.308273e-03   1.952618e-03   1.110110e-06   0.000000e+00   1.210665e-01   9.306883e-08 
          4354   3.609360e-07   1.308271e-03   1.950747e-03   1.110301e-06   0.000000e+00   1.210599e-01   9.304792e-08 
          4355   3.614453e-07   1.308269e-03   1.948879e-03   1.110473e-06   0.000000e+00   1.210533e-01   9.302702e-08 
          4356   3.619294e-07   1.308266e-03   1.947014e-03   1.110616e-06   0.000000e+00   1.210467e-01   9.300612e-08 
          4357   3.623252e-07   1.308264e-03   1.945154e-03   1.110717e-06   0.000000e+00   1.210401e-01   9.298523e-08 
          4358   3.626077e-07   1.308262e-03   1.943297e-03   1.110768e-06   0.000000e+00   1.210335e-01   9.296435e-08 
          4359   3.627823e-07   1.308259e-03   1.941445e-03   1.110775e-06   0.000000e+00   1.210269e-01   9.294348e-08 
          4360   3.628666e-07   1.308257e-03   1.939596e-03   1.110749e-06   0.000000e+00   1.210203e-01   9.292262e-08 
          4361   3.592404e-07   1.308255e-03   1.937752e-03   1.110677e-06   0.000000e+00   1.210138e-01   9.290176e-08 
          4362   3.507997e-07   1.308252e-03   1.935911e-03   1.110546e-06   0.000000e+00   1.210072e-01   9.288091e-08 
          4363   3.463817e-07   1.308250e-03   1.934074e-03   1.110456e-06   0.000000e+00   1.210006e-01   9.286007e-08 
          4364   3.435741e-07   1.308247e-03   1.932240e-03   1.110417e-06   0.000000e+00   1.209940e-01   9.283923e-08 
          4365   3.417309e-07   1.308245e-03   1.930407e-03   1.110392e-06   0.000000e+00   1.209875e-01   9.281841e-08 
          4366   3.404623e-07   1.308243e-03   1.928578e-03   1.110365e-06   0.000000e+00   1.209809e-01   9.279759e-08 
          4367   3.395239e-07   1.308240e-03   1.926753e-03   1.110331e-06   0.000000e+00   1.209744e-01   9.277677e-08 
          4368   3.391564e-07   1.308238e-03   1.924933e-03   1.110155e-06   0.000000e+00   1.209678e-01   9.275597e-08 
          4369   3.391273e-07   1.308236e-03   1.923114e-03   1.109805e-06   0.000000e+00   1.209613e-01   9.273517e-08 
          4370   3.390593e-07   1.308233e-03   1.921298e-03   1.109359e-06   0.000000e+00   1.209547e-01   9.271438e-08 
          4371   3.389405e-07   1.308231e-03   1.919486e-03   1.108886e-06   0.000000e+00   1.209482e-01   9.269360e-08 
          4372   3.388112e-07   1.308229e-03   1.917677e-03   1.108465e-06   0.000000e+00   1.209416e-01   9.267283e-08 
          4373   3.387148e-07   1.308226e-03   1.915873e-03   1.108130e-06   0.000000e+00   1.209351e-01   9.265206e-08 
          4374   3.386820e-07   1.308224e-03   1.914073e-03   1.107882e-06   0.000000e+00   1.209286e-01   9.263131e-08 
          4375   3.387260e-07   1.308221e-03   1.912276e-03   1.107702e-06   0.000000e+00   1.209221e-01   9.261055e-08 
          4376   3.388428e-07   1.308219e-03   1.910484e-03   1.107569e-06   0.000000e+00   1.209156e-01   9.258981e-08 
          4377   3.390161e-07   1.308217e-03   1.908696e-03   1.107466e-06   0.000000e+00   1.209091e-01   9.256908e-08 
          4378   3.315402e-07   1.308214e-03   1.906912e-03   1.107375e-06   0.000000e+00   1.209026e-01   9.254835e-08 
          4379   3.235867e-07   1.308212e-03   1.905128e-03   1.107302e-06   0.000000e+00   1.208961e-01   9.252763e-08 
          4380   3.197084e-07   1.308210e-03   1.903347e-03   1.107248e-06   0.000000e+00   1.208896e-01   9.250691e-08 
          4381   3.181710e-07   1.308207e-03   1.901568e-03   1.107243e-06   0.000000e+00   1.208831e-01   9.248621e-08 
          4382   3.179007e-07   1.308205e-03   1.899793e-03   1.107218e-06   0.000000e+00   1.208766e-01   9.246551e-08 
          4383   3.182544e-07   1.308202e-03   1.898023e-03   1.107129e-06   0.000000e+00   1.208701e-01   9.244482e-08 
          4384   3.188701e-07   1.308200e-03   1.896256e-03   1.106985e-06   0.000000e+00   1.208636e-01   9.242414e-08 
          4385   3.195530e-07   1.308198e-03   1.894494e-03   1.106823e-06   0.000000e+00   1.208572e-01   9.240346e-08 
          4386   3.202029e-07   1.308195e-03   1.892737e-03   1.106680e-06   0.000000e+00   1.208507e-01   9.238280e-08 
          4387   3.207743e-07   1.308193e-03   1.890984e-03   1.106579e-06   0.000000e+00   1.208442e-01   9.236214e-08 
          4388   3.212560e-07   1.308190e-03   1.889236e-03   1.106517e-06   0.000000e+00   1.208378e-01   9.234148e-08 
          4389   3.216530e-07   1.308188e-03   1.887493e-03   1.106476e-06   0.000000e+00   1.208313e-01   9.232084e-08 
          4390   3.219779e-07   1.308185e-03   1.885754e-03   1.106432e-06   0.000000e+00   1.208249e-01   9.230020e-08 
          4391   3.222489e-07   1.308183e-03   1.884020e-03   1.106368e-06   0.000000e+00   1.208184e-01   9.227957e-08 
          4392   3.224725e-07   1.308181e-03   1.882291e-03   1.106281e-06   0.000000e+00   1.208120e-01   9.225895e-08 
          4393   3.226518e-07   1.308178e-03   1.880567e-03   1.106181e-06   0.000000e+00   1.208056e-01   9.223834e-08 
          4394   3.227865e-07   1.308176e-03   1.878847e-03   1.106084e-06   0.000000e+00   1.207991e-01   9.221773e-08 
          4395   3.228966e-07   1.308173e-03   1.877132e-03   1.106012e-06   0.000000e+00   1.207927e-01   9.219713e-08 
          4396   3.229855e-07   1.308171e-03   1.875422e-03   1.105953e-06   0.000000e+00   1.207863e-01   9.217654e-08 
          4397   3.230543e-07   1.308168e-03   1.873716e-03   1.105882e-06   0.000000e+00   1.207799e-01   9.215595e-08 
          4398   3.231061e-07   1.308166e-03   1.872015e-03   1.105798e-06   0.000000e+00   1.207734e-01   9.213538e-08 
          4399   3.231441e-07   1.308163e-03   1.870319e-03   1.105708e-06   0.000000e+00   1.207670e-01   9.211481e-08 
          4400   3.231709e-07   1.308161e-03   1.868627e-03   1.105619e-06   0.000000e+00   1.207606e-01   9.209425e-08 
          4401   3.231895e-07   1.308159e-03   1.866941e-03   1.105532e-06   0.000000e+00   1.207542e-01   9.207369e-08 
          4402   3.232027e-07   1.308156e-03   1.865259e-03   1.105448e-06   0.000000e+00   1.207478e-01   9.205315e-08 
          4403   3.232119e-07   1.308154e-03   1.863582e-03   1.105369e-06   0.000000e+00   1.207414e-01   9.203261e-08 
          4404   3.232137e-07   1.308151e-03   1.861909e-03   1.105294e-06   0.000000e+00   1.207351e-01   9.201208e-08 
          4405   3.232084e-07   1.308149e-03   1.860242e-03   1.105223e-06   0.000000e+00   1.207287e-01   9.199155e-08 
          4406   3.231999e-07   1.308146e-03   1.858580e-03   1.105157e-06   0.000000e+00   1.207223e-01   9.197104e-08 
          4407   3.231901e-07   1.308144e-03   1.856923e-03   1.105091e-06   0.000000e+00   1.207159e-01   9.195053e-08 
          4408   3.231796e-07   1.308141e-03   1.855272e-03   1.105024e-06   0.000000e+00   1.207096e-01   9.193003e-08 
          4409   3.231692e-07   1.308139e-03   1.853627e-03   1.104953e-06   0.000000e+00   1.207032e-01   9.190954e-08 
          4410   3.231591e-07   1.308136e-03   1.851986e-03   1.104879e-06   0.000000e+00   1.206968e-01   9.188905e-08 
          4411   3.231495e-07   1.308134e-03   1.850351e-03   1.104803e-06   0.000000e+00   1.206905e-01   9.186857e-08 
          4412   3.231406e-07   1.308131e-03   1.848721e-03   1.104727e-06   0.000000e+00   1.206841e-01   9.184810e-08 
          4413   3.231321e-07   1.308129e-03   1.847096e-03   1.104652e-06   0.000000e+00   1.206778e-01   9.182764e-08 
          4414   3.231239e-07   1.308126e-03   1.845475e-03   1.104577e-06   0.000000e+00   1.206714e-01   9.180718e-08 
          4415   3.231157e-07   1.308124e-03   1.843858e-03   1.104504e-06   0.000000e+00   1.206651e-01   9.178674e-08 
          4416   3.231073e-07   1.308121e-03   1.842246e-03   1.104431e-06   0.000000e+00   1.206587e-01   9.176630e-08 
          4417   3.230983e-07   1.308119e-03   1.840638e-03   1.104356e-06   0.000000e+00   1.206524e-01   9.174586e-08 
          4418   3.230887e-07   1.308116e-03   1.839035e-03   1.104280e-06   0.000000e+00   1.206461e-01   9.172544e-08 
          4419   3.230785e-07   1.308114e-03   1.837437e-03   1.104202e-06   0.000000e+00   1.206398e-01   9.170502e-08 
          4420   3.230679e-07   1.308111e-03   1.835844e-03   1.104124e-06   0.000000e+00   1.206334e-01   9.168461e-08 
          4421   3.230571e-07   1.308109e-03   1.834255e-03   1.104047e-06   0.000000e+00   1.206271e-01   9.166421e-08 
          4422   3.230461e-07   1.308106e-03   1.832672e-03   1.103971e-06   0.000000e+00   1.206208e-01   9.164381e-08 
          4423   3.230350e-07   1.308104e-03   1.831094e-03   1.103896e-06   0.000000e+00   1.206145e-01   9.162342e-08 
          4424   3.230237e-07   1.308101e-03   1.829522e-03   1.103821e-06   0.000000e+00   1.206082e-01   9.160304e-08 
          4425   3.230125e-07   1.308099e-03   1.827956e-03   1.103742e-06   0.000000e+00   1.206019e-01   9.158267e-08 
          4426   3.229386e-07   1.308096e-03   1.826395e-03   1.103662e-06   0.000000e+00   1.205956e-01   9.156231e-08 
          4427   3.228748e-07   1.308094e-03   1.824839e-03   1.103576e-06   0.000000e+00   1.205893e-01   9.154195e-08 
          4428   3.228604e-07   1.308091e-03   1.823289e-03   1.103476e-06   0.000000e+00   1.205830e-01   9.152160e-08 
          4429   3.228750e-07   1.308089e-03   1.821745e-03   1.103360e-06   0.000000e+00   1.205767e-01   9.150126e-08 
          4430   3.229013e-07   1.308086e-03   1.820206e-03   1.103247e-06   0.000000e+00   1.205705e-01   9.148092e-08 
          4431   3.229283e-07   1.308084e-03   1.818672e-03   1.103155e-06   0.000000e+00   1.205642e-01   9.146060e-08 
          4432   3.229505e-07   1.308081e-03   1.817144e-03   1.103085e-06   0.000000e+00   1.205579e-01   9.144028e-08 
          4433   3.229665e-07   1.308078e-03   1.815620e-03   1.103025e-06   0.000000e+00   1.205516e-01   9.141997e-08 
          4434   3.229768e-07   1.308076e-03   1.814101e-03   1.102964e-06   0.000000e+00   1.205454e-01   9.139966e-08 
          4435   3.229841e-07   1.308073e-03   1.812587e-03   1.102897e-06   0.000000e+00   1.205391e-01   9.137936e-08 
          4436   3.229901e-07   1.308071e-03   1.811078e-03   1.102822e-06   0.000000e+00   1.205329e-01   9.135908e-08 
          4437   3.229956e-07   1.308068e-03   1.809574e-03   1.102743e-06   0.000000e+00   1.205266e-01   9.133879e-08 
          4438   3.230009e-07   1.308066e-03   1.808075e-03   1.102663e-06   0.000000e+00   1.205204e-01   9.131852e-08 
          4439   3.230060e-07   1.308063e-03   1.806583e-03   1.102585e-06   0.000000e+00   1.205141e-01   9.129825e-08 
          4440   3.230106e-07   1.308061e-03   1.805096e-03   1.102508e-06   0.000000e+00   1.205079e-01   9.127799e-08 
          4441   3.230144e-07   1.308058e-03   1.803614e-03   1.102432e-06   0.000000e+00   1.205016e-01   9.125774e-08 
          4442   3.230168e-07   1.308055e-03   1.802137e-03   1.102356e-06   0.000000e+00   1.204954e-01   9.123750e-08 
          4443   3.230182e-07   1.308053e-03   1.800665e-03   1.102280e-06   0.000000e+00   1.204892e-01   9.121726e-08 
          4444   3.230183e-07   1.308050e-03   1.799200e-03   1.102204e-06   0.000000e+00   1.204829e-01   9.119703e-08 
          4445   3.230168e-07   1.308048e-03   1.797740e-03   1.102128e-06   0.000000e+00   1.204767e-01   9.117681e-08 
          4446   3.230096e-07   1.308045e-03   1.796285e-03   1.102051e-06   0.000000e+00   1.204705e-01   9.115660e-08 
          4447   3.229862e-07   1.308042e-03   1.794836e-03   1.101971e-06   0.000000e+00   1.204643e-01   9.113639e-08 
          4448   3.229610e-07   1.308040e-03   1.793393e-03   1.101886e-06   0.000000e+00   1.204581e-01   9.111619e-08 
          4449   3.229496e-07   1.308037e-03   1.791956e-03   1.101794e-06   0.000000e+00   1.204519e-01   9.109600e-08 
          4450   3.229526e-07   1.308035e-03   1.790524e-03   1.101694e-06   0.000000e+00   1.204457e-01   9.107581e-08 
          4451   3.229604e-07   1.308032e-03   1.789098e-03   1.101587e-06   0.000000e+00   1.204395e-01   9.105564e-08 
          4452   3.229565e-07   1.308029e-03   1.787677e-03   1.101473e-06   0.000000e+00   1.204333e-01   9.103547e-08 
          4453   3.229303e-07   1.308027e-03   1.786262e-03   1.101355e-06   0.000000e+00   1.204271e-01   9.101531e-08 
          4454   3.228866e-07   1.308024e-03   1.784852e-03   1.101235e-06   0.000000e+00   1.204209e-01   9.099515e-08 
          4455   3.228266e-07   1.308022e-03   1.783449e-03   1.101117e-06   0.000000e+00   1.204147e-01   9.097500e-08 
          4456   3.227401e-07   1.308019e-03   1.782050e-03   1.101011e-06   0.000000e+00   1.204085e-01   9.095487e-08 
          4457   3.226359e-07   1.308016e-03   1.780656e-03   1.100911e-06   0.000000e+00   1.204023e-01   9.093473e-08 
          4458   3.225493e-07   1.308014e-03   1.779267e-03   1.100808e-06   0.000000e+00   1.203962e-01   9.091461e-08 
          4459   3.224795e-07   1.308011e-03   1.777882e-03   1.100706e-06   0.000000e+00   1.203900e-01   9.089449e-08 
          4460   3.224267e-07   1.308008e-03   1.776502e-03   1.100608e-06   0.000000e+00   1.203838e-01   9.087438e-08 
          4461   3.223871e-07   1.308006e-03   1.775127e-03   1.100518e-06   0.000000e+00   1.203776e-01   9.085428e-08 
          4462   3.223628e-07   1.308003e-03   1.773757e-03   1.100439e-06   0.000000e+00   1.203715e-01   9.083419e-08 
          4463   3.223519e-07   1.308001e-03   1.772392e-03   1.100367e-06   0.000000e+00   1.203653e-01   9.081410e-08 
          4464   3.223514e-07   1.307998e-03   1.771032e-03   1.100300e-06   0.000000e+00   1.203591e-01   9.079402e-08 
          4465   3.223574e-07   1.307995e-03   1.769677e-03   1.100233e-06   0.000000e+00   1.203530e-01   9.077395e-08 
          4466   3.223667e-07   1.307993e-03   1.768328e-03   1.100165e-06   0.000000e+00   1.203468e-01   9.075388e-08 
          4467   3.223753e-07   1.307990e-03   1.766984e-03   1.100094e-06   0.000000e+00   1.203407e-01   9.073382e-08 
          4468   3.223810e-07   1.307987e-03   1.765646e-03   1.100020e-06   0.000000e+00   1.203345e-01   9.071377e-08 
          4469   3.223804e-07   1.307985e-03   1.764313e-03   1.099945e-06   0.000000e+00   1.203283e-01   9.069373e-08 
          4470   3.223742e-07   1.307982e-03   1.762985e-03   1.099871e-06   0.000000e+00   1.203222e-01   9.067369e-08 
          4471   3.223637e-07   1.307979e-03   1.761663e-03   1.099798e-06   0.000000e+00   1.203161e-01   9.065366e-08 
          4472   3.223494e-07   1.307977e-03   1.760346e-03   1.099727e-06   0.000000e+00   1.203099e-01   9.063364e-08 
          4473   3.223322e-07   1.307974e-03   1.759035e-03   1.099659e-06   0.000000e+00   1.203038e-01   9.061363e-08 
          4474   3.223127e-07   1.307971e-03   1.757729e-03   1.099590e-06   0.000000e+00   1.202976e-01   9.059362e-08 
          4475   3.222921e-07   1.307969e-03   1.756428e-03   1.099521e-06   0.000000e+00   1.202915e-01   9.057362e-08 
          4476   3.222573e-07   1.307966e-03   1.755133e-03   1.099454e-06   0.000000e+00   1.202853e-01   9.055363e-08 
          4477   3.222280e-07   1.307963e-03   1.753844e-03   1.099399e-06   0.000000e+00   1.202792e-01   9.053364e-08 
          4478   3.222059e-07   1.307961e-03   1.752560e-03   1.099343e-06   0.000000e+00   1.202731e-01   9.051366e-08 
          4479   3.221873e-07   1.307958e-03   1.751281e-03   1.099279e-06   0.000000e+00   1.202669e-01   9.049369e-08 
          4480   3.221706e-07   1.307955e-03   1.750008e-03   1.099204e-06   0.000000e+00   1.202608e-01   9.047372e-08 
          4481   3.221545e-07   1.307952e-03   1.748740e-03   1.099125e-06   0.000000e+00   1.202547e-01   9.045377e-08 
          4482   3.221394e-07   1.307950e-03   1.747478e-03   1.099047e-06   0.000000e+00   1.202486e-01   9.043382e-08 
          4483   3.199335e-07   1.307947e-03   1.746222e-03   1.098890e-06   0.000000e+00   1.202424e-01   9.041387e-08 
          4484   3.158484e-07   1.307944e-03   1.744970e-03   1.098647e-06   0.000000e+00   1.202363e-01   9.039394e-08 
          4485   3.141207e-07   1.307942e-03   1.743724e-03   1.098436e-06   0.000000e+00   1.202302e-01   9.037401e-08 
          4486   3.143584e-07   1.307939e-03   1.742485e-03   1.098252e-06   0.000000e+00   1.202241e-01   9.035408e-08 
          4487   3.157342e-07   1.307936e-03   1.741253e-03   1.098102e-06   0.000000e+00   1.202180e-01   9.033417e-08 
          4488   3.175153e-07   1.307933e-03   1.740028e-03   1.097990e-06   0.000000e+00   1.202118e-01   9.031426e-08 
          4489   3.192505e-07   1.307931e-03   1.738809e-03   1.097912e-06   0.000000e+00   1.202057e-01   9.029436e-08 
          4490   3.207410e-07   1.307928e-03   1.737595e-03   1.097856e-06   0.000000e+00   1.201996e-01   9.027447e-08 
          4491   3.219461e-07   1.307925e-03   1.736385e-03   1.097810e-06   0.000000e+00   1.201935e-01   9.025458e-08 
          4492   3.228914e-07   1.307922e-03   1.735180e-03   1.097767e-06   0.000000e+00   1.201874e-01   9.023470e-08 
          4493   3.236248e-07   1.307920e-03   1.733981e-03   1.097723e-06   0.000000e+00   1.201813e-01   9.021483e-08 
          4494   3.241864e-07   1.307917e-03   1.732786e-03   1.097673e-06   0.000000e+00   1.201751e-01   9.019496e-08 
          4495   3.246062e-07   1.307914e-03   1.731596e-03   1.097617e-06   0.000000e+00   1.201690e-01   9.017510e-08 
          4496   3.249059e-07   1.307911e-03   1.730411e-03   1.097554e-06   0.000000e+00   1.201629e-01   9.015525e-08 
          4497   3.250930e-07   1.307909e-03   1.729232e-03   1.097460e-06   0.000000e+00   1.201568e-01   9.013541e-08 
          4498   3.251927e-07   1.307906e-03   1.728058e-03   1.097363e-06   0.000000e+00   1.201507e-01   9.011557e-08 
          4499   3.252289e-07   1.307903e-03   1.726890e-03   1.097275e-06   0.000000e+00   1.201446e-01   9.009574e-08 
          4500   3.252158e-07   1.307900e-03   1.725727e-03   1.097201e-06   0.000000e+00   1.201385e-01   9.007592e-08 
          4501   3.251711e-07   1.307898e-03   1.724568e-03   1.097137e-06   0.000000e+00   1.201324e-01   9.005610e-08 
          4502   3.251146e-07   1.307895e-03   1.723415e-03   1.097076e-06   0.000000e+00   1.201262e-01   9.003629e-08 
          4503   3.250594e-07   1.307892e-03   1.722267e-03   1.097014e-06   0.000000e+00   1.201201e-01   9.001649e-08 
          4504   3.250173e-07   1.307889e-03   1.721125e-03   1.096948e-06   0.000000e+00   1.201140e-01   8.999669e-08 
          4505   3.249877e-07   1.307887e-03   1.719988e-03   1.096877e-06   0.000000e+00   1.201079e-01   8.997691e-08 
          4506   3.249673e-07   1.307884e-03   1.718857e-03   1.096802e-06   0.000000e+00   1.201018e-01   8.995712e-08 
          4507   3.249547e-07   1.307881e-03   1.717731e-03   1.096714e-06   0.000000e+00   1.200957e-01   8.993735e-08 
          4508   3.249508e-07   1.307878e-03   1.716609e-03   1.096620e-06   0.000000e+00   1.200896e-01   8.991758e-08 
          4509   3.249313e-07   1.307875e-03   1.715493e-03   1.096541e-06   0.000000e+00   1.200835e-01   8.989782e-08 
          4510   3.249045e-07   1.307872e-03   1.714382e-03   1.096473e-06   0.000000e+00   1.200774e-01   8.987807e-08 
          4511   3.248802e-07   1.307870e-03   1.713277e-03   1.096411e-06   0.000000e+00   1.200712e-01   8.985832e-08 
          4512   3.248585e-07   1.307867e-03   1.712177e-03   1.096354e-06   0.000000e+00   1.200651e-01   8.983858e-08 
          4513   3.248388e-07   1.307864e-03   1.711081e-03   1.096295e-06   0.000000e+00   1.200590e-01   8.981885e-08 
          4514   3.248198e-07   1.307861e-03   1.709991e-03   1.096235e-06   0.000000e+00   1.200529e-01   8.979913e-08 
          4515   3.247990e-07   1.307858e-03   1.708906e-03   1.096173e-06   0.000000e+00   1.200468e-01   8.977941e-08 
          4516   3.247764e-07   1.307856e-03   1.707826e-03   1.096110e-06   0.000000e+00   1.200407e-01   8.975970e-08 
          4517   3.247521e-07   1.307853e-03   1.706752e-03   1.096050e-06   0.000000e+00   1.200346e-01   8.973999e-08 
          4518   3.247257e-07   1.307850e-03   1.705683e-03   1.095992e-06   0.000000e+00   1.200285e-01   8.972030e-08 
          4519   3.246980e-07   1.307847e-03   1.704619e-03   1.095936e-06   0.000000e+00   1.200223e-01   8.970061e-08 
          4520   3.246700e-07   1.307844e-03   1.703560e-03   1.095884e-06   0.000000e+00   1.200162e-01   8.968092e-08 
          4521   3.246424e-07   1.307841e-03   1.702506e-03   1.095835e-06   0.000000e+00   1.200101e-01   8.966125e-08 
          4522   3.246166e-07   1.307838e-03   1.701457e-03   1.095788e-06   0.000000e+00   1.200040e-01   8.964158e-08 
          4523   3.245946e-07   1.307836e-03   1.700413e-03   1.095751e-06   0.000000e+00   1.199979e-01   8.962192e-08 
          4524   3.246191e-07   1.307833e-03   1.699377e-03   1.095892e-06   0.000000e+00   1.199918e-01   8.960226e-08 
          4525   3.246772e-07   1.307830e-03   1.698341e-03   1.096053e-06   0.000000e+00   1.199857e-01   8.958261e-08 
          4526   3.247462e-07   1.307827e-03   1.697310e-03   1.096142e-06   0.000000e+00   1.199796e-01   8.956297e-08 
          4527   3.248023e-07   1.307824e-03   1.696285e-03   1.096130e-06   0.000000e+00   1.199735e-01   8.954334e-08 
          4528   3.248308e-07   1.307821e-03   1.695267e-03   1.096032e-06   0.000000e+00   1.199674e-01   8.952371e-08 
          4529   3.248288e-07   1.307818e-03   1.694257e-03   1.095887e-06   0.000000e+00   1.199613e-01   8.950409e-08 
          4530   3.248014e-07   1.307815e-03   1.693252e-03   1.095739e-06   0.000000e+00   1.199551e-01   8.948448e-08 
          4531   3.247580e-07   1.307813e-03   1.692253e-03   1.095626e-06   0.000000e+00   1.199490e-01   8.946488e-08 
          4532   3.247085e-07   1.307810e-03   1.691257e-03   1.095562e-06   0.000000e+00   1.199429e-01   8.944528e-08 
          4533   3.246611e-07   1.307807e-03   1.690266e-03   1.095538e-06   0.000000e+00   1.199368e-01   8.942569e-08 
          4534   3.246208e-07   1.307804e-03   1.689279e-03   1.095531e-06   0.000000e+00   1.199307e-01   8.940610e-08 
          4535   3.245892e-07   1.307801e-03   1.688296e-03   1.095516e-06   0.000000e+00   1.199246e-01   8.938652e-08 
          4536   3.245656e-07   1.307798e-03   1.687320e-03   1.095476e-06   0.000000e+00   1.199185e-01   8.936695e-08 
          4537   3.245487e-07   1.307795e-03   1.686351e-03   1.095409e-06   0.000000e+00   1.199124e-01   8.934739e-08 
          4538   3.245361e-07   1.307792e-03   1.685387e-03   1.095328e-06   0.000000e+00   1.199063e-01   8.932783e-08 
          4539   3.245276e-07   1.307789e-03   1.684429e-03   1.095245e-06   0.000000e+00   1.199002e-01   8.930829e-08 
          4540   3.245231e-07   1.307786e-03   1.683477e-03   1.095177e-06   0.000000e+00   1.198941e-01   8.928874e-08 
          4541   3.245225e-07   1.307783e-03   1.682525e-03   1.095126e-06   0.000000e+00   1.198880e-01   8.926921e-08 
          4542   3.245251e-07   1.307780e-03   1.681577e-03   1.095089e-06   0.000000e+00   1.198818e-01   8.924968e-08 
          4543   3.245300e-07   1.307777e-03   1.680633e-03   1.095054e-06   0.000000e+00   1.198757e-01   8.923016e-08 
          4544   3.245360e-07   1.307774e-03   1.679695e-03   1.095013e-06   0.000000e+00   1.198696e-01   8.921065e-08 
          4545   3.245418e-07   1.307772e-03   1.678762e-03   1.094962e-06   0.000000e+00   1.198635e-01   8.919114e-08 
          4546   3.245466e-07   1.307769e-03   1.677836e-03   1.094902e-06   0.000000e+00   1.198574e-01   8.917164e-08 
          4547   3.245496e-07   1.307766e-03   1.676916e-03   1.094837e-06   0.000000e+00   1.198513e-01   8.915215e-08 
          4548   3.245509e-07   1.307763e-03   1.676001e-03   1.094770e-06   0.000000e+00   1.198452e-01   8.913266e-08 
          4549   3.245510e-07   1.307760e-03   1.675091e-03   1.094706e-06   0.000000e+00   1.198391e-01   8.911319e-08 
          4550   3.245498e-07   1.307757e-03   1.674187e-03   1.094648e-06   0.000000e+00   1.198330e-01   8.909372e-08 
          4551   3.245478e-07   1.307754e-03   1.673288e-03   1.094594e-06   0.000000e+00   1.198269e-01   8.907425e-08 
          4552   3.245459e-07   1.307751e-03   1.672394e-03   1.094540e-06   0.000000e+00   1.198208e-01   8.905480e-08 
          4553   3.245442e-07   1.307748e-03   1.671505e-03   1.094483e-06   0.000000e+00   1.198147e-01   8.903535e-08 
          4554   3.245422e-07   1.307745e-03   1.670622e-03   1.094422e-06   0.000000e+00   1.198087e-01   8.901590e-08 
          4555   3.245399e-07   1.307742e-03   1.669744e-03   1.094354e-06   0.000000e+00   1.198026e-01   8.899647e-08 
          4556   3.245371e-07   1.307739e-03   1.668871e-03   1.094284e-06   0.000000e+00   1.197965e-01   8.897704e-08 
          4557   3.234245e-07   1.307736e-03   1.668004e-03   1.094525e-06   0.000000e+00   1.197904e-01   8.895762e-08 
          4558   3.282845e-07   1.307733e-03   1.667146e-03   1.094746e-06   0.000000e+00   1.197843e-01   8.893820e-08 
          4559   3.375935e-07   1.307730e-03   1.666286e-03   1.094863e-06   0.000000e+00   1.197782e-01   8.891880e-08 
          4560   3.474391e-07   1.307727e-03   1.665427e-03   1.094870e-06   0.000000e+00   1.197721e-01   8.889940e-08 
          4561   3.547474e-07   1.307724e-03   1.664570e-03   1.094763e-06   0.000000e+00   1.197660e-01   8.888001e-08 
          4562   3.582958e-07   1.307721e-03   1.663718e-03   1.094588e-06   0.000000e+00   1.197600e-01   8.886062e-08 
          4563   3.583076e-07   1.307718e-03   1.662872e-03   1.094378e-06   0.000000e+00   1.197539e-01   8.884124e-08 
          4564   3.558674e-07   1.307715e-03   1.662032e-03   1.094166e-06   0.000000e+00   1.197478e-01   8.882187e-08 
          4565   3.521617e-07   1.307711e-03   1.661198e-03   1.093975e-06   0.000000e+00   1.197417e-01   8.880251e-08 
          4566   3.482143e-07   1.307708e-03   1.660372e-03   1.093826e-06   0.000000e+00   1.197356e-01   8.878315e-08 
          4567   3.446999e-07   1.307705e-03   1.659551e-03   1.093729e-06   0.000000e+00   1.197296e-01   8.876380e-08 
          4568   3.419457e-07   1.307702e-03   1.658737e-03   1.093688e-06   0.000000e+00   1.197235e-01   8.874446e-08 
          4569   3.400381e-07   1.307699e-03   1.657929e-03   1.093690e-06   0.000000e+00   1.197174e-01   8.872512e-08 
          4570   3.389822e-07   1.307696e-03   1.657126e-03   1.093720e-06   0.000000e+00   1.197114e-01   8.870579e-08 
          4571   3.386928e-07   1.307693e-03   1.656330e-03   1.093757e-06   0.000000e+00   1.197053e-01   8.868647e-08 
          4572   3.390346e-07   1.307690e-03   1.655539e-03   1.093782e-06   0.000000e+00   1.196992e-01   8.866715e-08 
          4573   3.398313e-07   1.307687e-03   1.654753e-03   1.093777e-06   0.000000e+00   1.196932e-01   8.864785e-08 
          4574   3.408790e-07   1.307684e-03   1.653971e-03   1.093735e-06   0.000000e+00   1.196871e-01   8.862854e-08 
          4575   3.419699e-07   1.307681e-03   1.653194e-03   1.093659e-06   0.000000e+00   1.196811e-01   8.860925e-08 
          4576   3.429051e-07   1.307678e-03   1.652421e-03   1.093558e-06   0.000000e+00   1.196750e-01   8.858996e-08 
          4577   3.436089e-07   1.307675e-03   1.651653e-03   1.093453e-06   0.000000e+00   1.196689e-01   8.857068e-08 
          4578   3.440069e-07   1.307672e-03   1.650889e-03   1.093330e-06   0.000000e+00   1.196629e-01   8.855141e-08 
          4579   3.440962e-07   1.307668e-03   1.650131e-03   1.093187e-06   0.000000e+00   1.196568e-01   8.853214e-08 
          4580   3.439291e-07   1.307665e-03   1.649379e-03   1.093036e-06   0.000000e+00   1.196508e-01   8.851288e-08 
          4581   3.435836e-07   1.307662e-03   1.648631e-03   1.092888e-06   0.000000e+00   1.196447e-01   8.849363e-08 
          4582   3.431440e-07   1.307659e-03   1.647890e-03   1.092750e-06   0.000000e+00   1.196387e-01   8.847438e-08 
          4583   3.426908e-07   1.307656e-03   1.647153e-03   1.092626e-06   0.000000e+00   1.196327e-01   8.845514e-08 
          4584   3.422870e-07   1.307653e-03   1.646423e-03   1.092516e-06   0.000000e+00   1.196266e-01   8.843591e-08 
          4585   3.419770e-07   1.307650e-03   1.645697e-03   1.092417e-06   0.000000e+00   1.196206e-01   8.841669e-08 
          4586   3.406679e-07   1.307647e-03   1.644978e-03   1.092339e-06   0.000000e+00   1.196145e-01   8.839747e-08 
          4587   3.398567e-07   1.307644e-03   1.644271e-03   1.092254e-06   0.000000e+00   1.196085e-01   8.837826e-08 
          4588   3.396186e-07   1.307640e-03   1.643603e-03   1.092198e-06   0.000000e+00   1.196025e-01   8.835905e-08 
          4589   3.397252e-07   1.307637e-03   1.642871e-03   1.092077e-06   0.000000e+00   1.195965e-01   8.833986e-08 
          4590   3.400017e-07   1.307634e-03   1.642151e-03   1.091951e-06   0.000000e+00   1.195904e-01   8.832067e-08 
          4591   3.403416e-07   1.307631e-03   1.641464e-03   1.091861e-06   0.000000e+00   1.195844e-01   8.830148e-08 
          4592   3.406714e-07   1.307628e-03   1.640810e-03   1.091792e-06   0.000000e+00   1.195784e-01   8.828231e-08 
          4593   3.409538e-07   1.307625e-03   1.640176e-03   1.091798e-06   0.000000e+00   1.195724e-01   8.826314e-08 
          4594   3.411680e-07   1.307621e-03   1.639521e-03   1.091787e-06   0.000000e+00   1.195663e-01   8.824398e-08 
          4595   3.413128e-07   1.307618e-03   1.638860e-03   1.091730e-06   0.000000e+00   1.195603e-01   8.822482e-08 
          4596   3.413971e-07   1.307615e-03   1.638211e-03   1.091652e-06   0.000000e+00   1.195543e-01   8.820567e-08 
          4597   3.414361e-07   1.307612e-03   1.637570e-03   1.091559e-06   0.000000e+00   1.195483e-01   8.818653e-08 
          4598   3.414430e-07   1.307609e-03   1.636934e-03   1.091456e-06   0.000000e+00   1.195423e-01   8.816740e-08 
          4599   3.414312e-07   1.307606e-03   1.636302e-03   1.091354e-06   0.000000e+00   1.195363e-01   8.814827e-08 
          4600   3.414111e-07   1.307602e-03   1.635674e-03   1.091259e-06   0.000000e+00   1.195303e-01   8.812915e-08 
          4601   3.413913e-07   1.307599e-03   1.635050e-03   1.091168e-06   0.000000e+00   1.195243e-01   8.811004e-08 
          4602   3.413774e-07   1.307596e-03   1.634432e-03   1.091105e-06   0.000000e+00   1.195183e-01   8.809093e-08 
          4603   3.413557e-07   1.307593e-03   1.633823e-03   1.091115e-06   0.000000e+00   1.195123e-01   8.807183e-08 
          4604   3.413476e-07   1.307590e-03   1.633197e-03   1.091064e-06   0.000000e+00   1.195063e-01   8.805274e-08 
          4605   3.413611e-07   1.307586e-03   1.632587e-03   1.090992e-06   0.000000e+00   1.195003e-01   8.803366e-08 
          4606   3.413885e-07   1.307583e-03   1.631990e-03   1.090905e-06   0.000000e+00   1.194943e-01   8.801458e-08 
          4607   3.414239e-07   1.307580e-03   1.631400e-03   1.090810e-06   0.000000e+00   1.194883e-01   8.799551e-08 
          4608   3.414616e-07   1.307577e-03   1.630809e-03   1.090717e-06   0.000000e+00   1.194823e-01   8.797644e-08 
          4609   3.414972e-07   1.307574e-03   1.630229e-03   1.090626e-06   0.000000e+00   1.194764e-01   8.795738e-08 
          4610   3.415275e-07   1.307570e-03   1.629650e-03   1.090541e-06   0.000000e+00   1.194704e-01   8.793833e-08 
          4611   3.415504e-07   1.307567e-03   1.629076e-03   1.090480e-06   0.000000e+00   1.194644e-01   8.791929e-08 
          4612   3.415655e-07   1.307564e-03   1.628516e-03   1.090502e-06   0.000000e+00   1.194584e-01   8.790025e-08 
          4613   3.415737e-07   1.307561e-03   1.627935e-03   1.090468e-06   0.000000e+00   1.194525e-01   8.788122e-08 
          4614   3.415765e-07   1.307557e-03   1.627365e-03   1.090414e-06   0.000000e+00   1.194465e-01   8.786220e-08 
          4615   3.415764e-07   1.307554e-03   1.626805e-03   1.090344e-06   0.000000e+00   1.194405e-01   8.784318e-08 
          4616   3.415755e-07   1.307551e-03   1.626251e-03   1.090262e-06   0.000000e+00   1.194346e-01   8.782418e-08 
          4617   3.415759e-07   1.307548e-03   1.625702e-03   1.090175e-06   0.000000e+00   1.194286e-01   8.780517e-08 
          4618   3.403156e-07   1.307544e-03   1.625155e-03   1.090265e-06   0.000000e+00   1.194226e-01   8.778618e-08 
          4619   3.399796e-07   1.307541e-03   1.624613e-03   1.090252e-06   0.000000e+00   1.194167e-01   8.776719e-08 
          4620   3.401698e-07   1.307538e-03   1.624082e-03   1.090194e-06   0.000000e+00   1.194107e-01   8.774821e-08 
          4621   3.406088e-07   1.307535e-03   1.623556e-03   1.090157e-06   0.000000e+00   1.194048e-01   8.772923e-08 
          4622   3.411406e-07   1.307531e-03   1.623014e-03   1.090072e-06   0.000000e+00   1.193988e-01   8.771027e-08 
          4623   3.416924e-07   1.307528e-03   1.622483e-03   1.089996e-06   0.000000e+00   1.193929e-01   8.769131e-08 
          4624   3.422248e-07   1.307525e-03   1.621962e-03   1.089934e-06   0.000000e+00   1.193869e-01   8.767235e-08 
          4625   3.427233e-07   1.307521e-03   1.621445e-03   1.089872e-06   0.000000e+00   1.193810e-01   8.765341e-08 
          4626   3.431760e-07   1.307518e-03   1.620930e-03   1.089804e-06   0.000000e+00   1.193751e-01   8.763447e-08 
          4627   3.435779e-07   1.307515e-03   1.620420e-03   1.089736e-06   0.000000e+00   1.193691e-01   8.761553e-08 
          4628   3.439246e-07   1.307511e-03   1.619915e-03   1.089661e-06   0.000000e+00   1.193632e-01   8.759661e-08 
          4629   3.442162e-07   1.307508e-03   1.619424e-03   1.089642e-06   0.000000e+00   1.193573e-01   8.757769e-08 
          4630   3.444554e-07   1.307505e-03   1.618937e-03   1.089648e-06   0.000000e+00   1.193513e-01   8.755877e-08 
          4631   3.446502e-07   1.307502e-03   1.618444e-03   1.089610e-06   0.000000e+00   1.193454e-01   8.753987e-08 
          4632   3.448109e-07   1.307498e-03   1.617966e-03   1.089562e-06   0.000000e+00   1.193395e-01   8.752097e-08 
          4633   3.449468e-07   1.307495e-03   1.617499e-03   1.089503e-06   0.000000e+00   1.193335e-01   8.750208e-08 
          4634   3.450637e-07   1.307492e-03   1.617036e-03   1.089428e-06   0.000000e+00   1.193276e-01   8.748319e-08 
          4635   3.451669e-07   1.307488e-03   1.616578e-03   1.089346e-06   0.000000e+00   1.193217e-01   8.746431e-08 
          4636   3.452574e-07   1.307485e-03   1.616126e-03   1.089270e-06   0.000000e+00   1.193158e-01   8.744544e-08 
          4637   3.453358e-07   1.307482e-03   1.615678e-03   1.089199e-06   0.000000e+00   1.193099e-01   8.742657e-08 
          4638   3.454001e-07   1.307478e-03   1.615241e-03   1.089179e-06   0.000000e+00   1.193039e-01   8.740771e-08 
          4639   3.454585e-07   1.307475e-03   1.614810e-03   1.089200e-06   0.000000e+00   1.192980e-01   8.738886e-08 
          4640   3.455088e-07   1.307472e-03   1.614366e-03   1.089174e-06   0.000000e+00   1.192921e-01   8.737001e-08 
          4641   3.455549e-07   1.307468e-03   1.613935e-03   1.089137e-06   0.000000e+00   1.192862e-01   8.735117e-08 
          4642   3.455975e-07   1.307465e-03   1.613511e-03   1.089084e-06   0.000000e+00   1.192803e-01   8.733234e-08 
          4643   3.456387e-07   1.307461e-03   1.613091e-03   1.089013e-06   0.000000e+00   1.192744e-01   8.731352e-08 
          4644   3.456776e-07   1.307458e-03   1.612675e-03   1.088934e-06   0.000000e+00   1.192685e-01   8.729470e-08 
          4645   3.457179e-07   1.307455e-03   1.612263e-03   1.088859e-06   0.000000e+00   1.192626e-01   8.727589e-08 
          4646   3.457563e-07   1.307451e-03   1.611855e-03   1.088787e-06   0.000000e+00   1.192567e-01   8.725708e-08 
          4647   3.457777e-07   1.307448e-03   1.611453e-03   1.088720e-06   0.000000e+00   1.192507e-01   8.723828e-08 
          4648   3.457891e-07   1.307444e-03   1.611065e-03   1.088760e-06   0.000000e+00   1.192449e-01   8.721949e-08 
          4649   3.457969e-07   1.307441e-03   1.610655e-03   1.088749e-06   0.000000e+00   1.192390e-01   8.720071e-08 
          4650   3.458042e-07   1.307438e-03   1.610254e-03   1.088709e-06   0.000000e+00   1.192331e-01   8.718193e-08 
          4651   3.458148e-07   1.307434e-03   1.609864e-03   1.088649e-06   0.000000e+00   1.192272e-01   8.716316e-08 
          4652   3.458295e-07   1.307431e-03   1.609481e-03   1.088567e-06   0.000000e+00   1.192213e-01   8.714439e-08 
          4653   3.458490e-07   1.307427e-03   1.609102e-03   1.088474e-06   0.000000e+00   1.192154e-01   8.712563e-08 
          4654   3.458717e-07   1.307424e-03   1.608726e-03   1.088384e-06   0.000000e+00   1.192095e-01   8.710688e-08 
          4655   3.458972e-07   1.307421e-03   1.608356e-03   1.088306e-06   0.000000e+00   1.192036e-01   8.708813e-08 
          4656   3.459244e-07   1.307417e-03   1.607991e-03   1.088239e-06   0.000000e+00   1.191977e-01   8.706940e-08 
          4657   3.459522e-07   1.307414e-03   1.607630e-03   1.088177e-06   0.000000e+00   1.191919e-01   8.705066e-08 
          4658   3.459798e-07   1.307410e-03   1.607286e-03   1.088202e-06   0.000000e+00   1.191860e-01   8.703194e-08 
          4659   3.460083e-07   1.307407e-03   1.606924e-03   1.088186e-06   0.000000e+00   1.191801e-01   8.701322e-08 
          4660   3.460375e-07   1.307404e-03   1.606566e-03   1.088143e-06   0.000000e+00   1.191742e-01   8.699451e-08 
          4661   3.460672e-07   1.307400e-03   1.606222e-03   1.088088e-06   0.000000e+00   1.191684e-01   8.697580e-08 
          4662   3.460975e-07   1.307397e-03   1.605886e-03   1.088017e-06   0.000000e+00   1.191625e-01   8.695710e-08 
          4663   3.461282e-07   1.307393e-03   1.605554e-03   1.087936e-06   0.000000e+00   1.191566e-01   8.693841e-08 
          4664   3.461592e-07   1.307390e-03   1.605227e-03   1.087855e-06   0.000000e+00   1.191508e-01   8.691973e-08 
          4665   3.461902e-07   1.307386e-03   1.604904e-03   1.087781e-06   0.000000e+00   1.191449e-01   8.690105e-08 
          4666   3.462214e-07   1.307383e-03   1.604587e-03   1.087715e-06   0.000000e+00   1.191391e-01   8.688238e-08 
          4667   3.462527e-07   1.307379e-03   1.604274e-03   1.087651e-06   0.000000e+00   1.191332e-01   8.686371e-08 
          4668   3.462840e-07   1.307376e-03   1.603966e-03   1.087585e-06   0.000000e+00   1.191273e-01   8.684505e-08 
          4669   3.463154e-07   1.307372e-03   1.603678e-03   1.087619e-06   0.000000e+00   1.191215e-01   8.682640e-08 
          4670   3.463466e-07   1.307369e-03   1.603366e-03   1.087580e-06   0.000000e+00   1.191156e-01   8.680775e-08 
          4671   3.463778e-07   1.307365e-03   1.603068e-03   1.087531e-06   0.000000e+00   1.191098e-01   8.678911e-08 
          4672   3.464089e-07   1.307362e-03   1.602783e-03   1.087475e-06   0.000000e+00   1.191039e-01   8.677047e-08 
          4673   3.464383e-07   1.307358e-03   1.602506e-03   1.087405e-06   0.000000e+00   1.190981e-01   8.675185e-08 
          4674   3.464686e-07   1.307355e-03   1.602232e-03   1.087324e-06   0.000000e+00   1.190922e-01   8.673323e-08 
          4675   3.464992e-07   1.307351e-03   1.601964e-03   1.087244e-06   0.000000e+00   1.190864e-01   8.671461e-08 
          4676   3.465299e-07   1.307348e-03   1.601701e-03   1.087170e-06   0.000000e+00   1.190805e-01   8.669600e-08 
          4677   3.465601e-07   1.307344e-03   1.601444e-03   1.087102e-06   0.000000e+00   1.190747e-01   8.667740e-08 
          4678   3.465892e-07   1.307341e-03   1.601191e-03   1.087034e-06   0.000000e+00   1.190688e-01   8.665880e-08 
          4679   3.465946e-07   1.307337e-03   1.600943e-03   1.086967e-06   0.000000e+00   1.190630e-01   8.664021e-08 
          4680   3.455035e-07   1.307334e-03   1.600704e-03   1.086936e-06   0.000000e+00   1.190571e-01   8.662163e-08 
          4681   3.371668e-07   1.307330e-03   1.600478e-03   1.086940e-06   0.000000e+00   1.190513e-01   8.660305e-08 
          4682   3.328931e-07   1.307326e-03   1.600227e-03   1.086837e-06   0.000000e+00   1.190454e-01   8.658448e-08 
          4683   3.310140e-07   1.307323e-03   1.599984e-03   1.086792e-06   0.000000e+00   1.190396e-01   8.656591e-08 
          4684   3.304713e-07   1.307319e-03   1.599750e-03   1.086768e-06   0.000000e+00   1.190338e-01   8.654736e-08 
          4685   3.305956e-07   1.307316e-03   1.599522e-03   1.086721e-06   0.000000e+00   1.190279e-01   8.652880e-08 
          4686   3.310382e-07   1.307312e-03   1.599297e-03   1.086638e-06   0.000000e+00   1.190221e-01   8.651026e-08 
          4687   3.315913e-07   1.307309e-03   1.599076e-03   1.086534e-06   0.000000e+00   1.190163e-01   8.649172e-08 
          4688   3.321564e-07   1.307305e-03   1.598859e-03   1.086433e-06   0.000000e+00   1.190104e-01   8.647318e-08 
          4689   3.326792e-07   1.307301e-03   1.598646e-03   1.086347e-06   0.000000e+00   1.190046e-01   8.645465e-08 
          4690   3.331365e-07   1.307298e-03   1.598436e-03   1.086286e-06   0.000000e+00   1.189988e-01   8.643613e-08 
          4691   3.335220e-07   1.307294e-03   1.598230e-03   1.086242e-06   0.000000e+00   1.189929e-01   8.641762e-08 
          4692   3.338461e-07   1.307290e-03   1.598030e-03   1.086200e-06   0.000000e+00   1.189871e-01   8.639911e-08 
          4693   3.341123e-07   1.307287e-03   1.597841e-03   1.086190e-06   0.000000e+00   1.189813e-01   8.638061e-08 
          4694   3.343287e-07   1.307283e-03   1.597654e-03   1.086189e-06   0.000000e+00   1.189754e-01   8.636211e-08 
          4695   3.345030e-07   1.307279e-03   1.597452e-03   1.086126e-06   0.000000e+00   1.189696e-01   8.634362e-08 
          4696   3.346427e-07   1.307276e-03   1.597262e-03   1.086059e-06   0.000000e+00   1.189638e-01   8.632513e-08 
          4697   3.347540e-07   1.307272e-03   1.597080e-03   1.085988e-06   0.000000e+00   1.189580e-01   8.630666e-08 
          4698   3.348422e-07   1.307268e-03   1.596903e-03   1.085915e-06   0.000000e+00   1.189522e-01   8.628818e-08 
          4699   3.349115e-07   1.307265e-03   1.596729e-03   1.085842e-06   0.000000e+00   1.189463e-01   8.626972e-08 
          4700   3.349658e-07   1.307261e-03   1.596557e-03   1.085774e-06   0.000000e+00   1.189405e-01   8.625126e-08 
          4701   3.350079e-07   1.307257e-03   1.596390e-03   1.085710e-06   0.000000e+00   1.189347e-01   8.623281e-08 
          4702   3.350396e-07   1.307254e-03   1.596227e-03   1.085645e-06   0.000000e+00   1.189289e-01   8.621436e-08 
          4703   3.350630e-07   1.307250e-03   1.596066e-03   1.085573e-06   0.000000e+00   1.189231e-01   8.619592e-08 
          4704   3.350800e-07   1.307246e-03   1.595910e-03   1.085493e-06   0.000000e+00   1.189173e-01   8.617748e-08 
          4705   3.350917e-07   1.307242e-03   1.595758e-03   1.085409e-06   0.000000e+00   1.189115e-01   8.615905e-08 
          4706   3.350992e-07   1.307239e-03   1.595610e-03   1.085323e-06   0.000000e+00   1.189057e-01   8.614063e-08 
          4707   3.351034e-07   1.307235e-03   1.595471e-03   1.085268e-06   0.000000e+00   1.188999e-01   8.612221e-08 
          4708   3.351051e-07   1.307231e-03   1.595340e-03   1.085265e-06   0.000000e+00   1.188941e-01   8.610380e-08 
          4709   3.351051e-07   1.307227e-03   1.595191e-03   1.085206e-06   0.000000e+00   1.188883e-01   8.608540e-08 
          4710   3.351040e-07   1.307224e-03   1.595055e-03   1.085156e-06   0.000000e+00   1.188825e-01   8.606700e-08 
          4711   3.351021e-07   1.307220e-03   1.594931e-03   1.085104e-06   0.000000e+00   1.188767e-01   8.604861e-08 
          4712   3.350996e-07   1.307216e-03   1.594813e-03   1.085038e-06   0.000000e+00   1.188709e-01   8.603022e-08 
          4713   3.350966e-07   1.307212e-03   1.594697e-03   1.084958e-06   0.000000e+00   1.188651e-01   8.601185e-08 
          4714   3.350933e-07   1.307209e-03   1.594586e-03   1.084874e-06   0.000000e+00   1.188593e-01   8.599347e-08 
          4715   3.350809e-07   1.307205e-03   1.594480e-03   1.084795e-06   0.000000e+00   1.188535e-01   8.597510e-08 
          4716   3.350566e-07   1.307201e-03   1.594378e-03   1.084724e-06   0.000000e+00   1.188478e-01   8.595674e-08 
          4717   3.350334e-07   1.307197e-03   1.594280e-03   1.084656e-06   0.000000e+00   1.188420e-01   8.593839e-08 
          4718   3.350128e-07   1.307193e-03   1.594186e-03   1.084586e-06   0.000000e+00   1.188362e-01   8.592004e-08 
          4719   3.349922e-07   1.307190e-03   1.594096e-03   1.084512e-06   0.000000e+00   1.188304e-01   8.590169e-08 
          4720   3.350132e-07   1.307186e-03   1.594012e-03   1.084576e-06   0.000000e+00   1.188247e-01   8.588335e-08 
          4721   3.350712e-07   1.307182e-03   1.593929e-03   1.084696e-06   0.000000e+00   1.188189e-01   8.586502e-08 
          4722   3.351399e-07   1.307178e-03   1.593848e-03   1.084774e-06   0.000000e+00   1.188132e-01   8.584670e-08 
          4723   3.351960e-07   1.307174e-03   1.593782e-03   1.084821e-06   0.000000e+00   1.188074e-01   8.582838e-08 
          4724   3.352226e-07   1.307170e-03   1.593707e-03   1.084754e-06   0.000000e+00   1.188016e-01   8.581006e-08 
          4725   3.352126e-07   1.307166e-03   1.593630e-03   1.084598e-06   0.000000e+00   1.187959e-01   8.579176e-08 
          4726   3.351721e-07   1.307163e-03   1.593569e-03   1.084437e-06   0.000000e+00   1.187901e-01   8.577345e-08 
          4727   3.351121e-07   1.307159e-03   1.593516e-03   1.084300e-06   0.000000e+00   1.187844e-01   8.575516e-08 
          4728   3.350448e-07   1.307155e-03   1.593466e-03   1.084205e-06   0.000000e+00   1.187787e-01   8.573687e-08 
          4729   3.349806e-07   1.307151e-03   1.593418e-03   1.084154e-06   0.000000e+00   1.187729e-01   8.571859e-08 
          4730   3.349261e-07   1.307147e-03   1.593372e-03   1.084136e-06   0.000000e+00   1.187672e-01   8.570031e-08 
          4731   3.348835e-07   1.307143e-03   1.593330e-03   1.084126e-06   0.000000e+00   1.187615e-01   8.568204e-08 
          4732   3.348534e-07   1.307139e-03   1.593293e-03   1.084088e-06   0.000000e+00   1.187557e-01   8.566377e-08 
          4733   3.348348e-07   1.307135e-03   1.593261e-03   1.084017e-06   0.000000e+00   1.187500e-01   8.564552e-08 
          4734   3.348252e-07   1.307132e-03   1.593234e-03   1.083928e-06   0.000000e+00   1.187443e-01   8.562726e-08 
          4735   3.348239e-07   1.307128e-03   1.593210e-03   1.083837e-06   0.000000e+00   1.187386e-01   8.560902e-08 
          4736   3.348296e-07   1.307124e-03   1.593191e-03   1.083764e-06   0.000000e+00   1.187329e-01   8.559078e-08 
          4737   3.348412e-07   1.307120e-03   1.593175e-03   1.083720e-06   0.000000e+00   1.187272e-01   8.557254e-08 
          4738   3.348569e-07   1.307116e-03   1.593163e-03   1.083703e-06   0.000000e+00   1.187214e-01   8.555431e-08 
          4739   3.348747e-07   1.307112e-03   1.593154e-03   1.083697e-06   0.000000e+00   1.187157e-01   8.553609e-08 
          4740   3.348831e-07   1.307108e-03   1.593154e-03   1.083713e-06   0.000000e+00   1.187100e-01   8.551787e-08 
          4741   3.348847e-07   1.307104e-03   1.593163e-03   1.083757e-06   0.000000e+00   1.187043e-01   8.549965e-08 
          4742   3.348938e-07   1.307100e-03   1.593152e-03   1.083714e-06   0.000000e+00   1.186986e-01   8.548145e-08 
          4743   3.349059e-07   1.307096e-03   1.593153e-03   1.083669e-06   0.000000e+00   1.186929e-01   8.546325e-08 
          4744   3.349189e-07   1.307092e-03   1.593166e-03   1.083630e-06   0.000000e+00   1.186872e-01   8.544505e-08 
          4745   3.349326e-07   1.307088e-03   1.593182e-03   1.083591e-06   0.000000e+00   1.186815e-01   8.542686e-08 
          4746   3.349472e-07   1.307084e-03   1.593201e-03   1.083550e-06   0.000000e+00   1.186758e-01   8.540868e-08 
          4747   3.349631e-07   1.307080e-03   1.593223e-03   1.083514e-06   0.000000e+00   1.186701e-01   8.539050e-08 
          4748   3.350736e-07   1.307075e-03   1.593248e-03   1.083486e-06   0.000000e+00   1.186644e-01   8.537233e-08 
          4749   3.355694e-07   1.307071e-03   1.593277e-03   1.083349e-06   0.000000e+00   1.186587e-01   8.535416e-08 
          4750   3.360288e-07   1.307067e-03   1.593310e-03   1.083156e-06   0.000000e+00   1.186530e-01   8.533600e-08 
          4751   3.363436e-07   1.307063e-03   1.593348e-03   1.082934e-06   0.000000e+00   1.186473e-01   8.531785e-08 
          4752   3.365355e-07   1.307059e-03   1.593389e-03   1.082701e-06   0.000000e+00   1.186416e-01   8.529970e-08 
          4753   3.366288e-07   1.307055e-03   1.593433e-03   1.082479e-06   0.000000e+00   1.186359e-01   8.528156e-08 
          4754   3.366443e-07   1.307051e-03   1.593481e-03   1.082283e-06   0.000000e+00   1.186302e-01   8.526342e-08 
          4755   3.366026e-07   1.307047e-03   1.593533e-03   1.082120e-06   0.000000e+00   1.186245e-01   8.524529e-08 
          4756   3.365318e-07   1.307043e-03   1.593587e-03   1.081989e-06   0.000000e+00   1.186188e-01   8.522716e-08 
          4757   3.365217e-07   1.307039e-03   1.593646e-03   1.081885e-06   0.000000e+00   1.186131e-01   8.520904e-08 
          4758   3.365337e-07   1.307034e-03   1.593709e-03   1.081800e-06   0.000000e+00   1.186074e-01   8.519093e-08 
          4759   3.365584e-07   1.307030e-03   1.593776e-03   1.081727e-06   0.000000e+00   1.186017e-01   8.517282e-08 
          4760   3.365952e-07   1.307026e-03   1.593862e-03   1.081723e-06   0.000000e+00   1.185960e-01   8.515472e-08 
          4761   3.366451e-07   1.307022e-03   1.593926e-03   1.081669e-06   0.000000e+00   1.185904e-01   8.513662e-08 
          4762   3.367082e-07   1.307018e-03   1.593995e-03   1.081608e-06   0.000000e+00   1.185847e-01   8.511853e-08 
          4763   3.367826e-07   1.307014e-03   1.594076e-03   1.081565e-06   0.000000e+00   1.185790e-01   8.510044e-08 
          4764   3.368648e-07   1.307009e-03   1.594164e-03   1.081530e-06   0.000000e+00   1.185733e-01   8.508236e-08 
          4765   3.369501e-07   1.307005e-03   1.594255e-03   1.081485e-06   0.000000e+00   1.185676e-01   8.506429e-08 
          4766   3.370336e-07   1.307001e-03   1.594348e-03   1.081428e-06   0.000000e+00   1.185620e-01   8.504622e-08 
          4767   3.371110e-07   1.306997e-03   1.594444e-03   1.081363e-06   0.000000e+00   1.185563e-01   8.502815e-08 
          4768   3.371767e-07   1.306993e-03   1.594544e-03   1.081299e-06   0.000000e+00   1.185506e-01   8.501010e-08 
          4769   3.372296e-07   1.306988e-03   1.594649e-03   1.081236e-06   0.000000e+00   1.185449e-01   8.499204e-08 
          4770   3.372709e-07   1.306984e-03   1.594757e-03   1.081173e-06   0.000000e+00   1.185393e-01   8.497400e-08 
          4771   3.373015e-07   1.306980e-03   1.594869e-03   1.081108e-06   0.000000e+00   1.185336e-01   8.495595e-08 
          4772   3.373229e-07   1.306976e-03   1.594984e-03   1.081040e-06   0.000000e+00   1.185279e-01   8.493792e-08 
          4773   3.373372e-07   1.306971e-03   1.595103e-03   1.080970e-06   0.000000e+00   1.185223e-01   8.491989e-08 
          4774   3.373467e-07   1.306967e-03   1.595226e-03   1.080899e-06   0.000000e+00   1.185166e-01   8.490186e-08 
          4775   3.373536e-07   1.306963e-03   1.595352e-03   1.080829e-06   0.000000e+00   1.185109e-01   8.488384e-08 
          4776   3.373300e-07   1.306958e-03   1.595482e-03   1.080760e-06   0.000000e+00   1.185053e-01   8.486583e-08 
          4777   3.373225e-07   1.306954e-03   1.595616e-03   1.080706e-06   0.000000e+00   1.184996e-01   8.484782e-08 
          4778   3.373322e-07   1.306950e-03   1.595753e-03   1.080650e-06   0.000000e+00   1.184940e-01   8.482982e-08 
          4779   3.373455e-07   1.306945e-03   1.595895e-03   1.080583e-06   0.000000e+00   1.184883e-01   8.481183e-08 
          4780   3.373607e-07   1.306941e-03   1.596040e-03   1.080506e-06   0.000000e+00   1.184827e-01   8.479384e-08 
          4781   3.373768e-07   1.306937e-03   1.596188e-03   1.080427e-06   0.000000e+00   1.184770e-01   8.477585e-08 
          4782   3.373935e-07   1.306933e-03   1.596358e-03   1.080415e-06   0.000000e+00   1.184714e-01   8.475787e-08 
          4783   3.374092e-07   1.306928e-03   1.596501e-03   1.080339e-06   0.000000e+00   1.184657e-01   8.473990e-08 
          4784   3.373570e-07   1.306924e-03   1.596650e-03   1.080266e-06   0.000000e+00   1.184601e-01   8.472193e-08 
          4785   3.372187e-07   1.306919e-03   1.596810e-03   1.080149e-06   0.000000e+00   1.184545e-01   8.470397e-08 
          4786   3.371515e-07   1.306915e-03   1.596979e-03   1.080020e-06   0.000000e+00   1.184488e-01   8.468602e-08 
          4787   3.371193e-07   1.306911e-03   1.597148e-03   1.079894e-06   0.000000e+00   1.184432e-01   8.466807e-08 
          4788   3.371042e-07   1.306906e-03   1.597320e-03   1.079785e-06   0.000000e+00   1.184376e-01   8.465012e-08 
          4789   3.371038e-07   1.306902e-03   1.597495e-03   1.079705e-06   0.000000e+00   1.184320e-01   8.463218e-08 
          4790   3.371206e-07   1.306898e-03   1.597675e-03   1.079655e-06   0.000000e+00   1.184264e-01   8.461425e-08 
          4791   3.371499e-07   1.306893e-03   1.597857e-03   1.079628e-06   0.000000e+00   1.184207e-01   8.459632e-08 
          4792   3.371973e-07   1.306889e-03   1.598044e-03   1.079610e-06   0.000000e+00   1.184151e-01   8.457840e-08 
          4793   3.372583e-07   1.306884e-03   1.598234e-03   1.079590e-06   0.000000e+00   1.184095e-01   8.456048e-08 
          4794   3.373270e-07   1.306880e-03   1.598429e-03   1.079564e-06   0.000000e+00   1.184039e-01   8.454257e-08 
          4795   3.373986e-07   1.306875e-03   1.598626e-03   1.079528e-06   0.000000e+00   1.183983e-01   8.452467e-08 
          4796   3.374656e-07   1.306871e-03   1.598828e-03   1.079482e-06   0.000000e+00   1.183927e-01   8.450677e-08 
          4797   3.375235e-07   1.306867e-03   1.599033e-03   1.079430e-06   0.000000e+00   1.183871e-01   8.448887e-08 
          4798   3.375697e-07   1.306862e-03   1.599241e-03   1.079371e-06   0.000000e+00   1.183816e-01   8.447099e-08 
          4799   3.376020e-07   1.306858e-03   1.599454e-03   1.079307e-06   0.000000e+00   1.183760e-01   8.445310e-08 
          4800   3.376197e-07   1.306853e-03   1.599670e-03   1.079239e-06   0.000000e+00   1.183704e-01   8.443523e-08 
          4801   3.376271e-07   1.306849e-03   1.599891e-03   1.079168e-06   0.000000e+00   1.183648e-01   8.441736e-08 
          4802   3.376264e-07   1.306844e-03   1.600114e-03   1.079093e-06   0.000000e+00   1.183593e-01   8.439949e-08 
          4803   3.376210e-07   1.306840e-03   1.600342e-03   1.079017e-06   0.000000e+00   1.183537e-01   8.438163e-08 
          4804   3.376122e-07   1.306835e-03   1.600574e-03   1.078938e-06   0.000000e+00   1.183481e-01   8.436378e-08 
          4805   3.375841e-07   1.306831e-03   1.600808e-03   1.078859e-06   0.000000e+00   1.183426e-01   8.434593e-08 
          4806   3.375462e-07   1.306826e-03   1.601047e-03   1.078781e-06   0.000000e+00   1.183370e-01   8.432808e-08 
          4807   3.375065e-07   1.306822e-03   1.601310e-03   1.078778e-06   0.000000e+00   1.183315e-01   8.431025e-08 
          4808   3.374696e-07   1.306817e-03   1.601538e-03   1.078669e-06   0.000000e+00   1.183260e-01   8.429241e-08 
          4809   3.374410e-07   1.306813e-03   1.601781e-03   1.078569e-06   0.000000e+00   1.183204e-01   8.427459e-08 
          4810   3.374196e-07   1.306808e-03   1.602035e-03   1.078497e-06   0.000000e+00   1.183149e-01   8.425677e-08 
          4811   3.374033e-07   1.306804e-03   1.602296e-03   1.078437e-06   0.000000e+00   1.183094e-01   8.423895e-08 
          4812   3.373949e-07   1.306799e-03   1.602559e-03   1.078367e-06   0.000000e+00   1.183039e-01   8.422114e-08 
          4813   3.373913e-07   1.306795e-03   1.602824e-03   1.078285e-06   0.000000e+00   1.182984e-01   8.420334e-08 
          4814   3.373906e-07   1.306790e-03   1.603093e-03   1.078201e-06   0.000000e+00   1.182928e-01   8.418554e-08 
          4815   3.373910e-07   1.306786e-03   1.603365e-03   1.078118e-06   0.000000e+00   1.182873e-01   8.416775e-08 
          4816   3.373905e-07   1.306781e-03   1.603642e-03   1.078039e-06   0.000000e+00   1.182819e-01   8.414996e-08 
          4817   3.373894e-07   1.306777e-03   1.603923e-03   1.077960e-06   0.000000e+00   1.182764e-01   8.413218e-08 
          4818   3.373882e-07   1.306772e-03   1.604208e-03   1.077878e-06   0.000000e+00   1.182709e-01   8.411440e-08 
          4819   3.373910e-07   1.306768e-03   1.604497e-03   1.077793e-06   0.000000e+00   1.182654e-01   8.409663e-08 
          4820   3.373869e-07   1.306763e-03   1.604789e-03   1.077705e-06   0.000000e+00   1.182599e-01   8.407887e-08 
          4821   3.373814e-07   1.306758e-03   1.605084e-03   1.077618e-06   0.000000e+00   1.182545e-01   8.406111e-08 
          4822   3.373751e-07   1.306754e-03   1.605384e-03   1.077533e-06   0.000000e+00   1.182490e-01   8.404336e-08 
          4823   3.373681e-07   1.306749e-03   1.605688e-03   1.077451e-06   0.000000e+00   1.182436e-01   8.402561e-08 
          4824   3.373610e-07   1.306745e-03   1.605995e-03   1.077372e-06   0.000000e+00   1.182381e-01   8.400787e-08 
          4825   3.373547e-07   1.306740e-03   1.606307e-03   1.077294e-06   0.000000e+00   1.182327e-01   8.399013e-08 
          4826   3.373496e-07   1.306736e-03   1.606622e-03   1.077216e-06   0.000000e+00   1.182272e-01   8.397240e-08 
          4827   3.373462e-07   1.306731e-03   1.606941e-03   1.077137e-06   0.000000e+00   1.182218e-01   8.395467e-08 
          4828   3.373443e-07   1.306726e-03   1.607264e-03   1.077056e-06   0.000000e+00   1.182164e-01   8.393696e-08 
          4829   3.373435e-07   1.306722e-03   1.607591e-03   1.076976e-06   0.000000e+00   1.182110e-01   8.391924e-08 
          4830   3.373432e-07   1.306717e-03   1.607921e-03   1.076895e-06   0.000000e+00   1.182056e-01   8.390153e-08 
          4831   3.373430e-07   1.306713e-03   1.608255e-03   1.076816e-06   0.000000e+00   1.182002e-01   8.388383e-08 
          4832   3.373395e-07   1.306708e-03   1.608593e-03   1.076738e-06   0.000000e+00   1.181948e-01   8.386613e-08 
          4833   3.373361e-07   1.306703e-03   1.608935e-03   1.076661e-06   0.000000e+00   1.181894e-01   8.384844e-08 
          4834   3.373354e-07   1.306699e-03   1.609281e-03   1.076583e-06   0.000000e+00   1.181840e-01   8.383076e-08 
          4835   3.373376e-07   1.306694e-03   1.609643e-03   1.076542e-06   0.000000e+00   1.181786e-01   8.381308e-08 
          4836   3.373429e-07   1.306690e-03   1.609993e-03   1.076475e-06   0.000000e+00   1.181732e-01   8.379540e-08 
          4837   3.373441e-07   1.306685e-03   1.610340e-03   1.076376e-06   0.000000e+00   1.181679e-01   8.377774e-08 
          4838   3.373415e-07   1.306680e-03   1.610698e-03   1.076302e-06   0.000000e+00   1.181625e-01   8.376007e-08 
          4839   3.373429e-07   1.306676e-03   1.611064e-03   1.076254e-06   0.000000e+00   1.181572e-01   8.374241e-08 
          4840   3.373536e-07   1.306671e-03   1.611436e-03   1.076208e-06   0.000000e+00   1.181518e-01   8.372476e-08 
          4841   3.373804e-07   1.306666e-03   1.611809e-03   1.076146e-06   0.000000e+00   1.181465e-01   8.370711e-08 
          4842   3.374019e-07   1.306662e-03   1.612185e-03   1.076074e-06   0.000000e+00   1.181412e-01   8.368947e-08 
          4843   3.374131e-07   1.306657e-03   1.612564e-03   1.075997e-06   0.000000e+00   1.181359e-01   8.367184e-08 
          4844   3.374138e-07   1.306653e-03   1.612948e-03   1.075919e-06   0.000000e+00   1.181305e-01   8.365421e-08 
          4845   3.374046e-07   1.306648e-03   1.613336e-03   1.075841e-06   0.000000e+00   1.181252e-01   8.363658e-08 
          4846   3.373944e-07   1.306643e-03   1.613728e-03   1.075764e-06   0.000000e+00   1.181199e-01   8.361896e-08 
          4847   3.373874e-07   1.306639e-03   1.614123e-03   1.075685e-06   0.000000e+00   1.181146e-01   8.360135e-08 
          4848   3.373853e-07   1.306634e-03   1.614523e-03   1.075605e-06   0.000000e+00   1.181094e-01   8.358374e-08 
          4849   3.373879e-07   1.306629e-03   1.614926e-03   1.075525e-06   0.000000e+00   1.181041e-01   8.356614e-08 
          4850   3.373984e-07   1.306625e-03   1.615333e-03   1.075444e-06   0.000000e+00   1.180988e-01   8.354855e-08 
          4851   3.374153e-07   1.306620e-03   1.615744e-03   1.075362e-06   0.000000e+00   1.180935e-01   8.353096e-08 
          4852   3.374328e-07   1.306615e-03   1.616159e-03   1.075281e-06   0.000000e+00   1.180883e-01   8.351337e-08 
          4853   3.374442e-07   1.306611e-03   1.616578e-03   1.075199e-06   0.000000e+00   1.180830e-01   8.349579e-08 
          4854   3.374518e-07   1.306606e-03   1.617000e-03   1.075118e-06   0.000000e+00   1.180778e-01   8.347822e-08 
          4855   3.374568e-07   1.306601e-03   1.617427e-03   1.075035e-06   0.000000e+00   1.180726e-01   8.346065e-08 
          4856   3.374588e-07   1.306597e-03   1.617857e-03   1.074953e-06   0.000000e+00   1.180673e-01   8.344309e-08 
          4857   3.374594e-07   1.306592e-03   1.618292e-03   1.074871e-06   0.000000e+00   1.180621e-01   8.342553e-08 
          4858   3.374568e-07   1.306587e-03   1.618730e-03   1.074788e-06   0.000000e+00   1.180569e-01   8.340798e-08 
          4859   3.374582e-07   1.306583e-03   1.619172e-03   1.074705e-06   0.000000e+00   1.180517e-01   8.339043e-08 
          4860   3.374579e-07   1.306578e-03   1.619618e-03   1.074623e-06   0.000000e+00   1.180465e-01   8.337289e-08 
          4861   3.374399e-07   1.306573e-03   1.620068e-03   1.074540e-06   0.000000e+00   1.180413e-01   8.335536e-08 
          4862   3.374577e-07   1.306569e-03   1.620522e-03   1.074467e-06   0.000000e+00   1.180361e-01   8.333783e-08 
          4863   3.374944e-07   1.306564e-03   1.620980e-03   1.074388e-06   0.000000e+00   1.180309e-01   8.332030e-08 
          4864   3.375382e-07   1.306559e-03   1.621442e-03   1.074301e-06   0.000000e+00   1.180258e-01   8.330278e-08 
          4865   3.375790e-07   1.306555e-03   1.621908e-03   1.074209e-06   0.000000e+00   1.180206e-01   8.328527e-08 
          4866   3.376113e-07   1.306550e-03   1.622377e-03   1.074116e-06   0.000000e+00   1.180155e-01   8.326777e-08 
          4867   3.376248e-07   1.306545e-03   1.622851e-03   1.074026e-06   0.000000e+00   1.180103e-01   8.325026e-08 
          4868   3.376154e-07   1.306541e-03   1.623347e-03   1.074001e-06   0.000000e+00   1.180052e-01   8.323277e-08 
          4869   3.375973e-07   1.306536e-03   1.623813e-03   1.073876e-06   0.000000e+00   1.180000e-01   8.321528e-08 
          4870   3.375715e-07   1.306531e-03   1.624291e-03   1.073764e-06   0.000000e+00   1.179949e-01   8.319779e-08 
          4871   3.375438e-07   1.306526e-03   1.624779e-03   1.073694e-06   0.000000e+00   1.179898e-01   8.318031e-08 
          4872   3.375253e-07   1.306522e-03   1.625275e-03   1.073649e-06   0.000000e+00   1.179847e-01   8.316284e-08 
          4873   3.375168e-07   1.306517e-03   1.625774e-03   1.073608e-06   0.000000e+00   1.179796e-01   8.314537e-08 
          4874   3.375231e-07   1.306512e-03   1.626275e-03   1.073553e-06   0.000000e+00   1.179745e-01   8.312791e-08 
          4875   3.375456e-07   1.306508e-03   1.626779e-03   1.073486e-06   0.000000e+00   1.179694e-01   8.311045e-08 
          4876   3.375666e-07   1.306503e-03   1.627287e-03   1.073408e-06   0.000000e+00   1.179643e-01   8.309300e-08 
          4877   3.375780e-07   1.306498e-03   1.627799e-03   1.073323e-06   0.000000e+00   1.179593e-01   8.307555e-08 
          4878   3.375932e-07   1.306493e-03   1.628315e-03   1.073237e-06   0.000000e+00   1.179542e-01   8.305811e-08 
          4879   3.376112e-07   1.306489e-03   1.628835e-03   1.073151e-06   0.000000e+00   1.179491e-01   8.304068e-08 
          4880   3.376323e-07   1.306484e-03   1.629359e-03   1.073066e-06   0.000000e+00   1.179441e-01   8.302325e-08 
          4881   3.376394e-07   1.306479e-03   1.629888e-03   1.072978e-06   0.000000e+00   1.179390e-01   8.300582e-08 
          4882   3.376243e-07   1.306475e-03   1.630419e-03   1.072893e-06   0.000000e+00   1.179340e-01   8.298840e-08 
          4883   3.375920e-07   1.306470e-03   1.630955e-03   1.072812e-06   0.000000e+00   1.179289e-01   8.297099e-08 
          4884   3.375547e-07   1.306465e-03   1.631495e-03   1.072735e-06   0.000000e+00   1.179239e-01   8.295358e-08 
          4885   3.375248e-07   1.306460e-03   1.632039e-03   1.072660e-06   0.000000e+00   1.179189e-01   8.293618e-08 
          4886   3.375124e-07   1.306456e-03   1.632587e-03   1.072586e-06   0.000000e+00   1.179139e-01   8.291878e-08 
          4887   3.375204e-07   1.306451e-03   1.633139e-03   1.072510e-06   0.000000e+00   1.179088e-01   8.290139e-08 
          4888   3.375458e-07   1.306446e-03   1.633695e-03   1.072432e-06   0.000000e+00   1.179038e-01   8.288400e-08 
          4889   3.375818e-07   1.306441e-03   1.634255e-03   1.072350e-06   0.000000e+00   1.178988e-01   8.286662e-08 
          4890   3.376177e-07   1.306437e-03   1.634819e-03   1.072268e-06   0.000000e+00   1.178938e-01   8.284925e-08 
          4891   3.376472e-07   1.306432e-03   1.635388e-03   1.072198e-06   0.000000e+00   1.178889e-01   8.283188e-08 
          4892   3.376655e-07   1.306427e-03   1.635960e-03   1.072143e-06   0.000000e+00   1.178839e-01   8.281451e-08 
          4893   3.376666e-07   1.306422e-03   1.636534e-03   1.072076e-06   0.000000e+00   1.178789e-01   8.279715e-08 
          4894   3.376514e-07   1.306418e-03   1.637113e-03   1.071998e-06   0.000000e+00   1.178739e-01   8.277980e-08 
          4895   3.376236e-07   1.306413e-03   1.637697e-03   1.071889e-06   0.000000e+00   1.178690e-01   8.276245e-08 
          4896   3.375923e-07   1.306408e-03   1.638270e-03   1.071792e-06   0.000000e+00   1.178640e-01   8.274511e-08 
          4897   3.375736e-07   1.306403e-03   1.638849e-03   1.071693e-06   0.000000e+00   1.178590e-01   8.272777e-08 
          4898   3.375979e-07   1.306398e-03   1.639437e-03   1.071600e-06   0.000000e+00   1.178541e-01   8.271044e-08 
          4899   3.376789e-07   1.306393e-03   1.640031e-03   1.071520e-06   0.000000e+00   1.178491e-01   8.269311e-08 
          4900   3.377382e-07   1.306389e-03   1.640631e-03   1.071455e-06   0.000000e+00   1.178442e-01   8.267578e-08 
          4901   3.378119e-07   1.306384e-03   1.641236e-03   1.071383e-06   0.000000e+00   1.178392e-01   8.265846e-08 
          4902   3.378887e-07   1.306379e-03   1.641846e-03   1.071304e-06   0.000000e+00   1.178343e-01   8.264115e-08 
          4903   3.379657e-07   1.306374e-03   1.642460e-03   1.071224e-06   0.000000e+00   1.178294e-01   8.262384e-08 
          4904   3.380362e-07   1.306369e-03   1.643080e-03   1.071144e-06   0.000000e+00   1.178244e-01   8.260654e-08 
          4905   3.381004e-07   1.306364e-03   1.643703e-03   1.071067e-06   0.000000e+00   1.178195e-01   8.258924e-08 
          4906   3.381595e-07   1.306359e-03   1.644346e-03   1.071048e-06   0.000000e+00   1.178146e-01   8.257195e-08 
          4907   3.382147e-07   1.306354e-03   1.644962e-03   1.070933e-06   0.000000e+00   1.178097e-01   8.255466e-08 
          4908   3.382686e-07   1.306350e-03   1.645592e-03   1.070841e-06   0.000000e+00   1.178048e-01   8.253738e-08 
          4909   3.383215e-07   1.306345e-03   1.646234e-03   1.070799e-06   0.000000e+00   1.177999e-01   8.252010e-08 
          4910   3.383750e-07   1.306340e-03   1.646881e-03   1.070773e-06   0.000000e+00   1.177950e-01   8.250283e-08 
          4911   3.359897e-07   1.306335e-03   1.647531e-03   1.070681e-06   0.000000e+00   1.177901e-01   8.248557e-08 
          4912   3.333773e-07   1.306330e-03   1.648184e-03   1.070570e-06   0.000000e+00   1.177853e-01   8.246831e-08 
          4913   3.317426e-07   1.306325e-03   1.648841e-03   1.070473e-06   0.000000e+00   1.177804e-01   8.245105e-08 
          4914   3.306722e-07   1.306320e-03   1.649502e-03   1.070436e-06   0.000000e+00   1.177755e-01   8.243380e-08 
          4915   3.299808e-07   1.306315e-03   1.650167e-03   1.070533e-06   0.000000e+00   1.177707e-01   8.241656e-08 
          4916   3.295379e-07   1.306310e-03   1.650837e-03   1.070637e-06   0.000000e+00   1.177658e-01   8.239932e-08 
          4917   3.292451e-07   1.306305e-03   1.651510e-03   1.070674e-06   0.000000e+00   1.177610e-01   8.238208e-08 
          4918   3.290347e-07   1.306300e-03   1.652186e-03   1.070621e-06   0.000000e+00   1.177561e-01   8.236485e-08 
          4919   3.288632e-07   1.306295e-03   1.652866e-03   1.070493e-06   0.000000e+00   1.177513e-01   8.234763e-08 
          4920   3.287095e-07   1.306290e-03   1.653550e-03   1.070330e-06   0.000000e+00   1.177464e-01   8.233041e-08 
          4921   3.285673e-07   1.306285e-03   1.654238e-03   1.070173e-06   0.000000e+00   1.177416e-01   8.231319e-08 
          4922   3.284395e-07   1.306281e-03   1.654930e-03   1.070053e-06   0.000000e+00   1.177368e-01   8.229599e-08 
          4923   3.283237e-07   1.306276e-03   1.655626e-03   1.069976e-06   0.000000e+00   1.177320e-01   8.227878e-08 
          4924   3.282193e-07   1.306271e-03   1.656326e-03   1.069932e-06   0.000000e+00   1.177272e-01   8.226158e-08 
          4925   3.281496e-07   1.306266e-03   1.657029e-03   1.069896e-06   0.000000e+00   1.177224e-01   8.224439e-08 
          4926   3.281041e-07   1.306261e-03   1.657737e-03   1.069846e-06   0.000000e+00   1.177176e-01   8.222720e-08 
          4927   3.280583e-07   1.306256e-03   1.658447e-03   1.069766e-06   0.000000e+00   1.177128e-01   8.221002e-08 
          4928   3.280292e-07   1.306251e-03   1.659162e-03   1.069661e-06   0.000000e+00   1.177080e-01   8.219285e-08 
          4929   3.280494e-07   1.306246e-03   1.659880e-03   1.069545e-06   0.000000e+00   1.177032e-01   8.217567e-08 
          4930   3.280731e-07   1.306241e-03   1.660602e-03   1.069435e-06   0.000000e+00   1.176985e-01   8.215851e-08 
          4931   3.280942e-07   1.306236e-03   1.661328e-03   1.069343e-06   0.000000e+00   1.176937e-01   8.214135e-08 
          4932   3.281165e-07   1.306231e-03   1.662057e-03   1.069271e-06   0.000000e+00   1.176890e-01   8.212419e-08 
          4933   3.281397e-07   1.306226e-03   1.662791e-03   1.069210e-06   0.000000e+00   1.176842e-01   8.210704e-08 
          4934   3.281595e-07   1.306221e-03   1.663528e-03   1.069153e-06   0.000000e+00   1.176795e-01   8.208989e-08 
          4935   3.281356e-07   1.306216e-03   1.664268e-03   1.069087e-06   0.000000e+00   1.176747e-01   8.207275e-08 
          4936   3.280981e-07   1.306211e-03   1.665012e-03   1.069027e-06   0.000000e+00   1.176700e-01   8.205562e-08 
          4937   3.280758e-07   1.306206e-03   1.665760e-03   1.068954e-06   0.000000e+00   1.176653e-01   8.203848e-08 
          4938   3.280860e-07   1.306200e-03   1.666512e-03   1.068870e-06   0.000000e+00   1.176606e-01   8.202136e-08 
          4939   3.281249e-07   1.306195e-03   1.667267e-03   1.068780e-06   0.000000e+00   1.176558e-01   8.200424e-08 
          4940   3.281800e-07   1.306190e-03   1.668025e-03   1.068694e-06   0.000000e+00   1.176511e-01   8.198712e-08 
          4941   3.273954e-07   1.306185e-03   1.668788e-03   1.068626e-06   0.000000e+00   1.176464e-01   8.197001e-08 
          4942   3.260917e-07   1.306180e-03   1.669554e-03   1.068584e-06   0.000000e+00   1.176417e-01   8.195290e-08 
          4943   3.259354e-07   1.306175e-03   1.670323e-03   1.068521e-06   0.000000e+00   1.176370e-01   8.193580e-08 
          4944   3.273756e-07   1.306170e-03   1.671096e-03   1.068444e-06   0.000000e+00   1.176323e-01   8.191871e-08 
          4945   3.298570e-07   1.306165e-03   1.671873e-03   1.068360e-06   0.000000e+00   1.176277e-01   8.190162e-08 
          4946   3.327319e-07   1.306160e-03   1.672653e-03   1.068290e-06   0.000000e+00   1.176230e-01   8.188453e-08 
          4947   3.355239e-07   1.306155e-03   1.673438e-03   1.068235e-06   0.000000e+00   1.176183e-01   8.186745e-08 
          4948   3.379800e-07   1.306150e-03   1.674226e-03   1.068199e-06   0.000000e+00   1.176137e-01   8.185037e-08 
          4949   3.400024e-07   1.306145e-03   1.675018e-03   1.068166e-06   0.000000e+00   1.176090e-01   8.183330e-08 
          4950   3.416060e-07   1.306139e-03   1.675820e-03   1.068134e-06   0.000000e+00   1.176044e-01   8.181624e-08 
          4951   3.428577e-07   1.306134e-03   1.676622e-03   1.068126e-06   0.000000e+00   1.175997e-01   8.179918e-08 
          4952   3.438133e-07   1.306129e-03   1.677414e-03   1.068034e-06   0.000000e+00   1.175951e-01   8.178212e-08 
          4953   3.445245e-07   1.306124e-03   1.678216e-03   1.067954e-06   0.000000e+00   1.175905e-01   8.176507e-08 
          4954   3.450509e-07   1.306119e-03   1.679026e-03   1.067905e-06   0.000000e+00   1.175858e-01   8.174803e-08 
          4955   3.454433e-07   1.306114e-03   1.679841e-03   1.067871e-06   0.000000e+00   1.175812e-01   8.173099e-08 
          4956   3.457338e-07   1.306109e-03   1.680660e-03   1.067837e-06   0.000000e+00   1.175766e-01   8.171395e-08 
          4957   3.459444e-07   1.306104e-03   1.681481e-03   1.067789e-06   0.000000e+00   1.175720e-01   8.169693e-08 
          4958   3.461004e-07   1.306098e-03   1.682304e-03   1.067734e-06   0.000000e+00   1.175674e-01   8.167990e-08 
          4959   3.437295e-07   1.306093e-03   1.683131e-03   1.067667e-06   0.000000e+00   1.175628e-01   8.166289e-08 
          4960   3.378827e-07   1.306088e-03   1.683959e-03   1.067599e-06   0.000000e+00   1.175582e-01   8.164587e-08 
          4961   3.349542e-07   1.306083e-03   1.684782e-03   1.067549e-06   0.000000e+00   1.175536e-01   8.162887e-08 
          4962   3.337061e-07   1.306078e-03   1.685603e-03   1.067535e-06   0.000000e+00   1.175491e-01   8.161186e-08 
          4963   3.333879e-07   1.306073e-03   1.686418e-03   1.067503e-06   0.000000e+00   1.175445e-01   8.159487e-08 
          4964   3.335604e-07   1.306067e-03   1.687236e-03   1.067444e-06   0.000000e+00   1.175400e-01   8.157787e-08 
          4965   3.339602e-07   1.306062e-03   1.688056e-03   1.067357e-06   0.000000e+00   1.175354e-01   8.156089e-08 
          4966   3.344389e-07   1.306057e-03   1.688879e-03   1.067257e-06   0.000000e+00   1.175309e-01   8.154391e-08 
          4967   3.349128e-07   1.306052e-03   1.689705e-03   1.067163e-06   0.000000e+00   1.175263e-01   8.152693e-08 
          4968   3.353497e-07   1.306047e-03   1.690535e-03   1.067083e-06   0.000000e+00   1.175218e-01   8.150996e-08 
          4969   3.357500e-07   1.306042e-03   1.691369e-03   1.067018e-06   0.000000e+00   1.175173e-01   8.149300e-08 
          4970   3.360802e-07   1.306036e-03   1.692206e-03   1.066961e-06   0.000000e+00   1.175127e-01   8.147604e-08 
          4971   3.363472e-07   1.306031e-03   1.693047e-03   1.066903e-06   0.000000e+00   1.175082e-01   8.145908e-08 
          4972   3.365660e-07   1.306026e-03   1.693892e-03   1.066837e-06   0.000000e+00   1.175037e-01   8.144213e-08 
          4973   3.367484e-07   1.306021e-03   1.694742e-03   1.066762e-06   0.000000e+00   1.174992e-01   8.142519e-08 
          4974   3.369064e-07   1.306016e-03   1.695596e-03   1.066681e-06   0.000000e+00   1.174947e-01   8.140825e-08 
          4975   3.370421e-07   1.306010e-03   1.696454e-03   1.066599e-06   0.000000e+00   1.174903e-01   8.139132e-08 
          4976   3.371450e-07   1.306005e-03   1.697316e-03   1.066521e-06   0.000000e+00   1.174858e-01   8.137439e-08 
          4977   3.372313e-07   1.306000e-03   1.698182e-03   1.066448e-06   0.000000e+00   1.174813e-01   8.135747e-08 
          4978   3.372992e-07   1.305995e-03   1.699053e-03   1.066379e-06   0.000000e+00   1.174768e-01   8.134055e-08 
          4979   3.373522e-07   1.305990e-03   1.699928e-03   1.066311e-06   0.000000e+00   1.174724e-01   8.132364e-08 
          4980   3.373957e-07   1.305984e-03   1.700807e-03   1.066243e-06   0.000000e+00   1.174679e-01   8.130673e-08 
          4981   3.374323e-07   1.305979e-03   1.701689e-03   1.066173e-06   0.000000e+00   1.174635e-01   8.128983e-08 
          4982   3.374613e-07   1.305974e-03   1.702577e-03   1.066101e-06   0.000000e+00   1.174591e-01   8.127293e-08 
          4983   3.374815e-07   1.305969e-03   1.703468e-03   1.066027e-06   0.000000e+00   1.174546e-01   8.125604e-08 
          4984   3.374969e-07   1.305963e-03   1.704363e-03   1.065955e-06   0.000000e+00   1.174502e-01   8.123916e-08 
          4985   3.374905e-07   1.305958e-03   1.705263e-03   1.065885e-06   0.000000e+00   1.174458e-01   8.122228e-08 
          4986   3.374237e-07   1.305953e-03   1.706166e-03   1.065815e-06   0.000000e+00   1.174414e-01   8.120540e-08 
          4987   3.373450e-07   1.305948e-03   1.707074e-03   1.065743e-06   0.000000e+00   1.174370e-01   8.118853e-08 
          4988   3.372701e-07   1.305942e-03   1.707985e-03   1.065670e-06   0.000000e+00   1.174326e-01   8.117167e-08 
          4989   3.372031e-07   1.305937e-03   1.708901e-03   1.065598e-06   0.000000e+00   1.174282e-01   8.115481e-08 
          4990   3.371466e-07   1.305932e-03   1.709820e-03   1.065529e-06   0.000000e+00   1.174239e-01   8.113795e-08 
          4991   3.370998e-07   1.305927e-03   1.710744e-03   1.065462e-06   0.000000e+00   1.174195e-01   8.112111e-08 
          4992   3.370619e-07   1.305922e-03   1.711671e-03   1.065398e-06   0.000000e+00   1.174151e-01   8.110426e-08 
          4993   3.370309e-07   1.305916e-03   1.712601e-03   1.065333e-06   0.000000e+00   1.174108e-01   8.108743e-08 
          4994   3.370058e-07   1.305911e-03   1.713536e-03   1.065268e-06   0.000000e+00   1.174064e-01   8.107059e-08 
          4995   3.369851e-07   1.305906e-03   1.714474e-03   1.065202e-06   0.000000e+00   1.174021e-01   8.105377e-08 
          4996   3.369531e-07   1.305900e-03   1.715416e-03   1.065130e-06   0.000000e+00   1.173978e-01   8.103694e-08 
          4997   3.365004e-07   1.305895e-03   1.716361e-03   1.065102e-06   0.000000e+00   1.173934e-01   8.102013e-08 
          4998   3.354661e-07   1.305890e-03   1.717310e-03   1.065157e-06   0.000000e+00   1.173891e-01   8.100332e-08 
          4999   3.352594e-07   1.305885e-03   1.718261e-03   1.065116e-06   0.000000e+00   1.173848e-01   8.098651e-08 
          5000   3.355297e-07   1.305879e-03   1.719216e-03   1.065009e-06   0.000000e+00   1.173805e-01   8.096971e-08 
          5001   3.360237e-07   1.305874e-03   1.720175e-03   1.064876e-06   0.000000e+00   1.173762e-01   8.095291e-08 
          5002   3.365520e-07   1.305869e-03   1.721137e-03   1.064752e-06   0.000000e+00   1.173719e-01   8.093612e-08 
          5003   3.370829e-07   1.305864e-03   1.722107e-03   1.064672e-06   0.000000e+00   1.173676e-01   8.091934e-08 
          5004   3.375787e-07   1.305858e-03   1.723082e-03   1.064636e-06   0.000000e+00   1.173634e-01   8.090256e-08 
          5005   3.380099e-07   1.305853e-03   1.724048e-03   1.064530e-06   0.000000e+00   1.173591e-01   8.088578e-08 
          5006   3.374721e-07   1.305848e-03   1.725021e-03   1.064429e-06   0.000000e+00   1.173548e-01   8.086901e-08 
          5007   3.359387e-07   1.305843e-03   1.726001e-03   1.064364e-06   0.000000e+00   1.173506e-01   8.085225e-08 
          5008   3.343443e-07   1.305837e-03   1.726986e-03   1.064318e-06   0.000000e+00   1.173464e-01   8.083549e-08 
          5009   3.331388e-07   1.305832e-03   1.727975e-03   1.064260e-06   0.000000e+00   1.173421e-01   8.081874e-08 
          5010   3.322887e-07   1.305827e-03   1.728966e-03   1.064185e-06   0.000000e+00   1.173379e-01   8.080199e-08 
          5011   3.316801e-07   1.305821e-03   1.729960e-03   1.064105e-06   0.000000e+00   1.173337e-01   8.078525e-08 
          5012   3.312238e-07   1.305816e-03   1.730957e-03   1.064029e-06   0.000000e+00   1.173294e-01   8.076851e-08 
          5013   3.308668e-07   1.305811e-03   1.731957e-03   1.063962e-06   0.000000e+00   1.173252e-01   8.075178e-08 
          5014   3.305796e-07   1.305806e-03   1.732961e-03   1.063903e-06   0.000000e+00   1.173210e-01   8.073505e-08 
          5015   3.303462e-07   1.305800e-03   1.733968e-03   1.063849e-06   0.000000e+00   1.173168e-01   8.071833e-08 
          5016   3.301592e-07   1.305795e-03   1.734978e-03   1.063795e-06   0.000000e+00   1.173127e-01   8.070161e-08 
          5017   3.300147e-07   1.305790e-03   1.735992e-03   1.063737e-06   0.000000e+00   1.173085e-01   8.068490e-08 
          5018   3.299064e-07   1.305784e-03   1.737009e-03   1.063678e-06   0.000000e+00   1.173043e-01   8.066819e-08 
          5019   3.298286e-07   1.305779e-03   1.738029e-03   1.063619e-06   0.000000e+00   1.173001e-01   8.065149e-08 
          5020   3.297750e-07   1.305774e-03   1.739052e-03   1.063563e-06   0.000000e+00   1.172960e-01   8.063479e-08 
          5021   3.297400e-07   1.305769e-03   1.740078e-03   1.063509e-06   0.000000e+00   1.172918e-01   8.061810e-08 
          5022   3.297188e-07   1.305763e-03   1.741108e-03   1.063455e-06   0.000000e+00   1.172877e-01   8.060142e-08 
          5023   3.297070e-07   1.305758e-03   1.742140e-03   1.063400e-06   0.000000e+00   1.172835e-01   8.058474e-08 
          5024   3.297008e-07   1.305753e-03   1.743176e-03   1.063342e-06   0.000000e+00   1.172794e-01   8.056806e-08 
          5025   3.296975e-07   1.305747e-03   1.744215e-03   1.063279e-06   0.000000e+00   1.172753e-01   8.055139e-08 
          5026   3.296952e-07   1.305742e-03   1.745257e-03   1.063211e-06   0.000000e+00   1.172712e-01   8.053473e-08 
          5027   3.296929e-07   1.305737e-03   1.746302e-03   1.063142e-06   0.000000e+00   1.172671e-01   8.051807e-08 
          5028   3.296905e-07   1.305731e-03   1.747350e-03   1.063070e-06   0.000000e+00   1.172630e-01   8.050142e-08 
          5029   3.296845e-07   1.305726e-03   1.748401e-03   1.062999e-06   0.000000e+00   1.172589e-01   8.048477e-08 
          5030   3.295657e-07   1.305721e-03   1.749455e-03   1.062927e-06   0.000000e+00   1.172548e-01   8.046812e-08 
          5031   3.288648e-07   1.305715e-03   1.750513e-03   1.062863e-06   0.000000e+00   1.172507e-01   8.045149e-08 
          5032   3.287028e-07   1.305710e-03   1.751573e-03   1.062771e-06   0.000000e+00   1.172466e-01   8.043485e-08 
          5033   3.288053e-07   1.305705e-03   1.752636e-03   1.062678e-06   0.000000e+00   1.172425e-01   8.041822e-08 
          5034   3.290238e-07   1.305700e-03   1.753703e-03   1.062595e-06   0.000000e+00   1.172385e-01   8.040160e-08 
          5035   3.292785e-07   1.305694e-03   1.754773e-03   1.062524e-06   0.000000e+00   1.172344e-01   8.038498e-08 
          5036   3.295289e-07   1.305689e-03   1.755845e-03   1.062458e-06   0.000000e+00   1.172304e-01   8.036837e-08 
          5037   3.297570e-07   1.305684e-03   1.756920e-03   1.062390e-06   0.000000e+00   1.172263e-01   8.035176e-08 
          5038   3.299569e-07   1.305678e-03   1.757998e-03   1.062317e-06   0.000000e+00   1.172223e-01   8.033516e-08 
          5039   3.301284e-07   1.305673e-03   1.759079e-03   1.062238e-06   0.000000e+00   1.172183e-01   8.031856e-08 
          5040   3.302712e-07   1.305668e-03   1.760163e-03   1.062155e-06   0.000000e+00   1.172142e-01   8.030197e-08 
          5041   3.303874e-07   1.305662e-03   1.761250e-03   1.062068e-06   0.000000e+00   1.172102e-01   8.028539e-08 
          5042   3.304842e-07   1.305657e-03   1.762340e-03   1.061983e-06   0.000000e+00   1.172062e-01   8.026880e-08 
          5043   3.301499e-07   1.305652e-03   1.763433e-03   1.061896e-06   0.000000e+00   1.172022e-01   8.025223e-08 
          5044   3.298014e-07   1.305646e-03   1.764528e-03   1.061819e-06   0.000000e+00   1.171982e-01   8.023566e-08 
          5045   3.296272e-07   1.305641e-03   1.765627e-03   1.061745e-06   0.000000e+00   1.171942e-01   8.021909e-08 
          5046   3.294822e-07   1.305636e-03   1.766728e-03   1.061668e-06   0.000000e+00   1.171902e-01   8.020253e-08 
          5047   3.293490e-07   1.305630e-03   1.767832e-03   1.061594e-06   0.000000e+00   1.171863e-01   8.018598e-08 
          5048   3.292456e-07   1.305625e-03   1.768939e-03   1.061535e-06   0.000000e+00   1.171823e-01   8.016942e-08 
          5049   3.291698e-07   1.305620e-03   1.770048e-03   1.061475e-06   0.000000e+00   1.171783e-01   8.015288e-08 
          5050   3.291142e-07   1.305614e-03   1.771161e-03   1.061407e-06   0.000000e+00   1.171744e-01   8.013634e-08 
          5051   3.290698e-07   1.305609e-03   1.772277e-03   1.061326e-06   0.000000e+00   1.171704e-01   8.011980e-08 
          5052   3.290319e-07   1.305604e-03   1.773395e-03   1.061237e-06   0.000000e+00   1.171665e-01   8.010327e-08 
          5053   3.289340e-07   1.305598e-03   1.774516e-03   1.061143e-06   0.000000e+00   1.171625e-01   8.008675e-08 
          5054   3.288103e-07   1.305593e-03   1.775639e-03   1.061058e-06   0.000000e+00   1.171586e-01   8.007023e-08 
          5055   3.287144e-07   1.305588e-03   1.776766e-03   1.060979e-06   0.000000e+00   1.171547e-01   8.005372e-08 
          5056   3.286662e-07   1.305582e-03   1.777895e-03   1.060898e-06   0.000000e+00   1.171507e-01   8.003721e-08 
          5057   3.286527e-07   1.305577e-03   1.779027e-03   1.060814e-06   0.000000e+00   1.171468e-01   8.002070e-08 
          5058   3.286558e-07   1.305572e-03   1.780162e-03   1.060730e-06   0.000000e+00   1.171429e-01   8.000420e-08 
          5059   3.286639e-07   1.305566e-03   1.781300e-03   1.060645e-06   0.000000e+00   1.171390e-01   7.998771e-08 
          5060   3.286715e-07   1.305561e-03   1.782441e-03   1.060563e-06   0.000000e+00   1.171351e-01   7.997122e-08 
          5061   3.286776e-07   1.305556e-03   1.783584e-03   1.060481e-06   0.000000e+00   1.171312e-01   7.995474e-08 
          5062   3.286830e-07   1.305550e-03   1.784730e-03   1.060402e-06   0.000000e+00   1.171273e-01   7.993826e-08 
          5063   3.261042e-07   1.305545e-03   1.785879e-03   1.060303e-06   0.000000e+00   1.171234e-01   7.992178e-08 
          5064   3.251118e-07   1.305540e-03   1.787029e-03   1.060197e-06   0.000000e+00   1.171196e-01   7.990532e-08 
          5065   3.251515e-07   1.305534e-03   1.788183e-03   1.060098e-06   0.000000e+00   1.171157e-01   7.988885e-08 
          5066   3.256343e-07   1.305529e-03   1.789339e-03   1.060006e-06   0.000000e+00   1.171118e-01   7.987239e-08 
          5067   3.262591e-07   1.305523e-03   1.790501e-03   1.059934e-06   0.000000e+00   1.171080e-01   7.985594e-08 
          5068   3.268820e-07   1.305518e-03   1.791668e-03   1.059903e-06   0.000000e+00   1.171041e-01   7.983949e-08 
          5069   3.274499e-07   1.305513e-03   1.792827e-03   1.059796e-06   0.000000e+00   1.171003e-01   7.982305e-08 
          5070   3.279442e-07   1.305507e-03   1.793991e-03   1.059708e-06   0.000000e+00   1.170964e-01   7.980661e-08 
          5071   3.283637e-07   1.305502e-03   1.795161e-03   1.059662e-06   0.000000e+00   1.170926e-01   7.979018e-08 
          5072   3.287107e-07   1.305497e-03   1.796335e-03   1.059639e-06   0.000000e+00   1.170888e-01   7.977375e-08 
          5073   3.289919e-07   1.305491e-03   1.797511e-03   1.059604e-06   0.000000e+00   1.170849e-01   7.975733e-08 
          5074   3.292136e-07   1.305486e-03   1.798689e-03   1.059549e-06   0.000000e+00   1.170811e-01   7.974091e-08 
          5075   3.293769e-07   1.305481e-03   1.799870e-03   1.059480e-06   0.000000e+00   1.170773e-01   7.972450e-08 
          5076   3.294652e-07   1.305475e-03   1.801053e-03   1.059406e-06   0.000000e+00   1.170735e-01   7.970809e-08 
          5077   3.295173e-07   1.305470e-03   1.802239e-03   1.059338e-06   0.000000e+00   1.170697e-01   7.969169e-08 
          5078   3.295556e-07   1.305464e-03   1.803428e-03   1.059273e-06   0.000000e+00   1.170659e-01   7.967529e-08 
          5079   3.295836e-07   1.305459e-03   1.804620e-03   1.059207e-06   0.000000e+00   1.170621e-01   7.965890e-08 
          5080   3.296004e-07   1.305454e-03   1.805815e-03   1.059135e-06   0.000000e+00   1.170583e-01   7.964251e-08 
          5081   3.296065e-07   1.305448e-03   1.807012e-03   1.059058e-06   0.000000e+00   1.170545e-01   7.962613e-08 
          5082   3.296064e-07   1.305443e-03   1.808212e-03   1.058977e-06   0.000000e+00   1.170507e-01   7.960976e-08 
          5083   3.296043e-07   1.305438e-03   1.809415e-03   1.058896e-06   0.000000e+00   1.170470e-01   7.959338e-08 
          5084   3.296034e-07   1.305432e-03   1.810620e-03   1.058817e-06   0.000000e+00   1.170432e-01   7.957702e-08 
          5085   3.296062e-07   1.305427e-03   1.811828e-03   1.058741e-06   0.000000e+00   1.170394e-01   7.956066e-08 
          5086   3.296128e-07   1.305421e-03   1.813039e-03   1.058668e-06   0.000000e+00   1.170357e-01   7.954430e-08 
          5087   3.296238e-07   1.305416e-03   1.814252e-03   1.058596e-06   0.000000e+00   1.170319e-01   7.952795e-08 
          5088   3.296381e-07   1.305411e-03   1.815468e-03   1.058525e-06   0.000000e+00   1.170282e-01   7.951160e-08 
          5089   3.296543e-07   1.305405e-03   1.816686e-03   1.058453e-06   0.000000e+00   1.170244e-01   7.949526e-08 
          5090   3.296694e-07   1.305400e-03   1.817907e-03   1.058380e-06   0.000000e+00   1.170207e-01   7.947892e-08 
          5091   3.296854e-07   1.305395e-03   1.819130e-03   1.058305e-06   0.000000e+00   1.170170e-01   7.946259e-08 
          5092   3.297010e-07   1.305389e-03   1.820356e-03   1.058231e-06   0.000000e+00   1.170132e-01   7.944627e-08 
          5093   3.297162e-07   1.305384e-03   1.821584e-03   1.058158e-06   0.000000e+00   1.170095e-01   7.942994e-08 
          5094   3.297246e-07   1.305378e-03   1.822814e-03   1.058085e-06   0.000000e+00   1.170058e-01   7.941363e-08 
          5095   3.297329e-07   1.305373e-03   1.824047e-03   1.058006e-06   0.000000e+00   1.170021e-01   7.939732e-08 
          5096   3.297441e-07   1.305368e-03   1.825283e-03   1.057921e-06   0.000000e+00   1.169984e-01   7.938101e-08 
          5097   3.297577e-07   1.305362e-03   1.826521e-03   1.057839e-06   0.000000e+00   1.169947e-01   7.936471e-08 
          5098   3.297718e-07   1.305357e-03   1.827761e-03   1.057763e-06   0.000000e+00   1.169910e-01   7.934842e-08 
          5099   3.297859e-07   1.305351e-03   1.829004e-03   1.057692e-06   0.000000e+00   1.169873e-01   7.933212e-08 
          5100   3.298000e-07   1.305346e-03   1.830249e-03   1.057624e-06   0.000000e+00   1.169836e-01   7.931584e-08 
          5101   3.298146e-07   1.305341e-03   1.831497e-03   1.057556e-06   0.000000e+00   1.169800e-01   7.929956e-08 
          5102   3.298299e-07   1.305335e-03   1.832747e-03   1.057485e-06   0.000000e+00   1.169763e-01   7.928328e-08 
          5103   3.298515e-07   1.305330e-03   1.834000e-03   1.057502e-06   0.000000e+00   1.169726e-01   7.926701e-08 
          5104   3.298677e-07   1.305324e-03   1.835257e-03   1.057600e-06   0.000000e+00   1.169689e-01   7.925075e-08 
          5105   3.298860e-07   1.305319e-03   1.836513e-03   1.057665e-06   0.000000e+00   1.169653e-01   7.923448e-08 
          5106   3.299049e-07   1.305313e-03   1.837771e-03   1.057659e-06   0.000000e+00   1.169616e-01   7.921823e-08 
          5107   3.299204e-07   1.305308e-03   1.839032e-03   1.057582e-06   0.000000e+00   1.169580e-01   7.920198e-08 
          5108   3.299300e-07   1.305303e-03   1.840295e-03   1.057456e-06   0.000000e+00   1.169543e-01   7.918573e-08 
          5109   3.299336e-07   1.305297e-03   1.841561e-03   1.057314e-06   0.000000e+00   1.169507e-01   7.916949e-08 
          5110   3.299359e-07   1.305292e-03   1.842829e-03   1.057187e-06   0.000000e+00   1.169471e-01   7.915326e-08 
          5111   3.299414e-07   1.305286e-03   1.844101e-03   1.057094e-06   0.000000e+00   1.169434e-01   7.913703e-08 
          5112   3.299482e-07   1.305281e-03   1.845374e-03   1.057031e-06   0.000000e+00   1.169398e-01   7.912080e-08 
          5113   3.299565e-07   1.305275e-03   1.846649e-03   1.056981e-06   0.000000e+00   1.169362e-01   7.910458e-08 
          5114   3.299679e-07   1.305270e-03   1.847926e-03   1.056930e-06   0.000000e+00   1.169325e-01   7.908837e-08 
          5115   3.299821e-07   1.305264e-03   1.849205e-03   1.056869e-06   0.000000e+00   1.169289e-01   7.907216e-08 
          5116   3.299927e-07   1.305259e-03   1.850486e-03   1.056798e-06   0.000000e+00   1.169253e-01   7.905595e-08 
          5117   3.300048e-07   1.305254e-03   1.851769e-03   1.056719e-06   0.000000e+00   1.169217e-01   7.903975e-08 
          5118   3.300211e-07   1.305248e-03   1.853055e-03   1.056641e-06   0.000000e+00   1.169181e-01   7.902356e-08 
          5119   3.300392e-07   1.305243e-03   1.854343e-03   1.056572e-06   0.000000e+00   1.169145e-01   7.900737e-08 
          5120   3.300585e-07   1.305237e-03   1.855633e-03   1.056514e-06   0.000000e+00   1.169109e-01   7.899118e-08 
          5121   3.300403e-07   1.305232e-03   1.856925e-03   1.056457e-06   0.000000e+00   1.169074e-01   7.897500e-08 
          5122   3.300142e-07   1.305226e-03   1.858220e-03   1.056406e-06   0.000000e+00   1.169038e-01   7.895883e-08 
          5123   3.300025e-07   1.305221e-03   1.859517e-03   1.056349e-06   0.000000e+00   1.169002e-01   7.894266e-08 
          5124   3.300175e-07   1.305215e-03   1.860815e-03   1.056282e-06   0.000000e+00   1.168966e-01   7.892650e-08 
          5125   3.300535e-07   1.305210e-03   1.862116e-03   1.056210e-06   0.000000e+00   1.168931e-01   7.891034e-08 
          5126   3.300988e-07   1.305204e-03   1.863419e-03   1.056140e-06   0.000000e+00   1.168895e-01   7.889418e-08 
          5127   3.301463e-07   1.305199e-03   1.864724e-03   1.056072e-06   0.000000e+00   1.168859e-01   7.887803e-08 
          5128   3.301905e-07   1.305194e-03   1.866031e-03   1.056010e-06   0.000000e+00   1.168824e-01   7.886189e-08 
          5129   3.302313e-07   1.305188e-03   1.867341e-03   1.055953e-06   0.000000e+00   1.168788e-01   7.884575e-08 
          5130   3.302673e-07   1.305183e-03   1.868652e-03   1.055899e-06   0.000000e+00   1.168753e-01   7.882962e-08 
          5131   3.302998e-07   1.305177e-03   1.869965e-03   1.055847e-06   0.000000e+00   1.168718e-01   7.881349e-08 
          5132   3.303292e-07   1.305172e-03   1.871280e-03   1.055797e-06   0.000000e+00   1.168682e-01   7.879736e-08 
          5133   3.303570e-07   1.305166e-03   1.872597e-03   1.055748e-06   0.000000e+00   1.168647e-01   7.878125e-08 
          5134   3.303820e-07   1.305161e-03   1.873915e-03   1.055698e-06   0.000000e+00   1.168612e-01   7.876513e-08 
          5135   3.304055e-07   1.305155e-03   1.875236e-03   1.055648e-06   0.000000e+00   1.168577e-01   7.874902e-08 
          5136   3.304288e-07   1.305150e-03   1.876557e-03   1.055598e-06   0.000000e+00   1.168541e-01   7.873292e-08 
          5137   3.304513e-07   1.305144e-03   1.877882e-03   1.055547e-06   0.000000e+00   1.168506e-01   7.871682e-08 
          5138   3.304625e-07   1.305139e-03   1.879208e-03   1.055497e-06   0.000000e+00   1.168471e-01   7.870073e-08 
          5139   3.304751e-07   1.305133e-03   1.880536e-03   1.055446e-06   0.000000e+00   1.168436e-01   7.868464e-08 
          5140   3.304864e-07   1.305128e-03   1.881866e-03   1.055395e-06   0.000000e+00   1.168401e-01   7.866856e-08 
          5141   3.304877e-07   1.305122e-03   1.883199e-03   1.055343e-06   0.000000e+00   1.168366e-01   7.865248e-08 
          5142   3.304587e-07   1.305117e-03   1.884533e-03   1.055292e-06   0.000000e+00   1.168331e-01   7.863641e-08 
          5143   3.304236e-07   1.305111e-03   1.885869e-03   1.055241e-06   0.000000e+00   1.168297e-01   7.862034e-08 
          5144   3.304021e-07   1.305106e-03   1.887208e-03   1.055190e-06   0.000000e+00   1.168262e-01   7.860427e-08 
          5145   3.303966e-07   1.305100e-03   1.888548e-03   1.055135e-06   0.000000e+00   1.168227e-01   7.858822e-08 
          5146   3.304003e-07   1.305095e-03   1.889895e-03   1.055135e-06   0.000000e+00   1.168192e-01   7.857216e-08 
          5147   3.304081e-07   1.305089e-03   1.891236e-03   1.055044e-06   0.000000e+00   1.168158e-01   7.855612e-08 
          5148   3.304169e-07   1.305084e-03   1.892579e-03   1.054950e-06   0.000000e+00   1.168123e-01   7.854007e-08 
          5149   3.304260e-07   1.305078e-03   1.893925e-03   1.054874e-06   0.000000e+00   1.168089e-01   7.852403e-08 
          5150   3.304352e-07   1.305073e-03   1.895277e-03   1.054843e-06   0.000000e+00   1.168054e-01   7.850800e-08 
          5151   3.304455e-07   1.305067e-03   1.896631e-03   1.054829e-06   0.000000e+00   1.168020e-01   7.849197e-08 
          5152   3.304563e-07   1.305062e-03   1.897985e-03   1.054805e-06   0.000000e+00   1.167985e-01   7.847595e-08 
          5153   3.304685e-07   1.305056e-03   1.899341e-03   1.054765e-06   0.000000e+00   1.167951e-01   7.845993e-08 
          5154   3.304809e-07   1.305051e-03   1.900699e-03   1.054715e-06   0.000000e+00   1.167917e-01   7.844392e-08 
          5155   3.304936e-07   1.305045e-03   1.902058e-03   1.054663e-06   0.000000e+00   1.167882e-01   7.842791e-08 
          5156   3.305066e-07   1.305040e-03   1.903420e-03   1.054611e-06   0.000000e+00   1.167848e-01   7.841191e-08 
          5157   3.305202e-07   1.305034e-03   1.904783e-03   1.054560e-06   0.000000e+00   1.167814e-01   7.839591e-08 
          5158   3.305420e-07   1.305028e-03   1.906149e-03   1.054506e-06   0.000000e+00   1.167780e-01   7.837992e-08 
          5159   3.305644e-07   1.305023e-03   1.907516e-03   1.054450e-06   0.000000e+00   1.167746e-01   7.836393e-08 
          5160   3.305918e-07   1.305017e-03   1.908885e-03   1.054404e-06   0.000000e+00   1.167712e-01   7.834795e-08 
          5161   3.305996e-07   1.305012e-03   1.910256e-03   1.054358e-06   0.000000e+00   1.167678e-01   7.833197e-08 
          5162   3.305880e-07   1.305006e-03   1.911628e-03   1.054328e-06   0.000000e+00   1.167644e-01   7.831599e-08 
          5163   3.305672e-07   1.305001e-03   1.913002e-03   1.054309e-06   0.000000e+00   1.167610e-01   7.830003e-08 
          5164   3.305476e-07   1.304995e-03   1.914378e-03   1.054291e-06   0.000000e+00   1.167576e-01   7.828406e-08 
          5165   3.305390e-07   1.304990e-03   1.915756e-03   1.054272e-06   0.000000e+00   1.167542e-01   7.826810e-08 
          5166   3.305463e-07   1.304984e-03   1.917136e-03   1.054250e-06   0.000000e+00   1.167509e-01   7.825215e-08 
          5167   3.305718e-07   1.304978e-03   1.918518e-03   1.054226e-06   0.000000e+00   1.167475e-01   7.823620e-08 
          5168   3.306136e-07   1.304973e-03   1.919901e-03   1.054201e-06   0.000000e+00   1.167441e-01   7.822026e-08 
          5169   3.306692e-07   1.304967e-03   1.921286e-03   1.054175e-06   0.000000e+00   1.167408e-01   7.820432e-08 
          5170   3.307346e-07   1.304962e-03   1.922672e-03   1.054148e-06   0.000000e+00   1.167374e-01   7.818839e-08 
          5171   3.308070e-07   1.304956e-03   1.924061e-03   1.054121e-06   0.000000e+00   1.167341e-01   7.817246e-08 
          5172   3.308831e-07   1.304950e-03   1.925451e-03   1.054095e-06   0.000000e+00   1.167307e-01   7.815653e-08 
          5173   3.309616e-07   1.304945e-03   1.926843e-03   1.054070e-06   0.000000e+00   1.167274e-01   7.814061e-08 
          5174   3.310408e-07   1.304939e-03   1.928236e-03   1.054047e-06   0.000000e+00   1.167241e-01   7.812470e-08 
          5175   3.311206e-07   1.304934e-03   1.929632e-03   1.054025e-06   0.000000e+00   1.167207e-01   7.810879e-08 
          5176   3.312002e-07   1.304928e-03   1.931029e-03   1.054005e-06   0.000000e+00   1.167174e-01   7.809289e-08 
          5177   3.312189e-07   1.304923e-03   1.932428e-03   1.053981e-06   0.000000e+00   1.167141e-01   7.807699e-08 
          5178   3.312206e-07   1.304917e-03   1.933828e-03   1.053959e-06   0.000000e+00   1.167108e-01   7.806109e-08 
          5179   3.312628e-07   1.304911e-03   1.935230e-03   1.053938e-06   0.000000e+00   1.167075e-01   7.804520e-08 
          5180   3.313348e-07   1.304906e-03   1.936634e-03   1.053913e-06   0.000000e+00   1.167042e-01   7.802932e-08 
          5181   3.314259e-07   1.304900e-03   1.938040e-03   1.053882e-06   0.000000e+00   1.167009e-01   7.801344e-08 
          5182   3.315257e-07   1.304894e-03   1.939449e-03   1.053852e-06   0.000000e+00   1.166976e-01   7.799757e-08 
          5183   3.316272e-07   1.304889e-03   1.940859e-03   1.053823e-06   0.000000e+00   1.166943e-01   7.798170e-08 
          5184   3.317253e-07   1.304883e-03   1.942271e-03   1.053796e-06   0.000000e+00   1.166910e-01   7.796583e-08 
          5185   3.318197e-07   1.304878e-03   1.943685e-03   1.053771e-06   0.000000e+00   1.166877e-01   7.794997e-08 
          5186   3.319090e-07   1.304872e-03   1.945100e-03   1.053748e-06   0.000000e+00   1.166844e-01   7.793412e-08 
          5187   3.319937e-07   1.304866e-03   1.946517e-03   1.053726e-06   0.000000e+00   1.166812e-01   7.791827e-08 
          5188   3.320735e-07   1.304861e-03   1.947935e-03   1.053702e-06   0.000000e+00   1.166779e-01   7.790242e-08 
          5189   3.321498e-07   1.304855e-03   1.949355e-03   1.053675e-06   0.000000e+00   1.166746e-01   7.788658e-08 
          5190   3.322191e-07   1.304849e-03   1.950776e-03   1.053645e-06   0.000000e+00   1.166714e-01   7.787075e-08 
          5191   3.322827e-07   1.304844e-03   1.952199e-03   1.053610e-06   0.000000e+00   1.166681e-01   7.785492e-08 
          5192   3.323446e-07   1.304838e-03   1.953623e-03   1.053567e-06   0.000000e+00   1.166649e-01   7.783909e-08 
          5193   3.324047e-07   1.304833e-03   1.955049e-03   1.053522e-06   0.000000e+00   1.166616e-01   7.782327e-08 
          5194   3.324617e-07   1.304827e-03   1.956476e-03   1.053480e-06   0.000000e+00   1.166584e-01   7.780745e-08 
          5195   3.325156e-07   1.304821e-03   1.957904e-03   1.053444e-06   0.000000e+00   1.166552e-01   7.779164e-08 
          5196   3.325660e-07   1.304816e-03   1.959334e-03   1.053411e-06   0.000000e+00   1.166520e-01   7.777584e-08 
          5197   3.326135e-07   1.304810e-03   1.960765e-03   1.053380e-06   0.000000e+00   1.166487e-01   7.776004e-08 
          5198   3.326579e-07   1.304804e-03   1.962197e-03   1.053347e-06   0.000000e+00   1.166455e-01   7.774424e-08 
          5199   3.326998e-07   1.304799e-03   1.963630e-03   1.053313e-06   0.000000e+00   1.166423e-01   7.772845e-08 
          5200   3.327388e-07   1.304793e-03   1.965065e-03   1.053278e-06   0.000000e+00   1.166391e-01   7.771266e-08 
          5201   3.327765e-07   1.304787e-03   1.966500e-03   1.053242e-06   0.000000e+00   1.166359e-01   7.769688e-08 
          5202   3.328132e-07   1.304782e-03   1.967936e-03   1.053206e-06   0.000000e+00   1.166327e-01   7.768110e-08 
          5203   3.328493e-07   1.304776e-03   1.969374e-03   1.053171e-06   0.000000e+00   1.166295e-01   7.766533e-08 
          5204   3.328838e-07   1.304770e-03   1.970813e-03   1.053136e-06   0.000000e+00   1.166264e-01   7.764956e-08 
          5205   3.329177e-07   1.304765e-03   1.972253e-03   1.053102e-06   0.000000e+00   1.166232e-01   7.763380e-08 
          5206   3.329500e-07   1.304759e-03   1.973694e-03   1.053067e-06   0.000000e+00   1.166200e-01   7.761804e-08 
          5207   3.329815e-07   1.304753e-03   1.975136e-03   1.053032e-06   0.000000e+00   1.166168e-01   7.760229e-08 
          5208   3.330114e-07   1.304748e-03   1.976579e-03   1.052996e-06   0.000000e+00   1.166137e-01   7.758654e-08 
          5209   3.330406e-07   1.304742e-03   1.978023e-03   1.052958e-06   0.000000e+00   1.166105e-01   7.757080e-08 
          5210   3.333136e-07   1.304736e-03   1.979468e-03   1.052920e-06   0.000000e+00   1.166074e-01   7.755506e-08 
          5211   3.328651e-07   1.304731e-03   1.980908e-03   1.053283e-06   0.000000e+00   1.166043e-01   7.753933e-08 
          5212   3.324173e-07   1.304725e-03   1.982352e-03   1.053728e-06   0.000000e+00   1.166011e-01   7.752360e-08 
          5213   3.321985e-07   1.304719e-03   1.983799e-03   1.054178e-06   0.000000e+00   1.165980e-01   7.750788e-08 
          5214   3.321940e-07   1.304713e-03   1.985248e-03   1.054565e-06   0.000000e+00   1.165949e-01   7.749216e-08 
          5215   3.323273e-07   1.304708e-03   1.986698e-03   1.054858e-06   0.000000e+00   1.165918e-01   7.747645e-08 
          5216   3.277489e-07   1.304702e-03   1.988150e-03   1.055058e-06   0.000000e+00   1.165886e-01   7.746074e-08 
          5217   3.244352e-07   1.304696e-03   1.989598e-03   1.055214e-06   0.000000e+00   1.165855e-01   7.744503e-08 
          5218   3.232665e-07   1.304691e-03   1.990987e-03   1.055158e-06   0.000000e+00   1.165824e-01   7.742934e-08 
          5219   3.219999e-07   1.304685e-03   1.992455e-03   1.055480e-06   0.000000e+00   1.165793e-01   7.741364e-08 
          5220   3.226888e-07   1.304679e-03   1.993899e-03   1.055596e-06   0.000000e+00   1.165763e-01   7.739795e-08 
          5221   3.235471e-07   1.304673e-03   1.995287e-03   1.055282e-06   0.000000e+00   1.165732e-01   7.738227e-08 
          5222   3.231554e-07   1.304668e-03   1.996761e-03   1.055348e-06   0.000000e+00   1.165701e-01   7.736659e-08 
          5223   3.245547e-07   1.304662e-03   1.998158e-03   1.054960e-06   0.000000e+00   1.165670e-01   7.735091e-08 
          5224   3.242152e-07   1.304656e-03   1.999636e-03   1.055171e-06   0.000000e+00   1.165640e-01   7.733524e-08 
          5225   3.250526e-07   1.304651e-03   2.001094e-03   1.055135e-06   0.000000e+00   1.165609e-01   7.731958e-08 
          5226   3.253278e-07   1.304645e-03   2.002550e-03   1.055055e-06   0.000000e+00   1.165579e-01   7.730392e-08 
          5227   3.261450e-07   1.304639e-03   2.004007e-03   1.054951e-06   0.000000e+00   1.165548e-01   7.728826e-08 
          5228   3.274772e-07   1.304633e-03   2.005465e-03   1.054916e-06   0.000000e+00   1.165518e-01   7.727261e-08 
          5229   3.287086e-07   1.304628e-03   2.006923e-03   1.054922e-06   0.000000e+00   1.165488e-01   7.725696e-08 
          5230   3.296610e-07   1.304622e-03   2.008380e-03   1.054966e-06   0.000000e+00   1.165458e-01   7.724132e-08 
          5231   3.303363e-07   1.304616e-03   2.009836e-03   1.054976e-06   0.000000e+00   1.165428e-01   7.722569e-08 
          5232   3.308169e-07   1.304610e-03   2.011295e-03   1.054960e-06   0.000000e+00   1.165397e-01   7.721005e-08 
          5233   3.311896e-07   1.304605e-03   2.012754e-03   1.054912e-06   0.000000e+00   1.165367e-01   7.719443e-08 
          5234   3.315032e-07   1.304599e-03   2.014214e-03   1.054829e-06   0.000000e+00   1.165338e-01   7.717881e-08 
          5235   3.317798e-07   1.304593e-03   2.015675e-03   1.054722e-06   0.000000e+00   1.165308e-01   7.716319e-08 
          5236   3.320227e-07   1.304587e-03   2.017137e-03   1.054609e-06   0.000000e+00   1.165278e-01   7.714758e-08 
          5237   3.322305e-07   1.304582e-03   2.018599e-03   1.054502e-06   0.000000e+00   1.165248e-01   7.713197e-08 
          5238   3.324007e-07   1.304576e-03   2.020062e-03   1.054412e-06   0.000000e+00   1.165219e-01   7.711637e-08 
          5239   3.325346e-07   1.304570e-03   2.021525e-03   1.054340e-06   0.000000e+00   1.165189e-01   7.710077e-08 
          5240   3.326348e-07   1.304564e-03   2.022990e-03   1.054284e-06   0.000000e+00   1.165159e-01   7.708517e-08 
          5241   3.327090e-07   1.304559e-03   2.024456e-03   1.054235e-06   0.000000e+00   1.165130e-01   7.706959e-08 
          5242   3.327621e-07   1.304553e-03   2.025924e-03   1.054185e-06   0.000000e+00   1.165101e-01   7.705400e-08 
          5243   3.327992e-07   1.304547e-03   2.027398e-03   1.054186e-06   0.000000e+00   1.165071e-01   7.703842e-08 
          5244   3.328239e-07   1.304541e-03   2.028865e-03   1.054089e-06   0.000000e+00   1.165042e-01   7.702285e-08 
          5245   3.328401e-07   1.304536e-03   2.030334e-03   1.054002e-06   0.000000e+00   1.165013e-01   7.700728e-08 
          5246   3.328495e-07   1.304530e-03   2.031805e-03   1.053937e-06   0.000000e+00   1.164984e-01   7.699172e-08 
          5247   3.328541e-07   1.304524e-03   2.033279e-03   1.053904e-06   0.000000e+00   1.164955e-01   7.697616e-08 
          5248   3.328545e-07   1.304518e-03   2.034755e-03   1.053882e-06   0.000000e+00   1.164926e-01   7.696060e-08 
          5249   3.321373e-07   1.304513e-03   2.036231e-03   1.053845e-06   0.000000e+00   1.164897e-01   7.694505e-08 
          5250   3.303723e-07   1.304507e-03   2.037708e-03   1.053798e-06   0.000000e+00   1.164868e-01   7.692951e-08 
          5251   3.293576e-07   1.304501e-03   2.039205e-03   1.053756e-06   0.000000e+00   1.164839e-01   7.691397e-08 
          5252   3.286962e-07   1.304495e-03   2.040734e-03   1.053718e-06   0.000000e+00   1.164811e-01   7.689843e-08 
          5253   3.281329e-07   1.304489e-03   2.042290e-03   1.053673e-06   0.000000e+00   1.164782e-01   7.688290e-08 
          5254   3.275643e-07   1.304484e-03   2.043865e-03   1.053616e-06   0.000000e+00   1.164753e-01   7.686738e-08 
          5255   3.269901e-07   1.304478e-03   2.045457e-03   1.053547e-06   0.000000e+00   1.164725e-01   7.685186e-08 
          5256   3.264566e-07   1.304472e-03   2.047062e-03   1.053470e-06   0.000000e+00   1.164696e-01   7.683634e-08 
          5257   3.259598e-07   1.304466e-03   2.048678e-03   1.053387e-06   0.000000e+00   1.164668e-01   7.682083e-08 
          5258   3.252913e-07   1.304460e-03   2.050302e-03   1.053336e-06   0.000000e+00   1.164640e-01   7.680532e-08 
          5259   3.244397e-07   1.304455e-03   2.051934e-03   1.053349e-06   0.000000e+00   1.164612e-01   7.678982e-08 
          5260   3.238452e-07   1.304449e-03   2.053573e-03   1.053375e-06   0.000000e+00   1.164584e-01   7.677432e-08 
          5261   3.235407e-07   1.304443e-03   2.055218e-03   1.053398e-06   0.000000e+00   1.164555e-01   7.675883e-08 
          5262   3.234580e-07   1.304437e-03   2.056867e-03   1.053394e-06   0.000000e+00   1.164528e-01   7.674334e-08 
          5263   3.235077e-07   1.304431e-03   2.058518e-03   1.053355e-06   0.000000e+00   1.164500e-01   7.672786e-08 
          5264   3.236143e-07   1.304426e-03   2.060172e-03   1.053284e-06   0.000000e+00   1.164472e-01   7.671238e-08 
          5265   3.237251e-07   1.304420e-03   2.061827e-03   1.053194e-06   0.000000e+00   1.164444e-01   7.669691e-08 
          5266   3.238115e-07   1.304414e-03   2.063484e-03   1.053097e-06   0.000000e+00   1.164416e-01   7.668144e-08 
          5267   3.238628e-07   1.304408e-03   2.065141e-03   1.052992e-06   0.000000e+00   1.164389e-01   7.666598e-08 
          5268   3.238811e-07   1.304402e-03   2.066796e-03   1.052902e-06   0.000000e+00   1.164361e-01   7.665052e-08 
          5269   3.238749e-07   1.304397e-03   2.068454e-03   1.052830e-06   0.000000e+00   1.164334e-01   7.663507e-08 
          5270   3.238552e-07   1.304391e-03   2.070111e-03   1.052770e-06   0.000000e+00   1.164306e-01   7.661962e-08 
          5271   3.238318e-07   1.304385e-03   2.071770e-03   1.052717e-06   0.000000e+00   1.164279e-01   7.660418e-08 
          5272   3.238125e-07   1.304379e-03   2.073429e-03   1.052666e-06   0.000000e+00   1.164251e-01   7.658874e-08 
          5273   3.238015e-07   1.304373e-03   2.075090e-03   1.052615e-06   0.000000e+00   1.164224e-01   7.657330e-08 
          5274   3.237979e-07   1.304368e-03   2.076753e-03   1.052563e-06   0.000000e+00   1.164197e-01   7.655787e-08 
          5275   3.238001e-07   1.304362e-03   2.078416e-03   1.052503e-06   0.000000e+00   1.164170e-01   7.654245e-08 
          5276   3.238099e-07   1.304356e-03   2.080081e-03   1.052427e-06   0.000000e+00   1.164143e-01   7.652702e-08 
          5277   3.238228e-07   1.304350e-03   2.081748e-03   1.052347e-06   0.000000e+00   1.164116e-01   7.651161e-08 
          5278   3.238356e-07   1.304344e-03   2.083418e-03   1.052272e-06   0.000000e+00   1.164089e-01   7.649620e-08 
          5279   3.238463e-07   1.304338e-03   2.085090e-03   1.052203e-06   0.000000e+00   1.164062e-01   7.648079e-08 
          5280   3.238540e-07   1.304333e-03   2.086764e-03   1.052139e-06   0.000000e+00   1.164035e-01   7.646539e-08 
          5281   3.238583e-07   1.304327e-03   2.088440e-03   1.052076e-06   0.000000e+00   1.164009e-01   7.644999e-08 
          5282   3.238598e-07   1.304321e-03   2.090118e-03   1.052010e-06   0.000000e+00   1.163982e-01   7.643460e-08 
          5283   3.238653e-07   1.304315e-03   2.091803e-03   1.052075e-06   0.000000e+00   1.163955e-01   7.641921e-08 
          5284   3.238746e-07   1.304309e-03   2.093487e-03   1.052174e-06   0.000000e+00   1.163929e-01   7.640383e-08 
          5285   3.238828e-07   1.304303e-03   2.095172e-03   1.052221e-06   0.000000e+00   1.163903e-01   7.638845e-08 
          5286   3.238859e-07   1.304297e-03   2.096857e-03   1.052186e-06   0.000000e+00   1.163876e-01   7.637308e-08 
          5287   3.238820e-07   1.304292e-03   2.098545e-03   1.052083e-06   0.000000e+00   1.163850e-01   7.635771e-08 
          5288   3.238721e-07   1.304286e-03   2.100236e-03   1.051947e-06   0.000000e+00   1.163824e-01   7.634235e-08 
          5289   3.238585e-07   1.304280e-03   2.101930e-03   1.051813e-06   0.000000e+00   1.163797e-01   7.632699e-08 
          5290   3.238440e-07   1.304274e-03   2.103626e-03   1.051702e-06   0.000000e+00   1.163771e-01   7.631163e-08 
          5291   3.238306e-07   1.304268e-03   2.105325e-03   1.051616e-06   0.000000e+00   1.163745e-01   7.629628e-08 
          5292   3.238195e-07   1.304262e-03   2.107026e-03   1.051547e-06   0.000000e+00   1.163719e-01   7.628094e-08 
          5293   3.238110e-07   1.304256e-03   2.108728e-03   1.051481e-06   0.000000e+00   1.163693e-01   7.626560e-08 
          5294   3.238047e-07   1.304251e-03   2.110432e-03   1.051411e-06   0.000000e+00   1.163667e-01   7.625027e-08 
          5295   3.238001e-07   1.304245e-03   2.112138e-03   1.051332e-06   0.000000e+00   1.163642e-01   7.623494e-08 
          5296   3.237966e-07   1.304239e-03   2.113846e-03   1.051246e-06   0.000000e+00   1.163616e-01   7.621961e-08 
          5297   3.237939e-07   1.304233e-03   2.115557e-03   1.051159e-06   0.000000e+00   1.163590e-01   7.620429e-08 
          5298   3.237917e-07   1.304227e-03   2.117270e-03   1.051074e-06   0.000000e+00   1.163565e-01   7.618898e-08 
          5299   3.237898e-07   1.304221e-03   2.118985e-03   1.050993e-06   0.000000e+00   1.163539e-01   7.617367e-08 
          5300   3.237881e-07   1.304215e-03   2.120702e-03   1.050920e-06   0.000000e+00   1.163514e-01   7.615836e-08 
          5301   3.237865e-07   1.304209e-03   2.122421e-03   1.050863e-06   0.000000e+00   1.163488e-01   7.614306e-08 
          5302   3.237848e-07   1.304204e-03   2.124143e-03   1.050809e-06   0.000000e+00   1.163463e-01   7.612776e-08 
          5303   3.237830e-07   1.304198e-03   2.125866e-03   1.050742e-06   0.000000e+00   1.163438e-01   7.611247e-08 
          5304   3.237809e-07   1.304192e-03   2.127592e-03   1.050664e-06   0.000000e+00   1.163413e-01   7.609719e-08 
          5305   3.237737e-07   1.304186e-03   2.129320e-03   1.050579e-06   0.000000e+00   1.163387e-01   7.608191e-08 
          5306   3.237674e-07   1.304180e-03   2.131050e-03   1.050493e-06   0.000000e+00   1.163362e-01   7.606663e-08 
          5307   3.237626e-07   1.304174e-03   2.132782e-03   1.050410e-06   0.000000e+00   1.163337e-01   7.605136e-08 
          5308   3.237581e-07   1.304168e-03   2.134516e-03   1.050332e-06   0.000000e+00   1.163312e-01   7.603609e-08 
          5309   3.237542e-07   1.304162e-03   2.136253e-03   1.050255e-06   0.000000e+00   1.163288e-01   7.602083e-08 
          5310   3.237757e-07   1.304157e-03   2.137991e-03   1.050148e-06   0.000000e+00   1.163263e-01   7.600557e-08 
          5311   3.236872e-07   1.304151e-03   2.139732e-03   1.050084e-06   0.000000e+00   1.163238e-01   7.599032e-08 
          5312   3.235326e-07   1.304145e-03   2.141475e-03   1.049994e-06   0.000000e+00   1.163213e-01   7.597507e-08 
          5313   3.238095e-07   1.304139e-03   2.143221e-03   1.049860e-06   0.000000e+00   1.163189e-01   7.595983e-08 
          5314   3.241055e-07   1.304133e-03   2.144967e-03   1.049710e-06   0.000000e+00   1.163164e-01   7.594459e-08 
          5315   3.243233e-07   1.304127e-03   2.146715e-03   1.049550e-06   0.000000e+00   1.163140e-01   7.592936e-08 
          5316   3.244538e-07   1.304121e-03   2.148465e-03   1.049404e-06   0.000000e+00   1.163115e-01   7.591413e-08 
          5317   3.245225e-07   1.304115e-03   2.150218e-03   1.049288e-06   0.000000e+00   1.163091e-01   7.589891e-08 
          5318   3.245495e-07   1.304109e-03   2.151973e-03   1.049205e-06   0.000000e+00   1.163067e-01   7.588369e-08 
          5319   3.245507e-07   1.304104e-03   2.153730e-03   1.049143e-06   0.000000e+00   1.163042e-01   7.586848e-08 
          5320   3.245384e-07   1.304098e-03   2.155489e-03   1.049092e-06   0.000000e+00   1.163018e-01   7.585327e-08 
          5321   3.245211e-07   1.304092e-03   2.157251e-03   1.049040e-06   0.000000e+00   1.162994e-01   7.583807e-08 
          5322   3.245043e-07   1.304086e-03   2.159014e-03   1.048982e-06   0.000000e+00   1.162970e-01   7.582287e-08 
          5323   3.244899e-07   1.304080e-03   2.160780e-03   1.048915e-06   0.000000e+00   1.162946e-01   7.580767e-08 
          5324   3.244766e-07   1.304074e-03   2.162547e-03   1.048841e-06   0.000000e+00   1.162922e-01   7.579249e-08 
          5325   3.244636e-07   1.304068e-03   2.164317e-03   1.048764e-06   0.000000e+00   1.162898e-01   7.577730e-08 
          5326   3.244507e-07   1.304062e-03   2.166088e-03   1.048685e-06   0.000000e+00   1.162874e-01   7.576212e-08 
          5327   3.244366e-07   1.304056e-03   2.167862e-03   1.048606e-06   0.000000e+00   1.162851e-01   7.574695e-08 
          5328   3.244251e-07   1.304050e-03   2.169637e-03   1.048506e-06   0.000000e+00   1.162827e-01   7.573178e-08 
          5329   3.244169e-07   1.304044e-03   2.171414e-03   1.048424e-06   0.000000e+00   1.162803e-01   7.571661e-08 
          5330   3.244133e-07   1.304039e-03   2.173193e-03   1.048356e-06   0.000000e+00   1.162780e-01   7.570145e-08 
          5331   3.244146e-07   1.304033e-03   2.174974e-03   1.048287e-06   0.000000e+00   1.162756e-01   7.568630e-08 
          5332   3.244203e-07   1.304027e-03   2.176758e-03   1.048219e-06   0.000000e+00   1.162733e-01   7.567115e-08 
          5333   3.244300e-07   1.304021e-03   2.178543e-03   1.048155e-06   0.000000e+00   1.162709e-01   7.565600e-08 
          5334   3.244422e-07   1.304015e-03   2.180330e-03   1.048094e-06   0.000000e+00   1.162686e-01   7.564086e-08 
          5335   3.244560e-07   1.304009e-03   2.182118e-03   1.048033e-06   0.000000e+00   1.162663e-01   7.562573e-08 
          5336   3.244703e-07   1.304003e-03   2.183909e-03   1.047970e-06   0.000000e+00   1.162640e-01   7.561060e-08 
          5337   3.244822e-07   1.303997e-03   2.185702e-03   1.047902e-06   0.000000e+00   1.162616e-01   7.559547e-08 
          5338   3.244845e-07   1.303991e-03   2.187496e-03   1.047834e-06   0.000000e+00   1.162593e-01   7.558035e-08 
          5339   3.244889e-07   1.303985e-03   2.189292e-03   1.047763e-06   0.000000e+00   1.162570e-01   7.556523e-08 
          5340   3.244936e-07   1.303979e-03   2.191090e-03   1.047690e-06   0.000000e+00   1.162547e-01   7.555012e-08 
          5341   3.245012e-07   1.303973e-03   2.192890e-03   1.047617e-06   0.000000e+00   1.162524e-01   7.553502e-08 
          5342   3.245102e-07   1.303967e-03   2.194691e-03   1.047544e-06   0.000000e+00   1.162501e-01   7.551991e-08 
          5343   3.245177e-07   1.303962e-03   2.196495e-03   1.047470e-06   0.000000e+00   1.162479e-01   7.550482e-08 
          5344   3.245249e-07   1.303956e-03   2.198300e-03   1.047396e-06   0.000000e+00   1.162456e-01   7.548973e-08 
          5345   3.245328e-07   1.303950e-03   2.200107e-03   1.047321e-06   0.000000e+00   1.162433e-01   7.547464e-08 
          5346   3.245393e-07   1.303944e-03   2.201915e-03   1.047245e-06   0.000000e+00   1.162411e-01   7.545956e-08 
          5347   3.241171e-07   1.303938e-03   2.203726e-03   1.047197e-06   0.000000e+00   1.162388e-01   7.544448e-08 
          5348   3.236402e-07   1.303932e-03   2.205496e-03   1.046744e-06   0.000000e+00   1.162365e-01   7.542941e-08 
          5349   3.232940e-07   1.303926e-03   2.207287e-03   1.047000e-06   0.000000e+00   1.162343e-01   7.541434e-08 
          5350   3.230204e-07   1.303920e-03   2.209123e-03   1.047229e-06   0.000000e+00   1.162321e-01   7.539928e-08 
          5351   3.238093e-07   1.303914e-03   2.210951e-03   1.047141e-06   0.000000e+00   1.162298e-01   7.538422e-08 
          5352   3.244547e-07   1.303908e-03   2.212742e-03   1.046519e-06   0.000000e+00   1.162276e-01   7.536917e-08 
          5353   3.245134e-07   1.303902e-03   2.214554e-03   1.046257e-06   0.000000e+00   1.162254e-01   7.535412e-08 
          5354   3.250084e-07   1.303896e-03   2.216372e-03   1.046109e-06   0.000000e+00   1.162231e-01   7.533907e-08 
          5355   3.255843e-07   1.303890e-03   2.218191e-03   1.046246e-06   0.000000e+00   1.162209e-01   7.532404e-08 
          5356   3.261118e-07   1.303884e-03   2.220016e-03   1.046223e-06   0.000000e+00   1.162187e-01   7.530900e-08 
          5357   3.265293e-07   1.303878e-03   2.221845e-03   1.046232e-06   0.000000e+00   1.162165e-01   7.529397e-08 
          5358   3.268550e-07   1.303872e-03   2.223679e-03   1.046064e-06   0.000000e+00   1.162143e-01   7.527895e-08 
          5359   3.271504e-07   1.303866e-03   2.225516e-03   1.046051e-06   0.000000e+00   1.162121e-01   7.526393e-08 
          5360   3.265146e-07   1.303860e-03   2.227388e-03   1.046278e-06   0.000000e+00   1.162099e-01   7.524892e-08 
          5361   3.275370e-07   1.303855e-03   2.229220e-03   1.045484e-06   0.000000e+00   1.162078e-01   7.523391e-08 
          5362   3.273870e-07   1.303849e-03   2.231063e-03   1.045694e-06   0.000000e+00   1.162056e-01   7.521891e-08 
          5363   3.193987e-07   1.303843e-03   2.232941e-03   1.045975e-06   0.000000e+00   1.162034e-01   7.520390e-08 
          5364   3.153161e-07   1.303837e-03   2.234780e-03   1.045202e-06   0.000000e+00   1.162012e-01   7.518891e-08 
          5365   3.118788e-07   1.303831e-03   2.236630e-03   1.045438e-06   0.000000e+00   1.161991e-01   7.517392e-08 
          5366   3.096790e-07   1.303825e-03   2.238481e-03   1.045268e-06   0.000000e+00   1.161969e-01   7.515894e-08 
          5367   3.081677e-07   1.303819e-03   2.240335e-03   1.045361e-06   0.000000e+00   1.161948e-01   7.514396e-08 
          5368   3.070948e-07   1.303813e-03   2.242192e-03   1.045182e-06   0.000000e+00   1.161926e-01   7.512898e-08 
          5369   3.064078e-07   1.303807e-03   2.244050e-03   1.045199e-06   0.000000e+00   1.161905e-01   7.511401e-08 
          5370   3.060720e-07   1.303801e-03   2.245911e-03   1.044975e-06   0.000000e+00   1.161884e-01   7.509905e-08 
          5371   3.059901e-07   1.303795e-03   2.247775e-03   1.044925e-06   0.000000e+00   1.161862e-01   7.508409e-08 
          5372   3.060915e-07   1.303789e-03   2.249641e-03   1.044721e-06   0.000000e+00   1.161841e-01   7.506913e-08 
          5373   3.063012e-07   1.303783e-03   2.251511e-03   1.044727e-06   0.000000e+00   1.161820e-01   7.505418e-08 
          5374   3.065447e-07   1.303777e-03   2.253383e-03   1.044571e-06   0.000000e+00   1.161799e-01   7.503924e-08 
          5375   3.067841e-07   1.303771e-03   2.255258e-03   1.044631e-06   0.000000e+00   1.161778e-01   7.502429e-08 
          5376   3.069790e-07   1.303765e-03   2.257135e-03   1.044464e-06   0.000000e+00   1.161757e-01   7.500936e-08 
          5377   3.071320e-07   1.303759e-03   2.259014e-03   1.044517e-06   0.000000e+00   1.161736e-01   7.499443e-08 
          5378   3.072294e-07   1.303753e-03   2.260895e-03   1.044333e-06   0.000000e+00   1.161715e-01   7.497950e-08 
          5379   3.072954e-07   1.303747e-03   2.262779e-03   1.044375e-06   0.000000e+00   1.161694e-01   7.496458e-08 
          5380   3.073224e-07   1.303741e-03   2.264664e-03   1.044180e-06   0.000000e+00   1.161673e-01   7.494966e-08 
          5381   3.073381e-07   1.303735e-03   2.266551e-03   1.044223e-06   0.000000e+00   1.161652e-01   7.493475e-08 
          5382   3.073338e-07   1.303729e-03   2.268440e-03   1.044030e-06   0.000000e+00   1.161632e-01   7.491985e-08 
          5383   3.073293e-07   1.303723e-03   2.270331e-03   1.044079e-06   0.000000e+00   1.161611e-01   7.490494e-08 
          5384   3.073158e-07   1.303717e-03   2.272224e-03   1.043896e-06   0.000000e+00   1.161591e-01   7.489005e-08 
          5385   3.073057e-07   1.303711e-03   2.274119e-03   1.043945e-06   0.000000e+00   1.161570e-01   7.487516e-08 
          5386   3.072902e-07   1.303705e-03   2.276017e-03   1.043763e-06   0.000000e+00   1.161550e-01   7.486027e-08 
          5387   3.072793e-07   1.303699e-03   2.277916e-03   1.043808e-06   0.000000e+00   1.161529e-01   7.484539e-08 
          5388   3.072624e-07   1.303693e-03   2.279817e-03   1.043622e-06   0.000000e+00   1.161509e-01   7.483051e-08 
          5389   3.072512e-07   1.303687e-03   2.281719e-03   1.043669e-06   0.000000e+00   1.161488e-01   7.481564e-08 
          5390   3.072321e-07   1.303681e-03   2.283624e-03   1.043482e-06   0.000000e+00   1.161468e-01   7.480077e-08 
          5391   3.072197e-07   1.303675e-03   2.285530e-03   1.043535e-06   0.000000e+00   1.161448e-01   7.478591e-08 
          5392   3.071986e-07   1.303669e-03   2.287438e-03   1.043349e-06   0.000000e+00   1.161428e-01   7.477105e-08 
          5393   3.071845e-07   1.303663e-03   2.289348e-03   1.043405e-06   0.000000e+00   1.161408e-01   7.475620e-08 
          5394   3.071620e-07   1.303657e-03   2.291260e-03   1.043219e-06   0.000000e+00   1.161388e-01   7.474135e-08 
          5395   3.071462e-07   1.303651e-03   2.293173e-03   1.043274e-06   0.000000e+00   1.161368e-01   7.472651e-08 
          5396   3.071227e-07   1.303645e-03   2.295088e-03   1.043087e-06   0.000000e+00   1.161348e-01   7.471167e-08 
          5397   3.071058e-07   1.303639e-03   2.297005e-03   1.043140e-06   0.000000e+00   1.161328e-01   7.469683e-08 
          5398   3.070814e-07   1.303633e-03   2.298924e-03   1.042952e-06   0.000000e+00   1.161308e-01   7.468200e-08 
          5399   3.070638e-07   1.303627e-03   2.300844e-03   1.043004e-06   0.000000e+00   1.161288e-01   7.466718e-08 
          5400   3.070390e-07   1.303621e-03   2.302766e-03   1.042817e-06   0.000000e+00   1.161269e-01   7.465236e-08 
          5401   3.070211e-07   1.303615e-03   2.304689e-03   1.042870e-06   0.000000e+00   1.161249e-01   7.463755e-08 
          5402   3.069961e-07   1.303609e-03   2.306614e-03   1.042682e-06   0.000000e+00   1.161229e-01   7.462274e-08 
          5403   3.069780e-07   1.303603e-03   2.308540e-03   1.042730e-06   0.000000e+00   1.161210e-01   7.460793e-08 
          5404   3.069529e-07   1.303597e-03   2.310468e-03   1.042540e-06   0.000000e+00   1.161190e-01   7.459313e-08 
          5405   3.069348e-07   1.303591e-03   2.312398e-03   1.042593e-06   0.000000e+00   1.161171e-01   7.457834e-08 
          5406   3.069112e-07   1.303585e-03   2.314329e-03   1.042405e-06   0.000000e+00   1.161151e-01   7.456355e-08 
          5407   3.068960e-07   1.303579e-03   2.316262e-03   1.042457e-06   0.000000e+00   1.161132e-01   7.454876e-08 
          5408   3.068718e-07   1.303573e-03   2.318196e-03   1.042266e-06   0.000000e+00   1.161113e-01   7.453398e-08 
          5409   3.068555e-07   1.303567e-03   2.320127e-03   1.042299e-06   0.000000e+00   1.161093e-01   7.451921e-08 
          5410   3.068332e-07   1.303561e-03   2.322056e-03   1.042088e-06   0.000000e+00   1.161074e-01   7.450444e-08 
          5411   3.065802e-07   1.303555e-03   2.323985e-03   1.042128e-06   0.000000e+00   1.161055e-01   7.448967e-08 
          5412   3.062109e-07   1.303549e-03   2.325911e-03   1.041577e-06   0.000000e+00   1.161036e-01   7.447491e-08 
          5413   3.062889e-07   1.303543e-03   2.327817e-03   1.040681e-06   0.000000e+00   1.161017e-01   7.446015e-08 
          5414   3.070202e-07   1.303537e-03   2.329730e-03   1.039325e-06   0.000000e+00   1.160998e-01   7.444539e-08 
          5415   3.083408e-07   1.303531e-03   2.331648e-03   1.038336e-06   0.000000e+00   1.160979e-01   7.443065e-08 
          5416   3.100252e-07   1.303524e-03   2.333567e-03   1.037336e-06   0.000000e+00   1.160960e-01   7.441590e-08 
          5417   3.119261e-07   1.303518e-03   2.335484e-03   1.036956e-06   0.000000e+00   1.160941e-01   7.440116e-08 
          5418   3.134496e-07   1.303512e-03   2.337421e-03   1.037277e-06   0.000000e+00   1.160922e-01   7.438643e-08 
          5419   3.154485e-07   1.303506e-03   2.339341e-03   1.036556e-06   0.000000e+00   1.160903e-01   7.437170e-08 
          5420   3.162071e-07   1.303500e-03   2.341275e-03   1.037418e-06   0.000000e+00   1.160884e-01   7.435697e-08 
          5421   3.174462e-07   1.303494e-03   2.343216e-03   1.037798e-06   0.000000e+00   1.160865e-01   7.434225e-08 
          5422   3.184684e-07   1.303488e-03   2.345129e-03   1.037535e-06   0.000000e+00   1.160847e-01   7.432754e-08 
          5423   3.186730e-07   1.303482e-03   2.347055e-03   1.038303e-06   0.000000e+00   1.160828e-01   7.431282e-08 
          5424   3.195512e-07   1.303476e-03   2.348977e-03   1.037991e-06   0.000000e+00   1.160809e-01   7.429812e-08 
          5425   3.194089e-07   1.303470e-03   2.350901e-03   1.038974e-06   0.000000e+00   1.160791e-01   7.428341e-08 
          5426   3.201137e-07   1.303464e-03   2.352826e-03   1.038745e-06   0.000000e+00   1.160772e-01   7.426872e-08 
          5427   3.197432e-07   1.303457e-03   2.354755e-03   1.039550e-06   0.000000e+00   1.160754e-01   7.425402e-08 
          5428   3.203792e-07   1.303451e-03   2.356684e-03   1.039004e-06   0.000000e+00   1.160735e-01   7.423933e-08 
          5429   3.199344e-07   1.303445e-03   2.358614e-03   1.039604e-06   0.000000e+00   1.160717e-01   7.422465e-08 
          5430   3.203578e-07   1.303439e-03   2.360551e-03   1.039721e-06   0.000000e+00   1.160699e-01   7.420997e-08 
          5431   3.204478e-07   1.303433e-03   2.362477e-03   1.038933e-06   0.000000e+00   1.160680e-01   7.419529e-08 
          5432   3.201109e-07   1.303427e-03   2.364403e-03   1.039274e-06   0.000000e+00   1.160662e-01   7.418062e-08 
          5433   3.206367e-07   1.303421e-03   2.366330e-03   1.038577e-06   0.000000e+00   1.160644e-01   7.416596e-08 
          5434   3.202765e-07   1.303415e-03   2.368255e-03   1.039132e-06   0.000000e+00   1.160626e-01   7.415129e-08 
          5435   3.207373e-07   1.303408e-03   2.370186e-03   1.038537e-06   0.000000e+00   1.160608e-01   7.413664e-08 
          5436   3.202675e-07   1.303402e-03   2.372115e-03   1.039074e-06   0.000000e+00   1.160590e-01   7.412198e-08 
          5437   3.205165e-07   1.303396e-03   2.374057e-03   1.039053e-06   0.000000e+00   1.160572e-01   7.410733e-08 
          5438   3.206082e-07   1.303390e-03   2.375984e-03   1.038188e-06   0.000000e+00   1.160554e-01   7.409269e-08 
          5439   3.202686e-07   1.303384e-03   2.377912e-03   1.038394e-06   0.000000e+00   1.160536e-01   7.407805e-08 
          5440   3.207045e-07   1.303378e-03   2.379842e-03   1.037587e-06   0.000000e+00   1.160518e-01   7.406342e-08 
          5441   3.203281e-07   1.303372e-03   2.381767e-03   1.038042e-06   0.000000e+00   1.160501e-01   7.404879e-08 
          5442   3.207124e-07   1.303365e-03   2.383705e-03   1.038135e-06   0.000000e+00   1.160483e-01   7.403416e-08 
          5443   3.205552e-07   1.303359e-03   2.385643e-03   1.038015e-06   0.000000e+00   1.160465e-01   7.401954e-08 
          5444   3.204786e-07   1.303353e-03   2.387580e-03   1.037663e-06   0.000000e+00   1.160448e-01   7.400492e-08 
          5445   3.203975e-07   1.303347e-03   2.389517e-03   1.037376e-06   0.000000e+00   1.160430e-01   7.399031e-08 
          5446   3.203786e-07   1.303341e-03   2.391451e-03   1.037098e-06   0.000000e+00   1.160413e-01   7.397570e-08 
          5447   3.203385e-07   1.303334e-03   2.393383e-03   1.036937e-06   0.000000e+00   1.160395e-01   7.396110e-08 
          5448   3.203032e-07   1.303328e-03   2.395314e-03   1.036808e-06   0.000000e+00   1.160378e-01   7.394650e-08 
          5449   3.202593e-07   1.303322e-03   2.397246e-03   1.036739e-06   0.000000e+00   1.160360e-01   7.393191e-08 
          5450   3.201917e-07   1.303316e-03   2.399177e-03   1.036647e-06   0.000000e+00   1.160343e-01   7.391732e-08 
          5451   3.182416e-07   1.303310e-03   2.401113e-03   1.036663e-06   0.000000e+00   1.160326e-01   7.390273e-08 
          5452   3.143470e-07   1.303304e-03   2.403044e-03   1.036607e-06   0.000000e+00   1.160309e-01   7.388815e-08 
          5453   3.124329e-07   1.303297e-03   2.404956e-03   1.035839e-06   0.000000e+00   1.160292e-01   7.387357e-08 
          5454   3.112380e-07   1.303291e-03   2.406877e-03   1.036241e-06   0.000000e+00   1.160275e-01   7.385900e-08 
          5455   3.114255e-07   1.303285e-03   2.408798e-03   1.036419e-06   0.000000e+00   1.160258e-01   7.384443e-08 
          5456   3.116701e-07   1.303279e-03   2.410700e-03   1.035714e-06   0.000000e+00   1.160241e-01   7.382987e-08 
          5457   3.113253e-07   1.303273e-03   2.412628e-03   1.036084e-06   0.000000e+00   1.160224e-01   7.381531e-08 
          5458   3.123759e-07   1.303266e-03   2.414532e-03   1.035348e-06   0.000000e+00   1.160207e-01   7.380076e-08 
          5459   3.120102e-07   1.303260e-03   2.416460e-03   1.035906e-06   0.000000e+00   1.160191e-01   7.378621e-08 
          5460   3.124639e-07   1.303254e-03   2.418392e-03   1.035961e-06   0.000000e+00   1.160174e-01   7.377166e-08 
          5461   3.127943e-07   1.303248e-03   2.420289e-03   1.035132e-06   0.000000e+00   1.160157e-01   7.375712e-08 
          5462   3.115613e-07   1.303242e-03   2.422214e-03   1.035663e-06   0.000000e+00   1.160141e-01   7.374258e-08 
          5463   3.123651e-07   1.303235e-03   2.424112e-03   1.034874e-06   0.000000e+00   1.160124e-01   7.372806e-08 
          5464   3.118694e-07   1.303229e-03   2.426034e-03   1.035923e-06   0.000000e+00   1.160108e-01   7.371353e-08 
          5465   3.130600e-07   1.303223e-03   2.427939e-03   1.035168e-06   0.000000e+00   1.160092e-01   7.369901e-08 
          5466   3.127731e-07   1.303217e-03   2.429863e-03   1.035602e-06   0.000000e+00   1.160076e-01   7.368448e-08 
          5467   3.140656e-07   1.303211e-03   2.431770e-03   1.034559e-06   0.000000e+00   1.160060e-01   7.366997e-08 
          5468   3.135664e-07   1.303204e-03   2.433698e-03   1.034987e-06   0.000000e+00   1.160043e-01   7.365546e-08 
          5469   3.139724e-07   1.303198e-03   2.435625e-03   1.034949e-06   0.000000e+00   1.160028e-01   7.364096e-08 
          5470   3.140938e-07   1.303192e-03   2.437550e-03   1.034975e-06   0.000000e+00   1.160012e-01   7.362646e-08 
          5471   3.150245e-07   1.303186e-03   2.439450e-03   1.034056e-06   0.000000e+00   1.159996e-01   7.361196e-08 
          5472   3.143178e-07   1.303180e-03   2.441372e-03   1.034647e-06   0.000000e+00   1.159980e-01   7.359747e-08 
          5473   3.147306e-07   1.303173e-03   2.443290e-03   1.034801e-06   0.000000e+00   1.159964e-01   7.358298e-08 
          5474   3.154075e-07   1.303167e-03   2.445187e-03   1.034091e-06   0.000000e+00   1.159949e-01   7.356850e-08 
          5475   3.147260e-07   1.303161e-03   2.447107e-03   1.034630e-06   0.000000e+00   1.159933e-01   7.355402e-08 
          5476   3.157348e-07   1.303155e-03   2.449008e-03   1.033867e-06   0.000000e+00   1.159918e-01   7.353955e-08 
          5477   3.148845e-07   1.303148e-03   2.450927e-03   1.034452e-06   0.000000e+00   1.159903e-01   7.352508e-08 
          5478   3.150165e-07   1.303142e-03   2.452850e-03   1.034554e-06   0.000000e+00   1.159887e-01   7.351061e-08 
          5479   3.156948e-07   1.303136e-03   2.454746e-03   1.033633e-06   0.000000e+00   1.159872e-01   7.349615e-08 
          5480   3.149017e-07   1.303130e-03   2.456665e-03   1.034120e-06   0.000000e+00   1.159857e-01   7.348169e-08 
          5481   3.159807e-07   1.303124e-03   2.458565e-03   1.033135e-06   0.000000e+00   1.159842e-01   7.346724e-08 
          5482   3.152328e-07   1.303117e-03   2.460476e-03   1.034030e-06   0.000000e+00   1.159827e-01   7.345279e-08 
          5483   3.162456e-07   1.303111e-03   2.462376e-03   1.033263e-06   0.000000e+00   1.159813e-01   7.343835e-08 
          5484   3.155570e-07   1.303105e-03   2.464287e-03   1.033924e-06   0.000000e+00   1.159798e-01   7.342391e-08 
          5485   3.165811e-07   1.303099e-03   2.466189e-03   1.033085e-06   0.000000e+00   1.159783e-01   7.340948e-08 
          5486   3.157632e-07   1.303093e-03   2.468102e-03   1.033612e-06   0.000000e+00   1.159769e-01   7.339505e-08 
          5487   3.160681e-07   1.303086e-03   2.470020e-03   1.033622e-06   0.000000e+00   1.159754e-01   7.338062e-08 
          5488   3.168971e-07   1.303080e-03   2.471915e-03   1.032686e-06   0.000000e+00   1.159740e-01   7.336620e-08 
          5489   3.161819e-07   1.303074e-03   2.473828e-03   1.033201e-06   0.000000e+00   1.159726e-01   7.335178e-08 
          5490   3.173831e-07   1.303068e-03   2.475724e-03   1.032213e-06   0.000000e+00   1.159712e-01   7.333737e-08 
          5491   3.167085e-07   1.303061e-03   2.477628e-03   1.033144e-06   0.000000e+00   1.159698e-01   7.332296e-08 
          5492   3.178083e-07   1.303055e-03   2.479526e-03   1.032342e-06   0.000000e+00   1.159684e-01   7.330856e-08 
          5493   3.171927e-07   1.303049e-03   2.481430e-03   1.033004e-06   0.000000e+00   1.159670e-01   7.329416e-08 
          5494   3.183467e-07   1.303043e-03   2.483329e-03   1.032135e-06   0.000000e+00   1.159656e-01   7.327976e-08 
          5495   3.176229e-07   1.303037e-03   2.485235e-03   1.032644e-06   0.000000e+00   1.159643e-01   7.326537e-08 
          5496   3.180718e-07   1.303030e-03   2.487148e-03   1.032644e-06   0.000000e+00   1.159629e-01   7.325098e-08 
          5497   3.190040e-07   1.303024e-03   2.489039e-03   1.031676e-06   0.000000e+00   1.159616e-01   7.323660e-08 
          5498   3.183906e-07   1.303018e-03   2.490945e-03   1.032197e-06   0.000000e+00   1.159602e-01   7.322222e-08 
          5499   3.197468e-07   1.303012e-03   2.492840e-03   1.031187e-06   0.000000e+00   1.159589e-01   7.320785e-08 
          5500   3.191851e-07   1.303006e-03   2.494750e-03   1.032087e-06   0.000000e+00   1.159576e-01   7.319348e-08 
          5501   3.204551e-07   1.302999e-03   2.496663e-03   1.031292e-06   0.000000e+00   1.159563e-01   7.317911e-08 
          5502   3.199576e-07   1.302993e-03   2.498590e-03   1.031938e-06   0.000000e+00   1.159550e-01   7.316475e-08 
          5503   3.212441e-07   1.302987e-03   2.500519e-03   1.031084e-06   0.000000e+00   1.159537e-01   7.315039e-08 
          5504   3.206131e-07   1.302981e-03   2.502458e-03   1.031595e-06   0.000000e+00   1.159525e-01   7.313604e-08 
          5505   3.211408e-07   1.302975e-03   2.504267e-03   1.031609e-06   0.000000e+00   1.159512e-01   7.312169e-08 
          5506   3.226444e-07   1.302968e-03   2.505454e-03   1.030691e-06   0.000000e+00   1.159500e-01   7.310735e-08 
          5507   3.198729e-07   1.302962e-03   2.506241e-03   1.031913e-06   0.000000e+00   1.159487e-01   7.309301e-08 
          5508   3.182806e-07   1.302956e-03   2.506735e-03   1.031888e-06   0.000000e+00   1.159475e-01   7.307867e-08 
          5509   3.147103e-07   1.302950e-03   2.506937e-03   1.033628e-06   0.000000e+00   1.159463e-01   7.306434e-08 
          5510   3.131842e-07   1.302944e-03   2.506999e-03   1.033404e-06   0.000000e+00   1.159451e-01   7.305001e-08 
          5511   3.101611e-07   1.302937e-03   2.506860e-03   1.034400e-06   0.000000e+00   1.159439e-01   7.303569e-08 
          5512   3.091985e-07   1.302931e-03   2.506676e-03   1.033725e-06   0.000000e+00   1.159427e-01   7.302137e-08 
          5513   3.066486e-07   1.302925e-03   2.506344e-03   1.034337e-06   0.000000e+00   1.159416e-01   7.300706e-08 
          5514   3.055420e-07   1.302919e-03   2.505991e-03   1.034394e-06   0.000000e+00   1.159404e-01   7.299275e-08 
          5515   3.056090e-07   1.302912e-03   2.505625e-03   1.033472e-06   0.000000e+00   1.159393e-01   7.297844e-08 
          5516   3.043670e-07   1.302906e-03   2.505160e-03   1.034140e-06   0.000000e+00   1.159382e-01   7.296414e-08 
          5517   3.050216e-07   1.302900e-03   2.504759e-03   1.033371e-06   0.000000e+00   1.159370e-01   7.294984e-08 
          5518   3.039382e-07   1.302894e-03   2.504263e-03   1.034434e-06   0.000000e+00   1.159359e-01   7.293555e-08 
          5519   3.045401e-07   1.302888e-03   2.503847e-03   1.033678e-06   0.000000e+00   1.159348e-01   7.292126e-08 
          5520   3.045073e-07   1.302881e-03   2.503391e-03   1.033546e-06   0.000000e+00   1.159337e-01   7.290697e-08 
          5521   3.046227e-07   1.302875e-03   2.502945e-03   1.033338e-06   0.000000e+00   1.159327e-01   7.289270e-08 
          5522   3.037689e-07   1.302869e-03   2.502467e-03   1.033993e-06   0.000000e+00   1.159316e-01   7.287842e-08 
          5523   3.044094e-07   1.302863e-03   2.502077e-03   1.032979e-06   0.000000e+00   1.159305e-01   7.286415e-08 
          5524   3.033216e-07   1.302857e-03   2.501619e-03   1.033283e-06   0.000000e+00   1.159295e-01   7.284988e-08 
          5525   3.041139e-07   1.302850e-03   2.501260e-03   1.032300e-06   0.000000e+00   1.159285e-01   7.283562e-08 
          5526   3.031545e-07   1.302844e-03   2.500823e-03   1.032991e-06   0.000000e+00   1.159274e-01   7.282135e-08 
          5527   3.040223e-07   1.302838e-03   2.500488e-03   1.032038e-06   0.000000e+00   1.159264e-01   7.280710e-08 
          5528   3.030146e-07   1.302832e-03   2.500081e-03   1.032787e-06   0.000000e+00   1.159254e-01   7.279285e-08 
          5529   3.038887e-07   1.302826e-03   2.499776e-03   1.031968e-06   0.000000e+00   1.159244e-01   7.277860e-08 
          5530   3.029475e-07   1.302819e-03   2.499398e-03   1.032923e-06   0.000000e+00   1.159234e-01   7.276436e-08 
          5531   3.036803e-07   1.302813e-03   2.499122e-03   1.032085e-06   0.000000e+00   1.159225e-01   7.275012e-08 
          5532   3.036863e-07   1.302807e-03   2.498814e-03   1.031997e-06   0.000000e+00   1.159215e-01   7.273589e-08 
          5533   3.038310e-07   1.302801e-03   2.498511e-03   1.031953e-06   0.000000e+00   1.159206e-01   7.272166e-08 
          5534   3.029362e-07   1.302795e-03   2.498160e-03   1.032832e-06   0.000000e+00   1.159196e-01   7.270743e-08 
          5535   3.036702e-07   1.302788e-03   2.497891e-03   1.032042e-06   0.000000e+00   1.159187e-01   7.269321e-08 
          5536   3.025316e-07   1.302782e-03   2.497536e-03   1.032587e-06   0.000000e+00   1.159178e-01   7.267899e-08 
          5537   3.033902e-07   1.302776e-03   2.497275e-03   1.031727e-06   0.000000e+00   1.159168e-01   7.266478e-08 
          5538   3.023523e-07   1.302770e-03   2.496922e-03   1.032458e-06   0.000000e+00   1.159159e-01   7.265057e-08 
          5539   3.033070e-07   1.302764e-03   2.496665e-03   1.031594e-06   0.000000e+00   1.159150e-01   7.263637e-08 
          5540   3.022457e-07   1.302758e-03   2.496320e-03   1.032438e-06   0.000000e+00   1.159142e-01   7.262217e-08 
          5541   3.022784e-07   1.302751e-03   2.496033e-03   1.032491e-06   0.000000e+00   1.159133e-01   7.260797e-08 
          5542   3.029399e-07   1.302745e-03   2.495786e-03   1.031710e-06   0.000000e+00   1.159124e-01   7.259378e-08 
          5543   3.029385e-07   1.302739e-03   2.495503e-03   1.031808e-06   0.000000e+00   1.159116e-01   7.257959e-08 
          5544   3.021411e-07   1.302733e-03   2.495187e-03   1.032404e-06   0.000000e+00   1.159107e-01   7.256541e-08 
          5545   3.030191e-07   1.302727e-03   2.494960e-03   1.031638e-06   0.000000e+00   1.159099e-01   7.255123e-08 
          5546   3.019673e-07   1.302720e-03   2.494649e-03   1.032564e-06   0.000000e+00   1.159090e-01   7.253705e-08 
          5547   3.027944e-07   1.302714e-03   2.494435e-03   1.031727e-06   0.000000e+00   1.159082e-01   7.252288e-08 
          5548   3.027690e-07   1.302708e-03   2.494179e-03   1.031582e-06   0.000000e+00   1.159074e-01   7.250872e-08 
          5549   3.028672e-07   1.302702e-03   2.493931e-03   1.031534e-06   0.000000e+00   1.159066e-01   7.249455e-08 
          5550   3.028867e-07   1.302696e-03   2.493683e-03   1.031637e-06   0.000000e+00   1.159058e-01   7.248039e-08 
          5551   3.029403e-07   1.302689e-03   2.493442e-03   1.031746e-06   0.000000e+00   1.159050e-01   7.246624e-08 
          5552   3.029058e-07   1.302683e-03   2.493206e-03   1.031773e-06   0.000000e+00   1.159043e-01   7.245209e-08 
          5553   3.029327e-07   1.302677e-03   2.492723e-03   1.031762e-06   0.000000e+00   1.159035e-01   7.243794e-08 
          5554   3.029265e-07   1.302671e-03   2.491951e-03   1.031749e-06   0.000000e+00   1.159027e-01   7.242380e-08 
          5555   3.029381e-07   1.302665e-03   2.490972e-03   1.031589e-06   0.000000e+00   1.159020e-01   7.240966e-08 
          5556   3.029760e-07   1.302658e-03   2.489833e-03   1.031716e-06   0.000000e+00   1.159012e-01   7.239553e-08 
          5557   3.019344e-07   1.302652e-03   2.488501e-03   1.032291e-06   0.000000e+00   1.159005e-01   7.238140e-08 
          5558   3.027857e-07   1.302646e-03   2.487209e-03   1.031359e-06   0.000000e+00   1.158997e-01   7.236728e-08 
          5559   3.016627e-07   1.302640e-03   2.485708e-03   1.032192e-06   0.000000e+00   1.158990e-01   7.235315e-08 
          5560   3.025377e-07   1.302634e-03   2.484305e-03   1.031316e-06   0.000000e+00   1.158983e-01   7.233904e-08 
          5561   3.025071e-07   1.302627e-03   2.482790e-03   1.031233e-06   0.000000e+00   1.158976e-01   7.232493e-08 
          5562   3.026870e-07   1.302621e-03   2.481264e-03   1.031278e-06   0.000000e+00   1.158969e-01   7.231082e-08 
          5563   3.027548e-07   1.302615e-03   2.479726e-03   1.031442e-06   0.000000e+00   1.158961e-01   7.229671e-08 
          5564   3.028228e-07   1.302609e-03   2.478998e-03   1.031549e-06   0.000000e+00   1.158954e-01   7.228261e-08 
          5565   3.028042e-07   1.302602e-03   2.478915e-03   1.031577e-06   0.000000e+00   1.158947e-01   7.226852e-08 
          5566   3.028268e-07   1.302596e-03   2.479340e-03   1.031474e-06   0.000000e+00   1.158941e-01   7.225443e-08 
          5567   3.028339e-07   1.302590e-03   2.480173e-03   1.031439e-06   0.000000e+00   1.158934e-01   7.224034e-08 
          5568   3.028536e-07   1.302584e-03   2.481327e-03   1.031194e-06   0.000000e+00   1.158927e-01   7.222626e-08 
          5569   3.029095e-07   1.302578e-03   2.482734e-03   1.031294e-06   0.000000e+00   1.158920e-01   7.221218e-08 
          5570   3.029197e-07   1.302571e-03   2.484339e-03   1.031025e-06   0.000000e+00   1.158913e-01   7.219810e-08 
          5571   3.029851e-07   1.302565e-03   2.486097e-03   1.031254e-06   0.000000e+00   1.158907e-01   7.218403e-08 
          5572   3.030013e-07   1.302559e-03   2.487975e-03   1.031022e-06   0.000000e+00   1.158900e-01   7.216996e-08 
          5573   3.030456e-07   1.302553e-03   2.489946e-03   1.031270e-06   0.000000e+00   1.158893e-01   7.215590e-08 
          5574   3.019912e-07   1.302547e-03   2.491992e-03   1.031873e-06   0.000000e+00   1.158887e-01   7.214184e-08 
          5575   3.028506e-07   1.302540e-03   2.494091e-03   1.030934e-06   0.000000e+00   1.158880e-01   7.212779e-08 
          5576   3.016167e-07   1.302534e-03   2.496237e-03   1.031587e-06   0.000000e+00   1.158874e-01   7.211374e-08 
          5577   3.016222e-07   1.302528e-03   2.498417e-03   1.031490e-06   0.000000e+00   1.158867e-01   7.209969e-08 
          5578   3.023064e-07   1.302522e-03   2.500599e-03   1.030704e-06   0.000000e+00   1.158861e-01   7.208565e-08 
          5579   3.022914e-07   1.302516e-03   2.502797e-03   1.030466e-06   0.000000e+00   1.158855e-01   7.207162e-08 
          5580   3.025008e-07   1.302509e-03   2.505002e-03   1.030508e-06   0.000000e+00   1.158848e-01   7.205758e-08 
          5581   3.025698e-07   1.302503e-03   2.507211e-03   1.030731e-06   0.000000e+00   1.158842e-01   7.204355e-08 
          5582   3.026231e-07   1.302497e-03   2.509428e-03   1.030909e-06   0.000000e+00   1.158836e-01   7.202953e-08 
          5583   3.025799e-07   1.302491e-03   2.511649e-03   1.030958e-06   0.000000e+00   1.158829e-01   7.201551e-08 
          5584   3.025893e-07   1.302485e-03   2.513873e-03   1.030851e-06   0.000000e+00   1.158823e-01   7.200149e-08 
          5585   3.025811e-07   1.302478e-03   2.516094e-03   1.030765e-06   0.000000e+00   1.158817e-01   7.198748e-08 
          5586   3.025941e-07   1.302472e-03   2.518302e-03   1.030472e-06   0.000000e+00   1.158811e-01   7.197347e-08 
          5587   3.026456e-07   1.302466e-03   2.520500e-03   1.030533e-06   0.000000e+00   1.158805e-01   7.195947e-08 
          5588   3.026378e-07   1.302460e-03   2.522692e-03   1.030241e-06   0.000000e+00   1.158799e-01   7.194547e-08 
          5589   3.026977e-07   1.302453e-03   2.524871e-03   1.030479e-06   0.000000e+00   1.158793e-01   7.193147e-08 
          5590   3.027031e-07   1.302447e-03   2.527044e-03   1.030267e-06   0.000000e+00   1.158787e-01   7.191748e-08 
          5591   3.027289e-07   1.302441e-03   2.529208e-03   1.030529e-06   0.000000e+00   1.158780e-01   7.190350e-08 
          5592   3.016196e-07   1.302435e-03   2.531377e-03   1.031134e-06   0.000000e+00   1.158774e-01   7.188951e-08 
          5593   3.024742e-07   1.302429e-03   2.533522e-03   1.030172e-06   0.000000e+00   1.158769e-01   7.187553e-08 
          5594   3.011965e-07   1.302422e-03   2.535678e-03   1.030820e-06   0.000000e+00   1.158763e-01   7.186156e-08 
          5595   3.020602e-07   1.302416e-03   2.537810e-03   1.029775e-06   0.000000e+00   1.158757e-01   7.184759e-08 
          5596   3.020490e-07   1.302410e-03   2.539933e-03   1.029918e-06   0.000000e+00   1.158751e-01   7.183362e-08 
          5597   3.021802e-07   1.302404e-03   2.542047e-03   1.029953e-06   0.000000e+00   1.158745e-01   7.181966e-08 
          5598   3.021701e-07   1.302397e-03   2.544154e-03   1.029863e-06   0.000000e+00   1.158739e-01   7.180570e-08 
          5599   3.022061e-07   1.302391e-03   2.546255e-03   1.030214e-06   0.000000e+00   1.158733e-01   7.179175e-08 
          5600   3.021792e-07   1.302385e-03   2.548194e-03   1.030031e-06   0.000000e+00   1.158727e-01   7.177780e-08 
          5601   3.021565e-07   1.302379e-03   2.549541e-03   1.030177e-06   0.000000e+00   1.158721e-01   7.176385e-08 
          5602   3.021129e-07   1.302372e-03   2.550372e-03   1.029835e-06   0.000000e+00   1.158716e-01   7.174991e-08 
          5603   3.021131e-07   1.302366e-03   2.550790e-03   1.029883e-06   0.000000e+00   1.158710e-01   7.173597e-08 
          5604   3.020880e-07   1.302360e-03   2.550878e-03   1.029520e-06   0.000000e+00   1.158704e-01   7.172204e-08 
          5605   3.021104e-07   1.302354e-03   2.550709e-03   1.029700e-06   0.000000e+00   1.158698e-01   7.170811e-08 
          5606   3.020942e-07   1.302347e-03   2.550333e-03   1.029568e-06   0.000000e+00   1.158693e-01   7.169419e-08 
          5607   3.021246e-07   1.302341e-03   2.549799e-03   1.029938e-06   0.000000e+00   1.158687e-01   7.168027e-08 
          5608   3.020938e-07   1.302335e-03   2.549138e-03   1.029751e-06   0.000000e+00   1.158681e-01   7.166635e-08 
          5609   3.021031e-07   1.302329e-03   2.548386e-03   1.029983e-06   0.000000e+00   1.158676e-01   7.165244e-08 
          5610   3.020452e-07   1.302322e-03   2.547558e-03   1.029649e-06   0.000000e+00   1.158670e-01   7.163853e-08 
          5611   3.020346e-07   1.302316e-03   2.546677e-03   1.029792e-06   0.000000e+00   1.158665e-01   7.162463e-08 
          5612   3.019645e-07   1.302310e-03   2.545753e-03   1.029431e-06   0.000000e+00   1.158659e-01   7.161073e-08 
          5613   3.019472e-07   1.302304e-03   2.544803e-03   1.029589e-06   0.000000e+00   1.158653e-01   7.159683e-08 
          5614   3.018797e-07   1.302297e-03   2.543831e-03   1.029271e-06   0.000000e+00   1.158648e-01   7.158294e-08 
          5615   3.018605e-07   1.302291e-03   2.542851e-03   1.029460e-06   0.000000e+00   1.158642e-01   7.156905e-08 
          5616   3.017956e-07   1.302285e-03   2.541862e-03   1.029167e-06   0.000000e+00   1.158637e-01   7.155517e-08 
          5617   3.017755e-07   1.302279e-03   2.540876e-03   1.029356e-06   0.000000e+00   1.158631e-01   7.154129e-08 
          5618   3.017094e-07   1.302272e-03   2.539889e-03   1.029050e-06   0.000000e+00   1.158626e-01   7.152742e-08 
          5619   3.016889e-07   1.302266e-03   2.538908e-03   1.029221e-06   0.000000e+00   1.158620e-01   7.151355e-08 
          5620   3.016205e-07   1.302260e-03   2.537932e-03   1.028897e-06   0.000000e+00   1.158615e-01   7.149968e-08 
          5621   3.016015e-07   1.302254e-03   2.536998e-03   1.029058e-06   0.000000e+00   1.158609e-01   7.148582e-08 
          5622   3.015323e-07   1.302247e-03   2.536097e-03   1.028724e-06   0.000000e+00   1.158604e-01   7.147196e-08 
          5623   3.015150e-07   1.302241e-03   2.535234e-03   1.028895e-06   0.000000e+00   1.158599e-01   7.145811e-08 
          5624   3.014409e-07   1.302235e-03   2.534399e-03   1.028573e-06   0.000000e+00   1.158593e-01   7.144426e-08 
          5625   3.014114e-07   1.302228e-03   2.533597e-03   1.028756e-06   0.000000e+00   1.158588e-01   7.143042e-08 
          5626   3.013340e-07   1.302222e-03   2.532818e-03   1.028438e-06   0.000000e+00   1.158583e-01   7.141658e-08 
          5627   3.013122e-07   1.302216e-03   2.532069e-03   1.028621e-06   0.000000e+00   1.158577e-01   7.140274e-08 
          5628   3.012404e-07   1.302210e-03   2.531340e-03   1.028298e-06   0.000000e+00   1.158572e-01   7.138891e-08 
          5629   3.012220e-07   1.302203e-03   2.530636e-03   1.028475e-06   0.000000e+00   1.158567e-01   7.137508e-08 
          5630   3.011531e-07   1.302197e-03   2.529951e-03   1.028150e-06   0.000000e+00   1.158562e-01   7.136126e-08 
          5631   3.011363e-07   1.302191e-03   2.529289e-03   1.028327e-06   0.000000e+00   1.158556e-01   7.134744e-08 
          5632   3.010687e-07   1.302184e-03   2.528643e-03   1.028004e-06   0.000000e+00   1.158551e-01   7.133362e-08 
          5633   3.010530e-07   1.302178e-03   2.528019e-03   1.028185e-06   0.000000e+00   1.158546e-01   7.131981e-08 
          5634   3.009858e-07   1.302172e-03   2.527410e-03   1.027864e-06   0.000000e+00   1.158541e-01   7.130600e-08 
          5635   3.009709e-07   1.302166e-03   2.526821e-03   1.028047e-06   0.000000e+00   1.158536e-01   7.129220e-08 
          5636   3.009035e-07   1.302159e-03   2.526228e-03   1.027716e-06   0.000000e+00   1.158531e-01   7.127840e-08 
          5637   3.008886e-07   1.302153e-03   2.525632e-03   1.027886e-06   0.000000e+00   1.158526e-01   7.126461e-08 
          5638   3.008206e-07   1.302147e-03   2.525033e-03   1.027558e-06   0.000000e+00   1.158521e-01   7.125082e-08 
          5639   3.008063e-07   1.302140e-03   2.524438e-03   1.027739e-06   0.000000e+00   1.158515e-01   7.123703e-08 
          5640   3.007405e-07   1.302134e-03   2.523844e-03   1.027420e-06   0.000000e+00   1.158510e-01   7.122325e-08 
          5641   3.007273e-07   1.302128e-03   2.523256e-03   1.027603e-06   0.000000e+00   1.158505e-01   7.120947e-08 
          5642   3.006625e-07   1.302121e-03   2.522670e-03   1.027284e-06   0.000000e+00   1.158500e-01   7.119570e-08 
          5643   3.006495e-07   1.302115e-03   2.522092e-03   1.027464e-06   0.000000e+00   1.158495e-01   7.118193e-08 
          5644   3.005847e-07   1.302109e-03   2.521518e-03   1.027143e-06   0.000000e+00   1.158491e-01   7.116817e-08 
          5645   3.005716e-07   1.302103e-03   2.520928e-03   1.027316e-06   0.000000e+00   1.158486e-01   7.115441e-08 
          5646   3.005074e-07   1.302096e-03   2.520297e-03   1.026986e-06   0.000000e+00   1.158481e-01   7.114065e-08 
          5647   3.004947e-07   1.302090e-03   2.519634e-03   1.027156e-06   0.000000e+00   1.158476e-01   7.112690e-08 
          5648   3.004311e-07   1.302084e-03   2.518943e-03   1.026833e-06   0.000000e+00   1.158471e-01   7.111315e-08 
          5649   3.004190e-07   1.302077e-03   2.518235e-03   1.027010e-06   0.000000e+00   1.158466e-01   7.109941e-08 
          5650   3.003570e-07   1.302071e-03   2.517267e-03   1.026691e-06   0.000000e+00   1.158461e-01   7.108567e-08 
          5651   3.003455e-07   1.302065e-03   2.515930e-03   1.026869e-06   0.000000e+00   1.158457e-01   7.107194e-08 
          5652   3.002819e-07   1.302058e-03   2.514333e-03   1.026549e-06   0.000000e+00   1.158452e-01   7.105821e-08 
          5653   3.002701e-07   1.302052e-03   2.512533e-03   1.026727e-06   0.000000e+00   1.158447e-01   7.104448e-08 
          5654   3.002070e-07   1.302046e-03   2.510566e-03   1.026405e-06   0.000000e+00   1.158442e-01   7.103076e-08 
          5655   3.001959e-07   1.302039e-03   2.508543e-03   1.026578e-06   0.000000e+00   1.158438e-01   7.101704e-08 
          5656   3.001330e-07   1.302033e-03   2.506563e-03   1.026246e-06   0.000000e+00   1.158433e-01   7.100333e-08 
          5657   3.001224e-07   1.302027e-03   2.504644e-03   1.026415e-06   0.000000e+00   1.158428e-01   7.098962e-08 
          5658   3.000574e-07   1.302020e-03   2.502773e-03   1.026088e-06   0.000000e+00   1.158424e-01   7.097591e-08 
          5659   3.000421e-07   1.302014e-03   2.500959e-03   1.026264e-06   0.000000e+00   1.158419e-01   7.096221e-08 
          5660   2.999710e-07   1.302007e-03   2.499187e-03   1.025941e-06   0.000000e+00   1.158415e-01   7.094852e-08 
          5661   2.999490e-07   1.302001e-03   2.497466e-03   1.026112e-06   0.000000e+00   1.158410e-01   7.093482e-08 
          5662   2.998989e-07   1.301995e-03   2.495784e-03   1.025762e-06   0.000000e+00   1.158406e-01   7.092114e-08 
          5663   2.999042e-07   1.301988e-03   2.494114e-03   1.025923e-06   0.000000e+00   1.158401e-01   7.090745e-08 
          5664   2.998377e-07   1.301982e-03   2.492198e-03   1.025587e-06   0.000000e+00   1.158397e-01   7.089377e-08 
          5665   2.998050e-07   1.301976e-03   2.490095e-03   1.025758e-06   0.000000e+00   1.158392e-01   7.088010e-08 
          5666   2.987069e-07   1.301969e-03   2.487830e-03   1.025430e-06   0.000000e+00   1.158388e-01   7.086643e-08 
          5667   2.941571e-07   1.301963e-03   2.485449e-03   1.025640e-06   0.000000e+00   1.158384e-01   7.085276e-08 
          5668   2.915354e-07   1.301957e-03   2.482965e-03   1.025302e-06   0.000000e+00   1.158379e-01   7.083910e-08 
          5669   2.906235e-07   1.301950e-03   2.480409e-03   1.025450e-06   0.000000e+00   1.158375e-01   7.082544e-08 
          5670   2.905884e-07   1.301944e-03   2.477904e-03   1.025129e-06   0.000000e+00   1.158371e-01   7.081179e-08 
          5671   2.910498e-07   1.301937e-03   2.475601e-03   1.025239e-06   0.000000e+00   1.158366e-01   7.079814e-08 
          5672   2.916698e-07   1.301931e-03   2.473646e-03   1.024939e-06   0.000000e+00   1.158362e-01   7.078449e-08 
          5673   2.923781e-07   1.301925e-03   2.472237e-03   1.025070e-06   0.000000e+00   1.158358e-01   7.077085e-08 
          5674   2.930162e-07   1.301918e-03   2.471208e-03   1.024802e-06   0.000000e+00   1.158354e-01   7.075722e-08 
          5675   2.936341e-07   1.301912e-03   2.470475e-03   1.024942e-06   0.000000e+00   1.158350e-01   7.074358e-08 
          5676   2.941249e-07   1.301906e-03   2.469932e-03   1.024665e-06   0.000000e+00   1.158345e-01   7.072995e-08 
          5677   2.945843e-07   1.301899e-03   2.469564e-03   1.024795e-06   0.000000e+00   1.158341e-01   7.071633e-08 
          5678   2.949158e-07   1.301893e-03   2.469425e-03   1.024517e-06   0.000000e+00   1.158337e-01   7.070271e-08 
          5679   2.952312e-07   1.301886e-03   2.469866e-03   1.024654e-06   0.000000e+00   1.158333e-01   7.068909e-08 
          5680   2.954337e-07   1.301880e-03   2.470590e-03   1.024378e-06   0.000000e+00   1.158329e-01   7.067548e-08 
          5681   2.956373e-07   1.301874e-03   2.471496e-03   1.024511e-06   0.000000e+00   1.158325e-01   7.066188e-08 
          5682   2.957349e-07   1.301867e-03   2.472539e-03   1.024227e-06   0.000000e+00   1.158321e-01   7.064827e-08 
          5683   2.958530e-07   1.301861e-03   2.473530e-03   1.024350e-06   0.000000e+00   1.158317e-01   7.063468e-08 
          5684   2.958912e-07   1.301854e-03   2.474295e-03   1.024058e-06   0.000000e+00   1.158313e-01   7.062108e-08 
          5685   2.934986e-07   1.301848e-03   2.475048e-03   1.024389e-06   0.000000e+00   1.158310e-01   7.060749e-08 
          5686   2.928081e-07   1.301842e-03   2.475848e-03   1.024410e-06   0.000000e+00   1.158306e-01   7.059390e-08 
          5687   2.956192e-07   1.301835e-03   2.476698e-03   1.024701e-06   0.000000e+00   1.158302e-01   7.058032e-08 
          5688   2.994190e-07   1.301829e-03   2.477586e-03   1.024444e-06   0.000000e+00   1.158298e-01   7.056674e-08 
          5689   3.023217e-07   1.301822e-03   2.478508e-03   1.024521e-06   0.000000e+00   1.158294e-01   7.055317e-08 
          5690   3.036022e-07   1.301816e-03   2.479451e-03   1.024158e-06   0.000000e+00   1.158291e-01   7.053960e-08 
          5691   3.034906e-07   1.301809e-03   2.480412e-03   1.024201e-06   0.000000e+00   1.158287e-01   7.052604e-08 
          5692   3.024987e-07   1.301803e-03   2.481384e-03   1.023851e-06   0.000000e+00   1.158283e-01   7.051248e-08 
          5693   3.011845e-07   1.301797e-03   2.482366e-03   1.023926e-06   0.000000e+00   1.158280e-01   7.049892e-08 
          5694   2.999046e-07   1.301790e-03   2.483353e-03   1.023631e-06   0.000000e+00   1.158276e-01   7.048537e-08 
          5695   2.989270e-07   1.301784e-03   2.484347e-03   1.023764e-06   0.000000e+00   1.158273e-01   7.047182e-08 
          5696   2.982968e-07   1.301777e-03   2.485343e-03   1.023501e-06   0.000000e+00   1.158269e-01   7.045827e-08 
          5697   2.979763e-07   1.301771e-03   2.486344e-03   1.023665e-06   0.000000e+00   1.158266e-01   7.044473e-08 
          5698   2.978778e-07   1.301764e-03   2.487345e-03   1.023430e-06   0.000000e+00   1.158262e-01   7.043120e-08 
          5699   2.979244e-07   1.301758e-03   2.488349e-03   1.023601e-06   0.000000e+00   1.158259e-01   7.041767e-08 
          5700   2.980452e-07   1.301751e-03   2.489351e-03   1.023363e-06   0.000000e+00   1.158255e-01   7.040414e-08 
          5701   2.981883e-07   1.301745e-03   2.490354e-03   1.023518e-06   0.000000e+00   1.158252e-01   7.039062e-08 
          5702   2.983135e-07   1.301738e-03   2.491356e-03   1.023261e-06   0.000000e+00   1.158248e-01   7.037710e-08 
          5703   2.984057e-07   1.301732e-03   2.492358e-03   1.023400e-06   0.000000e+00   1.158245e-01   7.036358e-08 
          5704   2.984541e-07   1.301726e-03   2.493358e-03   1.023131e-06   0.000000e+00   1.158242e-01   7.035007e-08 
          5705   2.984663e-07   1.301719e-03   2.494358e-03   1.023265e-06   0.000000e+00   1.158238e-01   7.033657e-08 
          5706   2.984396e-07   1.301713e-03   2.495356e-03   1.022991e-06   0.000000e+00   1.158235e-01   7.032306e-08 
          5707   2.984047e-07   1.301706e-03   2.496354e-03   1.023146e-06   0.000000e+00   1.158232e-01   7.030956e-08 
          5708   2.983617e-07   1.301700e-03   2.497350e-03   1.022837e-06   0.000000e+00   1.158228e-01   7.029607e-08 
          5709   2.983281e-07   1.301693e-03   2.498347e-03   1.022941e-06   0.000000e+00   1.158225e-01   7.028258e-08 
          5710   2.982870e-07   1.301687e-03   2.499341e-03   1.022656e-06   0.000000e+00   1.158222e-01   7.026910e-08 
          5711   2.982568e-07   1.301680e-03   2.500337e-03   1.022805e-06   0.000000e+00   1.158219e-01   7.025561e-08 
          5712   2.982157e-07   1.301674e-03   2.501330e-03   1.022555e-06   0.000000e+00   1.158215e-01   7.024214e-08 
          5713   2.981862e-07   1.301667e-03   2.502325e-03   1.022715e-06   0.000000e+00   1.158212e-01   7.022866e-08 
          5714   2.981425e-07   1.301661e-03   2.503319e-03   1.022447e-06   0.000000e+00   1.158209e-01   7.021519e-08 
          5715   2.981098e-07   1.301654e-03   2.504314e-03   1.022589e-06   0.000000e+00   1.158206e-01   7.020173e-08 
          5716   2.980611e-07   1.301648e-03   2.505307e-03   1.022310e-06   0.000000e+00   1.158203e-01   7.018827e-08 
          5717   2.980231e-07   1.301641e-03   2.506303e-03   1.022447e-06   0.000000e+00   1.158200e-01   7.017481e-08 
          5718   2.979698e-07   1.301635e-03   2.507297e-03   1.022167e-06   0.000000e+00   1.158197e-01   7.016136e-08 
          5719   2.979283e-07   1.301628e-03   2.508294e-03   1.022301e-06   0.000000e+00   1.158194e-01   7.014791e-08 
          5720   2.978728e-07   1.301622e-03   2.509289e-03   1.022019e-06   0.000000e+00   1.158191e-01   7.013447e-08 
          5721   2.978309e-07   1.301615e-03   2.510287e-03   1.022152e-06   0.000000e+00   1.158188e-01   7.012102e-08 
          5722   2.977739e-07   1.301609e-03   2.511284e-03   1.021869e-06   0.000000e+00   1.158185e-01   7.010759e-08 
          5723   2.977328e-07   1.301602e-03   2.512283e-03   1.022001e-06   0.000000e+00   1.158182e-01   7.009416e-08 
          5724   2.976790e-07   1.301596e-03   2.513281e-03   1.021717e-06   0.000000e+00   1.158179e-01   7.008073e-08 
          5725   2.976416e-07   1.301589e-03   2.514282e-03   1.021849e-06   0.000000e+00   1.158176e-01   7.006730e-08 
          5726   2.975911e-07   1.301583e-03   2.515282e-03   1.021564e-06   0.000000e+00   1.158173e-01   7.005388e-08 
          5727   2.975569e-07   1.301576e-03   2.516284e-03   1.021697e-06   0.000000e+00   1.158170e-01   7.004047e-08 
          5728   2.975088e-07   1.301570e-03   2.517286e-03   1.021412e-06   0.000000e+00   1.158167e-01   7.002706e-08 
          5729   2.974772e-07   1.301563e-03   2.518290e-03   1.021543e-06   0.000000e+00   1.158164e-01   7.001365e-08 
          5730   2.974311e-07   1.301557e-03   2.519294e-03   1.021257e-06   0.000000e+00   1.158161e-01   7.000025e-08 
          5731   2.973998e-07   1.301550e-03   2.520301e-03   1.021387e-06   0.000000e+00   1.158158e-01   6.998685e-08 
          5732   2.973526e-07   1.301543e-03   2.521308e-03   1.021083e-06   0.000000e+00   1.158155e-01   6.997345e-08 
          5733   2.973244e-07   1.301537e-03   2.522316e-03   1.021215e-06   0.000000e+00   1.158153e-01   6.996006e-08 
          5734   2.972854e-07   1.301530e-03   2.523326e-03   1.020933e-06   0.000000e+00   1.158150e-01   6.994667e-08 
          5735   2.972661e-07   1.301524e-03   2.524341e-03   1.021069e-06   0.000000e+00   1.158147e-01   6.993329e-08 
          5736   2.972323e-07   1.301517e-03   2.525357e-03   1.020788e-06   0.000000e+00   1.158144e-01   6.991991e-08 
          5737   2.972143e-07   1.301511e-03   2.526376e-03   1.020924e-06   0.000000e+00   1.158141e-01   6.990654e-08 
          5738   2.971785e-07   1.301504e-03   2.527396e-03   1.020639e-06   0.000000e+00   1.158138e-01   6.989317e-08 
          5739   2.971577e-07   1.301498e-03   2.528418e-03   1.020771e-06   0.000000e+00   1.158136e-01   6.987980e-08 
          5740   2.971190e-07   1.301491e-03   2.529442e-03   1.020484e-06   0.000000e+00   1.158133e-01   6.986644e-08 
          5741   2.970962e-07   1.301484e-03   2.530469e-03   1.020613e-06   0.000000e+00   1.158130e-01   6.985308e-08 
          5742   2.970566e-07   1.301478e-03   2.531497e-03   1.020325e-06   0.000000e+00   1.158127e-01   6.983972e-08 
          5743   2.970339e-07   1.301471e-03   2.532528e-03   1.020455e-06   0.000000e+00   1.158125e-01   6.982637e-08 
          5744   2.969958e-07   1.301465e-03   2.533561e-03   1.020198e-06   0.000000e+00   1.158122e-01   6.981303e-08 
          5745   2.969820e-07   1.301458e-03   2.534599e-03   1.020489e-06   0.000000e+00   1.158119e-01   6.979968e-08 
          5746   2.969549e-07   1.301452e-03   2.535640e-03   1.020355e-06   0.000000e+00   1.158116e-01   6.978635e-08 
          5747   2.969433e-07   1.301445e-03   2.536682e-03   1.020566e-06   0.000000e+00   1.158114e-01   6.977301e-08 
          5748   2.969097e-07   1.301438e-03   2.537722e-03   1.020283e-06   0.000000e+00   1.158111e-01   6.975968e-08 
          5749   2.968888e-07   1.301432e-03   2.538764e-03   1.020381e-06   0.000000e+00   1.158108e-01   6.974635e-08 
          5750   2.968467e-07   1.301425e-03   2.539807e-03   1.020050e-06   0.000000e+00   1.158106e-01   6.973303e-08 
          5751   2.968218e-07   1.301419e-03   2.540856e-03   1.020150e-06   0.000000e+00   1.158103e-01   6.971972e-08 
          5752   2.967795e-07   1.301412e-03   2.541908e-03   1.019847e-06   0.000000e+00   1.158100e-01   6.970640e-08 
          5753   2.967576e-07   1.301405e-03   2.542963e-03   1.019977e-06   0.000000e+00   1.158098e-01   6.969309e-08 
          5754   2.967194e-07   1.301399e-03   2.544021e-03   1.019691e-06   0.000000e+00   1.158095e-01   6.967979e-08 
          5755   2.967019e-07   1.301392e-03   2.545081e-03   1.019825e-06   0.000000e+00   1.158092e-01   6.966649e-08 
          5756   2.966673e-07   1.301386e-03   2.546142e-03   1.019534e-06   0.000000e+00   1.158090e-01   6.965319e-08 
          5757   2.966522e-07   1.301379e-03   2.547207e-03   1.019660e-06   0.000000e+00   1.158087e-01   6.963989e-08 
          5758   2.966191e-07   1.301372e-03   2.548274e-03   1.019363e-06   0.000000e+00   1.158084e-01   6.962661e-08 
          5759   2.966045e-07   1.301366e-03   2.549344e-03   1.019487e-06   0.000000e+00   1.158082e-01   6.961332e-08 
          5760   2.965716e-07   1.301359e-03   2.550416e-03   1.019191e-06   0.000000e+00   1.158079e-01   6.960004e-08 
          5761   2.965570e-07   1.301353e-03   2.551491e-03   1.019316e-06   0.000000e+00   1.158077e-01   6.958676e-08 
          5762   2.949451e-07   1.301346e-03   2.552569e-03   1.018996e-06   0.000000e+00   1.158074e-01   6.957349e-08 
          5763   2.910158e-07   1.301339e-03   2.553650e-03   1.019054e-06   0.000000e+00   1.158071e-01   6.956022e-08 
          5764   2.885999e-07   1.301333e-03   2.554733e-03   1.018725e-06   0.000000e+00   1.158069e-01   6.954696e-08 
          5765   2.870299e-07   1.301326e-03   2.555819e-03   1.018820e-06   0.000000e+00   1.158066e-01   6.953370e-08 
          5766   2.859645e-07   1.301319e-03   2.556908e-03   1.018496e-06   0.000000e+00   1.158064e-01   6.952044e-08 
          5767   2.852373e-07   1.301313e-03   2.558000e-03   1.018597e-06   0.000000e+00   1.158061e-01   6.950719e-08 
          5768   2.847301e-07   1.301306e-03   2.559094e-03   1.018283e-06   0.000000e+00   1.158059e-01   6.949394e-08 
          5769   2.843729e-07   1.301300e-03   2.560192e-03   1.018401e-06   0.000000e+00   1.158056e-01   6.948070e-08 
          5770   2.841211e-07   1.301293e-03   2.561292e-03   1.018099e-06   0.000000e+00   1.158054e-01   6.946746e-08 
          5771   2.839382e-07   1.301286e-03   2.562396e-03   1.018226e-06   0.000000e+00   1.158051e-01   6.945422e-08 
          5772   2.838097e-07   1.301280e-03   2.563502e-03   1.017930e-06   0.000000e+00   1.158049e-01   6.944099e-08 
          5773   2.837100e-07   1.301273e-03   2.564612e-03   1.018060e-06   0.000000e+00   1.158046e-01   6.942776e-08 
          5774   2.836380e-07   1.301266e-03   2.565724e-03   1.017765e-06   0.000000e+00   1.158044e-01   6.941454e-08 
          5775   2.835745e-07   1.301260e-03   2.566840e-03   1.017899e-06   0.000000e+00   1.158041e-01   6.940132e-08 
          5776   2.835267e-07   1.301253e-03   2.567958e-03   1.017607e-06   0.000000e+00   1.158039e-01   6.938811e-08 
          5777   2.834794e-07   1.301246e-03   2.569081e-03   1.017738e-06   0.000000e+00   1.158036e-01   6.937490e-08 
          5778   2.834439e-07   1.301240e-03   2.570205e-03   1.017444e-06   0.000000e+00   1.158034e-01   6.936169e-08 
          5779   2.834029e-07   1.301233e-03   2.571333e-03   1.017574e-06   0.000000e+00   1.158032e-01   6.934849e-08 
          5780   2.833697e-07   1.301226e-03   2.572464e-03   1.017283e-06   0.000000e+00   1.158029e-01   6.933529e-08 
          5781   2.833316e-07   1.301220e-03   2.573598e-03   1.017417e-06   0.000000e+00   1.158027e-01   6.932209e-08 
          5782   2.833050e-07   1.301213e-03   2.574735e-03   1.017127e-06   0.000000e+00   1.158024e-01   6.930890e-08 
          5783   2.832761e-07   1.301206e-03   2.575876e-03   1.017263e-06   0.000000e+00   1.158022e-01   6.929572e-08 
          5784   2.832589e-07   1.301200e-03   2.577019e-03   1.016979e-06   0.000000e+00   1.158020e-01   6.928254e-08 
          5785   2.832375e-07   1.301193e-03   2.578167e-03   1.017120e-06   0.000000e+00   1.158017e-01   6.926936e-08 
          5786   2.815273e-07   1.301186e-03   2.579317e-03   1.016826e-06   0.000000e+00   1.158015e-01   6.925619e-08 
          5787   2.798937e-07   1.301180e-03   2.580470e-03   1.016960e-06   0.000000e+00   1.158013e-01   6.924302e-08 
          5788   2.794534e-07   1.301173e-03   2.581624e-03   1.016679e-06   0.000000e+00   1.158010e-01   6.922985e-08 
          5789   2.795783e-07   1.301166e-03   2.582782e-03   1.016815e-06   0.000000e+00   1.158008e-01   6.921669e-08 
          5790   2.799944e-07   1.301159e-03   2.583943e-03   1.016543e-06   0.000000e+00   1.158006e-01   6.920353e-08 
          5791   2.804529e-07   1.301153e-03   2.585110e-03   1.016673e-06   0.000000e+00   1.158004e-01   6.919038e-08 
          5792   2.809409e-07   1.301146e-03   2.586279e-03   1.016408e-06   0.000000e+00   1.158001e-01   6.917723e-08 
          5793   2.813389e-07   1.301139e-03   2.587453e-03   1.016533e-06   0.000000e+00   1.157999e-01   6.916409e-08 
          5794   2.817139e-07   1.301133e-03   2.588630e-03   1.016266e-06   0.000000e+00   1.157997e-01   6.915095e-08 
          5795   2.819851e-07   1.301126e-03   2.589810e-03   1.016382e-06   0.000000e+00   1.157995e-01   6.913781e-08 
          5796   2.822395e-07   1.301119e-03   2.590993e-03   1.016109e-06   0.000000e+00   1.157993e-01   6.912468e-08 
          5797   2.824041e-07   1.301112e-03   2.592179e-03   1.016220e-06   0.000000e+00   1.157990e-01   6.911155e-08 
          5798   2.825674e-07   1.301106e-03   2.593369e-03   1.015944e-06   0.000000e+00   1.157988e-01   6.909843e-08 
          5799   2.826562e-07   1.301099e-03   2.594562e-03   1.016055e-06   0.000000e+00   1.157986e-01   6.908531e-08 
          5800   2.827566e-07   1.301092e-03   2.595758e-03   1.015776e-06   0.000000e+00   1.157984e-01   6.907219e-08 
          5801   2.827939e-07   1.301086e-03   2.596959e-03   1.015886e-06   0.000000e+00   1.157982e-01   6.905908e-08 
          5802   2.828529e-07   1.301079e-03   2.598162e-03   1.015605e-06   0.000000e+00   1.157980e-01   6.904598e-08 
          5803   2.828584e-07   1.301072e-03   2.599369e-03   1.015693e-06   0.000000e+00   1.157978e-01   6.903287e-08 
          5804   2.828941e-07   1.301065e-03   2.600577e-03   1.015368e-06   0.000000e+00   1.157976e-01   6.901978e-08 
          5805   2.828836e-07   1.301059e-03   2.601790e-03   1.015444e-06   0.000000e+00   1.157974e-01   6.900668e-08 
          5806   2.829087e-07   1.301052e-03   2.603004e-03   1.015144e-06   0.000000e+00   1.157972e-01   6.899359e-08 
          5807   2.828917e-07   1.301045e-03   2.604223e-03   1.015241e-06   0.000000e+00   1.157970e-01   6.898050e-08 
          5808   2.829135e-07   1.301038e-03   2.605444e-03   1.014954e-06   0.000000e+00   1.157968e-01   6.896742e-08 
          5809   2.828951e-07   1.301032e-03   2.606670e-03   1.015060e-06   0.000000e+00   1.157966e-01   6.895434e-08 
          5810   2.829163e-07   1.301025e-03   2.607898e-03   1.014777e-06   0.000000e+00   1.157964e-01   6.894127e-08 
          5811   2.828976e-07   1.301018e-03   2.609130e-03   1.014882e-06   0.000000e+00   1.157962e-01   6.892820e-08 
          5812   2.829179e-07   1.301011e-03   2.610364e-03   1.014595e-06   0.000000e+00   1.157960e-01   6.891514e-08 
          5813   2.828985e-07   1.301005e-03   2.611603e-03   1.014699e-06   0.000000e+00   1.157958e-01   6.890207e-08 
          5814   2.829178e-07   1.300998e-03   2.612845e-03   1.014413e-06   0.000000e+00   1.157956e-01   6.888902e-08 
          5815   2.828976e-07   1.300991e-03   2.614090e-03   1.014518e-06   0.000000e+00   1.157954e-01   6.887596e-08 
          5816   2.829158e-07   1.300984e-03   2.615339e-03   1.014233e-06   0.000000e+00   1.157953e-01   6.886291e-08 
          5817   2.828951e-07   1.300977e-03   2.616591e-03   1.014339e-06   0.000000e+00   1.157951e-01   6.884987e-08 
          5818   2.829127e-07   1.300971e-03   2.617846e-03   1.014052e-06   0.000000e+00   1.157949e-01   6.883683e-08 
          5819   2.828917e-07   1.300964e-03   2.619106e-03   1.014158e-06   0.000000e+00   1.157947e-01   6.882379e-08 
          5820   2.829090e-07   1.300957e-03   2.620368e-03   1.013872e-06   0.000000e+00   1.157945e-01   6.881076e-08 
          5821   2.828882e-07   1.300950e-03   2.621635e-03   1.013979e-06   0.000000e+00   1.157944e-01   6.879773e-08 
          5822   2.829054e-07   1.300943e-03   2.622904e-03   1.013693e-06   0.000000e+00   1.157942e-01   6.878471e-08 
          5823   2.828850e-07   1.300937e-03   2.624177e-03   1.013802e-06   0.000000e+00   1.157940e-01   6.877169e-08 
          5824   2.829022e-07   1.300930e-03   2.625453e-03   1.013516e-06   0.000000e+00   1.157939e-01   6.875867e-08 
          5825   2.828818e-07   1.300923e-03   2.626733e-03   1.013626e-06   0.000000e+00   1.157937e-01   6.874566e-08 
          5826   2.828979e-07   1.300916e-03   2.628015e-03   1.013341e-06   0.000000e+00   1.157935e-01   6.873265e-08 
          5827   2.828808e-07   1.300909e-03   2.629302e-03   1.013453e-06   0.000000e+00   1.157934e-01   6.871965e-08 
          5828   2.829010e-07   1.300903e-03   2.630592e-03   1.013166e-06   0.000000e+00   1.157932e-01   6.870665e-08 
          5829   2.828829e-07   1.300896e-03   2.631886e-03   1.013277e-06   0.000000e+00   1.157931e-01   6.869365e-08 
          5830   2.828971e-07   1.300889e-03   2.633183e-03   1.012987e-06   0.000000e+00   1.157929e-01   6.868066e-08 
          5831   2.828737e-07   1.300882e-03   2.634484e-03   1.013097e-06   0.000000e+00   1.157928e-01   6.866767e-08 
          5832   2.828844e-07   1.300875e-03   2.635788e-03   1.012805e-06   0.000000e+00   1.157926e-01   6.865469e-08 
          5833   2.828607e-07   1.300868e-03   2.637097e-03   1.012916e-06   0.000000e+00   1.157925e-01   6.864171e-08 
          5834   2.828713e-07   1.300862e-03   2.638408e-03   1.012624e-06   0.000000e+00   1.157923e-01   6.862874e-08 
          5835   2.828500e-07   1.300855e-03   2.639723e-03   1.012737e-06   0.000000e+00   1.157922e-01   6.861576e-08 
          5836   2.828639e-07   1.300848e-03   2.641041e-03   1.012445e-06   0.000000e+00   1.157920e-01   6.860280e-08 
          5837   2.828431e-07   1.300841e-03   2.642364e-03   1.012560e-06   0.000000e+00   1.157919e-01   6.858984e-08 
          5838   2.828580e-07   1.300834e-03   2.643689e-03   1.012269e-06   0.000000e+00   1.157917e-01   6.857688e-08 
          5839   2.828393e-07   1.300827e-03   2.645019e-03   1.012386e-06   0.000000e+00   1.157916e-01   6.856392e-08 
          5840   2.828552e-07   1.300821e-03   2.646348e-03   1.012117e-06   0.000000e+00   1.157915e-01   6.855097e-08 
          5841   2.828375e-07   1.300814e-03   2.647685e-03   1.012259e-06   0.000000e+00   1.157914e-01   6.853802e-08 
          5842   2.828541e-07   1.300807e-03   2.649030e-03   1.011994e-06   0.000000e+00   1.157912e-01   6.852508e-08 
          5843   2.828375e-07   1.300800e-03   2.650381e-03   1.012131e-06   0.000000e+00   1.157911e-01   6.851214e-08 
          5844   2.828551e-07   1.300793e-03   2.651736e-03   1.011865e-06   0.000000e+00   1.157910e-01   6.849921e-08 
          5845   2.828390e-07   1.300786e-03   2.653096e-03   1.011998e-06   0.000000e+00   1.157909e-01   6.848628e-08 
          5846   2.828610e-07   1.300779e-03   2.654459e-03   1.011732e-06   0.000000e+00   1.157907e-01   6.847335e-08 
          5847   2.828570e-07   1.300772e-03   2.655827e-03   1.011869e-06   0.000000e+00   1.157906e-01   6.846043e-08 
          5848   2.828849e-07   1.300766e-03   2.657198e-03   1.011606e-06   0.000000e+00   1.157905e-01   6.844751e-08 
          5849   2.828741e-07   1.300759e-03   2.658574e-03   1.011742e-06   0.000000e+00   1.157904e-01   6.843460e-08 
          5850   2.829641e-07   1.300752e-03   2.659954e-03   1.011527e-06   0.000000e+00   1.157903e-01   6.842169e-08 
          5851   2.829632e-07   1.300745e-03   2.661337e-03   1.011641e-06   0.000000e+00   1.157902e-01   6.840878e-08 
          5852   2.829895e-07   1.300738e-03   2.662724e-03   1.011357e-06   0.000000e+00   1.157901e-01   6.839588e-08 
          5853   2.829826e-07   1.300731e-03   2.664115e-03   1.011478e-06   0.000000e+00   1.157900e-01   6.838298e-08 
          5854   2.830088e-07   1.300724e-03   2.665510e-03   1.011211e-06   0.000000e+00   1.157899e-01   6.837009e-08 
          5855   2.830031e-07   1.300717e-03   2.666909e-03   1.011344e-06   0.000000e+00   1.157898e-01   6.835720e-08 
          5856   2.830283e-07   1.300710e-03   2.668311e-03   1.011083e-06   0.000000e+00   1.157897e-01   6.834432e-08 
          5857   2.830209e-07   1.300703e-03   2.669717e-03   1.011218e-06   0.000000e+00   1.157896e-01   6.833143e-08 
          5858   2.827097e-07   1.300697e-03   2.671124e-03   1.010755e-06   0.000000e+00   1.157895e-01   6.831856e-08 
          5859   2.826989e-07   1.300690e-03   2.672537e-03   1.010977e-06   0.000000e+00   1.157894e-01   6.830568e-08 
          5860   2.826467e-07   1.300683e-03   2.673955e-03   1.010732e-06   0.000000e+00   1.157893e-01   6.829281e-08 
          5861   2.826694e-07   1.300676e-03   2.675375e-03   1.010934e-06   0.000000e+00   1.157892e-01   6.827995e-08 
          5862   2.826256e-07   1.300669e-03   2.676800e-03   1.010648e-06   0.000000e+00   1.157891e-01   6.826709e-08 
          5863   2.826482e-07   1.300662e-03   2.678228e-03   1.010832e-06   0.000000e+00   1.157891e-01   6.825423e-08 
          5864   2.810726e-07   1.300655e-03   2.679661e-03   1.010524e-06   0.000000e+00   1.157890e-01   6.824138e-08 
          5865   2.784463e-07   1.300648e-03   2.681094e-03   1.010661e-06   0.000000e+00   1.157889e-01   6.822853e-08 
          5866   2.771647e-07   1.300641e-03   2.682524e-03   1.010313e-06   0.000000e+00   1.157888e-01   6.821568e-08 
          5867   2.766961e-07   1.300634e-03   2.683957e-03   1.010618e-06   0.000000e+00   1.157888e-01   6.820284e-08 
          5868   2.766149e-07   1.300627e-03   2.685394e-03   1.010498e-06   0.000000e+00   1.157887e-01   6.819001e-08 
          5869   2.767652e-07   1.300620e-03   2.686830e-03   1.010746e-06   0.000000e+00   1.157887e-01   6.817717e-08 
          5870   2.769831e-07   1.300613e-03   2.688264e-03   1.010487e-06   0.000000e+00   1.157886e-01   6.816434e-08 
          5871   2.772534e-07   1.300606e-03   2.689701e-03   1.010610e-06   0.000000e+00   1.157885e-01   6.815152e-08 
          5872   2.768342e-07   1.300599e-03   2.691142e-03   1.010295e-06   0.000000e+00   1.157885e-01   6.813870e-08 
          5873   2.767436e-07   1.300592e-03   2.692587e-03   1.010382e-06   0.000000e+00   1.157884e-01   6.812588e-08 
          5874   2.768549e-07   1.300585e-03   2.694035e-03   1.010040e-06   0.000000e+00   1.157884e-01   6.811307e-08 
          5875   2.770974e-07   1.300578e-03   2.695484e-03   1.010176e-06   0.000000e+00   1.157884e-01   6.810026e-08 
          5876   2.773478e-07   1.300571e-03   2.696936e-03   1.009882e-06   0.000000e+00   1.157883e-01   6.808745e-08 
          5877   2.776327e-07   1.300565e-03   2.698388e-03   1.010050e-06   0.000000e+00   1.157883e-01   6.807465e-08 
          5878   2.778698e-07   1.300558e-03   2.699844e-03   1.009772e-06   0.000000e+00   1.157882e-01   6.806185e-08 
          5879   2.781178e-07   1.300551e-03   2.701300e-03   1.009949e-06   0.000000e+00   1.157882e-01   6.804906e-08 
          5880   2.783035e-07   1.300544e-03   2.702761e-03   1.009674e-06   0.000000e+00   1.157882e-01   6.803627e-08 
          5881   2.785014e-07   1.300537e-03   2.704223e-03   1.009851e-06   0.000000e+00   1.157882e-01   6.802349e-08 
          5882   2.786385e-07   1.300530e-03   2.705689e-03   1.009577e-06   0.000000e+00   1.157881e-01   6.801071e-08 
          5883   2.787930e-07   1.300523e-03   2.707156e-03   1.009758e-06   0.000000e+00   1.157881e-01   6.799793e-08 
          5884   2.788908e-07   1.300516e-03   2.708628e-03   1.009488e-06   0.000000e+00   1.157881e-01   6.798516e-08 
          5885   2.790087e-07   1.300509e-03   2.710102e-03   1.009673e-06   0.000000e+00   1.157881e-01   6.797239e-08 
          5886   2.790723e-07   1.300502e-03   2.711579e-03   1.009405e-06   0.000000e+00   1.157880e-01   6.795963e-08 
          5887   2.791643e-07   1.300495e-03   2.713058e-03   1.009587e-06   0.000000e+00   1.157880e-01   6.794686e-08 
          5888   2.792101e-07   1.300488e-03   2.714540e-03   1.009318e-06   0.000000e+00   1.157880e-01   6.793411e-08 
          5889   2.792860e-07   1.300480e-03   2.716024e-03   1.009499e-06   0.000000e+00   1.157880e-01   6.792136e-08 
          5890   2.793166e-07   1.300473e-03   2.717512e-03   1.009229e-06   0.000000e+00   1.157880e-01   6.790861e-08 
          5891   2.793778e-07   1.300466e-03   2.719002e-03   1.009408e-06   0.000000e+00   1.157880e-01   6.789586e-08 
          5892   2.793958e-07   1.300459e-03   2.720495e-03   1.009137e-06   0.000000e+00   1.157880e-01   6.788312e-08 
          5893   2.794462e-07   1.300452e-03   2.721989e-03   1.009314e-06   0.000000e+00   1.157880e-01   6.787039e-08 
          5894   2.794551e-07   1.300445e-03   2.723487e-03   1.009042e-06   0.000000e+00   1.157880e-01   6.785765e-08 
          5895   2.794980e-07   1.300438e-03   2.724986e-03   1.009218e-06   0.000000e+00   1.157880e-01   6.784493e-08 
          5896   2.794998e-07   1.300431e-03   2.726488e-03   1.008946e-06   0.000000e+00   1.157880e-01   6.783220e-08 
          5897   2.795385e-07   1.300424e-03   2.727992e-03   1.009120e-06   0.000000e+00   1.157880e-01   6.781948e-08 
          5898   2.795352e-07   1.300417e-03   2.729499e-03   1.008850e-06   0.000000e+00   1.157880e-01   6.780677e-08 
          5899   2.795706e-07   1.300410e-03   2.731007e-03   1.009022e-06   0.000000e+00   1.157880e-01   6.779405e-08 
          5900   2.795643e-07   1.300403e-03   2.732518e-03   1.008751e-06   0.000000e+00   1.157880e-01   6.778135e-08 
          5901   2.795970e-07   1.300396e-03   2.734030e-03   1.008920e-06   0.000000e+00   1.157881e-01   6.776864e-08 
          5902   2.795881e-07   1.300389e-03   2.735545e-03   1.008632e-06   0.000000e+00   1.157881e-01   6.775594e-08 
          5903   2.796181e-07   1.300382e-03   2.737061e-03   1.008775e-06   0.000000e+00   1.157881e-01   6.774325e-08 
          5904   2.796061e-07   1.300375e-03   2.738580e-03   1.008487e-06   0.000000e+00   1.157881e-01   6.773055e-08 
          5905   2.796335e-07   1.300368e-03   2.740100e-03   1.008652e-06   0.000000e+00   1.157882e-01   6.771787e-08 
          5906   2.796184e-07   1.300361e-03   2.741622e-03   1.008378e-06   0.000000e+00   1.157882e-01   6.770518e-08 
          5907   2.796435e-07   1.300354e-03   2.743145e-03   1.008545e-06   0.000000e+00   1.157882e-01   6.769250e-08 
          5908   2.796257e-07   1.300346e-03   2.744672e-03   1.008268e-06   0.000000e+00   1.157883e-01   6.767983e-08 
          5909   2.796488e-07   1.300339e-03   2.746198e-03   1.008431e-06   0.000000e+00   1.157883e-01   6.766715e-08 
          5910   2.796287e-07   1.300332e-03   2.747728e-03   1.008150e-06   0.000000e+00   1.157884e-01   6.765448e-08 
          5911   2.796500e-07   1.300325e-03   2.749257e-03   1.008310e-06   0.000000e+00   1.157884e-01   6.764182e-08 
          5912   2.796280e-07   1.300318e-03   2.750790e-03   1.008028e-06   0.000000e+00   1.157884e-01   6.762916e-08 
          5913   2.796477e-07   1.300311e-03   2.752323e-03   1.008188e-06   0.000000e+00   1.157885e-01   6.761650e-08 
          5914   2.796241e-07   1.300304e-03   2.753858e-03   1.007915e-06   0.000000e+00   1.157885e-01   6.760385e-08 
          5915   2.796421e-07   1.300297e-03   2.755393e-03   1.008062e-06   0.000000e+00   1.157886e-01   6.759120e-08 
          5916   2.796171e-07   1.300290e-03   2.756934e-03   1.007747e-06   0.000000e+00   1.157887e-01   6.757856e-08 
          5917   2.796338e-07   1.300283e-03   2.758473e-03   1.007903e-06   0.000000e+00   1.157887e-01   6.756592e-08 
          5918   2.796074e-07   1.300275e-03   2.760014e-03   1.007632e-06   0.000000e+00   1.157888e-01   6.755328e-08 
          5919   2.796231e-07   1.300268e-03   2.761555e-03   1.007799e-06   0.000000e+00   1.157889e-01   6.754065e-08 
          5920   2.795954e-07   1.300261e-03   2.763099e-03   1.007528e-06   0.000000e+00   1.157889e-01   6.752802e-08 
          5921   2.796105e-07   1.300254e-03   2.764643e-03   1.007694e-06   0.000000e+00   1.157890e-01   6.751540e-08 
          5922   2.795816e-07   1.300247e-03   2.766190e-03   1.007414e-06   0.000000e+00   1.157891e-01   6.750278e-08 
          5923   2.795960e-07   1.300240e-03   2.767736e-03   1.007567e-06   0.000000e+00   1.157891e-01   6.749016e-08 
          5924   2.795655e-07   1.300233e-03   2.769285e-03   1.007277e-06   0.000000e+00   1.157892e-01   6.747755e-08 
          5925   2.795796e-07   1.300226e-03   2.770834e-03   1.007426e-06   0.000000e+00   1.157893e-01   6.746494e-08 
          5926   2.795483e-07   1.300218e-03   2.772385e-03   1.007136e-06   0.000000e+00   1.157894e-01   6.745233e-08 
          5927   2.795625e-07   1.300211e-03   2.773936e-03   1.007286e-06   0.000000e+00   1.157895e-01   6.743973e-08 
          5928   2.795301e-07   1.300204e-03   2.775489e-03   1.006995e-06   0.000000e+00   1.157896e-01   6.742714e-08 
          5929   2.795435e-07   1.300197e-03   2.777042e-03   1.007145e-06   0.000000e+00   1.157897e-01   6.741454e-08 
          5930   2.795095e-07   1.300190e-03   2.778598e-03   1.006853e-06   0.000000e+00   1.157898e-01   6.740195e-08 
          5931   2.795224e-07   1.300183e-03   2.780153e-03   1.007002e-06   0.000000e+00   1.157899e-01   6.738937e-08 
          5932   2.794878e-07   1.300175e-03   2.781711e-03   1.006710e-06   0.000000e+00   1.157900e-01   6.737679e-08 
          5933   2.795004e-07   1.300168e-03   2.783268e-03   1.006858e-06   0.000000e+00   1.157901e-01   6.736421e-08 
          5934   2.794655e-07   1.300161e-03   2.784827e-03   1.006563e-06   0.000000e+00   1.157902e-01   6.735164e-08 
          5935   2.794792e-07   1.300154e-03   2.786386e-03   1.006708e-06   0.000000e+00   1.157903e-01   6.733907e-08 
          5936   2.794454e-07   1.300147e-03   2.787948e-03   1.006411e-06   0.000000e+00   1.157904e-01   6.732650e-08 
          5937   2.794600e-07   1.300140e-03   2.789509e-03   1.006557e-06   0.000000e+00   1.157905e-01   6.731394e-08 
          5938   2.794248e-07   1.300132e-03   2.791072e-03   1.006259e-06   0.000000e+00   1.157907e-01   6.730138e-08 
          5939   2.794378e-07   1.300125e-03   2.792635e-03   1.006404e-06   0.000000e+00   1.157908e-01   6.728883e-08 
          5940   2.794001e-07   1.300118e-03   2.794200e-03   1.006104e-06   0.000000e+00   1.157909e-01   6.727627e-08 
          5941   2.794118e-07   1.300111e-03   2.795765e-03   1.006248e-06   0.000000e+00   1.157910e-01   6.726373e-08 
          5942   2.793730e-07   1.300104e-03   2.797332e-03   1.005946e-06   0.000000e+00   1.157912e-01   6.725119e-08 
          5943   2.793849e-07   1.300096e-03   2.798898e-03   1.006088e-06   0.000000e+00   1.157913e-01   6.723865e-08 
          5944   2.793468e-07   1.300089e-03   2.800467e-03   1.005786e-06   0.000000e+00   1.157914e-01   6.722611e-08 
          5945   2.793599e-07   1.300082e-03   2.802035e-03   1.005928e-06   0.000000e+00   1.157916e-01   6.721358e-08 
          5946   2.793229e-07   1.300075e-03   2.803606e-03   1.005627e-06   0.000000e+00   1.157917e-01   6.720106e-08 
          5947   2.793372e-07   1.300067e-03   2.805176e-03   1.005770e-06   0.000000e+00   1.157919e-01   6.718853e-08 
          5948   2.793011e-07   1.300060e-03   2.806748e-03   1.005470e-06   0.000000e+00   1.157920e-01   6.717601e-08 
          5949   2.793162e-07   1.300053e-03   2.808320e-03   1.005615e-06   0.000000e+00   1.157922e-01   6.716350e-08 
          5950   2.792805e-07   1.300046e-03   2.809895e-03   1.005317e-06   0.000000e+00   1.157923e-01   6.715099e-08 
          5951   2.792964e-07   1.300038e-03   2.811468e-03   1.005461e-06   0.000000e+00   1.157925e-01   6.713848e-08 
          5952   2.792614e-07   1.300031e-03   2.813045e-03   1.005164e-06   0.000000e+00   1.157927e-01   6.712598e-08 
          5953   2.792776e-07   1.300024e-03   2.814620e-03   1.005310e-06   0.000000e+00   1.157928e-01   6.711348e-08 
          5954   2.792423e-07   1.300017e-03   2.816199e-03   1.005015e-06   0.000000e+00   1.157930e-01   6.710098e-08 
          5955   2.792586e-07   1.300010e-03   2.817776e-03   1.005163e-06   0.000000e+00   1.157932e-01   6.708849e-08 
          5956   2.792230e-07   1.300002e-03   2.819357e-03   1.004869e-06   0.000000e+00   1.157933e-01   6.707600e-08 
          5957   2.792396e-07   1.299995e-03   2.820936e-03   1.005018e-06   0.000000e+00   1.157935e-01   6.706352e-08 
          5958   2.792117e-07   1.299988e-03   2.822519e-03   1.004725e-06   0.000000e+00   1.157937e-01   6.705104e-08 
          5959   2.783512e-07   1.299980e-03   2.824100e-03   1.004932e-06   0.000000e+00   1.157939e-01   6.703856e-08 
          5960   2.774770e-07   1.299973e-03   2.825684e-03   1.004697e-06   0.000000e+00   1.157941e-01   6.702609e-08 
          5961   2.772879e-07   1.299966e-03   2.827264e-03   1.004850e-06   0.000000e+00   1.157943e-01   6.701362e-08 
          5962   2.774074e-07   1.299959e-03   2.828847e-03   1.004537e-06   0.000000e+00   1.157945e-01   6.700115e-08 
          5963   2.777577e-07   1.299951e-03   2.830430e-03   1.004665e-06   0.000000e+00   1.157947e-01   6.698869e-08 
          5964   2.781211e-07   1.299944e-03   2.832017e-03   1.004358e-06   0.000000e+00   1.157949e-01   6.697624e-08 
          5965   2.785448e-07   1.299937e-03   2.833604e-03   1.004505e-06   0.000000e+00   1.157951e-01   6.696378e-08 
          5966   2.788826e-07   1.299930e-03   2.835196e-03   1.004214e-06   0.000000e+00   1.157953e-01   6.695134e-08 
          5967   2.792371e-07   1.299922e-03   2.836786e-03   1.004372e-06   0.000000e+00   1.157955e-01   6.693889e-08 
          5968   2.794843e-07   1.299915e-03   2.838380e-03   1.004085e-06   0.000000e+00   1.157957e-01   6.692645e-08 
          5969   2.797482e-07   1.299908e-03   2.839972e-03   1.004242e-06   0.000000e+00   1.157959e-01   6.691401e-08 
          5970   2.799124e-07   1.299900e-03   2.841568e-03   1.004009e-06   0.000000e+00   1.157961e-01   6.690158e-08 
          5971   2.801126e-07   1.299893e-03   2.843163e-03   1.004306e-06   0.000000e+00   1.157963e-01   6.688915e-08 
          5972   2.802204e-07   1.299886e-03   2.844761e-03   1.004151e-06   0.000000e+00   1.157966e-01   6.687672e-08 
          5973   2.803650e-07   1.299878e-03   2.846350e-03   1.004387e-06   0.000000e+00   1.157968e-01   6.686430e-08 
          5974   2.804173e-07   1.299871e-03   2.847938e-03   1.004110e-06   0.000000e+00   1.157970e-01   6.685189e-08 
          5975   2.805137e-07   1.299864e-03   2.849522e-03   1.004242e-06   0.000000e+00   1.157973e-01   6.683947e-08 
          5976   2.805247e-07   1.299856e-03   2.851111e-03   1.003927e-06   0.000000e+00   1.157975e-01   6.682706e-08 
          5977   2.805895e-07   1.299849e-03   2.852699e-03   1.004062e-06   0.000000e+00   1.157977e-01   6.681466e-08 
          5978   2.805744e-07   1.299842e-03   2.854292e-03   1.003768e-06   0.000000e+00   1.157980e-01   6.680225e-08 
          5979   2.806212e-07   1.299835e-03   2.855882e-03   1.003924e-06   0.000000e+00   1.157982e-01   6.678986e-08 
          5980   2.805913e-07   1.299827e-03   2.857476e-03   1.003638e-06   0.000000e+00   1.157985e-01   6.677746e-08 
          5981   2.807608e-07   1.299820e-03   2.859065e-03   1.003636e-06   0.000000e+00   1.157987e-01   6.676507e-08 
          5982   2.807417e-07   1.299813e-03   2.860659e-03   1.003429e-06   0.000000e+00   1.157990e-01   6.675269e-08 
          5983   2.807606e-07   1.299805e-03   2.862248e-03   1.003534e-06   0.000000e+00   1.157993e-01   6.674030e-08 
          5984   2.808555e-07   1.299798e-03   2.863838e-03   1.003482e-06   0.000000e+00   1.157995e-01   6.672792e-08 
          5985   2.807849e-07   1.299791e-03   2.865433e-03   1.003358e-06   0.000000e+00   1.157998e-01   6.671555e-08 
          5986   2.808355e-07   1.299783e-03   2.867026e-03   1.003316e-06   0.000000e+00   1.158001e-01   6.670318e-08 
          5987   2.808360e-07   1.299776e-03   2.868620e-03   1.003262e-06   0.000000e+00   1.158003e-01   6.669081e-08 
          5988   2.808139e-07   1.299768e-03   2.870217e-03   1.003115e-06   0.000000e+00   1.158006e-01   6.667845e-08 
          5989   2.808219e-07   1.299761e-03   2.871813e-03   1.003202e-06   0.000000e+00   1.158009e-01   6.666609e-08 
          5990   2.807740e-07   1.299754e-03   2.873413e-03   1.002945e-06   0.000000e+00   1.158012e-01   6.665374e-08 
          5991   2.807909e-07   1.299746e-03   2.875009e-03   1.002970e-06   0.000000e+00   1.158015e-01   6.664138e-08 
          5992   2.808410e-07   1.299739e-03   2.876606e-03   1.002808e-06   0.000000e+00   1.158018e-01   6.662904e-08 
          5993   2.807932e-07   1.299732e-03   2.878205e-03   1.002751e-06   0.000000e+00   1.158021e-01   6.661669e-08 
          5994   2.808181e-07   1.299724e-03   2.879805e-03   1.002689e-06   0.000000e+00   1.158024e-01   6.660435e-08 
          5995   2.807736e-07   1.299717e-03   2.881407e-03   1.002615e-06   0.000000e+00   1.158027e-01   6.659202e-08 
          5996   2.807921e-07   1.299710e-03   2.883008e-03   1.002518e-06   0.000000e+00   1.158030e-01   6.657969e-08 
          5997   2.807683e-07   1.299702e-03   2.884609e-03   1.002472e-06   0.000000e+00   1.158033e-01   6.656736e-08 
          5998   2.807620e-07   1.299695e-03   2.886212e-03   1.002317e-06   0.000000e+00   1.158036e-01   6.655503e-08 
          5999   2.807553e-07   1.299687e-03   2.887815e-03   1.002347e-06   0.000000e+00   1.158039e-01   6.654271e-08 
          6000   2.807221e-07   1.299680e-03   2.889421e-03   1.002125e-06   0.000000e+00   1.158042e-01   6.653040e-08 
LR-RUN-OK
LR-FINAL-IT 6000
LR-K-IN = 0.3749999999999999
LR-K-SLIP = 92.6865432264786
LR-K-PLATE = 8.284588102157678E-6
LR-K-OUT = 0.38915199841592685
LR-TVR-PLATE = 4.2390269004341726E-10
LR-TVR-OUT = 28.145468578874866
LR-YPLUS-PLATE = 0.11232555349663251
LR-EXPORT-OK
LR-DONE L137
