GeoID,AoA,cd,cl,cm,clp,clv,cdp,cdv,cd_stdev,cl_stdev,cm_stdev,cd_stderr,cl_stderr,cm_stderr,cd_ci95,cl_ci95,cm_ci95
LHC001,4,0.149698,1.383878,-0.126202,1.384783,-0.000904,0.127410,0.022288,0.001685,0.009327,0.015439,0.000753,0.004169,0.006901,0.001476,0.008171,0.013525
LHC001,6,0.174160,1.571234,-0.183620,1.572338,-0.001104,0.151851,0.022309,0.001746,0.010551,0.016200,0.000781,0.004716,0.007242,0.001530,0.009244,0.014194
LHC001,8,0.202331,1.755154,-0.233690,1.756433,-0.001278,0.179952,0.022380,0.002194,0.011137,0.016470,0.000981,0.004981,0.007366,0.001923,0.009762,0.014437
LHC001,10,0.232775,1.925593,-0.285546,1.927020,-0.001427,0.210326,0.022449,0.002860,0.012947,0.018377,0.001278,0.005786,0.008213,0.002505,0.011341,0.016098
LHC001,12,0.267881,2.076107,-0.337976,2.077742,-0.001635,0.245565,0.022316,0.003550,0.013379,0.021644,0.001317,0.004964,0.008031,0.002582,0.009730,0.015741
LHC001,14,0.300279,2.182708,-0.391508,2.184540,-0.001832,0.278390,0.021889,0.004079,0.013468,0.026077,0.000912,0.003012,0.005831,0.001788,0.005903,0.011429
LHC001,16,0.336197,2.265876,-0.424957,2.268000,-0.002125,0.314853,0.021344,0.004504,0.013315,0.032053,0.001007,0.002978,0.007168,0.001974,0.005836,0.014048
LHC001,18,0.404477,2.092560,-0.640170,2.094374,-0.001814,0.384837,0.019640,0.013363,0.049966,0.139024,0.002112,0.007899,0.021977,0.004140,0.015481,0.043075
LHC001,20,0.444178,2.154226,-0.733791,2.156091,-0.001865,0.424967,0.019212,0.015768,0.063494,0.125779,0.002493,0.010038,0.019884,0.004886,0.019674,0.038972
LHC001,22,0.533199,1.915550,-0.920969,1.918019,-0.002469,0.515259,0.017940,0.017944,0.066261,0.166622,0.002837,0.010477,0.026345,0.005561,0.020534,0.051636
LHC002,4,0.097808,1.107872,0.002840,1.108852,-0.000980,0.075820,0.021988,0.001167,0.007403,0.013360,0.000522,0.003309,0.005971,0.001023,0.006485,0.011704
LHC002,6,0.118386,1.303262,-0.049105,1.304497,-0.001235,0.096389,0.021996,0.001514,0.009279,0.014441,0.000676,0.004142,0.006446,0.001324,0.008118,0.012634
LHC002,8,0.143835,1.495682,-0.097718,1.497192,-0.001510,0.121733,0.022102,0.002198,0.011476,0.015933,0.000982,0.005127,0.007118,0.001925,0.010048,0.013951
LHC002,10,0.172536,1.677344,-0.143566,1.679108,-0.001764,0.150505,0.022030,0.002935,0.012818,0.015256,0.001311,0.005726,0.006815,0.002570,0.011223,0.013357
LHC002,12,0.204103,1.842507,-0.186864,1.844501,-0.001994,0.182173,0.021929,0.002980,0.011383,0.018030,0.001330,0.005081,0.008048,0.002607,0.009959,0.015773
LHC002,14,0.236788,1.960783,-0.224445,1.962958,-0.002175,0.215437,0.021351,0.003638,0.012628,0.020893,0.000813,0.002822,0.004670,0.001594,0.005532,0.009152
LHC002,16,0.271521,2.014135,-0.227076,2.016435,-0.002300,0.250999,0.020521,0.004352,0.015638,0.027937,0.000973,0.003495,0.006244,0.001906,0.006850,0.012238
LHC002,18,0.324569,1.874113,-0.302210,1.876235,-0.002122,0.305753,0.018816,0.010084,0.060931,0.108820,0.001302,0.007866,0.014048,0.002551,0.015417,0.027533
LHC002,20,0.455662,1.737266,-0.267304,1.740023,-0.002757,0.437937,0.017725,0.016835,0.048354,0.116570,0.002661,0.007644,0.018429,0.005216,0.014983,0.036120
LHC002,22,0.542811,1.705883,-0.269649,1.709392,-0.003509,0.525430,0.017381,0.020282,0.054346,0.115550,0.003207,0.008593,0.018270,0.006285,0.016842,0.035809
LHC003,4,0.114417,1.217594,-0.225504,1.218138,-0.000544,0.092389,0.022028,0.001380,0.009940,0.016698,0.000616,0.004441,0.007460,0.001208,0.008705,0.014622
LHC003,6,0.135251,1.408742,-0.279435,1.409497,-0.000755,0.113089,0.022162,0.001665,0.010888,0.015478,0.000744,0.004868,0.006920,0.001459,0.009541,0.013563
LHC003,8,0.160254,1.594929,-0.330305,1.595885,-0.000957,0.138033,0.022221,0.002694,0.014881,0.016199,0.001204,0.006648,0.007237,0.002359,0.013030,0.014184
LHC003,10,0.190674,1.784660,-0.390972,1.785845,-0.001185,0.168482,0.022192,0.003709,0.018238,0.017146,0.001657,0.008148,0.007660,0.003248,0.015969,0.015013
LHC003,12,0.225361,1.976064,-0.467952,1.977494,-0.001430,0.203200,0.022161,0.003543,0.013305,0.018287,0.001585,0.005951,0.008179,0.003106,0.011663,0.016031
LHC003,14,0.259192,2.102605,-0.500356,2.104283,-0.001679,0.237280,0.021912,0.003554,0.012030,0.020501,0.000795,0.002690,0.004583,0.001558,0.005272,0.008983
LHC003,16,0.292769,2.165801,-0.501566,2.167751,-0.001950,0.271313,0.021456,0.003653,0.013828,0.028343,0.000577,0.002186,0.004480,0.001132,0.004284,0.008782
LHC003,18,0.353813,2.035167,-0.716456,2.036887,-0.001720,0.333629,0.020184,0.013281,0.057497,0.103930,0.001714,0.007422,0.013416,0.003360,0.014547,0.026295
LHC003,20,0.439478,1.869591,-0.923588,1.871894,-0.002302,0.420044,0.019434,0.015939,0.060285,0.160432,0.002057,0.007782,0.020709,0.004033,0.015252,0.040589
LHC003,22,0.497240,1.878195,-0.955357,1.880678,-0.002483,0.478710,0.018529,0.018844,0.068607,0.174210,0.002433,0.008856,0.022488,0.004768,0.017359,0.044077
LHC004,4,0.064797,0.897105,-0.199118,0.897846,-0.000740,0.043369,0.021428,0.001197,0.009114,0.012870,0.000535,0.004075,0.005754,0.001049,0.007986,0.011277
LHC004,6,0.081620,1.097225,-0.253974,1.098242,-0.001018,0.060216,0.021404,0.001460,0.009865,0.014939,0.000653,0.004410,0.006678,0.001279,0.008643,0.013089
LHC004,8,0.103047,1.284904,-0.308507,1.286190,-0.001286,0.081799,0.021247,0.002005,0.011592,0.017013,0.000896,0.005182,0.007605,0.001757,0.010156,0.014906
LHC004,10,0.128898,1.459556,-0.343621,1.461070,-0.001514,0.107861,0.021037,0.002617,0.012852,0.020262,0.001170,0.005744,0.009056,0.002293,0.011258,0.017750
LHC004,12,0.157340,1.607993,-0.363431,1.609732,-0.001738,0.136600,0.020741,0.002888,0.011914,0.022549,0.001291,0.005326,0.010080,0.002530,0.010439,0.019758
LHC004,14,0.189816,1.715862,-0.361090,1.717780,-0.001918,0.169540,0.020276,0.003751,0.014379,0.022028,0.000839,0.003215,0.004925,0.001644,0.006302,0.009654
LHC004,16,0.299875,1.629134,-0.235556,1.631621,-0.002487,0.280944,0.018931,0.010054,0.037986,0.042971,0.001608,0.006077,0.006875,0.003153,0.011911,0.013474
LHC004,18,0.384298,1.557515,-0.338905,1.560041,-0.002526,0.366453,0.017845,0.015449,0.052458,0.113407,0.002775,0.009421,0.020368,0.005438,0.018466,0.039921
LHC004,20,0.468503,1.590825,-0.398803,1.593821,-0.002996,0.451016,0.017487,0.016435,0.049041,0.094328,0.002804,0.008366,0.016092,0.005495,0.016398,0.031541
LHC004,22,0.528454,1.457590,-0.589281,1.460867,-0.003277,0.511585,0.016869,0.020715,0.066033,0.137362,0.003434,0.010946,0.022770,0.006730,0.021454,0.044629
LHC005,4,0.138655,1.405182,-0.152992,1.406230,-0.001048,0.116611,0.022043,0.001660,0.009509,0.014603,0.000740,0.004243,0.006515,0.001451,0.008315,0.012770
LHC005,6,0.163300,1.598383,-0.205144,1.599727,-0.001344,0.141281,0.022019,0.001801,0.010755,0.015088,0.000804,0.004802,0.006737,0.001576,0.009412,0.013204
LHC005,8,0.193254,1.792434,-0.262987,1.794016,-0.001582,0.171289,0.021964,0.002678,0.012328,0.016693,0.001196,0.005506,0.007456,0.002344,0.010792,0.014614
LHC005,10,0.225997,1.965552,-0.318662,1.967327,-0.001776,0.204143,0.021853,0.003486,0.014231,0.020390,0.001558,0.006360,0.009113,0.003054,0.012466,0.017862
LHC005,12,0.256451,2.086562,-0.348294,2.088590,-0.002028,0.235009,0.021442,0.003670,0.013426,0.020666,0.001641,0.006002,0.009239,0.003215,0.011764,0.018108
LHC005,14,0.289400,2.155958,-0.364230,2.158130,-0.002173,0.268669,0.020731,0.004881,0.016682,0.028160,0.001091,0.003729,0.006294,0.002138,0.007308,0.012336
LHC005,16,0.405811,1.972334,-0.154544,1.975247,-0.002913,0.386795,0.019016,0.013652,0.059464,0.050729,0.002158,0.009400,0.008019,0.004230,0.018424,0.015718
LHC005,18,0.479728,1.844944,-0.103804,1.848460,-0.003516,0.461414,0.018314,0.014451,0.055802,0.053302,0.001866,0.007204,0.006881,0.003656,0.014119,0.013487
LHC005,20,0.549709,1.643997,-0.174219,1.647645,-0.003648,0.532643,0.017066,0.013289,0.042299,0.110997,0.002101,0.006686,0.017545,0.004117,0.013105,0.034389
LHC005,22,0.614582,1.557959,-0.352508,1.561768,-0.003809,0.598271,0.016311,0.010895,0.029903,0.089964,0.001722,0.004727,0.014222,0.003376,0.009265,0.027875
LHC006,4,0.118008,1.282480,-0.206680,1.283103,-0.000623,0.095927,0.022081,0.001157,0.007907,0.014073,0.000517,0.003534,0.006289,0.001014,0.006926,0.012327
LHC006,6,0.140322,1.477024,-0.264602,1.477851,-0.000827,0.118092,0.022230,0.001609,0.009540,0.014437,0.000718,0.004259,0.006446,0.001408,0.008348,0.012634
LHC006,8,0.167638,1.672900,-0.323039,1.673915,-0.001015,0.145340,0.022298,0.002374,0.012052,0.015907,0.001061,0.005385,0.007108,0.002080,0.010555,0.013932
LHC006,10,0.197744,1.851334,-0.380744,1.852563,-0.001229,0.175470,0.022274,0.003059,0.013603,0.019520,0.001367,0.006080,0.008724,0.002680,0.011917,0.017100
LHC006,12,0.231190,2.012884,-0.438387,2.014346,-0.001462,0.208989,0.022200,0.003566,0.013918,0.023180,0.001594,0.006221,0.010361,0.003124,0.012194,0.020308
LHC006,14,0.261754,2.121150,-0.481866,2.122797,-0.001647,0.239924,0.021830,0.003758,0.013302,0.023173,0.000840,0.002973,0.005179,0.001646,0.005827,0.010151
LHC006,16,0.296048,2.192572,-0.486409,2.194526,-0.001954,0.274650,0.021397,0.004267,0.013861,0.031935,0.000954,0.003098,0.007139,0.001870,0.006073,0.013992
LHC006,18,0.355340,2.050304,-0.719506,2.051927,-0.001622,0.335324,0.020016,0.012733,0.052258,0.106715,0.001644,0.006746,0.013776,0.003222,0.013223,0.027002
LHC006,20,0.437313,1.868978,-0.899767,1.871179,-0.002201,0.418272,0.019041,0.014843,0.056314,0.165008,0.002347,0.008904,0.026089,0.004600,0.017451,0.051134
LHC006,22,0.487590,1.867411,-0.970123,1.869757,-0.002347,0.469440,0.018150,0.018058,0.066221,0.164913,0.002331,0.008549,0.021290,0.004569,0.016756,0.041728
LHC007,4,0.133017,1.373994,-0.183196,1.374936,-0.000942,0.111120,0.021897,0.001358,0.008462,0.016385,0.000607,0.003784,0.007327,0.001190,0.007416,0.014361
LHC007,6,0.157655,1.567518,-0.239298,1.568716,-0.001197,0.135772,0.021883,0.001789,0.010350,0.017165,0.000800,0.004628,0.007674,0.001568,0.009070,0.015042
LHC007,8,0.186557,1.744601,-0.290327,1.746024,-0.001422,0.164801,0.021756,0.003246,0.013761,0.018939,0.001451,0.006152,0.008467,0.002844,0.012057,0.016595
LHC007,10,0.218375,1.928573,-0.357874,1.930204,-0.001631,0.196857,0.021518,0.003031,0.014555,0.020729,0.001355,0.006506,0.009266,0.002656,0.012752,0.018161
LHC007,12,0.253496,2.053773,-0.372562,2.055700,-0.001927,0.232431,0.021065,0.003162,0.011929,0.018470,0.000761,0.002872,0.004447,0.001492,0.005629,0.008716
LHC007,14,0.357804,1.837186,-0.139732,1.839836,-0.002650,0.338542,0.019262,0.009517,0.041279,0.039840,0.001559,0.006761,0.006526,0.003055,0.013252,0.012790
LHC007,16,0.434543,1.763011,-0.100734,1.766216,-0.003205,0.416000,0.018543,0.011577,0.043689,0.037746,0.001655,0.006245,0.005395,0.003243,0.012239,0.010574
LHC007,18,0.509213,1.755466,-0.116471,1.759160,-0.003694,0.491207,0.018006,0.017375,0.064883,0.048294,0.002505,0.009354,0.006962,0.004910,0.018334,0.013646
LHC007,20,0.565352,1.564889,-0.141609,1.568800,-0.003911,0.548533,0.016819,0.012497,0.038107,0.103510,0.002003,0.006107,0.016589,0.003925,0.011970,0.032514
LHC007,22,0.637673,1.545400,-0.315425,1.549472,-0.004072,0.621467,0.016206,0.016373,0.043349,0.088934,0.002425,0.006419,0.013169,0.004752,0.012581,0.025811
LHC008,4,0.139599,1.325447,-0.079515,1.326319,-0.000872,0.117241,0.022358,0.002077,0.010632,0.015320,0.000928,0.004753,0.006848,0.001820,0.009315,0.013422
LHC008,6,0.166041,1.537754,-0.128936,1.538850,-0.001095,0.143587,0.022455,0.001662,0.009847,0.014195,0.000742,0.004396,0.006337,0.001454,0.008616,0.012421
LHC008,8,0.193508,1.724343,-0.182003,1.725603,-0.001260,0.170947,0.022561,0.002179,0.011960,0.015669,0.000974,0.005348,0.007007,0.001910,0.010483,0.013734
LHC008,10,0.223720,1.900767,-0.244628,1.902170,-0.001403,0.201113,0.022607,0.003146,0.014419,0.016625,0.001405,0.006439,0.007424,0.002753,0.012621,0.014552
LHC008,12,0.254494,2.051418,-0.311772,2.053016,-0.001597,0.231939,0.022555,0.003477,0.014159,0.019108,0.001553,0.006325,0.008536,0.003044,0.012397,0.016730
LHC008,14,0.284138,2.165422,-0.394704,2.167182,-0.001761,0.261985,0.022153,0.004106,0.015055,0.027041,0.000918,0.003366,0.006046,0.001799,0.006597,0.011849
LHC008,16,0.320633,2.271274,-0.436644,2.273416,-0.002141,0.298851,0.021782,0.004468,0.014984,0.031477,0.000999,0.003350,0.007038,0.001958,0.006567,0.013794
LHC008,18,0.372145,1.987225,-0.633124,1.989076,-0.001851,0.352564,0.019581,0.009591,0.058736,0.160743,0.001516,0.009286,0.025413,0.002972,0.018201,0.049809
LHC008,20,0.446793,1.860516,-0.878335,1.862822,-0.002305,0.427839,0.018954,0.018257,0.072220,0.177566,0.002357,0.009322,0.022920,0.004619,0.018271,0.044923
LHC008,22,0.508211,1.934712,-0.965561,1.937318,-0.002606,0.489727,0.018485,0.014454,0.059863,0.153720,0.002285,0.009465,0.024305,0.004479,0.018552,0.047638
LHC009,4,0.089501,1.081455,-0.037764,1.082417,-0.000962,0.067612,0.021889,0.001171,0.007972,0.013874,0.000523,0.003564,0.006203,0.001026,0.006986,0.012159
LHC009,6,0.109532,1.279244,-0.093167,1.280493,-0.001249,0.087657,0.021875,0.001526,0.009644,0.014569,0.000682,0.004312,0.006514,0.001337,0.008451,0.012767
LHC009,8,0.134173,1.470903,-0.148203,1.472399,-0.001496,0.112331,0.021842,0.002478,0.012045,0.016987,0.001108,0.005383,0.007592,0.002171,0.010551,0.014880
LHC009,10,0.162401,1.649927,-0.206818,1.651668,-0.001741,0.140802,0.021598,0.003007,0.011829,0.017894,0.001344,0.005286,0.007996,0.002634,0.010360,0.015671
LHC009,12,0.192916,1.808268,-0.258454,1.810236,-0.001969,0.171556,0.021360,0.003078,0.011102,0.019328,0.001375,0.004961,0.008637,0.002696,0.009723,0.016928
LHC009,14,0.224440,1.919502,-0.296528,1.921621,-0.002120,0.203668,0.020771,0.004028,0.013700,0.021843,0.000901,0.003063,0.004884,0.001765,0.006004,0.009572
LHC009,16,0.260427,1.977633,-0.283531,1.980005,-0.002372,0.240326,0.020101,0.004303,0.016663,0.025072,0.000718,0.002780,0.004182,0.001407,0.005448,0.008197
LHC009,18,0.347026,1.671673,-0.527342,1.673949,-0.002275,0.328634,0.018392,0.013593,0.067162,0.176624,0.002187,0.010805,0.028416,0.004286,0.021178,0.055695
LHC009,20,0.404736,1.666666,-0.682401,1.669135,-0.002469,0.387255,0.017481,0.013557,0.053309,0.149202,0.002234,0.008784,0.024585,0.004378,0.017217,0.048187
LHC009,22,0.511613,1.576894,-0.714411,1.579794,-0.002901,0.495314,0.016298,0.020708,0.059190,0.169590,0.003274,0.009359,0.026814,0.006417,0.018343,0.052556
LHC010,4,0.095856,1.098459,-0.027111,1.099369,-0.000910,0.073946,0.021910,0.001145,0.007882,0.013621,0.000511,0.003519,0.006082,0.001002,0.006898,0.011920
LHC010,6,0.115612,1.294808,-0.079113,1.295963,-0.001155,0.093635,0.021977,0.001552,0.009521,0.014574,0.000694,0.004254,0.006512,0.001359,0.008338,0.012763
LHC010,8,0.140694,1.490721,-0.132656,1.492108,-0.001387,0.118629,0.022065,0.002205,0.011194,0.016373,0.000984,0.004997,0.007310,0.001929,0.009795,0.014327
LHC010,10,0.170031,1.678972,-0.183121,1.680645,-0.001673,0.147978,0.022052,0.002958,0.012357,0.016743,0.001323,0.005525,0.007486,0.002592,0.010829,0.014673
LHC010,12,0.202678,1.855881,-0.221687,1.857875,-0.001995,0.180637,0.022041,0.003290,0.012093,0.018855,0.001470,0.005404,0.008426,0.002882,0.010592,0.016515
LHC010,14,0.236572,1.994739,-0.242191,1.996975,-0.002236,0.214770,0.021802,0.003553,0.012277,0.019653,0.000794,0.002745,0.004394,0.001557,0.005380,0.008612
LHC010,16,0.274978,2.087387,-0.216680,2.089813,-0.002427,0.253723,0.021255,0.003868,0.013153,0.022706,0.000865,0.002941,0.005076,0.001695,0.005763,0.009949
LHC010,18,0.328610,2.120756,-0.159162,2.123289,-0.002534,0.308071,0.020539,0.004487,0.013284,0.024234,0.001003,0.002970,0.005417,0.001966,0.005821,0.010618
LHC010,20,0.464182,1.919533,-0.109100,1.922645,-0.003112,0.444929,0.019253,0.014962,0.043313,0.041647,0.002058,0.005959,0.005729,0.004034,0.011679,0.011230
LHC010,22,0.527696,1.818262,-0.271981,1.821533,-0.003271,0.509431,0.018266,0.021220,0.059556,0.095540,0.002739,0.007689,0.012334,0.005369,0.015070,0.024175
LHC011,4,0.062623,0.834337,-0.097892,0.834900,-0.000563,0.041087,0.021536,0.001109,0.008369,0.013517,0.000495,0.003735,0.006033,0.000971,0.007321,0.011825
LHC011,6,0.078932,1.036475,-0.149195,1.037239,-0.000764,0.057245,0.021688,0.001465,0.009958,0.013667,0.000655,0.004451,0.006109,0.001284,0.008723,0.011973
LHC011,8,0.099243,1.230945,-0.202459,1.231914,-0.000968,0.077555,0.021688,0.002213,0.011842,0.015552,0.000988,0.005290,0.006947,0.001937,0.010369,0.013617
LHC011,10,0.124860,1.424531,-0.254901,1.425735,-0.001205,0.103109,0.021751,0.002940,0.012762,0.016626,0.001313,0.005701,0.007428,0.002574,0.011175,0.014558
LHC011,12,0.154842,1.609331,-0.288451,1.610814,-0.001483,0.133024,0.021818,0.003293,0.012052,0.018847,0.001471,0.005385,0.008421,0.002884,0.010554,0.016505
LHC011,14,0.186634,1.763059,-0.301501,1.764793,-0.001735,0.164808,0.021826,0.003237,0.011492,0.018024,0.000724,0.002569,0.004029,0.001418,0.005035,0.007896
LHC011,16,0.223294,1.874690,-0.277316,1.876606,-0.001916,0.201861,0.021433,0.003629,0.013389,0.019987,0.000811,0.002994,0.004469,0.001590,0.005868,0.008759
LHC011,18,0.274964,1.942087,-0.232849,1.944198,-0.002111,0.253927,0.021037,0.004003,0.012511,0.023242,0.000895,0.002796,0.005195,0.001754,0.005481,0.010182
LHC011,20,0.329661,1.982930,-0.233773,1.985203,-0.002273,0.308977,0.020684,0.004594,0.015492,0.029965,0.000726,0.002449,0.004738,0.001424,0.004801,0.009286
LHC011,22,0.429248,1.860537,-0.537539,1.862605,-0.002068,0.410408,0.018840,0.015302,0.056168,0.106149,0.002419,0.008879,0.016779,0.004741,0.017402,0.032887
LHC012,4,0.123184,1.317647,-0.110224,1.318684,-0.001036,0.101051,0.022133,0.001430,0.008524,0.013777,0.000639,0.003811,0.006159,0.001253,0.007470,0.012072
LHC012,6,0.147094,1.517086,-0.165190,1.518394,-0.001308,0.124987,0.022107,0.001675,0.010463,0.015206,0.000749,0.004676,0.006796,0.001468,0.009165,0.013319
LHC012,8,0.175513,1.707855,-0.226739,1.709409,-0.001554,0.153475,0.022038,0.002658,0.012586,0.017533,0.001188,0.005625,0.007835,0.002328,0.011024,0.015357
LHC012,10,0.205023,1.879698,-0.288275,1.881467,-0.001769,0.183168,0.021855,0.003252,0.013901,0.018243,0.001452,0.006209,0.008148,0.002847,0.012170,0.015970
LHC012,12,0.235381,2.021209,-0.349356,2.023164,-0.001955,0.213856,0.021525,0.003553,0.013836,0.021955,0.001588,0.006185,0.009814,0.003113,0.012122,0.019235
LHC012,14,0.263796,2.097559,-0.400888,2.099621,-0.002062,0.242956,0.020840,0.004182,0.016006,0.025048,0.000935,0.003578,0.005599,0.001832,0.007013,0.010974
LHC012,16,0.332302,1.886472,-0.416238,1.888817,-0.002344,0.313376,0.018926,0.014409,0.073231,0.153618,0.001883,0.009572,0.020079,0.003691,0.018760,0.039354
LHC012,18,0.392168,1.758460,-0.724343,1.760877,-0.002417,0.373917,0.018252,0.013976,0.062299,0.204703,0.002283,0.010177,0.033440,0.004475,0.019947,0.065542
LHC012,20,0.446071,1.728685,-0.822122,1.731271,-0.002586,0.428702,0.017369,0.018245,0.069488,0.163369,0.002980,0.011350,0.026684,0.005841,0.022246,0.052301
LHC012,22,0.563051,1.677759,-0.767176,1.680762,-0.003003,0.546894,0.016156,0.024155,0.071301,0.150457,0.003416,0.010083,0.021277,0.006695,0.019763,0.041703
LHC013,4,0.063235,0.883300,-0.174371,0.884061,-0.000761,0.041720,0.021515,0.001204,0.008757,0.012407,0.000538,0.003915,0.005546,0.001055,0.007673,0.010871
LHC013,6,0.080073,1.082574,-0.228849,1.083613,-0.001039,0.058615,0.021458,0.001481,0.010035,0.014829,0.000662,0.004487,0.006630,0.001298,0.008794,0.012996
LHC013,8,0.101401,1.272546,-0.281975,1.273843,-0.001297,0.080101,0.021300,0.002010,0.010939,0.017554,0.000899,0.004890,0.007847,0.001761,0.009584,0.015380
LHC013,10,0.126628,1.449342,-0.326394,1.450892,-0.001550,0.105489,0.021139,0.002607,0.011953,0.019215,0.001166,0.005345,0.008592,0.002285,0.010476,0.016840
LHC013,12,0.156024,1.599266,-0.348895,1.601004,-0.001738,0.135258,0.020766,0.003098,0.012606,0.020158,0.001386,0.005637,0.009015,0.002716,0.011049,0.017669
LHC013,14,0.188342,1.707058,-0.348171,1.708955,-0.001897,0.168096,0.020246,0.003424,0.012796,0.022704,0.000765,0.002861,0.005076,0.001500,0.005607,0.009949
LHC013,16,0.296734,1.624267,-0.216117,1.626783,-0.002515,0.277732,0.019002,0.008771,0.029247,0.038025,0.001601,0.005339,0.006942,0.003138,0.010465,0.013606
LHC013,18,0.379440,1.538463,-0.255636,1.541326,-0.002863,0.361405,0.018034,0.011243,0.040508,0.085318,0.002514,0.009057,0.019076,0.004927,0.017752,0.037389
LHC013,20,0.481908,1.523787,-0.476828,1.526806,-0.003019,0.464564,0.017344,0.020183,0.058965,0.131061,0.004513,0.013185,0.029306,0.008846,0.025843,0.057440
LHC013,22,0.544900,1.517185,-0.651056,1.520516,-0.003331,0.527982,0.016918,0.017914,0.047409,0.102051,0.003271,0.008656,0.018632,0.006410,0.016965,0.036518
LHC014,4,0.103193,1.084680,-0.029533,1.085515,-0.000835,0.081103,0.022089,0.001354,0.008940,0.014966,0.000605,0.003996,0.006689,0.001186,0.007831,0.013110
LHC014,6,0.122872,1.280363,-0.082349,1.281365,-0.001002,0.100635,0.022236,0.001497,0.010160,0.014183,0.000668,0.004536,0.006333,0.001310,0.008891,0.012412
LHC014,8,0.147966,1.475884,-0.136736,1.477067,-0.001184,0.125614,0.022352,0.002131,0.011683,0.014825,0.000952,0.005218,0.006622,0.001865,0.010227,0.012978
LHC014,10,0.176589,1.665556,-0.187260,1.666926,-0.001370,0.154070,0.022519,0.003001,0.013751,0.017989,0.001341,0.006144,0.008038,0.002628,0.012042,0.015754
LHC014,12,0.208097,1.840036,-0.236435,1.841622,-0.001586,0.185502,0.022596,0.003563,0.013302,0.021003,0.001593,0.005949,0.009393,0.003123,0.011660,0.018410
LHC014,14,0.240300,1.990657,-0.295246,1.992433,-0.001777,0.217903,0.022397,0.003544,0.011665,0.020833,0.000792,0.002608,0.004658,0.001553,0.005112,0.009130
LHC014,16,0.269087,2.066676,-0.373080,2.068598,-0.001922,0.247218,0.021869,0.004180,0.013974,0.033005,0.000935,0.003124,0.007380,0.001832,0.006124,0.014465
LHC014,18,0.327993,1.998689,-0.560102,2.000351,-0.001663,0.307544,0.020449,0.011633,0.054703,0.114447,0.001502,0.007062,0.014775,0.002943,0.013842,0.028959
LHC014,20,0.384677,2.065263,-0.628824,2.066995,-0.001732,0.364815,0.019862,0.016541,0.063296,0.104652,0.002615,0.010007,0.016546,0.005126,0.019614,0.032430
LHC014,22,0.441926,2.103135,-0.702261,2.105055,-0.001920,0.422338,0.019588,0.013272,0.048254,0.091146,0.002098,0.007628,0.014408,0.004112,0.014950,0.028240
LHC015,4,0.106376,1.152651,-0.014110,1.153468,-0.000817,0.084339,0.022038,0.001168,0.007949,0.014112,0.000521,0.003547,0.006297,0.001022,0.006952,0.012342
LHC015,6,0.127948,1.345782,-0.061590,1.346805,-0.001023,0.105694,0.022254,0.001557,0.010143,0.013784,0.000697,0.004537,0.006165,0.001365,0.008893,0.012084
LHC015,8,0.153810,1.540259,-0.112109,1.541474,-0.001215,0.131330,0.022481,0.002322,0.012506,0.014182,0.001037,0.005588,0.006336,0.002033,0.010952,0.012419
LHC015,10,0.182840,1.720923,-0.162707,1.722333,-0.001410,0.160244,0.022596,0.003058,0.014431,0.014315,0.001367,0.006449,0.006398,0.002679,0.012641,0.012540
LHC015,12,0.214610,1.887905,-0.209949,1.889542,-0.001637,0.191991,0.022619,0.003385,0.013232,0.017313,0.001512,0.005908,0.007731,0.002963,0.011580,0.015152
LHC015,14,0.244704,2.008297,-0.273033,2.010142,-0.001844,0.222427,0.022278,0.003621,0.012255,0.020660,0.000809,0.002739,0.004617,0.001586,0.005368,0.009049
LHC015,16,0.275661,2.079615,-0.304119,2.081630,-0.002014,0.253975,0.021686,0.004166,0.013973,0.025778,0.000931,0.003123,0.005761,0.001825,0.006121,0.011292
LHC015,18,0.324417,1.913828,-0.478565,1.915602,-0.001774,0.304458,0.019959,0.010594,0.047614,0.119941,0.001675,0.007526,0.018959,0.003282,0.014751,0.037159
LHC015,20,0.374739,1.937064,-0.555099,1.938847,-0.001783,0.355287,0.019452,0.015107,0.056138,0.111349,0.002136,0.007938,0.015744,0.004187,0.015558,0.030859
LHC015,22,0.442372,1.782983,-0.773781,1.785348,-0.002365,0.423776,0.018596,0.012694,0.047042,0.161749,0.002007,0.007436,0.025568,0.003933,0.014574,0.050113
LHC016,4,0.065636,0.900377,-0.114986,0.901079,-0.000702,0.044064,0.021572,0.001088,0.007703,0.014024,0.000486,0.003439,0.006260,0.000952,0.006740,0.012270
LHC016,6,0.082680,1.103158,-0.170176,1.104133,-0.000975,0.061058,0.021622,0.001457,0.009342,0.014834,0.000651,0.004173,0.006626,0.001275,0.008179,0.012987
LHC016,8,0.104745,1.299101,-0.221607,1.300341,-0.001240,0.083162,0.021583,0.002155,0.011390,0.016953,0.000963,0.005088,0.007574,0.001887,0.009973,0.014845
LHC016,10,0.131247,1.487232,-0.273717,1.488767,-0.001535,0.109732,0.021515,0.002992,0.012659,0.017205,0.001338,0.005658,0.007690,0.002622,0.011090,0.015073
LHC016,12,0.161314,1.667798,-0.318617,1.669607,-0.001810,0.139882,0.021432,0.003088,0.011683,0.020827,0.001380,0.005222,0.009309,0.002705,0.010235,0.018246
LHC016,14,0.192768,1.802587,-0.338682,1.804550,-0.001963,0.171711,0.021057,0.003637,0.012009,0.020653,0.000813,0.002684,0.004617,0.001594,0.005262,0.009049
LHC016,16,0.226069,1.871978,-0.347312,1.874051,-0.002073,0.205691,0.020378,0.004099,0.013437,0.025877,0.000917,0.003005,0.005786,0.001796,0.005889,0.011341
LHC016,18,0.294754,1.801540,-0.503027,1.803460,-0.001919,0.275637,0.019117,0.010597,0.044853,0.100342,0.001675,0.007092,0.015865,0.003284,0.013899,0.031095
LHC016,20,0.393789,1.772565,-0.465985,1.774841,-0.002276,0.375607,0.018182,0.030172,0.058680,0.094456,0.004770,0.009277,0.014934,0.009350,0.018184,0.029270
LHC016,22,0.506530,1.701328,-0.459431,1.704205,-0.002878,0.488956,0.017573,0.016725,0.043507,0.090743,0.003053,0.007942,0.016565,0.005984,0.015567,0.032468
LHC017,4,0.131463,1.349135,-0.075850,1.350237,-0.001101,0.109347,0.022116,0.001365,0.007662,0.013068,0.000610,0.003425,0.005842,0.001196,0.006713,0.011450
LHC017,6,0.156994,1.548975,-0.125528,1.550338,-0.001363,0.134814,0.022180,0.001699,0.009658,0.014787,0.000760,0.004317,0.006610,0.001489,0.008462,0.012956
LHC017,8,0.185912,1.735283,-0.174872,1.736883,-0.001600,0.163748,0.022164,0.002343,0.011762,0.015321,0.001048,0.005260,0.006852,0.002054,0.010310,0.013430
LHC017,10,0.218264,1.906970,-0.214952,1.908782,-0.001812,0.196188,0.022076,0.002902,0.013136,0.015571,0.001298,0.005875,0.006964,0.002543,0.011514,0.013649
LHC017,12,0.252662,2.041335,-0.235543,2.043348,-0.002014,0.230889,0.021773,0.003091,0.012576,0.017557,0.001381,0.005620,0.007846,0.002707,0.011015,0.015377
LHC017,14,0.281307,2.081686,-0.262125,2.083772,-0.002086,0.260484,0.020823,0.004129,0.015370,0.025532,0.000923,0.003437,0.005709,0.001810,0.006736,0.011189
LHC017,16,0.409996,1.804256,-0.079922,1.807195,-0.002939,0.390887,0.019108,0.014982,0.054895,0.048122,0.002369,0.008680,0.007609,0.004643,0.017012,0.014913
LHC017,18,0.471593,1.717290,-0.056293,1.720906,-0.003616,0.452935,0.018658,0.010942,0.040850,0.047803,0.001730,0.006458,0.007558,0.003391,0.012658,0.014813
LHC017,20,0.538751,1.668193,-0.083874,1.672158,-0.003964,0.521096,0.017654,0.013207,0.042791,0.063611,0.001936,0.006274,0.009326,0.003795,0.012296,0.018280
LHC017,22,0.588868,1.619656,-0.146900,1.623879,-0.004222,0.571744,0.017123,0.008663,0.025184,0.076349,0.001937,0.005631,0.017072,0.003797,0.011037,0.033462
LHC018,4,0.118564,1.268948,-0.086056,1.269969,-0.001021,0.096703,0.021861,0.001500,0.009028,0.014079,0.000671,0.004037,0.006295,0.001315,0.007912,0.012339
LHC018,6,0.142114,1.472146,-0.139993,1.473431,-0.001285,0.120281,0.021832,0.001832,0.010502,0.015538,0.000818,0.004687,0.006935,0.001603,0.009187,0.013593
LHC018,8,0.172047,1.676742,-0.199648,1.678285,-0.001543,0.150271,0.021776,0.002556,0.012719,0.017469,0.001141,0.005681,0.007802,0.002237,0.011134,0.015293
LHC018,10,0.202209,1.851433,-0.259749,1.853184,-0.001750,0.180573,0.021637,0.003317,0.013815,0.017499,0.001482,0.006172,0.007818,0.002904,0.012097,0.015323
LHC018,12,0.228189,1.960329,-0.326496,1.962153,-0.001824,0.207022,0.021167,0.003405,0.012704,0.027409,0.001521,0.005676,0.012245,0.002982,0.011124,0.024001
LHC018,14,0.260546,2.049384,-0.349970,2.051381,-0.001997,0.240050,0.020496,0.004007,0.014576,0.029432,0.000896,0.003257,0.006578,0.001755,0.006385,0.012892
LHC018,16,0.321664,1.851314,-0.343417,1.853600,-0.002287,0.303049,0.018615,0.013190,0.081009,0.117297,0.001325,0.008141,0.011788,0.002598,0.015956,0.023104
LHC018,18,0.393471,1.685428,-0.629354,1.687695,-0.002267,0.375790,0.017681,0.026290,0.064212,0.201485,0.004157,0.010152,0.031856,0.008147,0.019898,0.062438
LHC018,20,0.501384,1.650660,-0.602952,1.653365,-0.002706,0.484638,0.016747,0.026788,0.085485,0.183732,0.004235,0.013516,0.029049,0.008301,0.026491,0.056937
LHC018,22,0.580932,1.565228,-0.632042,1.568287,-0.003059,0.565193,0.015739,0.018218,0.051748,0.175202,0.002880,0.008182,0.027701,0.005646,0.016036,0.054294
LHC019,4,0.089592,1.059211,-0.009802,1.060152,-0.000941,0.067731,0.021861,0.001261,0.007779,0.013479,0.000563,0.003472,0.006016,0.001103,0.006805,0.011791
LHC019,6,0.109430,1.256798,-0.060695,1.258027,-0.001229,0.087545,0.021886,0.001561,0.009505,0.014164,0.000697,0.004244,0.006324,0.001366,0.008318,0.012395
LHC019,8,0.134671,1.452658,-0.113994,1.454162,-0.001504,0.112811,0.021860,0.002350,0.011784,0.016146,0.001050,0.005264,0.007212,0.002057,0.010317,0.014136
LHC019,10,0.163155,1.637142,-0.164408,1.638894,-0.001752,0.141404,0.021751,0.002958,0.012581,0.015759,0.001323,0.005626,0.007047,0.002593,0.011027,0.013812
LHC019,12,0.193892,1.796323,-0.215114,1.798318,-0.001996,0.172404,0.021488,0.003079,0.012302,0.018569,0.001375,0.005494,0.008293,0.002695,0.010769,0.016255
LHC019,14,0.225714,1.907400,-0.253570,1.909513,-0.002113,0.204768,0.020946,0.003840,0.013322,0.021853,0.000858,0.002978,0.004885,0.001683,0.005837,0.009575
LHC019,16,0.262499,1.965747,-0.248131,1.968069,-0.002322,0.242383,0.020116,0.004457,0.014572,0.026058,0.000996,0.003257,0.005824,0.001953,0.006384,0.011416
LHC019,18,0.320085,1.822420,-0.358366,1.824528,-0.002107,0.301569,0.018516,0.011955,0.060769,0.124695,0.001691,0.008594,0.017634,0.003314,0.016844,0.034563
LHC019,20,0.437697,1.695919,-0.414991,1.698420,-0.002501,0.420349,0.017348,0.021432,0.056729,0.124742,0.003622,0.009588,0.021082,0.007099,0.018792,0.041321
LHC019,22,0.521469,1.585297,-0.634533,1.588179,-0.002882,0.504968,0.016501,0.025443,0.072989,0.172370,0.003597,0.010320,0.024372,0.007051,0.020227,0.047769
LHC020,4,0.111581,1.272753,-0.194193,1.273424,-0.000670,0.089532,0.022049,0.001231,0.008535,0.013516,0.000550,0.003815,0.006041,0.001078,0.007477,0.011841
LHC020,6,0.134604,1.473277,-0.251598,1.474179,-0.000902,0.112460,0.022144,0.001638,0.010650,0.014200,0.000732,0.004762,0.006349,0.001435,0.009333,0.012444
LHC020,8,0.162207,1.664593,-0.306960,1.665703,-0.001111,0.140042,0.022165,0.002315,0.012753,0.015644,0.001033,0.005690,0.006980,0.002024,0.011153,0.013681
LHC020,10,0.193566,1.847589,-0.357942,1.848931,-0.001342,0.171411,0.022155,0.003249,0.014236,0.018976,0.001451,0.006360,0.008477,0.002845,0.012466,0.016615
LHC020,12,0.227381,2.006356,-0.401696,2.007926,-0.001570,0.205406,0.021975,0.003585,0.013002,0.022098,0.001600,0.005803,0.009862,0.003136,0.011373,0.019329
LHC020,14,0.260948,2.098451,-0.409080,2.100267,-0.001816,0.239506,0.021442,0.003676,0.012972,0.022104,0.000822,0.002900,0.004942,0.001611,0.005685,0.009686
LHC020,16,0.299005,2.129562,-0.379256,2.131613,-0.002052,0.278286,0.020719,0.004375,0.016282,0.029425,0.000978,0.003641,0.006580,0.001917,0.007136,0.012896
LHC020,18,0.356082,1.924046,-0.548933,1.925908,-0.001862,0.337002,0.019080,0.010008,0.051747,0.129187,0.001582,0.008180,0.020422,0.003101,0.016033,0.040028
LHC020,20,0.424906,1.936019,-0.560338,1.938052,-0.002033,0.406295,0.018612,0.010743,0.043218,0.100577,0.001698,0.006832,0.015899,0.003329,0.013390,0.031161
LHC020,22,0.501209,1.768261,-0.795339,1.770877,-0.002616,0.483392,0.017817,0.015284,0.051529,0.152116,0.002416,0.008145,0.024045,0.004735,0.015965,0.047129
LHC021,4,0.133534,1.350599,-0.054907,1.351737,-0.001138,0.111414,0.022120,0.001401,0.008078,0.013993,0.000626,0.003609,0.006252,0.001227,0.007074,0.012254
LHC021,6,0.159188,1.550505,-0.105275,1.551905,-0.001400,0.136997,0.022191,0.001650,0.009746,0.014981,0.000737,0.004355,0.006694,0.001445,0.008536,0.013121
LHC021,8,0.187647,1.736297,-0.153875,1.737924,-0.001628,0.165454,0.022193,0.002349,0.011893,0.015604,0.001049,0.005312,0.006970,0.002056,0.010412,0.013662
LHC021,10,0.218767,1.900665,-0.195473,1.902499,-0.001834,0.196679,0.022088,0.003014,0.013886,0.015770,0.001347,0.006207,0.007049,0.002640,0.012166,0.013817
LHC021,12,0.252068,2.032281,-0.217377,2.034297,-0.002016,0.230236,0.021832,0.003251,0.012923,0.019478,0.001452,0.005771,0.008698,0.002845,0.011311,0.017049
LHC021,14,0.278012,2.071836,-0.249632,2.073919,-0.002083,0.257088,0.020924,0.003989,0.014811,0.027753,0.000892,0.003310,0.006203,0.001748,0.006488,0.012158
LHC021,16,0.400899,1.821340,-0.099697,1.824192,-0.002853,0.381760,0.019138,0.013942,0.048266,0.051540,0.003117,0.010790,0.011522,0.006109,0.021149,0.022584
LHC021,18,0.462460,1.707566,-0.035686,1.711163,-0.003597,0.443751,0.018708,0.010885,0.034459,0.050796,0.001721,0.005447,0.008030,0.003373,0.010677,0.015739
LHC021,20,0.534692,1.680553,-0.080425,1.684484,-0.003930,0.517031,0.017662,0.010472,0.031865,0.049133,0.001655,0.005037,0.007767,0.003245,0.009873,0.015224
LHC021,22,0.606888,1.685546,-0.150134,1.689838,-0.004292,0.589632,0.017257,0.015545,0.045063,0.070199,0.002458,0.007125,0.011099,0.004817,0.013964,0.021753
LHC022,4,0.100968,1.166974,-0.254677,1.167675,-0.000701,0.079100,0.021868,0.001251,0.007800,0.013634,0.000559,0.003487,0.006095,0.001096,0.006834,0.011946
LHC022,6,0.121275,1.364760,-0.313576,1.365707,-0.000947,0.099429,0.021846,0.001573,0.009455,0.014034,0.000702,0.004219,0.006263,0.001376,0.008270,0.012275
LHC022,8,0.146441,1.561917,-0.370169,1.563130,-0.001213,0.124634,0.021807,0.002277,0.011956,0.016727,0.001017,0.005338,0.007468,0.001993,0.010462,0.014637
LHC022,10,0.176379,1.758312,-0.426298,1.759791,-0.001479,0.154737,0.021642,0.002896,0.013225,0.018943,0.001293,0.005906,0.008459,0.002535,0.011575,0.016580
LHC022,12,0.208854,1.921575,-0.453585,1.923339,-0.001764,0.187334,0.021519,0.003393,0.012791,0.020748,0.001515,0.005712,0.009265,0.002970,0.011196,0.018160
LHC022,14,0.242627,2.043170,-0.441813,2.045224,-0.002053,0.221312,0.021314,0.003636,0.012868,0.019561,0.000813,0.002877,0.004373,0.001593,0.005639,0.008572
LHC022,16,0.283465,2.095253,-0.377075,2.097574,-0.002321,0.262693,0.020772,0.004146,0.013842,0.022372,0.000927,0.003094,0.005000,0.001816,0.006064,0.009800
LHC022,18,0.414736,1.874434,-0.188933,1.877492,-0.003058,0.395283,0.019453,0.012447,0.040644,0.040500,0.001968,0.006425,0.006403,0.003857,0.012594,0.012549
LHC022,20,0.496698,1.841378,-0.190632,1.844895,-0.003517,0.477625,0.019072,0.015928,0.048933,0.041374,0.002518,0.007736,0.006541,0.004935,0.015162,0.012820
LHC022,22,0.589045,1.888241,-0.289363,1.892103,-0.003862,0.570410,0.018635,0.019872,0.056237,0.046627,0.002565,0.007259,0.006019,0.005028,0.014229,0.011797
LHC023,4,0.089101,0.954641,0.009068,0.955445,-0.000804,0.067276,0.021826,0.001349,0.008501,0.013686,0.000603,0.003799,0.006116,0.001181,0.007446,0.011988
LHC023,6,0.107059,1.152458,-0.039951,1.153432,-0.000974,0.085059,0.022000,0.001510,0.009814,0.013626,0.000674,0.004383,0.006085,0.001322,0.008590,0.011926
LHC023,8,0.129609,1.343451,-0.092347,1.344598,-0.001147,0.107517,0.022092,0.002002,0.011281,0.015079,0.000894,0.005038,0.006734,0.001752,0.009874,0.013198
LHC023,10,0.156438,1.533688,-0.139125,1.535032,-0.001344,0.134215,0.022223,0.002950,0.013791,0.016846,0.001318,0.006161,0.007526,0.002583,0.012075,0.014750
LHC023,12,0.186631,1.713828,-0.188713,1.715389,-0.001562,0.164361,0.022270,0.003550,0.014151,0.020053,0.001586,0.006322,0.008958,0.003108,0.012391,0.017559
LHC023,14,0.218632,1.871322,-0.242060,1.873070,-0.001748,0.196466,0.022166,0.003434,0.011760,0.020332,0.000768,0.002629,0.004545,0.001505,0.005152,0.008908
LHC023,16,0.243510,1.916319,-0.355216,1.918059,-0.001739,0.222006,0.021504,0.004647,0.021831,0.040114,0.000735,0.003451,0.006342,0.001440,0.006765,0.012430
LHC023,18,0.309196,1.902327,-0.537568,1.903907,-0.001580,0.288878,0.020317,0.012584,0.068498,0.113900,0.001989,0.010829,0.018007,0.003899,0.021225,0.035293
LHC023,20,0.361955,1.995480,-0.590236,1.997195,-0.001716,0.342046,0.019909,0.012239,0.063013,0.114355,0.001935,0.009963,0.018081,0.003793,0.019528,0.035439
LHC023,22,0.422374,2.051175,-0.677420,2.053064,-0.001889,0.402976,0.019399,0.016015,0.058771,0.128377,0.002532,0.009292,0.020296,0.004963,0.018212,0.039781
LHC024,4,0.122642,1.301623,-0.212286,1.302230,-0.000606,0.100289,0.022354,0.001158,0.008225,0.013581,0.000517,0.003675,0.006068,0.001014,0.007203,0.011892
LHC024,6,0.144986,1.495612,-0.268200,1.496397,-0.000786,0.122505,0.022481,0.001485,0.009828,0.013065,0.000663,0.004386,0.005830,0.001299,0.008596,0.011428
LHC024,8,0.173393,1.697576,-0.327406,1.698545,-0.000969,0.150734,0.022660,0.002226,0.012045,0.014599,0.000996,0.005386,0.006528,0.001951,0.010556,0.012795
LHC024,10,0.204616,1.882465,-0.380648,1.883663,-0.001198,0.181830,0.022787,0.002975,0.013976,0.017310,0.001330,0.006245,0.007735,0.002606,0.012241,0.015161
LHC024,12,0.238127,2.054587,-0.432900,2.056051,-0.001464,0.215305,0.022821,0.003473,0.013225,0.019916,0.001550,0.005901,0.008887,0.003038,0.011567,0.017419
LHC024,14,0.270436,2.184128,-0.475602,2.185807,-0.001679,0.247836,0.022600,0.003618,0.012764,0.021560,0.000809,0.002854,0.004820,0.001585,0.005593,0.009448
LHC024,16,0.301724,2.238915,-0.537125,2.240745,-0.001830,0.279678,0.022047,0.004451,0.020027,0.031591,0.000880,0.003957,0.006243,0.001724,0.007757,0.012236
LHC024,18,0.369695,2.173878,-0.752788,2.175532,-0.001655,0.348867,0.020828,0.012207,0.063119,0.104894,0.001930,0.009978,0.016581,0.003782,0.019556,0.032499
LHC024,20,0.420091,2.218055,-0.775865,2.219925,-0.001870,0.399750,0.020341,0.015368,0.052041,0.113139,0.002430,0.008227,0.017886,0.004762,0.016125,0.035057
LHC024,22,0.453142,2.213087,-0.756076,2.215222,-0.002135,0.433350,0.019792,0.011861,0.043409,0.103300,0.001875,0.006863,0.016331,0.003675,0.013451,0.032009
LHC025,4,0.089941,1.129885,-0.163887,1.130719,-0.000834,0.067995,0.021946,0.001175,0.008260,0.013468,0.000525,0.003691,0.006017,0.001029,0.007234,0.011794
LHC025,6,0.110481,1.327899,-0.221673,1.329020,-0.001121,0.088575,0.021906,0.001563,0.009782,0.015247,0.000699,0.004374,0.006817,0.001369,0.008572,0.013362
LHC025,8,0.136138,1.522883,-0.277451,1.524279,-0.001396,0.114292,0.021846,0.002245,0.011397,0.017215,0.001002,0.005087,0.007684,0.001964,0.009971,0.015060
LHC025,10,0.165420,1.708305,-0.334183,1.709962,-0.001657,0.143760,0.021660,0.003017,0.012658,0.018522,0.001348,0.005656,0.008277,0.002642,0.011087,0.016223
LHC025,12,0.198145,1.875421,-0.389125,1.877338,-0.001917,0.176716,0.021429,0.003230,0.012283,0.022115,0.001442,0.005483,0.009872,0.002826,0.010747,0.019350
LHC025,14,0.229997,1.988179,-0.411376,1.990256,-0.002078,0.209038,0.020959,0.003709,0.013430,0.021448,0.000957,0.003466,0.005535,0.001876,0.006793,0.010849
LHC025,16,0.266821,2.050094,-0.389664,2.052461,-0.002368,0.246489,0.020331,0.004270,0.014916,0.028145,0.000954,0.003334,0.006290,0.001871,0.006534,0.012329
LHC025,18,0.331283,1.906861,-0.545438,1.908929,-0.002068,0.312514,0.018769,0.012893,0.051605,0.104803,0.001922,0.007693,0.015623,0.003767,0.015077,0.030620
LHC025,20,0.422885,1.771756,-0.712197,1.774368,-0.002612,0.404767,0.018119,0.014800,0.064631,0.182272,0.002340,0.010219,0.028820,0.004586,0.020029,0.056486
LHC025,22,0.545374,1.655724,-0.706653,1.658781,-0.003058,0.528567,0.016807,0.019564,0.061537,0.148309,0.003093,0.009729,0.023447,0.006062,0.019068,0.045956
LHC026,4,0.096029,1.096891,-0.286853,1.097506,-0.000615,0.074430,0.021599,0.001425,0.009468,0.014628,0.000636,0.004229,0.006533,0.001247,0.008288,0.012805
LHC026,6,0.114816,1.292036,-0.343552,1.292898,-0.000862,0.093222,0.021593,0.001593,0.009606,0.014486,0.000711,0.004288,0.006466,0.001393,0.008404,0.012673
LHC026,8,0.138579,1.486406,-0.400706,1.487515,-0.001109,0.117043,0.021535,0.002446,0.012831,0.017001,0.001093,0.005736,0.007600,0.002143,0.011242,0.014896
LHC026,10,0.168384,1.693888,-0.460187,1.695277,-0.001389,0.146906,0.021478,0.002893,0.013374,0.019776,0.001293,0.005980,0.008843,0.002535,0.011721,0.017332
LHC026,12,0.199830,1.862003,-0.488123,1.863683,-0.001681,0.178437,0.021393,0.003141,0.011360,0.021549,0.001404,0.005077,0.009631,0.002752,0.009952,0.018877
LHC026,14,0.233320,1.984614,-0.474329,1.986538,-0.001923,0.212322,0.020998,0.003505,0.012232,0.019035,0.000784,0.002735,0.004256,0.001536,0.005360,0.008341
LHC026,16,0.275756,2.035920,-0.404412,2.038105,-0.002184,0.255385,0.020371,0.003910,0.013675,0.023373,0.000874,0.003057,0.005226,0.001713,0.005992,0.010242
LHC026,18,0.412583,1.801156,-0.222273,1.804151,-0.002995,0.393548,0.019035,0.011444,0.034948,0.035584,0.001809,0.005526,0.005626,0.003547,0.010830,0.011027
LHC026,20,0.494007,1.811426,-0.324990,1.814544,-0.003118,0.475263,0.018745,0.019115,0.063319,0.059359,0.002703,0.008955,0.008395,0.005298,0.017551,0.016453
LHC026,22,0.587780,1.722970,-0.429533,1.726225,-0.003254,0.570729,0.017051,0.015810,0.049408,0.094472,0.002236,0.006986,0.013359,0.004382,0.013693,0.026183
LHC027,4,0.113825,1.272298,-0.145677,1.273250,-0.000952,0.091929,0.021896,0.001325,0.007758,0.013363,0.000592,0.003467,0.005972,0.001161,0.006796,0.011705
LHC027,6,0.137001,1.472078,-0.199178,1.473310,-0.001232,0.115156,0.021845,0.001666,0.009413,0.014880,0.000745,0.004208,0.006652,0.001460,0.008247,0.013038
LHC027,8,0.164356,1.660177,-0.255679,1.661650,-0.001472,0.142589,0.021767,0.002477,0.012153,0.017573,0.001107,0.005433,0.007856,0.002170,0.010648,0.015397
LHC027,10,0.195400,1.837666,-0.312728,1.839345,-0.001678,0.173864,0.021536,0.003341,0.013851,0.019921,0.001493,0.006190,0.008903,0.002926,0.012133,0.017450
LHC027,12,0.224805,1.968201,-0.353011,1.970062,-0.001861,0.203604,0.021201,0.003500,0.013128,0.023088,0.001562,0.005858,0.010302,0.003061,0.011481,0.020192
LHC027,14,0.259686,2.063624,-0.378021,2.065658,-0.002034,0.239182,0.020504,0.004276,0.014672,0.024820,0.000956,0.003280,0.005549,0.001874,0.006429,0.010875
LHC027,16,0.300880,2.082927,-0.316599,2.085325,-0.002397,0.281148,0.019733,0.004925,0.016978,0.028107,0.001101,0.003796,0.006285,0.002159,0.007441,0.012319
LHC027,18,0.435060,1.743036,-0.473068,1.745592,-0.002556,0.417423,0.017636,0.028302,0.085317,0.199228,0.004475,0.013489,0.031499,0.008771,0.026439,0.061739
LHC027,20,0.506076,1.602802,-0.640379,1.605600,-0.002798,0.489403,0.016673,0.019127,0.062946,0.168279,0.002705,0.008900,0.023794,0.005301,0.017445,0.046637
LHC027,22,0.588661,1.545633,-0.583214,1.548856,-0.003223,0.572722,0.015939,0.015549,0.048495,0.151651,0.002458,0.007666,0.023972,0.004818,0.015025,0.046985
LHC028,4,0.101529,1.203700,-0.201307,1.204531,-0.000831,0.079657,0.021873,0.001264,0.007942,0.014017,0.000565,0.003550,0.006267,0.001108,0.006959,0.012282
LHC028,6,0.123108,1.399231,-0.260255,1.400346,-0.001115,0.101301,0.021807,0.001621,0.009610,0.014923,0.000724,0.004290,0.006662,0.001418,0.008409,0.013058
LHC028,8,0.149595,1.591922,-0.315428,1.593306,-0.001384,0.127850,0.021745,0.002415,0.012248,0.016971,0.001078,0.005470,0.007580,0.002114,0.010722,0.014856
LHC028,10,0.179751,1.775138,-0.371165,1.776776,-0.001638,0.158234,0.021516,0.003002,0.013502,0.021370,0.001342,0.006034,0.009550,0.002629,0.011826,0.018718
LHC028,12,0.212220,1.931883,-0.417565,1.933755,-0.001871,0.191001,0.021218,0.003710,0.014261,0.021217,0.001657,0.006372,0.009480,0.003249,0.012489,0.018580
LHC028,14,0.246091,2.029823,-0.423718,2.031893,-0.002071,0.225453,0.020638,0.003767,0.013143,0.020773,0.000842,0.002939,0.004644,0.001651,0.005759,0.009103
LHC028,16,0.287076,2.066091,-0.386248,2.068415,-0.002324,0.267162,0.019914,0.004545,0.014831,0.029298,0.001016,0.003316,0.006550,0.001992,0.006499,0.012839
LHC028,18,0.411595,1.777371,-0.320820,1.780032,-0.002661,0.393636,0.017959,0.012680,0.050697,0.127044,0.002004,0.008014,0.020082,0.003928,0.015707,0.039361
LHC028,20,0.510125,1.648193,-0.581233,1.651069,-0.002877,0.492975,0.017149,0.016910,0.057713,0.154216,0.003781,0.012903,0.034479,0.007410,0.025291,0.067580
LHC028,22,0.579339,1.573454,-0.611683,1.576728,-0.003274,0.562891,0.016448,0.021888,0.073828,0.170545,0.003460,0.011670,0.026959,0.006781,0.022874,0.052839
LHC029,4,0.125081,1.225441,-0.039516,1.226285,-0.000844,0.102744,0.022336,0.001433,0.008513,0.015009,0.000640,0.003805,0.006707,0.001255,0.007457,0.013146
LHC029,6,0.146327,1.422489,-0.094089,1.423509,-0.001019,0.123900,0.022428,0.001556,0.009346,0.014841,0.000695,0.004172,0.006626,0.001362,0.008177,0.012986
LHC029,8,0.173033,1.617585,-0.147985,1.618764,-0.001179,0.150398,0.022634,0.002166,0.011530,0.015174,0.000967,0.005148,0.006774,0.001895,0.010089,0.013278
LHC029,10,0.203532,1.807074,-0.200301,1.808459,-0.001385,0.180687,0.022845,0.003113,0.013615,0.018058,0.001392,0.006087,0.008073,0.002728,0.011930,0.015823
LHC029,12,0.237017,1.985657,-0.245770,1.987335,-0.001678,0.213970,0.023047,0.003779,0.013363,0.023268,0.001690,0.005976,0.010406,0.003312,0.011713,0.020395
LHC029,14,0.271629,2.141590,-0.297360,2.143534,-0.001945,0.248614,0.023016,0.003644,0.011454,0.019397,0.000814,0.002560,0.004335,0.001596,0.005017,0.008496
LHC029,16,0.307997,2.271976,-0.328317,2.274156,-0.002180,0.285055,0.022942,0.003998,0.012239,0.023734,0.000894,0.002737,0.005307,0.001752,0.005364,0.010402
LHC029,18,0.342293,2.363787,-0.362102,2.366033,-0.002246,0.319770,0.022522,0.004740,0.013335,0.025705,0.001060,0.002981,0.005747,0.002077,0.005843,0.011264
LHC029,20,0.376088,2.410207,-0.386016,2.412385,-0.002178,0.354065,0.022023,0.005709,0.013838,0.029680,0.001473,0.003571,0.007659,0.002888,0.006999,0.015012
LHC029,22,0.458754,2.260139,-0.698804,2.261915,-0.001776,0.439003,0.019750,0.012317,0.049278,0.116185,0.002058,0.008232,0.019408,0.004033,0.016134,0.038039
LHC030,4,0.129431,1.315561,-0.035439,1.316643,-0.001082,0.107194,0.022237,0.001171,0.008116,0.014086,0.000524,0.003629,0.006299,0.001026,0.007113,0.012346
LHC030,6,0.153523,1.514441,-0.084141,1.515791,-0.001350,0.131226,0.022297,0.001471,0.009480,0.015562,0.000658,0.004239,0.006958,0.001289,0.008308,0.013638
LHC030,8,0.182436,1.708563,-0.135685,1.710173,-0.001610,0.160079,0.022357,0.002407,0.012231,0.016711,0.001075,0.005460,0.007460,0.002106,0.010701,0.014622
LHC030,10,0.213567,1.891027,-0.190590,1.892886,-0.001859,0.191235,0.022332,0.003196,0.013898,0.017126,0.001428,0.006211,0.007653,0.002800,0.012173,0.015001
LHC030,12,0.246589,2.045458,-0.232557,2.047525,-0.002067,0.224368,0.022221,0.003340,0.012759,0.019527,0.001491,0.005698,0.008720,0.002923,0.011168,0.017091
LHC030,14,0.271382,2.120900,-0.293580,2.123026,-0.002126,0.249850,0.021531,0.004357,0.016326,0.026655,0.000974,0.003650,0.005960,0.001909,0.007155,0.011682
LHC030,16,0.294307,2.100535,-0.348115,2.102713,-0.002178,0.273906,0.020402,0.005689,0.024334,0.041891,0.001272,0.005441,0.009367,0.002493,0.010665,0.018359
LHC030,18,0.353140,1.991086,-0.424185,1.993166,-0.002080,0.334305,0.018835,0.010268,0.047539,0.130935,0.001623,0.007515,0.020699,0.003182,0.014730,0.040571
LHC030,20,0.492294,1.833368,-0.226274,1.836286,-0.002918,0.474743,0.017551,0.020123,0.055433,0.108779,0.004500,0.012395,0.024323,0.008819,0.024294,0.047674
LHC030,22,0.581613,1.791150,-0.259343,1.794750,-0.003600,0.564458,0.017155,0.023312,0.050883,0.107154,0.005210,0.011372,0.023949,0.010212,0.022289,0.046939
LHC031,4,0.068402,0.915730,-0.210032,0.916391,-0.000661,0.046933,0.021469,0.001128,0.008416,0.013462,0.000504,0.003756,0.006008,0.000987,0.007362,0.011775
LHC031,6,0.085530,1.115670,-0.266563,1.116574,-0.000904,0.064042,0.021487,0.001470,0.009470,0.014676,0.000656,0.004228,0.006552,0.001286,0.008287,0.012842
LHC031,8,0.106839,1.310229,-0.319491,1.311382,-0.001153,0.085420,0.021419,0.002074,0.010932,0.016343,0.000926,0.004883,0.007299,0.001816,0.009570,0.014307
LHC031,10,0.133053,1.502010,-0.362914,1.503454,-0.001444,0.111640,0.021413,0.002769,0.012401,0.016426,0.001238,0.005543,0.007342,0.002426,0.010864,0.014390
LHC031,12,0.162515,1.669276,-0.389922,1.671011,-0.001735,0.141120,0.021395,0.003024,0.011566,0.020994,0.001352,0.005169,0.009383,0.002649,0.010132,0.018391
LHC031,14,0.194527,1.800849,-0.385638,1.802793,-0.001944,0.173436,0.021091,0.004007,0.014468,0.022070,0.001239,0.004475,0.006826,0.002429,0.008771,0.013380
LHC031,16,0.233529,1.884687,-0.333467,1.886836,-0.002149,0.212999,0.020530,0.004288,0.014632,0.023639,0.000959,0.003271,0.005284,0.001879,0.006411,0.010357
LHC031,18,0.365453,1.734358,-0.188583,1.737208,-0.002851,0.346083,0.019370,0.010435,0.033660,0.037122,0.002333,0.007526,0.008300,0.004573,0.014751,0.016268
LHC031,20,0.434776,1.689251,-0.198120,1.692516,-0.003265,0.415666,0.019110,0.009386,0.026622,0.035157,0.002098,0.005951,0.007859,0.004112,0.011664,0.015404
LHC031,22,0.569823,1.764552,-0.495580,1.767534,-0.002982,0.552472,0.017351,0.019498,0.052059,0.077683,0.004358,0.011636,0.017364,0.008542,0.022807,0.034033
LHC032,4,0.119653,1.266434,-0.039980,1.267535,-0.001101,0.097538,0.022115,0.001439,0.008298,0.013970,0.000643,0.003708,0.006242,0.001261,0.007268,0.012235
LHC032,6,0.143672,1.469720,-0.089167,1.471105,-0.001384,0.121550,0.022121,0.001723,0.009759,0.015414,0.000771,0.004364,0.006893,0.001510,0.008554,0.013510
LHC032,8,0.171562,1.661727,-0.141867,1.663394,-0.001668,0.149421,0.022141,0.002453,0.012769,0.017073,0.001096,0.005703,0.007625,0.002148,0.011177,0.014945
LHC032,10,0.202297,1.840114,-0.196956,1.841998,-0.001884,0.180260,0.022037,0.003270,0.013946,0.017220,0.001461,0.006233,0.007696,0.002864,0.012217,0.015085
LHC032,12,0.234536,1.985505,-0.241350,1.987591,-0.002086,0.212780,0.021756,0.003272,0.011964,0.020048,0.001463,0.005347,0.008961,0.002867,0.010480,0.017563
LHC032,14,0.265115,2.073911,-0.276090,2.076138,-0.002227,0.244030,0.021085,0.004252,0.015214,0.024224,0.001123,0.004019,0.006399,0.002201,0.007877,0.012542
LHC032,16,0.304465,2.112533,-0.260364,2.114997,-0.002463,0.284285,0.020180,0.004726,0.015484,0.029120,0.001114,0.003648,0.006861,0.002182,0.007150,0.013448
LHC032,18,0.437207,1.881642,-0.125261,1.884902,-0.003260,0.418570,0.018637,0.015534,0.045869,0.062726,0.002944,0.008693,0.011887,0.005770,0.017038,0.023299
LHC032,20,0.499185,1.721013,-0.203873,1.724270,-0.003257,0.481901,0.017284,0.015600,0.052008,0.098225,0.002467,0.008223,0.015530,0.004834,0.016117,0.030440
LHC032,22,0.561798,1.550798,-0.502736,1.554129,-0.003331,0.545284,0.016514,0.022090,0.044515,0.176772,0.003493,0.007038,0.027950,0.006846,0.013795,0.054781
LHC033,4,0.098744,1.074797,0.019889,1.075670,-0.000872,0.076757,0.021987,0.001188,0.007723,0.014258,0.000530,0.003447,0.006365,0.001040,0.006757,0.012475
LHC033,6,0.118647,1.266333,-0.026022,1.267411,-0.001078,0.096436,0.022211,0.001511,0.009106,0.013225,0.000676,0.004071,0.005913,0.001324,0.007980,0.011590
LHC033,8,0.142849,1.456686,-0.078300,1.457964,-0.001278,0.120465,0.022384,0.002174,0.011942,0.013805,0.000971,0.005335,0.006167,0.001904,0.010457,0.012088
LHC033,10,0.170411,1.639880,-0.129129,1.641336,-0.001456,0.147946,0.022466,0.003041,0.014266,0.014574,0.001357,0.006368,0.006506,0.002661,0.012482,0.012751
LHC033,12,0.200785,1.805390,-0.185703,1.807075,-0.001685,0.178328,0.022457,0.003418,0.014145,0.017709,0.001527,0.006319,0.007911,0.002992,0.012385,0.015506
LHC033,14,0.232857,1.944728,-0.250589,1.946645,-0.001917,0.210701,0.022156,0.003775,0.012978,0.022571,0.001240,0.004263,0.007414,0.002430,0.008355,0.014531
LHC033,16,0.264896,2.037473,-0.291945,2.039624,-0.002151,0.243170,0.021726,0.003888,0.012816,0.026152,0.000869,0.002865,0.005846,0.001704,0.005615,0.011458
LHC033,18,0.315839,1.896365,-0.489310,1.898231,-0.001865,0.295650,0.020190,0.012844,0.066747,0.130403,0.001816,0.009439,0.018441,0.003560,0.018501,0.036145
LHC033,20,0.386135,1.729651,-0.694350,1.732035,-0.002383,0.366814,0.019321,0.016882,0.063278,0.172502,0.003774,0.014145,0.038561,0.007397,0.027725,0.075580
LHC033,22,0.446846,1.792976,-0.794248,1.795487,-0.002512,0.428156,0.018690,0.023667,0.079131,0.189983,0.004663,0.015590,0.037430,0.009139,0.030556,0.073362
LHC034,4,0.111838,1.241063,-0.148150,1.241702,-0.000639,0.089823,0.022015,0.001279,0.008586,0.014357,0.000571,0.003831,0.006407,0.001119,0.007510,0.012557
LHC034,6,0.134326,1.436951,-0.199314,1.437797,-0.000846,0.112087,0.022239,0.001798,0.010018,0.014745,0.000802,0.004470,0.006579,0.001572,0.008761,0.012895
LHC034,8,0.162527,1.636357,-0.249478,1.637380,-0.001023,0.140079,0.022448,0.002479,0.012791,0.015788,0.001109,0.005721,0.007061,0.002173,0.011213,0.013840
LHC034,10,0.192877,1.819826,-0.299339,1.821089,-0.001263,0.170359,0.022518,0.003264,0.014399,0.016520,0.001458,0.006433,0.007381,0.002858,0.012609,0.014466
LHC034,12,0.226702,1.989545,-0.341322,1.991059,-0.001514,0.204150,0.022552,0.003458,0.014109,0.019399,0.001546,0.006308,0.008673,0.003030,0.012364,0.016999
LHC034,14,0.257204,2.104097,-0.383138,2.105755,-0.001658,0.234972,0.022233,0.003756,0.012685,0.022053,0.000839,0.002835,0.004929,0.001645,0.005557,0.009660
LHC034,16,0.280463,2.087907,-0.465640,2.089612,-0.001705,0.259045,0.021418,0.005000,0.020482,0.040629,0.001118,0.004578,0.009081,0.002190,0.008973,0.017800
LHC034,18,0.340331,2.024850,-0.560535,2.026459,-0.001609,0.320122,0.020209,0.012240,0.059975,0.108520,0.001935,0.009481,0.017154,0.003792,0.018582,0.033623
LHC034,20,0.405344,2.090974,-0.538502,2.092809,-0.001834,0.385644,0.019699,0.009454,0.037032,0.067983,0.002271,0.008896,0.016332,0.004451,0.017436,0.032010
LHC034,22,0.463093,2.063240,-0.541868,2.065279,-0.002039,0.444063,0.019030,0.016764,0.065929,0.111567,0.004290,0.016871,0.028549,0.008408,0.033067,0.055957
LHC035,4,0.099144,1.187837,-0.203570,1.188635,-0.000799,0.077240,0.021904,0.001252,0.007976,0.012804,0.000559,0.003563,0.005720,0.001096,0.006984,0.011211
LHC035,6,0.120253,1.385220,-0.262630,1.386304,-0.001085,0.098376,0.021877,0.001683,0.010383,0.014246,0.000753,0.004644,0.006371,0.001475,0.009101,0.012487
LHC035,8,0.146579,1.578022,-0.317119,1.579374,-0.001352,0.124788,0.021791,0.002284,0.012297,0.017567,0.001020,0.005490,0.007843,0.001999,0.010761,0.015373
LHC035,10,0.176312,1.765664,-0.375131,1.767293,-0.001628,0.154664,0.021648,0.003214,0.014492,0.020503,0.001435,0.006472,0.009157,0.002813,0.012685,0.017947
LHC035,12,0.210112,1.937225,-0.433599,1.939093,-0.001869,0.188705,0.021407,0.003506,0.012936,0.023344,0.001567,0.005781,0.010433,0.003071,0.011332,0.020449
LHC035,14,0.242747,2.049144,-0.456387,2.051204,-0.002060,0.221815,0.020932,0.003626,0.012921,0.021214,0.000811,0.002889,0.004743,0.001589,0.005662,0.009296
LHC035,16,0.278878,2.104625,-0.436746,2.106941,-0.002316,0.258607,0.020271,0.004350,0.015924,0.030997,0.000972,0.003560,0.006929,0.001906,0.006977,0.013581
LHC035,18,0.347398,1.962488,-0.646779,1.964566,-0.002078,0.328540,0.018858,0.011443,0.047877,0.139609,0.001809,0.007568,0.022069,0.003545,0.014834,0.043255
LHC035,20,0.443868,1.840939,-0.776998,1.843519,-0.002580,0.425911,0.017957,0.015047,0.050724,0.181290,0.002747,0.009260,0.033097,0.005384,0.018150,0.064870
LHC035,22,0.552957,1.700647,-0.768023,1.703601,-0.002954,0.536262,0.016694,0.026554,0.081824,0.157428,0.004197,0.012934,0.024884,0.008227,0.025350,0.048773
LHC036,4,0.121056,1.295519,-0.205816,1.296078,-0.000559,0.098890,0.022166,0.001284,0.008254,0.014414,0.000573,0.003684,0.006434,0.001123,0.007221,0.012610
LHC036,6,0.143105,1.482290,-0.256679,1.483039,-0.000748,0.120735,0.022370,0.001638,0.010058,0.014431,0.000732,0.004491,0.006444,0.001434,0.008803,0.012630
LHC036,8,0.171266,1.682232,-0.312192,1.683164,-0.000932,0.148639,0.022628,0.002609,0.013947,0.015672,0.001165,0.006228,0.006999,0.002283,0.012208,0.013718
LHC036,10,0.202840,1.871258,-0.367444,1.872427,-0.001169,0.180140,0.022700,0.003248,0.015074,0.017278,0.001452,0.006739,0.007724,0.002846,0.013209,0.015140
LHC036,12,0.237610,2.049084,-0.420202,2.050539,-0.001456,0.214894,0.022715,0.003521,0.013155,0.020565,0.001573,0.005877,0.009187,0.003083,0.011518,0.018007
LHC036,14,0.272228,2.185061,-0.440208,2.186764,-0.001703,0.249669,0.022559,0.003517,0.012591,0.020835,0.000786,0.002815,0.004657,0.001541,0.005517,0.009129
LHC036,16,0.302098,2.246863,-0.445349,2.248691,-0.001828,0.279849,0.022249,0.004115,0.015172,0.029795,0.000920,0.003393,0.006662,0.001803,0.006649,0.013058
LHC036,18,0.364746,2.163458,-0.649706,2.165080,-0.001623,0.343711,0.021035,0.009038,0.036784,0.101143,0.001726,0.007025,0.019316,0.003383,0.013769,0.037860
LHC036,20,0.430795,2.151982,-0.723462,2.153836,-0.001855,0.410687,0.020108,0.010862,0.050222,0.148410,0.001717,0.007940,0.023462,0.003366,0.015561,0.045985
LHC036,22,0.488286,2.159916,-0.630453,2.162114,-0.002197,0.468804,0.019482,0.015070,0.047915,0.137192,0.002383,0.007575,0.021690,0.004670,0.014848,0.042512
LHC037,4,0.107676,1.169259,0.015911,1.170385,-0.001126,0.085791,0.021885,0.001053,0.007547,0.012866,0.000375,0.002689,0.004585,0.000736,0.005271,0.008986
LHC037,6,0.128783,1.361306,-0.031884,1.362715,-0.001408,0.106958,0.021825,0.001811,0.008304,0.014831,0.000960,0.004402,0.007862,0.001882,0.008628,0.015409
LHC037,8,0.155407,1.546611,-0.080169,1.548270,-0.001659,0.133638,0.021769,0.002074,0.009788,0.016938,0.001101,0.005195,0.008989,0.002158,0.010182,0.017619
LHC037,10,0.183421,1.705685,-0.118913,1.707520,-0.001835,0.161846,0.021575,0.003006,0.012849,0.016775,0.001344,0.005744,0.007499,0.002634,0.011259,0.014699
LHC037,12,0.213381,1.836101,-0.151937,1.838132,-0.002031,0.192155,0.021226,0.003324,0.013202,0.020036,0.001448,0.005751,0.008728,0.002838,0.011272,0.017108
LHC037,14,0.248236,1.917507,-0.158241,1.919723,-0.002217,0.227674,0.020562,0.004619,0.016335,0.021974,0.001240,0.004385,0.005899,0.002430,0.008595,0.011561
LHC037,16,0.373853,1.739581,-0.033717,1.742550,-0.002969,0.354860,0.018993,0.012865,0.040703,0.037412,0.002349,0.007431,0.006830,0.004603,0.014564,0.013386
LHC037,18,0.436406,1.655932,-0.008903,1.659499,-0.003567,0.417920,0.018486,0.010231,0.033837,0.041894,0.001622,0.005364,0.006641,0.003179,0.010514,0.013017
LHC037,20,0.495602,1.476774,-0.336078,1.479814,-0.003040,0.478904,0.016698,0.022065,0.058995,0.188863,0.003294,0.008808,0.028197,0.006457,0.017263,0.055267
LHC037,22,0.564209,1.449646,-0.281609,1.453463,-0.003817,0.547789,0.016420,0.013656,0.039991,0.102048,0.002493,0.007300,0.018629,0.004886,0.014309,0.036513
LHC038,4,0.083017,1.010166,-0.052056,1.011028,-0.000863,0.061259,0.021758,0.001256,0.007653,0.013217,0.000561,0.003420,0.005906,0.001100,0.006703,0.011576
LHC038,6,0.101631,1.204736,-0.105239,1.205846,-0.001109,0.079840,0.021791,0.001570,0.009580,0.013680,0.000702,0.004283,0.006116,0.001376,0.008395,0.011988
LHC038,8,0.125129,1.399691,-0.156999,1.401031,-0.001340,0.103321,0.021808,0.002215,0.011265,0.015683,0.000990,0.005038,0.007013,0.001941,0.009874,0.013745
LHC038,10,0.153169,1.587242,-0.205382,1.588860,-0.001618,0.131461,0.021709,0.002729,0.011744,0.017060,0.001220,0.005252,0.007629,0.002392,0.010293,0.014954
LHC038,12,0.184257,1.752572,-0.235898,1.754458,-0.001886,0.162704,0.021554,0.003357,0.012745,0.018644,0.001498,0.005688,0.008320,0.002936,0.011148,0.016307
LHC038,14,0.218763,1.878600,-0.235113,1.880731,-0.002132,0.197469,0.021295,0.003743,0.013045,0.019564,0.000837,0.002917,0.004374,0.001640,0.005717,0.008573
LHC038,16,0.263170,1.955124,-0.188499,1.957518,-0.002394,0.242378,0.020792,0.003932,0.013403,0.021418,0.000664,0.002265,0.003619,0.001302,0.004439,0.007094
LHC038,18,0.401858,1.797396,-0.085110,1.800520,-0.003123,0.382181,0.019677,0.012820,0.036714,0.038873,0.002340,0.006703,0.007097,0.004587,0.013137,0.013910
LHC038,20,0.467242,1.747410,-0.094499,1.750958,-0.003548,0.448071,0.019171,0.010072,0.032495,0.035366,0.001702,0.005492,0.005978,0.003337,0.010765,0.011716
LHC038,22,0.543151,1.768584,-0.174837,1.772458,-0.003874,0.524478,0.018673,0.021237,0.063574,0.051962,0.002742,0.008207,0.006708,0.005374,0.016086,0.013148
LHC039,4,0.095423,1.106338,-0.010439,1.107340,-0.001003,0.073494,0.021929,0.001187,0.007953,0.013127,0.000530,0.003551,0.005861,0.001039,0.006959,0.011487
LHC039,6,0.115597,1.301293,-0.063000,1.302588,-0.001295,0.093663,0.021934,0.001598,0.009516,0.014552,0.000715,0.004255,0.006506,0.001401,0.008339,0.012753
LHC039,8,0.140812,1.491050,-0.116474,1.492604,-0.001555,0.118886,0.021926,0.002522,0.012083,0.017000,0.001126,0.005394,0.007589,0.002207,0.010573,0.014875
LHC039,10,0.168982,1.670042,-0.168051,1.671845,-0.001803,0.147183,0.021799,0.003073,0.012615,0.016594,0.001372,0.005634,0.007411,0.002690,0.011042,0.014525
LHC039,12,0.201005,1.834390,-0.219908,1.836416,-0.002025,0.179390,0.021616,0.003245,0.012384,0.018251,0.001449,0.005529,0.008148,0.002839,0.010837,0.015971
LHC039,14,0.234173,1.955344,-0.263266,1.957570,-0.002226,0.213106,0.021067,0.004144,0.014978,0.021036,0.001057,0.003820,0.005366,0.002072,0.007488,0.010517
LHC039,16,0.268597,2.009435,-0.259724,2.011851,-0.002415,0.248312,0.020285,0.004256,0.013710,0.026258,0.000719,0.002317,0.004438,0.001410,0.004542,0.008698
LHC039,18,0.314332,1.823405,-0.370259,1.825482,-0.002076,0.295854,0.018479,0.009709,0.051920,0.113716,0.001641,0.008776,0.019221,0.003217,0.017200,0.037672
LHC039,20,0.399992,1.680238,-0.646839,1.682784,-0.002546,0.382142,0.017850,0.018725,0.074270,0.170920,0.002367,0.009386,0.021601,0.004638,0.018397,0.042339
LHC039,22,0.522610,1.610697,-0.651193,1.613701,-0.003004,0.506061,0.016549,0.024917,0.079634,0.186419,0.003940,0.012591,0.029475,0.007722,0.024679,0.057772
LHC040,4,0.125403,1.212534,0.053843,1.213643,-0.001109,0.103269,0.022134,0.001312,0.006985,0.012865,0.000587,0.003121,0.005749,0.001150,0.006118,0.011269
LHC040,6,0.147495,1.408133,0.008527,1.409486,-0.001353,0.125305,0.022190,0.001531,0.008574,0.012477,0.000684,0.003830,0.005574,0.001341,0.007507,0.010925
LHC040,8,0.173900,1.595483,-0.034221,1.597082,-0.001600,0.151640,0.022260,0.002191,0.011134,0.014408,0.000979,0.004976,0.006439,0.001919,0.009753,0.012621
LHC040,10,0.203099,1.767988,-0.069556,1.769828,-0.001839,0.180847,0.022252,0.003012,0.013148,0.015575,0.001346,0.005876,0.006961,0.002639,0.011517,0.013643
LHC040,12,0.235207,1.917671,-0.084850,1.919774,-0.002104,0.213048,0.022159,0.003329,0.013090,0.018806,0.001488,0.005852,0.008408,0.002917,0.011470,0.016479
LHC040,14,0.269698,2.024684,-0.075755,2.027039,-0.002355,0.247903,0.021795,0.003602,0.011974,0.019660,0.000805,0.002677,0.004395,0.001578,0.005247,0.008615
LHC040,16,0.321462,2.071694,-0.021179,2.074335,-0.002640,0.300274,0.021188,0.004415,0.014517,0.023065,0.000746,0.002453,0.003898,0.001462,0.004809,0.007640
LHC040,18,0.444228,1.757164,0.057422,1.760707,-0.003543,0.424356,0.019872,0.010838,0.034690,0.042687,0.001832,0.005863,0.007214,0.003590,0.011491,0.014140
LHC040,20,0.507215,1.718137,-0.003786,1.721967,-0.003831,0.488035,0.019180,0.012579,0.040418,0.055484,0.001989,0.006390,0.008772,0.003898,0.012524,0.017193
LHC040,22,0.559460,1.683702,-0.104732,1.687567,-0.003864,0.541162,0.018298,0.015735,0.045869,0.070296,0.002506,0.007305,0.011195,0.004912,0.014318,0.021943
LHC041,4,0.127090,1.338509,-0.187100,1.339420,-0.000911,0.105072,0.022018,0.001380,0.007771,0.015046,0.000617,0.003471,0.006721,0.001208,0.006804,0.013174
LHC041,6,0.150766,1.535368,-0.243509,1.536531,-0.001164,0.128722,0.022043,0.001687,0.009952,0.015988,0.000753,0.004446,0.007143,0.001477,0.008715,0.014000
LHC041,8,0.179560,1.728805,-0.299352,1.730198,-0.001394,0.157552,0.022007,0.002287,0.011585,0.016407,0.001021,0.005174,0.007328,0.002002,0.010142,0.014363
LHC041,10,0.210576,1.904058,-0.346910,1.905681,-0.001623,0.188663,0.021913,0.002965,0.013103,0.019279,0.001326,0.005857,0.008618,0.002598,0.011479,0.016891
LHC041,12,0.245577,2.055510,-0.369436,2.057398,-0.001888,0.223960,0.021617,0.003458,0.013159,0.021528,0.001544,0.005875,0.009612,0.003026,0.011516,0.018839
LHC041,14,0.283182,2.154670,-0.349748,2.156840,-0.002171,0.261963,0.021218,0.004061,0.013355,0.019561,0.000908,0.002986,0.004374,0.001780,0.005853,0.008572
LHC041,16,0.406143,1.895905,-0.108262,1.898921,-0.003016,0.386311,0.019832,0.015686,0.041872,0.039741,0.002480,0.006619,0.006282,0.004860,0.012973,0.012313
LHC041,18,0.477320,1.807157,-0.074323,1.810781,-0.003624,0.457884,0.019436,0.010851,0.039508,0.036745,0.001716,0.006247,0.005810,0.003363,0.012244,0.011388
LHC041,20,0.554170,1.816692,-0.123339,1.820651,-0.003959,0.535235,0.018934,0.016500,0.049528,0.036013,0.002788,0.008370,0.006086,0.005465,0.016405,0.011928
LHC041,22,0.604758,1.786786,-0.164830,1.791018,-0.004231,0.586334,0.018423,0.014897,0.036702,0.042508,0.002398,0.005908,0.006842,0.004700,0.011579,0.013410
LHC042,4,0.120351,1.295028,-0.139657,1.295811,-0.000783,0.098142,0.022210,0.001330,0.008334,0.014356,0.000594,0.003720,0.006408,0.001164,0.007291,0.012559
LHC042,6,0.143278,1.485919,-0.190814,1.486915,-0.000995,0.120946,0.022332,0.001752,0.010079,0.015241,0.000782,0.004497,0.006800,0.001532,0.008814,0.013328
LHC042,8,0.171046,1.675717,-0.247224,1.676888,-0.001171,0.148622,0.022424,0.002455,0.013106,0.016288,0.001097,0.005854,0.007276,0.002150,0.011474,0.014261
LHC042,10,0.201258,1.848273,-0.302789,1.849634,-0.001361,0.178864,0.022394,0.003161,0.014699,0.016718,0.001412,0.006567,0.007469,0.002767,0.012871,0.014638
LHC042,12,0.233101,2.001996,-0.356134,2.003587,-0.001591,0.210846,0.022255,0.003532,0.013756,0.019210,0.001577,0.006142,0.008577,0.003091,0.012038,0.016810
LHC042,14,0.264774,2.110757,-0.401661,2.112530,-0.001773,0.242924,0.021851,0.003908,0.013428,0.021769,0.000874,0.003001,0.004866,0.001712,0.005883,0.009537
LHC042,16,0.298766,2.177401,-0.403219,2.179511,-0.002110,0.277355,0.021411,0.004397,0.017183,0.024880,0.000743,0.002904,0.004205,0.001457,0.005693,0.008243
LHC042,18,0.385058,1.823234,-0.660123,1.825412,-0.002178,0.365465,0.019593,0.014627,0.062190,0.168546,0.002472,0.010510,0.028484,0.004845,0.020599,0.055828
LHC042,20,0.440704,1.826899,-0.822967,1.829193,-0.002294,0.421967,0.018737,0.012798,0.055996,0.175086,0.002163,0.009462,0.029585,0.004239,0.018546,0.057987
LHC042,22,0.505435,1.861753,-0.888647,1.864223,-0.002470,0.487329,0.018107,0.018788,0.062002,0.161956,0.003175,0.010479,0.027373,0.006224,0.020539,0.053651
LHC043,4,0.071174,0.908418,-0.104711,0.909023,-0.000604,0.049451,0.021723,0.001097,0.008176,0.013735,0.000490,0.003651,0.006134,0.000960,0.007157,0.012023
LHC043,6,0.088626,1.105177,-0.153476,1.105950,-0.000773,0.066687,0.021939,0.001512,0.009021,0.013824,0.000675,0.004024,0.006167,0.001322,0.007888,0.012087
LHC043,8,0.110069,1.298524,-0.205587,1.299499,-0.000975,0.087983,0.022086,0.002217,0.011786,0.013484,0.000991,0.005266,0.006025,0.001941,0.010321,0.011809
LHC043,10,0.136648,1.495574,-0.258246,1.496786,-0.001211,0.114380,0.022268,0.002983,0.014163,0.013232,0.001334,0.006333,0.005917,0.002614,0.012413,0.011597
LHC043,12,0.166830,1.680266,-0.301007,1.681758,-0.001492,0.144472,0.022358,0.003311,0.012998,0.017515,0.001478,0.005801,0.007817,0.002897,0.011370,0.015320
LHC043,14,0.199290,1.843064,-0.322062,1.844788,-0.001725,0.176997,0.022293,0.003166,0.010913,0.018654,0.000708,0.002439,0.004169,0.001387,0.004780,0.008171
LHC043,16,0.233684,1.973860,-0.332904,1.975806,-0.001946,0.211486,0.022198,0.003320,0.011458,0.019327,0.000561,0.001937,0.003267,0.001100,0.003796,0.006403
LHC043,18,0.271716,2.066436,-0.333574,2.068492,-0.002055,0.249781,0.021935,0.003694,0.011834,0.021212,0.000624,0.002000,0.003585,0.001224,0.003920,0.007027
LHC043,20,0.353222,1.947804,-0.618035,1.949563,-0.001759,0.332981,0.020242,0.013072,0.068635,0.095749,0.002209,0.011599,0.016181,0.004330,0.022734,0.031715
LHC043,22,0.410686,2.004738,-0.603667,2.006757,-0.002019,0.390937,0.019749,0.014575,0.061875,0.113264,0.002463,0.010456,0.019139,0.004827,0.020493,0.037513
LHC044,4,0.140834,1.389219,-0.163094,1.389938,-0.000719,0.118706,0.022128,0.001604,0.010698,0.015779,0.000716,0.004775,0.007044,0.001404,0.009359,0.013806
LHC044,6,0.165643,1.586777,-0.211832,1.587701,-0.000924,0.143361,0.022282,0.001902,0.011720,0.014898,0.000850,0.005239,0.006659,0.001666,0.010268,0.013052
LHC044,8,0.195572,1.784090,-0.275337,1.785207,-0.001117,0.173168,0.022404,0.002997,0.014866,0.016137,0.001340,0.006647,0.007215,0.002626,0.013027,0.014142
LHC044,10,0.227521,1.970611,-0.342787,1.971935,-0.001325,0.205084,0.022437,0.003308,0.013801,0.017308,0.001479,0.006170,0.007738,0.002899,0.012094,0.015167
LHC044,12,0.259248,2.106174,-0.382649,2.107743,-0.001569,0.236978,0.022270,0.003175,0.011407,0.019131,0.001880,0.006756,0.011331,0.003685,0.013243,0.022209
LHC044,14,0.291685,2.198956,-0.428567,2.200694,-0.001737,0.269894,0.021791,0.004087,0.012964,0.022138,0.001764,0.005595,0.009555,0.003458,0.010967,0.018727
LHC044,16,0.322752,2.224897,-0.388992,2.227006,-0.002108,0.301572,0.021180,0.004369,0.014501,0.029537,0.000753,0.002498,0.005088,0.001475,0.004896,0.009972
LHC044,18,0.364541,1.999725,-0.505648,2.001658,-0.001932,0.345086,0.019455,0.014444,0.062338,0.144586,0.001985,0.008565,0.019866,0.003890,0.016788,0.038938
LHC044,20,0.460933,1.844070,-0.809688,1.846368,-0.002298,0.442273,0.018660,0.014860,0.056646,0.168084,0.002713,0.010341,0.030684,0.005317,0.020268,0.060140
LHC044,22,0.517113,1.839179,-0.877552,1.841645,-0.002466,0.499336,0.017776,0.012786,0.045263,0.136640,0.002161,0.007650,0.023093,0.004236,0.014994,0.045262
LHC045,4,0.135632,1.383844,-0.161236,1.384826,-0.000981,0.113584,0.022048,0.001678,0.009949,0.014720,0.000750,0.004447,0.006580,0.001470,0.008716,0.012896
LHC045,6,0.160430,1.582360,-0.219721,1.583609,-0.001249,0.138412,0.022019,0.001844,0.010573,0.015496,0.000824,0.004725,0.006926,0.001616,0.009261,0.013574
LHC045,8,0.190269,1.772446,-0.279520,1.773924,-0.001478,0.168363,0.021905,0.002372,0.011176,0.018610,0.001356,0.006388,0.010637,0.002658,0.012520,0.020848
LHC045,10,0.220974,1.947897,-0.350186,1.949591,-0.001694,0.199227,0.021747,0.002964,0.012878,0.020013,0.001473,0.006399,0.009945,0.002887,0.012542,0.019492
LHC045,12,0.254245,2.098438,-0.408366,2.100339,-0.001901,0.232808,0.021437,0.003516,0.013146,0.023342,0.001743,0.006517,0.011572,0.003416,0.012774,0.022680
LHC045,14,0.287620,2.190659,-0.433402,2.192779,-0.002121,0.266890,0.020730,0.004175,0.014414,0.025244,0.000950,0.003279,0.005742,0.001861,0.006426,0.011255
LHC045,16,0.359743,1.937687,-0.461123,1.940121,-0.002434,0.341006,0.018737,0.014279,0.072329,0.129842,0.001753,0.008879,0.015939,0.003436,0.017403,0.031241
LHC045,18,0.435049,1.816425,-0.700911,1.818939,-0.002514,0.417091,0.017958,0.025736,0.089959,0.199881,0.004069,0.014222,0.031601,0.007975,0.027876,0.061938
LHC045,20,0.523210,1.689527,-0.730121,1.692358,-0.002831,0.506597,0.016613,0.028069,0.085370,0.233263,0.004744,0.014429,0.039426,0.009299,0.028281,0.077275
LHC045,22,0.628297,1.628243,-0.613796,1.631578,-0.003336,0.612277,0.016020,0.019834,0.065341,0.156633,0.003621,0.011929,0.028595,0.007097,0.023380,0.056046
LHC046,4,0.104414,1.184860,-0.249816,1.185344,-0.000484,0.082495,0.021919,0.001195,0.007972,0.013865,0.000535,0.003565,0.006201,0.001048,0.006988,0.012154
LHC046,6,0.124724,1.378691,-0.303258,1.379369,-0.000677,0.102634,0.022090,0.001631,0.010397,0.014139,0.000729,0.004646,0.006318,0.001428,0.009106,0.012384
LHC046,8,0.150110,1.573316,-0.356511,1.574200,-0.000884,0.127908,0.022201,0.002299,0.012476,0.015639,0.001027,0.005576,0.006990,0.002014,0.010929,0.013700
LHC046,10,0.180195,1.765069,-0.408253,1.766217,-0.001148,0.157927,0.022268,0.003010,0.013571,0.018952,0.001344,0.006057,0.008459,0.002633,0.011872,0.016580
LHC046,12,0.212428,1.933529,-0.441810,1.934928,-0.001399,0.190162,0.022266,0.003369,0.012729,0.020467,0.001505,0.005686,0.009142,0.002950,0.011144,0.017919
LHC046,14,0.244609,2.058874,-0.453499,2.060512,-0.001638,0.222497,0.022112,0.003525,0.012247,0.019358,0.000788,0.002738,0.004328,0.001544,0.005366,0.008483
LHC046,16,0.273453,2.094702,-0.495240,2.096436,-0.001734,0.251765,0.021687,0.004040,0.014711,0.028270,0.000683,0.002486,0.004778,0.001338,0.004873,0.009364
LHC046,18,0.346508,2.041747,-0.651894,2.043415,-0.001668,0.326009,0.020499,0.011482,0.041649,0.086305,0.001815,0.006585,0.013645,0.003558,0.012906,0.026745
LHC046,20,0.408712,2.062545,-0.659531,2.064296,-0.001751,0.389044,0.019668,0.017038,0.066326,0.112440,0.002879,0.011208,0.019001,0.005643,0.021968,0.037242
LHC046,22,0.470153,2.065332,-0.678614,2.067394,-0.002062,0.450932,0.019221,0.019829,0.052047,0.097916,0.003620,0.009503,0.017877,0.007096,0.018625,0.035039
LHC047,4,0.084668,1.018406,-0.265201,1.018880,-0.000474,0.063074,0.021594,0.001146,0.007827,0.013930,0.000513,0.003501,0.006230,0.001005,0.006862,0.012212
LHC047,6,0.102712,1.213499,-0.314917,1.214143,-0.000644,0.080925,0.021787,0.001558,0.009395,0.014065,0.000697,0.004200,0.006288,0.001366,0.008232,0.012325
LHC047,8,0.124842,1.406275,-0.370098,1.407119,-0.000843,0.102955,0.021887,0.002214,0.011697,0.016244,0.000989,0.005227,0.007259,0.001939,0.010245,0.014227
LHC047,10,0.151659,1.594635,-0.407226,1.595699,-0.001063,0.129628,0.022031,0.003135,0.014486,0.016768,0.001401,0.006472,0.007491,0.002745,0.012685,0.014683
LHC047,12,0.181957,1.773825,-0.448802,1.775154,-0.001329,0.159815,0.022143,0.003297,0.013600,0.021049,0.001474,0.006081,0.009411,0.002889,0.011918,0.018446
LHC047,14,0.215375,1.934924,-0.479009,1.936488,-0.001564,0.193296,0.022079,0.003469,0.011695,0.021504,0.000787,0.002655,0.004881,0.001543,0.005203,0.009567
LHC047,16,0.248444,2.051737,-0.497089,2.053473,-0.001735,0.226454,0.021990,0.003588,0.012183,0.020439,0.000606,0.002059,0.003454,0.001189,0.004036,0.006771
LHC047,18,0.306361,2.024223,-0.734956,2.025722,-0.001499,0.285154,0.021207,0.007681,0.033933,0.066573,0.001402,0.006195,0.012155,0.002749,0.012143,0.023823
LHC047,20,0.374759,2.071569,-0.718840,2.073283,-0.001715,0.354459,0.020300,0.011859,0.046681,0.088846,0.002165,0.008522,0.016220,0.004244,0.016704,0.031792
LHC047,22,0.436647,2.099994,-0.731959,2.101870,-0.001876,0.416999,0.019648,0.011735,0.038916,0.101867,0.001983,0.006577,0.017216,0.003887,0.012891,0.033743
LHC048,4,0.116354,1.305810,-0.204223,1.306720,-0.000910,0.094417,0.021937,0.001442,0.008388,0.015163,0.000644,0.003747,0.006773,0.001263,0.007344,0.013275
LHC048,6,0.139526,1.500578,-0.263183,1.501760,-0.001181,0.117600,0.021926,0.001712,0.010715,0.015201,0.000764,0.004784,0.006788,0.001498,0.009377,0.013304
LHC048,8,0.168137,1.693317,-0.326136,1.694736,-0.001419,0.146369,0.021767,0.002294,0.011943,0.015934,0.001026,0.005340,0.007124,0.002010,0.010466,0.013964
LHC048,10,0.199088,1.867186,-0.378638,1.868839,-0.001653,0.177558,0.021530,0.003189,0.014043,0.019097,0.001425,0.006276,0.008535,0.002793,0.012301,0.016729
LHC048,12,0.231746,1.998094,-0.400069,1.999998,-0.001904,0.210608,0.021139,0.003297,0.012507,0.022209,0.001472,0.005584,0.009915,0.002885,0.010944,0.019433
LHC048,14,0.266406,2.055777,-0.388200,2.057863,-0.002086,0.246064,0.020342,0.003812,0.013406,0.022255,0.000852,0.002997,0.004975,0.001671,0.005875,0.009752
LHC048,16,0.389662,1.806879,-0.159644,1.809839,-0.002960,0.370940,0.018722,0.014271,0.052969,0.044397,0.002605,0.009668,0.008103,0.005105,0.018949,0.015882
LHC048,18,0.472470,1.634310,-0.189771,1.637600,-0.003290,0.454965,0.017505,0.017614,0.053077,0.127197,0.002849,0.008585,0.020574,0.005584,0.016827,0.040326
LHC048,20,0.539041,1.533107,-0.338318,1.536502,-0.003395,0.522236,0.016805,0.014790,0.044431,0.137139,0.002700,0.008111,0.025036,0.005292,0.015898,0.049071
LHC048,22,0.606501,1.524894,-0.408381,1.528747,-0.003853,0.590119,0.016382,0.014052,0.035539,0.095384,0.002565,0.006487,0.017412,0.005028,0.012715,0.034127
LHC049,4,0.080295,1.009487,-0.046896,1.010387,-0.000900,0.058436,0.021858,0.001277,0.007481,0.010794,0.000825,0.004833,0.006973,0.001617,0.009472,0.013667
LHC049,6,0.099042,1.204789,-0.099895,1.205956,-0.001168,0.077155,0.021886,0.001559,0.009576,0.013830,0.000697,0.004281,0.006184,0.001366,0.008392,0.012120
LHC049,8,0.122369,1.397650,-0.149002,1.399063,-0.001413,0.100455,0.021914,0.002025,0.006723,0.013983,0.001422,0.004723,0.009822,0.002788,0.009256,0.019251
LHC049,10,0.151759,1.580000,-0.190647,1.581675,-0.001675,0.129974,0.021785,0.002363,0.011077,0.016766,0.001095,0.005134,0.007771,0.002147,0.010063,0.015232
LHC049,12,0.182952,1.736224,-0.215272,1.738144,-0.001920,0.161404,0.021548,0.003243,0.013904,0.017100,0.001450,0.006217,0.007647,0.002842,0.012186,0.014987
LHC049,14,0.218381,1.853187,-0.205015,1.855322,-0.002135,0.197313,0.021067,0.002760,0.010209,0.018136,0.000617,0.002283,0.004055,0.001210,0.004474,0.007948
LHC049,16,0.341442,1.732744,-0.072970,1.735494,-0.002750,0.321814,0.019628,0.010505,0.027297,0.030777,0.002247,0.005840,0.006584,0.004405,0.011446,0.012905
LHC049,18,0.392627,1.614892,-0.143212,1.617873,-0.002981,0.373876,0.018752,0.010222,0.037256,0.069068,0.001728,0.006297,0.011674,0.003387,0.012343,0.022882
LHC049,20,0.465961,1.586457,-0.144897,1.589885,-0.003428,0.448004,0.017958,0.013084,0.041075,0.069379,0.002396,0.007523,0.012708,0.004697,0.014746,0.024907
LHC049,22,0.552843,1.655875,-0.183291,1.659658,-0.003784,0.535162,0.017680,0.013823,0.045319,0.079023,0.002336,0.007660,0.013357,0.004580,0.015014,0.026180
LHC050,4,0.101797,1.176866,-0.113876,1.177804,-0.000938,0.079891,0.021906,0.001369,0.009573,0.013114,0.001102,0.007703,0.010553,0.002160,0.015098,0.020684
LHC050,6,0.123097,1.370197,-0.171379,1.371385,-0.001187,0.101181,0.021915,0.001626,0.009835,0.014702,0.000727,0.004395,0.006570,0.001425,0.008615,0.012877
LHC050,8,0.149021,1.561209,-0.223877,1.562627,-0.001418,0.127110,0.021911,0.002163,0.011414,0.017516,0.000967,0.005103,0.007832,0.001895,0.010002,0.015350
LHC050,10,0.178589,1.735107,-0.264752,1.736752,-0.001645,0.156806,0.021783,0.003071,0.013519,0.018389,0.001373,0.006046,0.008224,0.002692,0.011850,0.016119
LHC050,12,0.212279,1.886564,-0.282294,1.888465,-0.001901,0.190688,0.021591,0.003028,0.013137,0.020881,0.001354,0.005875,0.009338,0.002654,0.011515,0.018303
LHC050,14,0.249204,1.986109,-0.256404,1.988310,-0.002200,0.228001,0.021203,0.002850,0.011664,0.013770,0.000649,0.002657,0.003137,0.001273,0.005208,0.006148
LHC050,16,0.378698,1.766580,-0.058991,1.769596,-0.003017,0.358877,0.019820,0.011972,0.039854,0.039551,0.002158,0.007182,0.007128,0.004229,0.014077,0.013970
LHC050,18,0.443525,1.700188,-0.041384,1.703752,-0.003564,0.424021,0.019505,0.008182,0.029426,0.036586,0.001294,0.004653,0.005784,0.002536,0.009119,0.011338
LHC050,20,0.508471,1.706979,-0.087991,1.710843,-0.003865,0.489509,0.018962,0.010712,0.034644,0.041261,0.001693,0.005477,0.006523,0.003319,0.010735,0.012786
LHC050,22,0.574503,1.735711,-0.157787,1.739805,-0.004094,0.555970,0.018533,0.011201,0.029666,0.042527,0.001771,0.004690,0.006724,0.003471,0.009193,0.013178
LHC051,4,0.115321,1.247571,-0.040077,1.248680,-0.001109,0.093287,0.022035,0.001485,0.008258,0.014350,0.000888,0.004941,0.008585,0.001741,0.009684,0.016827
LHC051,6,0.137911,1.440909,-0.093196,1.442295,-0.001386,0.115887,0.022024,0.001553,0.009473,0.014873,0.000695,0.004236,0.006650,0.001361,0.008302,0.013035
LHC051,8,0.165014,1.628787,-0.147150,1.630437,-0.001650,0.143015,0.021999,0.002469,0.011469,0.017051,0.001103,0.005126,0.007621,0.002163,0.010047,0.014938
LHC051,10,0.194642,1.801832,-0.199048,1.803671,-0.001839,0.172779,0.021863,0.002967,0.012582,0.016839,0.001324,0.005617,0.007517,0.002596,0.011009,0.014734
LHC051,12,0.225885,1.944508,-0.242383,1.946554,-0.002047,0.204333,0.021552,0.003183,0.011640,0.021323,0.001421,0.005197,0.009521,0.002785,0.010187,0.018661
LHC051,14,0.258487,2.033640,-0.267810,2.035854,-0.002214,0.237579,0.020909,0.003953,0.013310,0.022039,0.000884,0.002976,0.004927,0.001732,0.005832,0.009657
LHC051,16,0.302115,2.070172,-0.236490,2.072678,-0.002506,0.282063,0.020052,0.004505,0.015904,0.028538,0.000761,0.002688,0.004823,0.001492,0.005268,0.009453
LHC051,18,0.436054,1.833904,-0.096227,1.837224,-0.003320,0.417453,0.018601,0.012436,0.034513,0.043539,0.001966,0.005456,0.006883,0.003853,0.010693,0.013490
LHC051,20,0.493260,1.606349,-0.488424,1.609330,-0.002981,0.476255,0.017006,0.026037,0.067956,0.208209,0.004225,0.011027,0.033787,0.008281,0.021614,0.066222
LHC051,22,0.565690,1.550398,-0.576212,1.553579,-0.003181,0.549428,0.016262,0.017697,0.064642,0.170668,0.002798,0.010219,0.026980,0.005483,0.020029,0.052881
LHC052,4,0.096517,1.159673,-0.147060,1.160475,-0.000802,0.074647,0.021870,0.001218,0.008431,0.013313,0.000544,0.003767,0.005949,0.001067,0.007384,0.011660
LHC052,6,0.117401,1.358400,-0.203194,1.359447,-0.001047,0.095484,0.021917,0.001620,0.009212,0.016091,0.000724,0.004118,0.007193,0.001419,0.008071,0.014098
LHC052,8,0.143016,1.553926,-0.257598,1.555238,-0.001312,0.121095,0.021921,0.002346,0.011467,0.017509,0.001047,0.005120,0.007817,0.002053,0.010034,0.015322
LHC052,10,0.174475,1.751472,-0.314737,1.753065,-0.001593,0.152649,0.021825,0.003081,0.012986,0.019070,0.001376,0.005800,0.008517,0.002697,0.011368,0.016693
LHC052,12,0.208580,1.926999,-0.351501,1.928852,-0.001853,0.186859,0.021720,0.003359,0.012793,0.022976,0.001500,0.005714,0.010262,0.002940,0.011200,0.020114
LHC052,14,0.242592,2.047826,-0.350202,2.049908,-0.002083,0.221260,0.021331,0.003783,0.012956,0.020431,0.000846,0.002897,0.004567,0.001658,0.005677,0.008952
LHC052,16,0.282206,2.114960,-0.294310,2.117261,-0.002300,0.261399,0.020807,0.003817,0.012859,0.022400,0.000645,0.002174,0.003786,0.001265,0.004260,0.007421
LHC052,18,0.397848,1.911674,-0.142998,1.914465,-0.002791,0.378400,0.019447,0.016154,0.066438,0.041542,0.002554,0.010504,0.006568,0.005006,0.020589,0.012873
LHC052,20,0.492286,1.820144,-0.309651,1.822900,-0.002755,0.474116,0.018170,0.016735,0.061395,0.103996,0.002646,0.009707,0.016442,0.005186,0.019025,0.032227
LHC052,22,0.604468,1.881522,-0.364177,1.884785,-0.003263,0.586933,0.017536,0.024701,0.070409,0.095651,0.003906,0.011133,0.015124,0.007655,0.021820,0.029642
LHC053,4,0.092358,1.139335,-0.229414,1.140086,-0.000751,0.070513,0.021846,0.001233,0.007891,0.014100,0.000551,0.003525,0.006298,0.001079,0.006909,0.012344
LHC053,6,0.112545,1.334132,-0.287409,1.335152,-0.001020,0.090761,0.021784,0.001507,0.009574,0.015519,0.000674,0.004278,0.006935,0.001320,0.008386,0.013592
LHC053,8,0.137623,1.528193,-0.338118,1.529472,-0.001279,0.115870,0.021753,0.002118,0.011465,0.016450,0.000947,0.005125,0.007353,0.001856,0.010045,0.014412
LHC053,10,0.167677,1.712756,-0.380436,1.714288,-0.001531,0.146059,0.021618,0.002744,0.013207,0.019025,0.001227,0.005905,0.008507,0.002404,0.011574,0.016673
LHC053,12,0.199043,1.861543,-0.398470,1.863336,-0.001793,0.177687,0.021355,0.003410,0.013519,0.020660,0.001525,0.006045,0.009238,0.002989,0.011848,0.018107
LHC053,14,0.234703,1.967460,-0.370105,1.969498,-0.002038,0.213814,0.020888,0.003657,0.012213,0.019009,0.000817,0.002730,0.004248,0.001602,0.005350,0.008327
LHC053,16,0.347662,1.794978,-0.174618,1.797634,-0.002656,0.328281,0.019381,0.010559,0.037829,0.039028,0.001784,0.006393,0.006595,0.003497,0.012530,0.012927
LHC053,18,0.420334,1.726529,-0.181365,1.729518,-0.002989,0.401362,0.018972,0.012909,0.049722,0.047716,0.002041,0.007862,0.007545,0.004000,0.015409,0.014788
LHC053,20,0.508007,1.713789,-0.309399,1.716920,-0.003131,0.490031,0.017976,0.019491,0.064014,0.091259,0.003081,0.010119,0.014426,0.006039,0.019833,0.028274
LHC053,22,0.588581,1.742615,-0.320607,1.746233,-0.003618,0.571040,0.017541,0.021768,0.066903,0.078459,0.003442,0.010579,0.012406,0.006746,0.020734,0.024315
LHC054,4,0.110035,1.236900,-0.241023,1.237620,-0.000719,0.088030,0.022005,0.001276,0.008064,0.013229,0.000570,0.003599,0.005904,0.001116,0.007054,0.011572
LHC054,6,0.131973,1.441579,-0.305668,1.442536,-0.000957,0.109931,0.022043,0.001657,0.009973,0.013828,0.000740,0.004455,0.006178,0.001451,0.008732,0.012108
LHC054,8,0.158082,1.636518,-0.361697,1.637734,-0.001216,0.136069,0.022013,0.002342,0.011871,0.017172,0.001046,0.005300,0.007667,0.002050,0.010388,0.015027
LHC054,10,0.189383,1.835679,-0.422865,1.837185,-0.001506,0.167446,0.021936,0.003034,0.013097,0.019925,0.001355,0.005850,0.008899,0.002656,0.011466,0.017443
LHC054,12,0.223264,2.006481,-0.456942,2.008299,-0.001818,0.201424,0.021840,0.003506,0.012936,0.021847,0.001565,0.005773,0.009751,0.003067,0.011316,0.019111
LHC054,14,0.256927,2.122260,-0.449861,2.124380,-0.002121,0.235363,0.021564,0.003269,0.012106,0.019091,0.000731,0.002706,0.004268,0.001432,0.005304,0.008365
LHC054,16,0.295858,2.185420,-0.390722,2.187804,-0.002385,0.274818,0.021040,0.003675,0.012206,0.020947,0.000631,0.002096,0.003597,0.001237,0.004108,0.007051
LHC054,18,0.358420,2.150881,-0.271719,2.153558,-0.002677,0.338032,0.020388,0.005669,0.024715,0.028745,0.000911,0.003972,0.004620,0.001786,0.007785,0.009055
LHC054,20,0.505019,1.901213,-0.169625,1.904703,-0.003490,0.485990,0.019030,0.013471,0.036917,0.036324,0.002166,0.005937,0.005842,0.004246,0.011637,0.011450
LHC054,22,0.619622,2.005132,-0.316623,2.008827,-0.003695,0.601132,0.018490,0.021772,0.075765,0.049727,0.003442,0.011977,0.007861,0.006746,0.023475,0.015408
LHC055,4,0.073375,0.828491,-0.111234,0.829131,-0.000640,0.051713,0.021663,0.001300,0.008439,0.014527,0.000580,0.003766,0.006483,0.001137,0.007381,0.012707
LHC055,6,0.089550,1.028799,-0.164315,1.029601,-0.000802,0.067784,0.021767,0.001446,0.009784,0.014911,0.000646,0.004368,0.006657,0.001265,0.008562,0.013047
LHC055,8,0.110132,1.222272,-0.217206,1.223252,-0.000979,0.088334,0.021798,0.001958,0.011134,0.015776,0.000875,0.004973,0.007047,0.001715,0.009748,0.013812
LHC055,10,0.135309,1.417987,-0.273253,1.419190,-0.001204,0.113448,0.021861,0.002907,0.013407,0.017617,0.001299,0.005990,0.007871,0.002546,0.011741,0.015428
LHC055,12,0.164620,1.600972,-0.308901,1.602399,-0.001427,0.142728,0.021891,0.003547,0.013454,0.021683,0.001583,0.006004,0.009677,0.003102,0.011769,0.018967
LHC055,14,0.201084,1.772377,-0.334418,1.774045,-0.001667,0.179164,0.021919,0.003539,0.011883,0.021695,0.000791,0.002657,0.004851,0.001551,0.005208,0.009509
LHC055,16,0.238257,1.920723,-0.353995,1.922596,-0.001873,0.216465,0.021792,0.003487,0.011400,0.021269,0.000589,0.001927,0.003595,0.001155,0.003777,0.007046
LHC055,18,0.276712,2.032457,-0.409356,2.034348,-0.001891,0.255054,0.021658,0.004098,0.012282,0.024497,0.000648,0.001941,0.003872,0.001270,0.003805,0.007590
LHC055,20,0.356121,1.980458,-0.608564,1.982176,-0.001717,0.335970,0.020151,0.015653,0.061847,0.095684,0.002484,0.009815,0.015185,0.004869,0.019238,0.029763
LHC055,22,0.424944,2.093861,-0.689239,2.095774,-0.001913,0.405073,0.019871,0.010765,0.038854,0.097867,0.001702,0.006142,0.015470,0.003335,0.012038,0.030321
LHC056,4,0.153961,1.454876,-0.150914,1.455855,-0.000979,0.131749,0.022212,0.001355,0.008321,0.013641,0.000606,0.003719,0.006097,0.001187,0.007290,0.011951
LHC056,6,0.179811,1.653185,-0.203140,1.654385,-0.001200,0.157539,0.022272,0.001916,0.009908,0.014660,0.000855,0.004421,0.006541,0.001676,0.008665,0.012821
LHC056,8,0.210443,1.853354,-0.268194,1.854785,-0.001432,0.188112,0.022331,0.002566,0.012971,0.015794,0.001145,0.005788,0.007047,0.002244,0.011344,0.013813
LHC056,10,0.242935,2.028344,-0.318018,2.030026,-0.001682,0.220585,0.022351,0.003361,0.014671,0.018075,0.001501,0.006550,0.008070,0.002941,0.012838,0.015817
LHC056,12,0.278117,2.186072,-0.357132,2.188050,-0.001977,0.255871,0.022246,0.003694,0.013438,0.022694,0.001652,0.006010,0.010150,0.003238,0.011781,0.019894
LHC056,14,0.312684,2.288478,-0.351234,2.290748,-0.002270,0.290800,0.021884,0.003746,0.012229,0.021643,0.000837,0.002733,0.004837,0.001641,0.005357,0.009480
LHC056,16,0.356548,2.327382,-0.285824,2.329925,-0.002542,0.335320,0.021227,0.004457,0.013947,0.024897,0.000753,0.002357,0.004208,0.001477,0.004620,0.008248
LHC056,18,0.491881,1.989266,-0.058733,1.992711,-0.003445,0.472143,0.019738,0.020560,0.060082,0.049564,0.003250,0.009499,0.007836,0.006371,0.018618,0.015358
LHC056,20,0.566096,1.908351,-0.083462,1.912238,-0.003887,0.547003,0.019093,0.018002,0.056529,0.041683,0.002846,0.008936,0.006589,0.005577,0.017514,0.012914
LHC056,22,0.640348,1.897364,-0.170617,1.901420,-0.004057,0.621999,0.018349,0.018631,0.056899,0.057642,0.002945,0.008995,0.009113,0.005773,0.017631,0.017861
LHC057,4,0.143517,1.374804,-0.121201,1.375641,-0.000837,0.121057,0.022460,0.001458,0.009820,0.014999,0.000652,0.004390,0.006705,0.001278,0.008604,0.013142
LHC057,6,0.166538,1.558874,-0.175304,1.559918,-0.001044,0.144040,0.022497,0.001705,0.010432,0.016239,0.000761,0.004659,0.007253,0.001492,0.009132,0.014216
LHC057,8,0.194490,1.747666,-0.232654,1.748880,-0.001214,0.171872,0.022618,0.002299,0.012336,0.017624,0.001027,0.005511,0.007873,0.002013,0.010801,0.015431
LHC057,10,0.226241,1.926629,-0.292548,1.927989,-0.001360,0.203574,0.022667,0.003197,0.013616,0.016468,0.001428,0.006080,0.007354,0.002798,0.011917,0.014413
LHC057,12,0.257061,2.077551,-0.358330,2.079123,-0.001572,0.234483,0.022577,0.003787,0.014572,0.020410,0.001693,0.006516,0.009126,0.003319,0.012771,0.017887
LHC057,14,0.290713,2.209498,-0.430428,2.211251,-0.001753,0.268435,0.022278,0.003701,0.013310,0.025576,0.000827,0.002975,0.005717,0.001621,0.005832,0.011205
LHC057,16,0.323211,2.297671,-0.469928,2.299729,-0.002059,0.301383,0.021828,0.004000,0.014115,0.026273,0.000676,0.002386,0.004440,0.001325,0.004676,0.008703
LHC057,18,0.372078,2.115671,-0.667584,2.117515,-0.001843,0.351953,0.020125,0.011531,0.059275,0.123394,0.001823,0.009370,0.019506,0.003573,0.018366,0.038233
LHC057,20,0.458431,1.912827,-0.892177,1.915181,-0.002354,0.439278,0.019152,0.014404,0.058414,0.170826,0.002283,0.009257,0.027071,0.004474,0.018144,0.053059
LHC057,22,0.506916,1.933864,-1.007207,1.936256,-0.002392,0.488775,0.018140,0.016204,0.054679,0.180262,0.002562,0.008645,0.028501,0.005022,0.016945,0.055863
LHC058,4,0.109696,1.242373,-0.121416,1.243315,-0.000942,0.087636,0.022059,0.001373,0.008408,0.012829,0.000614,0.003760,0.005737,0.001204,0.007370,0.011245
LHC058,6,0.132092,1.440032,-0.176687,1.441223,-0.001190,0.110012,0.022080,0.001735,0.009643,0.015017,0.000775,0.004311,0.006713,0.001520,0.008449,0.013158
LHC058,8,0.160599,1.639201,-0.229515,1.640655,-0.001453,0.138445,0.022154,0.002343,0.011469,0.017328,0.001047,0.005126,0.007745,0.002052,0.010046,0.015179
LHC058,10,0.191489,1.825627,-0.283249,1.827356,-0.001729,0.169378,0.022112,0.003172,0.013293,0.018736,0.001417,0.005940,0.008372,0.002778,0.011642,0.016409
LHC058,12,0.224624,1.982239,-0.315346,1.984207,-0.001968,0.202720,0.021905,0.003550,0.013432,0.022555,0.001587,0.006004,0.010082,0.003111,0.011768,0.019760
LHC058,14,0.259097,2.099233,-0.322366,2.101360,-0.002128,0.237619,0.021478,0.003854,0.013243,0.021199,0.000891,0.003060,0.004899,0.001745,0.005998,0.009601
LHC058,16,0.281751,2.075129,-0.378385,2.077150,-0.002021,0.261251,0.020500,0.005055,0.022025,0.041943,0.000855,0.003726,0.007096,0.001676,0.007303,0.013907
LHC058,18,0.383962,1.923711,-0.422094,1.925861,-0.002150,0.365060,0.018902,0.026919,0.084225,0.126961,0.004255,0.013314,0.020069,0.008340,0.026095,0.039336
LHC058,20,0.507155,1.789287,-0.244838,1.792344,-0.003057,0.489406,0.017749,0.020134,0.065028,0.113355,0.003247,0.010486,0.018279,0.006363,0.020553,0.035827
LHC058,22,0.582484,1.778999,-0.243095,1.782774,-0.003775,0.564893,0.017591,0.015702,0.046334,0.078016,0.002482,0.007324,0.012332,0.004865,0.014356,0.024171
LHC059,4,0.098355,1.188178,-0.177726,1.188964,-0.000786,0.076345,0.022011,0.001148,0.008325,0.013447,0.000513,0.003721,0.006010,0.001006,0.007293,0.011779
LHC059,6,0.119673,1.388425,-0.233735,1.389464,-0.001039,0.097625,0.022048,0.001605,0.009419,0.014969,0.000718,0.004213,0.006695,0.001407,0.008257,0.013121
LHC059,8,0.146279,1.585825,-0.289548,1.587133,-0.001308,0.124247,0.022032,0.002283,0.011600,0.017080,0.001019,0.005177,0.007623,0.001997,0.010148,0.014941
LHC059,10,0.177143,1.776907,-0.341664,1.778501,-0.001594,0.155196,0.021947,0.003026,0.012908,0.018674,0.001353,0.005771,0.008349,0.002651,0.011311,0.016364
LHC059,12,0.210216,1.945549,-0.377105,1.947422,-0.001873,0.188441,0.021775,0.003348,0.012978,0.020256,0.001497,0.005803,0.009057,0.002934,0.011373,0.017751
LHC059,14,0.245044,2.075449,-0.383123,2.077548,-0.002099,0.223606,0.021437,0.003753,0.013017,0.021388,0.000839,0.002910,0.004782,0.001645,0.005704,0.009372
LHC059,16,0.282168,2.143343,-0.343703,2.145616,-0.002273,0.261264,0.020905,0.003561,0.012808,0.023621,0.000602,0.002165,0.003992,0.001180,0.004243,0.007825
LHC059,18,0.372053,1.917491,-0.345185,1.919813,-0.002322,0.352664,0.019388,0.013956,0.065025,0.081213,0.002206,0.010281,0.012840,0.004325,0.020150,0.025166
LHC059,20,0.489346,1.808324,-0.316207,1.811196,-0.002872,0.471324,0.018022,0.019113,0.056359,0.100235,0.003021,0.008909,0.015845,0.005922,0.017461,0.031055
LHC059,22,0.565531,1.773154,-0.278526,1.776776,-0.003622,0.547835,0.017696,0.016266,0.044373,0.083557,0.002572,0.007016,0.013212,0.005041,0.013752,0.025895
LHC060,4,0.092353,1.115387,-0.267271,1.116161,-0.000774,0.070753,0.021600,0.001257,0.008626,0.013369,0.000602,0.004131,0.006403,0.001180,0.008097,0.012549
LHC060,6,0.111911,1.311457,-0.324786,1.312520,-0.001062,0.090407,0.021503,0.001306,0.008429,0.010572,0.000584,0.003768,0.004725,0.001145,0.007385,0.009262
LHC060,8,0.136927,1.504429,-0.386964,1.505724,-0.001295,0.115609,0.021318,0.001615,0.009918,0.015524,0.000974,0.005983,0.009364,0.001909,0.011726,0.018353
LHC060,10,0.164242,1.671988,-0.418687,1.673532,-0.001544,0.143110,0.021132,0.002280,0.011620,0.015618,0.001019,0.005193,0.006980,0.001998,0.010179,0.013682
LHC060,12,0.195252,1.800191,-0.429543,1.801949,-0.001759,0.174629,0.020623,0.003270,0.014129,0.022004,0.001462,0.006317,0.009838,0.002866,0.012381,0.019282
LHC060,14,0.281832,1.744964,-0.288972,1.747162,-0.002198,0.262598,0.019235,0.007352,0.033045,0.030744,0.001644,0.007388,0.006873,0.003222,0.014481,0.013472
LHC060,16,0.358214,1.652287,-0.197638,1.655054,-0.002767,0.339787,0.018427,0.008640,0.031975,0.034511,0.001579,0.005842,0.006306,0.003094,0.011451,0.012359
LHC060,18,0.434572,1.605588,-0.236474,1.608724,-0.003136,0.416889,0.017684,0.013300,0.047583,0.093864,0.002103,0.007523,0.014840,0.004121,0.014745,0.029087
LHC060,20,0.512280,1.503121,-0.364494,1.506435,-0.003314,0.495270,0.017010,0.014397,0.047765,0.136478,0.002276,0.007552,0.021578,0.004461,0.014802,0.042293
LHC060,22,0.595498,1.545768,-0.582214,1.549118,-0.003350,0.579142,0.016356,0.021388,0.059948,0.128369,0.003382,0.009478,0.020296,0.006628,0.018577,0.039780
LHC061,4,0.147333,1.417475,-0.123213,1.418518,-0.001042,0.125308,0.022026,0.001518,0.007957,0.012622,0.000678,0.003557,0.005642,0.001330,0.006971,0.011058
LHC061,6,0.171777,1.607915,-0.172772,1.609183,-0.001268,0.149701,0.022076,0.001945,0.010524,0.013829,0.000869,0.004701,0.006177,0.001703,0.009215,0.012108
LHC061,8,0.201530,1.800745,-0.232103,1.802221,-0.001476,0.179450,0.022079,0.002450,0.012586,0.016218,0.001094,0.005619,0.007240,0.002143,0.011013,0.014191
LHC061,10,0.235552,1.984435,-0.287099,1.986125,-0.001690,0.213464,0.022088,0.003266,0.014394,0.017298,0.001458,0.006426,0.007723,0.002858,0.012595,0.015137
LHC061,12,0.269552,2.129464,-0.309547,2.131402,-0.001937,0.247621,0.021931,0.003370,0.013198,0.020008,0.001504,0.005892,0.008932,0.002948,0.011549,0.017508
LHC061,14,0.304266,2.215255,-0.290129,2.217461,-0.002205,0.282824,0.021443,0.003741,0.012416,0.019531,0.000836,0.002776,0.004367,0.001639,0.005441,0.008559
LHC061,16,0.424316,1.975026,-0.049371,1.977945,-0.002919,0.404459,0.019856,0.015242,0.056057,0.040283,0.001515,0.005570,0.004003,0.002968,0.010917,0.007845
LHC061,18,0.485593,1.823204,-0.016930,1.826695,-0.003491,0.466263,0.019330,0.015104,0.046282,0.047241,0.002388,0.007316,0.007468,0.004680,0.014340,0.014636
LHC061,20,0.559521,1.814609,-0.102830,1.818268,-0.003659,0.540898,0.018623,0.014814,0.045179,0.054006,0.002342,0.007143,0.008539,0.004591,0.014001,0.016736
LHC061,22,0.639420,1.814951,-0.179235,1.818940,-0.003989,0.621878,0.017543,0.027701,0.063602,0.067515,0.004380,0.010056,0.010674,0.008584,0.019709,0.020922
LHC062,4,0.078468,1.013544,-0.215334,1.014247,-0.000703,0.056785,0.021683,0.001077,0.008094,0.013620,0.000481,0.003619,0.006090,0.000944,0.007093,0.011936
LHC062,6,0.097023,1.210920,-0.272321,1.211867,-0.000947,0.075387,0.021636,0.001428,0.009101,0.015277,0.000638,0.004067,0.006826,0.001251,0.007970,0.013379
LHC062,8,0.120019,1.404818,-0.329351,1.406019,-0.001200,0.098488,0.021531,0.002116,0.011026,0.017094,0.000946,0.004930,0.007643,0.001854,0.009663,0.014981
LHC062,10,0.147634,1.594724,-0.372019,1.596181,-0.001457,0.126212,0.021423,0.002618,0.012524,0.017613,0.001170,0.005595,0.007868,0.002292,0.010966,0.015421
LHC062,12,0.178423,1.756727,-0.393734,1.758450,-0.001723,0.157116,0.021308,0.003110,0.013326,0.020328,0.001388,0.005947,0.009072,0.002720,0.011657,0.017780
LHC062,14,0.212397,1.882783,-0.383725,1.884781,-0.001998,0.191331,0.021067,0.003868,0.013763,0.020962,0.000865,0.003077,0.004686,0.001695,0.006031,0.009185
LHC062,16,0.313485,1.808287,-0.229363,1.810880,-0.002593,0.293589,0.019896,0.008069,0.034229,0.032479,0.001364,0.005784,0.005488,0.002672,0.011337,0.010757
LHC062,18,0.394776,1.727081,-0.154789,1.730222,-0.003141,0.375393,0.019383,0.011231,0.033226,0.034554,0.001775,0.005252,0.005462,0.003480,0.010294,0.010706
LHC062,20,0.485336,1.780721,-0.208785,1.784241,-0.003520,0.466281,0.019054,0.016730,0.048798,0.042888,0.002645,0.007714,0.006780,0.005184,0.015120,0.013289
LHC062,22,0.549445,1.779947,-0.265867,1.783740,-0.003792,0.530889,0.018555,0.013390,0.034934,0.040235,0.002117,0.005522,0.006361,0.004149,0.010824,0.012467
LHC063,4,0.109129,1.239816,-0.216289,1.240412,-0.000596,0.086949,0.022180,0.001325,0.008288,0.013406,0.000592,0.003704,0.005991,0.001161,0.007259,0.011742
LHC063,6,0.131257,1.436853,-0.270867,1.437670,-0.000817,0.108912,0.022345,0.001714,0.010427,0.013908,0.000765,0.004652,0.006205,0.001499,0.009118,0.012163
LHC063,8,0.157671,1.627371,-0.324591,1.628392,-0.001020,0.135285,0.022386,0.002291,0.012340,0.015958,0.001024,0.005516,0.007133,0.002007,0.010811,0.013981
LHC063,10,0.187859,1.807969,-0.371537,1.809240,-0.001271,0.165431,0.022428,0.003108,0.014511,0.016617,0.001388,0.006480,0.007421,0.002721,0.012701,0.014545
LHC063,12,0.220831,1.971219,-0.415855,1.972756,-0.001537,0.198509,0.022322,0.003448,0.013766,0.020772,0.001541,0.006151,0.009282,0.003020,0.012057,0.018193
LHC063,14,0.254491,2.087262,-0.447262,2.089049,-0.001787,0.232508,0.021983,0.003391,0.012568,0.020097,0.000758,0.002810,0.004494,0.001486,0.005508,0.008808
LHC063,16,0.287770,2.145348,-0.450336,2.147375,-0.002028,0.266284,0.021485,0.003985,0.013524,0.027887,0.000682,0.002316,0.004776,0.001338,0.004539,0.009360
LHC063,18,0.343148,2.015348,-0.627414,2.017136,-0.001788,0.323055,0.020093,0.008684,0.046020,0.118616,0.001414,0.007493,0.019313,0.002771,0.014686,0.037853
LHC063,20,0.399916,2.012645,-0.691093,2.014542,-0.001896,0.380354,0.019561,0.015373,0.050365,0.085925,0.002430,0.007963,0.013584,0.004764,0.015607,0.026625
LHC063,22,0.481884,1.872017,-0.873517,1.874538,-0.002521,0.463202,0.018682,0.016019,0.053479,0.152079,0.002533,0.008456,0.024046,0.004964,0.016574,0.047131
LHC064,4,0.082729,0.991188,-0.264364,0.991645,-0.000457,0.060930,0.021799,0.001188,0.008417,0.013177,0.000531,0.003762,0.005890,0.001041,0.007374,0.011544
LHC064,6,0.100244,1.190313,-0.317908,1.190951,-0.000638,0.078258,0.021985,0.001496,0.009435,0.014427,0.000667,0.004209,0.006437,0.001308,0.008250,0.012616
LHC064,8,0.122338,1.384198,-0.374212,1.385041,-0.000843,0.100266,0.022072,0.002220,0.012123,0.016115,0.000991,0.005409,0.007191,0.001942,0.010603,0.014094
LHC064,10,0.148926,1.576643,-0.411689,1.577717,-0.001073,0.126704,0.022222,0.003078,0.015244,0.016056,0.001375,0.006810,0.007173,0.002695,0.013347,0.014058
LHC064,12,0.179480,1.757769,-0.452583,1.759104,-0.001335,0.157194,0.022287,0.003325,0.013313,0.020250,0.001487,0.005953,0.009055,0.002915,0.011668,0.017748
LHC064,14,0.212673,1.921629,-0.487174,1.923200,-0.001571,0.190422,0.022251,0.003087,0.011440,0.019154,0.000690,0.002557,0.004281,0.001352,0.005012,0.008391
LHC064,16,0.245410,2.037936,-0.515233,2.039668,-0.001732,0.223223,0.022187,0.003485,0.013282,0.022742,0.000589,0.002245,0.003844,0.001154,0.004400,0.007534
LHC064,18,0.307578,2.023703,-0.711918,2.025255,-0.001552,0.286322,0.021256,0.011644,0.042919,0.082766,0.001850,0.006819,0.013150,0.003626,0.013366,0.025774
LHC064,20,0.368806,2.073717,-0.761156,2.075498,-0.001781,0.348196,0.020610,0.011186,0.041677,0.089829,0.001769,0.006590,0.014203,0.003467,0.012916,0.027838
LHC064,22,0.432506,2.110660,-0.778891,2.112641,-0.001981,0.412457,0.020049,0.009704,0.035486,0.072306,0.001534,0.005609,0.011430,0.003007,0.010994,0.022402
LHC065,4,0.099808,1.190897,-0.164347,1.191561,-0.000663,0.077877,0.021931,0.001214,0.008403,0.013142,0.000542,0.003750,0.005865,0.001062,0.007349,0.011495
LHC065,6,0.121538,1.388523,-0.221428,1.389409,-0.000887,0.099551,0.021987,0.001681,0.010430,0.013793,0.000751,0.004661,0.006163,0.001472,0.009135,0.012080
LHC065,8,0.147908,1.579339,-0.274228,1.580429,-0.001090,0.125895,0.022013,0.002561,0.013491,0.016423,0.001145,0.006030,0.007340,0.002243,0.011819,0.014387
LHC065,10,0.177841,1.760046,-0.330122,1.761350,-0.001305,0.155878,0.021963,0.003271,0.014315,0.019208,0.001463,0.006402,0.008590,0.002867,0.012548,0.016837
LHC065,12,0.210795,1.918829,-0.379398,1.920347,-0.001518,0.189017,0.021778,0.003500,0.013071,0.021161,0.001565,0.005844,0.009461,0.003067,0.011454,0.018543
LHC065,14,0.242294,2.017111,-0.397458,2.018802,-0.001691,0.220949,0.021344,0.003686,0.013326,0.021641,0.000824,0.002979,0.004838,0.001615,0.005839,0.009482
LHC065,16,0.278298,2.063883,-0.386765,2.065824,-0.001941,0.257573,0.020725,0.004251,0.015503,0.026498,0.000732,0.002668,0.004561,0.001434,0.005230,0.008939
LHC065,18,0.339813,1.845126,-0.484031,1.846861,-0.001735,0.320973,0.018841,0.010689,0.054053,0.130895,0.001690,0.008545,0.020693,0.003312,0.016749,0.040559
LHC065,20,0.419765,1.764039,-0.768797,1.766220,-0.002181,0.401162,0.018603,0.012346,0.047388,0.139325,0.001974,0.007576,0.022275,0.003869,0.014850,0.043660
LHC065,22,0.483313,1.777787,-0.844705,1.780250,-0.002463,0.465487,0.017826,0.013466,0.048010,0.126297,0.002146,0.007650,0.020125,0.004206,0.014994,0.039444
LHC066,4,0.077818,0.980247,-0.048816,0.981107,-0.000860,0.055991,0.021827,0.001233,0.007429,0.012854,0.000551,0.003317,0.005739,0.001079,0.006502,0.011249
LHC066,6,0.096337,1.179278,-0.103540,1.180388,-0.001110,0.074448,0.021889,0.001489,0.008970,0.012760,0.000665,0.004009,0.005702,0.001304,0.007857,0.011177
LHC066,8,0.119306,1.372343,-0.154654,1.373704,-0.001361,0.097402,0.021905,0.002132,0.010755,0.015131,0.000953,0.004809,0.006766,0.001868,0.009426,0.013262
LHC066,10,0.147700,1.564163,-0.204212,1.565805,-0.001643,0.125812,0.021888,0.002699,0.011861,0.015291,0.001207,0.005304,0.006838,0.002366,0.010397,0.013403
LHC066,12,0.178624,1.734225,-0.239112,1.736133,-0.001908,0.156898,0.021726,0.003027,0.011713,0.018166,0.001353,0.005238,0.008123,0.002653,0.010266,0.015922
LHC066,14,0.212572,1.868415,-0.239891,1.870539,-0.002123,0.191228,0.021343,0.003332,0.011669,0.019686,0.000745,0.002608,0.004400,0.001460,0.005112,0.008625
LHC066,16,0.253805,1.947771,-0.196990,1.950082,-0.002311,0.233083,0.020722,0.003688,0.012662,0.022741,0.000623,0.002140,0.003843,0.001221,0.004194,0.007532
LHC066,18,0.383739,1.804203,-0.119345,1.807034,-0.002831,0.364211,0.019528,0.016229,0.042370,0.045499,0.002744,0.007164,0.007693,0.005378,0.014041,0.015077
LHC066,20,0.450067,1.686878,-0.245338,1.689777,-0.002899,0.431763,0.018304,0.021062,0.053027,0.086118,0.003329,0.008382,0.013612,0.006525,0.016428,0.026680
LHC066,22,0.552490,1.739063,-0.279655,1.742481,-0.003418,0.534742,0.017748,0.017887,0.047360,0.099207,0.002828,0.007488,0.015685,0.005543,0.014676,0.030743
LHC067,4,0.134139,1.370325,-0.157302,1.371249,-0.000925,0.112108,0.022031,0.001375,0.008987,0.015328,0.000614,0.004015,0.006849,0.001204,0.007870,0.013424
LHC067,6,0.158843,1.571051,-0.209289,1.572207,-0.001156,0.136759,0.022084,0.001820,0.010504,0.015571,0.000812,0.004689,0.006950,0.001592,0.009190,0.013622
LHC067,8,0.190018,1.781155,-0.269784,1.782554,-0.001399,0.167837,0.022181,0.002823,0.013264,0.019221,0.001262,0.005928,0.008590,0.002473,0.011619,0.016837
LHC067,10,0.223012,1.971688,-0.326348,1.973353,-0.001665,0.200842,0.022170,0.003370,0.014970,0.019312,0.001505,0.006685,0.008623,0.002950,0.013102,0.016902
LHC067,12,0.258686,2.134565,-0.359752,2.136510,-0.001945,0.236635,0.022050,0.003482,0.013336,0.023425,0.001556,0.005959,0.010466,0.003049,0.011679,0.020514
LHC067,14,0.292715,2.244250,-0.358172,2.246448,-0.002198,0.271091,0.021624,0.004070,0.013681,0.021749,0.000910,0.003058,0.004862,0.001783,0.005994,0.009529
LHC067,16,0.332171,2.296912,-0.304349,2.299314,-0.002402,0.311130,0.021041,0.003997,0.013176,0.022447,0.000675,0.002227,0.003793,0.001324,0.004364,0.007435
LHC067,18,0.451454,2.012688,-0.122330,2.015584,-0.002896,0.432020,0.019434,0.015670,0.057790,0.044969,0.002478,0.009137,0.007110,0.004856,0.017908,0.013935
LHC067,20,0.526630,1.865474,-0.229413,1.868489,-0.003015,0.508820,0.017811,0.018883,0.055138,0.107807,0.003009,0.008787,0.017181,0.005898,0.017223,0.033674
LHC067,22,0.604923,1.816348,-0.207371,1.820124,-0.003776,0.587435,0.017487,0.014540,0.041464,0.080888,0.002298,0.006555,0.012787,0.004505,0.012847,0.025062
LHC068,4,0.125603,1.235640,0.001218,1.236584,-0.000944,0.103347,0.022256,0.001350,0.008235,0.013585,0.000604,0.003682,0.006074,0.001183,0.007216,0.011905
LHC068,6,0.147872,1.430028,-0.047494,1.431168,-0.001140,0.125485,0.022387,0.001552,0.009892,0.012882,0.000694,0.004423,0.005760,0.001360,0.008669,0.011290
LHC068,8,0.173655,1.618479,-0.101544,1.619793,-0.001314,0.151137,0.022519,0.002293,0.012352,0.014180,0.001024,0.005517,0.006334,0.002008,0.010813,0.012414
LHC068,10,0.201603,1.790921,-0.161081,1.792384,-0.001463,0.179053,0.022549,0.002997,0.014218,0.014041,0.001340,0.006360,0.006280,0.002627,0.012465,0.012310
LHC068,12,0.232360,1.948413,-0.228299,1.950076,-0.001664,0.209861,0.022499,0.003279,0.012616,0.016073,0.001464,0.005632,0.007175,0.002869,0.011039,0.014063
LHC068,14,0.263303,2.073666,-0.296263,2.075515,-0.001849,0.241121,0.022183,0.003461,0.012628,0.020325,0.000774,0.002823,0.004544,0.001517,0.005534,0.008907
LHC068,16,0.295147,2.159729,-0.342292,2.161879,-0.002151,0.273468,0.021678,0.004108,0.014694,0.024344,0.000757,0.002706,0.004483,0.001483,0.005304,0.008787
LHC068,18,0.363906,1.730774,-0.634100,1.732955,-0.002181,0.344443,0.019463,0.014162,0.066645,0.186118,0.002239,0.010536,0.029423,0.004388,0.020650,0.057669
LHC068,20,0.421800,1.778996,-0.778215,1.781327,-0.002331,0.403016,0.018784,0.017227,0.070846,0.172982,0.002723,0.011199,0.027344,0.005337,0.021950,0.053594
LHC068,22,0.467172,1.790979,-0.872621,1.793360,-0.002381,0.449030,0.018142,0.015112,0.051884,0.153222,0.002389,0.008203,0.024225,0.004683,0.016078,0.047481
LHC069,4,0.114644,1.292843,-0.186814,1.293686,-0.000843,0.092672,0.021972,0.001420,0.008414,0.013405,0.000634,0.003757,0.005986,0.001243,0.007364,0.011732
LHC069,6,0.137921,1.494297,-0.243256,1.495384,-0.001087,0.115909,0.022012,0.001692,0.009866,0.014254,0.000756,0.004408,0.006368,0.001481,0.008639,0.012481
LHC069,8,0.166387,1.688583,-0.299009,1.689916,-0.001333,0.144389,0.021998,0.002465,0.011919,0.016376,0.001100,0.005319,0.007308,0.002156,0.010426,0.014325
LHC069,10,0.198854,1.877162,-0.346705,1.878764,-0.001601,0.176952,0.021901,0.003088,0.013686,0.016924,0.001381,0.006120,0.007568,0.002706,0.011995,0.014833
LHC069,12,0.234060,2.037364,-0.371407,2.039228,-0.001864,0.212335,0.021724,0.003531,0.012830,0.020271,0.001576,0.005725,0.009046,0.003088,0.011222,0.017730
LHC069,14,0.269132,2.135991,-0.356212,2.138107,-0.002116,0.247893,0.021239,0.003515,0.012354,0.018824,0.000786,0.002761,0.004207,0.001540,0.005412,0.008246
LHC069,16,0.377882,1.952038,-0.158683,1.954778,-0.002740,0.358106,0.019776,0.014022,0.043476,0.039846,0.002370,0.007348,0.006734,0.004645,0.014401,0.013199
LHC069,18,0.451666,1.831947,-0.081022,1.835205,-0.003258,0.432465,0.019201,0.015658,0.052692,0.045419,0.002649,0.008915,0.007684,0.005192,0.017473,0.015061
LHC069,20,0.521884,1.768300,-0.219229,1.771567,-0.003267,0.503780,0.018104,0.017209,0.043707,0.076621,0.002721,0.006910,0.012114,0.005333,0.013544,0.023744
LHC069,22,0.614031,1.813309,-0.255509,1.817019,-0.003710,0.596497,0.017534,0.021875,0.053861,0.073021,0.003459,0.008516,0.011546,0.006779,0.016692,0.022629
LHC070,4,0.161224,1.460499,-0.142402,1.461538,-0.001039,0.139283,0.021942,0.001849,0.009953,0.013762,0.000826,0.004447,0.006148,0.001619,0.008715,0.012051
LHC070,6,0.186637,1.649283,-0.181910,1.650599,-0.001316,0.164741,0.021896,0.002125,0.014844,0.017298,0.000949,0.006631,0.007726,0.001860,0.012996,0.015144
LHC070,8,0.217566,1.845639,-0.242186,1.847188,-0.001549,0.195736,0.021830,0.002812,0.015704,0.017751,0.001256,0.007014,0.007929,0.002462,0.013748,0.015540
LHC070,10,0.250634,2.042913,-0.338780,2.044650,-0.001738,0.228951,0.021683,0.003049,0.013895,0.018795,0.001362,0.006209,0.008398,0.002670,0.012169,0.016460
LHC070,12,0.280819,2.154743,-0.370895,2.156715,-0.001972,0.259558,0.021261,0.003701,0.012866,0.019421,0.001655,0.005752,0.008683,0.003243,0.011274,0.017018
LHC070,14,0.306125,2.168329,-0.389098,2.170399,-0.002071,0.285810,0.020315,0.004160,0.015587,0.032646,0.000930,0.003485,0.007299,0.001823,0.006831,0.014306
LHC070,16,0.436339,1.933047,-0.115071,1.936122,-0.003075,0.417568,0.018771,0.014609,0.050710,0.046098,0.002469,0.008571,0.007791,0.004840,0.016798,0.015271
LHC070,18,0.511689,1.700579,-0.131844,1.703973,-0.003394,0.494418,0.017271,0.020644,0.063881,0.163358,0.003348,0.010360,0.026494,0.006562,0.020306,0.051928
LHC070,20,0.588755,1.618405,-0.281198,1.621880,-0.003475,0.572247,0.016508,0.017215,0.050507,0.178676,0.002759,0.008096,0.028640,0.005408,0.015868,0.056135
LHC070,22,0.638686,1.536891,-0.324385,1.540933,-0.004042,0.622788,0.015899,0.013056,0.040566,0.103453,0.002064,0.006414,0.016356,0.004046,0.012571,0.032059
LHC071,4,0.102106,1.114915,-0.097226,1.115645,-0.000731,0.079928,0.022177,0.001004,0.008457,0.012630,0.000449,0.003779,0.005643,0.000880,0.007406,0.011060
LHC071,6,0.122060,1.312691,-0.155531,1.313576,-0.000885,0.099743,0.022317,0.001552,0.010022,0.014429,0.000694,0.004480,0.006451,0.001360,0.008782,0.012643
LHC071,8,0.146368,1.507624,-0.211644,1.508684,-0.001060,0.123875,0.022493,0.002156,0.011833,0.015369,0.000963,0.005283,0.006861,0.001887,0.010354,0.013448
LHC071,10,0.175172,1.698694,-0.268653,1.699959,-0.001264,0.152589,0.022584,0.002909,0.013271,0.018064,0.001300,0.005932,0.008075,0.002548,0.011627,0.015827
LHC071,12,0.207872,1.880650,-0.315832,1.882190,-0.001539,0.185113,0.022758,0.003341,0.012555,0.019386,0.001492,0.005608,0.008659,0.002925,0.010991,0.016971
LHC071,14,0.242868,2.049330,-0.362559,2.051174,-0.001844,0.219985,0.022883,0.003420,0.011594,0.019050,0.000764,0.002591,0.004258,0.001498,0.005079,0.008345
LHC071,16,0.279064,2.187645,-0.379541,2.189736,-0.002092,0.256228,0.022836,0.003381,0.011459,0.019146,0.000571,0.001936,0.003235,0.001120,0.003795,0.006341
LHC071,18,0.314744,2.283532,-0.394120,2.285768,-0.002236,0.292135,0.022609,0.003851,0.011580,0.020953,0.000609,0.001831,0.003313,0.001193,0.003588,0.006493
LHC071,20,0.352687,2.359655,-0.390667,2.362026,-0.002372,0.330447,0.022240,0.004554,0.012737,0.025739,0.000720,0.002014,0.004071,0.001412,0.003948,0.007979
LHC071,22,0.387165,2.364551,-0.409746,2.366987,-0.002436,0.365502,0.021663,0.005559,0.016455,0.038116,0.000879,0.002601,0.006026,0.001723,0.005099,0.011811
LHC072,4,0.103517,1.123683,-0.284431,1.124086,-0.000404,0.081736,0.021781,0.001391,0.009329,0.015641,0.000621,0.004165,0.006983,0.001217,0.008163,0.013687
LHC072,6,0.123757,1.321164,-0.338501,1.321764,-0.000600,0.101791,0.021966,0.001727,0.011525,0.015082,0.000771,0.005143,0.006731,0.001510,0.010081,0.013192
LHC072,8,0.147451,1.512752,-0.392202,1.513551,-0.000799,0.125398,0.022053,0.002390,0.013101,0.015469,0.001067,0.005849,0.006906,0.002091,0.011464,0.013536
LHC072,10,0.175970,1.712233,-0.444305,1.713273,-0.001041,0.153828,0.022142,0.003247,0.016367,0.016850,0.001450,0.007310,0.007526,0.002842,0.014328,0.014750
LHC072,12,0.207115,1.886401,-0.484337,1.887704,-0.001303,0.184932,0.022183,0.003361,0.012151,0.020313,0.001500,0.005423,0.009066,0.002940,0.010630,0.017770
LHC072,14,0.240447,2.028875,-0.502809,2.030446,-0.001571,0.218363,0.022084,0.003211,0.012316,0.017855,0.000739,0.002835,0.004110,0.001449,0.005557,0.008055
LHC072,16,0.272431,2.112553,-0.489512,2.114337,-0.001784,0.250530,0.021900,0.003544,0.012069,0.020029,0.000599,0.002040,0.003385,0.001174,0.003998,0.006635
LHC072,18,0.328848,2.066594,-0.681090,2.068123,-0.001529,0.307734,0.021114,0.009907,0.029634,0.084121,0.001675,0.005010,0.014220,0.003282,0.009819,0.027872
LHC072,20,0.404418,2.093381,-0.698942,2.095210,-0.001829,0.384288,0.020129,0.014107,0.049360,0.076594,0.002253,0.007885,0.012235,0.004417,0.015454,0.023981
LHC072,22,0.468696,2.089572,-0.744375,2.091622,-0.002050,0.449205,0.019490,0.010176,0.032026,0.110303,0.001621,0.005102,0.017571,0.003177,0.009999,0.034439
LHC073,4,0.130830,1.288986,-0.019217,1.289863,-0.000877,0.108528,0.022302,0.001182,0.007913,0.014649,0.000529,0.003539,0.006551,0.001036,0.006937,0.012841
LHC073,6,0.153939,1.480417,-0.069573,1.481477,-0.001060,0.131436,0.022503,0.001506,0.009964,0.014019,0.000673,0.004451,0.006262,0.001319,0.008724,0.012274
LHC073,8,0.181820,1.675217,-0.116650,1.676456,-0.001240,0.159052,0.022768,0.002327,0.013313,0.014534,0.001040,0.005949,0.006495,0.002038,0.011660,0.012730
LHC073,10,0.212417,1.854880,-0.166602,1.856314,-0.001434,0.189458,0.022959,0.003086,0.015161,0.015286,0.001377,0.006767,0.006823,0.002699,0.013264,0.013373
LHC073,12,0.245014,2.017293,-0.211590,2.018962,-0.001669,0.221991,0.023024,0.003511,0.013948,0.016879,0.001568,0.006230,0.007538,0.003073,0.012210,0.014775
LHC073,14,0.274543,2.135959,-0.266672,2.137803,-0.001844,0.251799,0.022744,0.003672,0.012675,0.020527,0.000849,0.002932,0.004748,0.001665,0.005746,0.009306
LHC073,16,0.289807,2.119314,-0.370528,2.121124,-0.001810,0.268007,0.021800,0.005363,0.024363,0.046521,0.000906,0.004118,0.007862,0.001777,0.008071,0.015410
LHC073,18,0.345384,2.029509,-0.519289,2.031209,-0.001701,0.324994,0.020390,0.011095,0.058485,0.111534,0.001754,0.009247,0.017634,0.003438,0.018124,0.034563
LHC073,20,0.411897,2.073217,-0.610911,2.074941,-0.001724,0.392167,0.019730,0.011629,0.051402,0.127933,0.001839,0.008127,0.020228,0.003604,0.015929,0.039647
LHC073,22,0.448396,2.070580,-0.521154,2.072627,-0.002048,0.429333,0.019063,0.016296,0.064625,0.128496,0.002576,0.010216,0.020313,0.005049,0.020023,0.039813
LHC074,4,0.123876,1.324477,-0.148689,1.325446,-0.000969,0.101883,0.021993,0.001344,0.008246,0.014195,0.000600,0.003681,0.006336,0.001176,0.007214,0.012418
LHC074,6,0.146774,1.512742,-0.198610,1.513963,-0.001221,0.124765,0.022009,0.001769,0.010193,0.015362,0.000790,0.004555,0.006864,0.001549,0.008927,0.013453
LHC074,8,0.176326,1.711252,-0.254313,1.712706,-0.001454,0.154250,0.022076,0.002487,0.012493,0.015611,0.001111,0.005583,0.006977,0.002178,0.010943,0.013675
LHC074,10,0.208215,1.895869,-0.306597,1.897547,-0.001678,0.186203,0.022012,0.003125,0.013381,0.017613,0.001395,0.005974,0.007863,0.002735,0.011708,0.015411
LHC074,12,0.243132,2.050395,-0.333235,2.052322,-0.001927,0.221363,0.021769,0.003284,0.012355,0.018974,0.001465,0.005513,0.008467,0.002872,0.010806,0.016596
LHC074,14,0.278653,2.149783,-0.326098,2.151906,-0.002123,0.257421,0.021232,0.003885,0.013060,0.020704,0.000868,0.002919,0.004627,0.001702,0.005721,0.009070
LHC074,16,0.377809,1.957117,-0.163948,1.959664,-0.002547,0.358193,0.019616,0.016225,0.048801,0.047699,0.002742,0.008248,0.008062,0.005375,0.016167,0.015801
LHC074,18,0.447231,1.771831,-0.222396,1.774614,-0.002783,0.429018,0.018213,0.012876,0.044465,0.087966,0.002035,0.007029,0.013905,0.003989,0.013777,0.027255
LHC074,20,0.530393,1.742266,-0.155204,1.745817,-0.003551,0.512604,0.017789,0.014648,0.043858,0.068599,0.002316,0.006933,0.010844,0.004538,0.013589,0.021254
LHC074,22,0.612431,1.763072,-0.214087,1.767003,-0.003931,0.595097,0.017334,0.015244,0.042342,0.072282,0.002410,0.006694,0.011427,0.004724,0.013120,0.022398
LHC075,4,0.131292,1.338016,-0.167277,1.338897,-0.000881,0.109398,0.021894,0.001567,0.010173,0.014731,0.000700,0.004544,0.006579,0.001371,0.008905,0.012895
LHC075,6,0.155364,1.533689,-0.223035,1.534825,-0.001136,0.133502,0.021862,0.002069,0.010058,0.015104,0.000924,0.004494,0.006748,0.001812,0.008808,0.013226
LHC075,8,0.183797,1.721776,-0.281071,1.723162,-0.001386,0.161989,0.021808,0.002501,0.013907,0.018527,0.001118,0.006217,0.008283,0.002191,0.012186,0.016234
LHC075,10,0.214614,1.898592,-0.344063,1.900169,-0.001577,0.193031,0.021583,0.002879,0.014524,0.020209,0.001286,0.006489,0.009029,0.002521,0.012719,0.017697
LHC075,12,0.250012,2.079514,-0.422696,2.081379,-0.001864,0.228718,0.021294,0.003173,0.011936,0.021908,0.001419,0.005338,0.009798,0.002782,0.010463,0.019204
LHC075,14,0.283098,2.140460,-0.416605,2.142532,-0.002072,0.262552,0.020546,0.004115,0.014350,0.023760,0.000920,0.003208,0.005311,0.001803,0.006287,0.010411
LHC075,16,0.397782,1.912886,-0.190324,1.915768,-0.002882,0.378883,0.018899,0.012726,0.031565,0.036398,0.002150,0.005334,0.006151,0.004215,0.010454,0.012055
LHC075,18,0.481356,1.711484,-0.247544,1.714589,-0.003105,0.464004,0.017352,0.021859,0.073536,0.168442,0.003455,0.011625,0.026627,0.006773,0.022784,0.052189
LHC075,20,0.556748,1.614343,-0.508788,1.617480,-0.003138,0.540116,0.016631,0.018858,0.063856,0.198272,0.002981,0.010095,0.031346,0.005844,0.019787,0.061438
LHC075,22,0.638550,1.598805,-0.567338,1.602219,-0.003414,0.622666,0.015885,0.021030,0.060381,0.196644,0.003366,0.009663,0.031470,0.006596,0.018940,0.061682
LHC076,4,0.086017,1.013335,-0.268778,1.013803,-0.000468,0.064194,0.021822,0.001099,0.008304,0.013679,0.000491,0.003707,0.006106,0.000961,0.007265,0.011968
LHC076,6,0.103836,1.211104,-0.322481,1.211749,-0.000644,0.081837,0.021999,0.001472,0.009366,0.014430,0.000658,0.004189,0.006453,0.001290,0.008210,0.012649
LHC076,8,0.125813,1.407076,-0.378181,1.407908,-0.000832,0.103735,0.022077,0.002177,0.012034,0.012827,0.000972,0.005372,0.005726,0.001905,0.010529,0.011223
LHC076,10,0.152584,1.596492,-0.418692,1.597577,-0.001085,0.130354,0.022230,0.002995,0.014774,0.015931,0.001337,0.006595,0.007111,0.002621,0.012925,0.013937
LHC076,12,0.183525,1.779991,-0.458958,1.781346,-0.001355,0.161139,0.022386,0.003388,0.013499,0.019664,0.001513,0.006028,0.008781,0.002965,0.011815,0.017211
LHC076,14,0.217326,1.945147,-0.490482,1.946733,-0.001586,0.194946,0.022379,0.003404,0.011538,0.019523,0.000761,0.002579,0.004364,0.001492,0.005055,0.008554
LHC076,16,0.250287,2.074343,-0.500421,2.076166,-0.001823,0.228026,0.022262,0.003463,0.011345,0.020470,0.000585,0.001918,0.003460,0.001147,0.003759,0.006782
LHC076,18,0.287422,2.167271,-0.504919,2.169243,-0.001972,0.265231,0.022191,0.003711,0.011833,0.023611,0.000596,0.001900,0.003791,0.001168,0.003724,0.007430
LHC076,20,0.363963,2.091294,-0.757633,2.092984,-0.001691,0.343280,0.020682,0.009858,0.046496,0.089571,0.001559,0.007351,0.014161,0.003055,0.014408,0.027756
LHC076,22,0.430550,2.138519,-0.771082,2.140417,-0.001899,0.410553,0.019997,0.011923,0.033867,0.101673,0.001885,0.005354,0.016074,0.003695,0.010494,0.031505
LHC077,4,0.147946,1.365262,-0.167833,1.365994,-0.000732,0.125916,0.022029,0.002099,0.012472,0.015574,0.001014,0.006026,0.007525,0.001987,0.011812,0.014749
LHC077,6,0.172310,1.559035,-0.225932,1.559955,-0.000920,0.150304,0.022006,0.002025,0.012992,0.015338,0.000905,0.005808,0.006857,0.001775,0.011385,0.013440
LHC077,8,0.203011,1.764844,-0.287964,1.765932,-0.001088,0.180933,0.022078,0.002460,0.012174,0.017087,0.001100,0.005443,0.007639,0.002156,0.010668,0.014973
LHC077,10,0.233266,1.936166,-0.348186,1.937387,-0.001222,0.211229,0.022038,0.003577,0.014984,0.018690,0.001599,0.006698,0.008355,0.003134,0.013128,0.016375
LHC077,12,0.268240,2.062928,-0.395042,2.064310,-0.001382,0.246409,0.021831,0.003961,0.016376,0.026507,0.001770,0.007320,0.011848,0.003470,0.014347,0.023223
LHC077,14,0.302737,2.180536,-0.465952,2.182097,-0.001561,0.281296,0.021441,0.003109,0.011541,0.026608,0.000695,0.002581,0.005950,0.001363,0.005058,0.011662
LHC077,16,0.363101,2.030711,-0.483308,2.032691,-0.001980,0.343299,0.019802,0.016281,0.112206,0.123209,0.001347,0.009286,0.010197,0.002641,0.018201,0.019986
LHC077,18,0.439269,1.883784,-0.777220,1.885747,-0.001964,0.420381,0.018888,0.011269,0.056702,0.193357,0.001782,0.008965,0.030573,0.003492,0.017572,0.059923
LHC077,20,0.496403,1.835695,-0.883857,1.837929,-0.002234,0.478389,0.018014,0.018974,0.074187,0.195770,0.003000,0.011730,0.030954,0.005880,0.022991,0.060669
LHC077,22,0.547276,1.856053,-0.976102,1.858345,-0.002293,0.530095,0.017181,0.015040,0.051959,0.174770,0.002387,0.008245,0.027732,0.004678,0.016160,0.054355
LHC078,4,0.127086,1.279305,-0.111108,1.280084,-0.000779,0.104694,0.022392,0.001228,0.009428,0.012763,0.000549,0.004215,0.005707,0.001076,0.008262,0.011185
LHC078,6,0.149271,1.476556,-0.169062,1.477496,-0.000940,0.126738,0.022533,0.001680,0.010788,0.013384,0.000750,0.004814,0.005972,0.001470,0.009435,0.011705
LHC078,8,0.176124,1.669475,-0.224247,1.670576,-0.001101,0.153422,0.022702,0.002411,0.012644,0.015710,0.001078,0.005655,0.007026,0.002113,0.011083,0.013771
LHC078,10,0.206951,1.855831,-0.280087,1.857127,-0.001297,0.184109,0.022842,0.003261,0.014323,0.016306,0.001458,0.006404,0.007290,0.002857,0.012551,0.014288
LHC078,12,0.241619,2.032146,-0.327494,2.033724,-0.001578,0.218623,0.022996,0.003377,0.014027,0.019694,0.001509,0.006270,0.008803,0.002958,0.012289,0.017254
LHC078,14,0.275205,2.185078,-0.374181,2.186959,-0.001881,0.252145,0.023060,0.003366,0.011336,0.019026,0.000753,0.002535,0.004254,0.001475,0.004969,0.008339
LHC078,16,0.310910,2.309791,-0.391259,2.311942,-0.002151,0.287938,0.022972,0.003901,0.012794,0.021681,0.000659,0.002162,0.003664,0.001292,0.004237,0.007181
LHC078,18,0.342828,2.382089,-0.399381,2.384374,-0.002285,0.320212,0.022615,0.004021,0.011762,0.022245,0.000636,0.001860,0.003517,0.001246,0.003645,0.006893
LHC078,20,0.378513,2.435859,-0.377729,2.438267,-0.002408,0.356372,0.022140,0.004646,0.013782,0.028285,0.000737,0.002185,0.004485,0.001444,0.004284,0.008791
LHC078,22,0.410145,2.406372,-0.367182,2.408875,-0.002503,0.388700,0.021445,0.005793,0.017173,0.039211,0.000916,0.002715,0.006198,0.001795,0.005321,0.012149
LHC079,4,0.073682,0.989841,-0.136611,0.990662,-0.000821,0.051826,0.021856,0.001189,0.008073,0.013965,0.000532,0.003610,0.006245,0.001042,0.007076,0.012241
LHC079,6,0.092217,1.189482,-0.193812,1.190586,-0.001103,0.070384,0.021834,0.001408,0.009240,0.015003,0.000628,0.004124,0.006696,0.001231,0.008082,0.013123
LHC079,8,0.115479,1.379664,-0.244440,1.381046,-0.001382,0.093782,0.021697,0.002092,0.011369,0.015988,0.000934,0.005074,0.007135,0.001830,0.009945,0.013985
LHC079,10,0.143410,1.566841,-0.296212,1.568510,-0.001669,0.121831,0.021579,0.002826,0.012857,0.017235,0.001261,0.005738,0.007692,0.002472,0.011246,0.015075
LHC079,12,0.174480,1.728690,-0.334367,1.730576,-0.001886,0.153199,0.021281,0.003090,0.011975,0.020392,0.001380,0.005346,0.009103,0.002704,0.010478,0.017843
LHC079,14,0.208248,1.843514,-0.338722,1.845599,-0.002085,0.187518,0.020730,0.003645,0.012715,0.021972,0.000815,0.002842,0.004911,0.001597,0.005570,0.009626
LHC079,16,0.248820,1.894157,-0.319440,1.896439,-0.002282,0.228906,0.019914,0.004054,0.014705,0.030024,0.000685,0.002485,0.005074,0.001343,0.004871,0.009945
LHC079,18,0.380687,1.682451,-0.332827,1.685076,-0.002625,0.362459,0.018227,0.017777,0.054129,0.109108,0.002810,0.008557,0.017248,0.005508,0.016771,0.033806
LHC079,20,0.466209,1.631971,-0.360610,1.634962,-0.002991,0.448494,0.017715,0.011586,0.034132,0.082981,0.001832,0.005396,0.013118,0.003590,0.010576,0.025711
LHC079,22,0.543274,1.545206,-0.589241,1.548427,-0.003221,0.526406,0.016869,0.016831,0.052122,0.170265,0.002661,0.008241,0.026921,0.005216,0.016153,0.052766
LHC080,4,0.119321,1.249544,-0.217195,1.250148,-0.000604,0.097042,0.022278,0.001466,0.009888,0.014846,0.000655,0.004416,0.006631,0.001284,0.008656,0.012997
LHC080,6,0.141250,1.451455,-0.279299,1.452260,-0.000805,0.118859,0.022391,0.001662,0.010272,0.013656,0.000743,0.004591,0.006103,0.001456,0.008998,0.011963
LHC080,8,0.166515,1.626445,-0.320497,1.627445,-0.001000,0.144110,0.022405,0.002568,0.015256,0.015228,0.001148,0.006823,0.006810,0.002251,0.013373,0.013348
LHC080,10,0.197410,1.828733,-0.391515,1.829931,-0.001199,0.174966,0.022444,0.003698,0.017406,0.017992,0.001653,0.007782,0.008044,0.003241,0.015253,0.015766
LHC080,12,0.230911,1.993472,-0.445882,1.994936,-0.001464,0.208550,0.022361,0.003629,0.015123,0.021559,0.001619,0.006748,0.009620,0.003174,0.013227,0.018856
LHC080,14,0.266270,2.143334,-0.506028,2.145031,-0.001697,0.244113,0.022156,0.003471,0.012400,0.020086,0.000776,0.002772,0.004490,0.001521,0.005433,0.008800
LHC080,16,0.302235,2.238506,-0.538431,2.240450,-0.001943,0.280420,0.021815,0.003871,0.013704,0.028582,0.000676,0.002394,0.004993,0.001325,0.004692,0.009786
LHC080,18,0.370806,2.139374,-0.793524,2.141033,-0.001659,0.350308,0.020497,0.012047,0.050115,0.103407,0.001905,0.007923,0.016348,0.003733,0.015529,0.032042
LHC080,20,0.415784,2.172100,-0.846730,2.174014,-0.001913,0.395748,0.020036,0.011611,0.048716,0.122367,0.001835,0.007701,0.019343,0.003597,0.015093,0.037912
LHC080,22,0.502633,1.976829,-1.070865,1.979329,-0.002500,0.483616,0.019016,0.015887,0.054809,0.148341,0.002512,0.008665,0.023453,0.004923,0.016984,0.045968
LHC081,4,0.158537,1.419455,-0.135139,1.420181,-0.000726,0.136324,0.022213,0.002039,0.012700,0.016131,0.001095,0.006818,0.008660,0.002146,0.013364,0.016974
LHC081,6,0.183534,1.619545,-0.194417,1.620482,-0.000937,0.161182,0.022352,0.001976,0.011468,0.016242,0.000544,0.003157,0.004471,0.001066,0.006188,0.008764
LHC081,8,0.213354,1.812508,-0.245973,1.813632,-0.001124,0.190881,0.022473,0.003647,0.017900,0.018345,0.001628,0.007990,0.008188,0.003190,0.015659,0.016048
LHC081,10,0.246804,1.991826,-0.308220,1.993141,-0.001315,0.224241,0.022563,0.003681,0.017045,0.019745,0.001416,0.006558,0.007597,0.002776,0.012854,0.014891
LHC081,12,0.275364,2.140384,-0.392836,2.141851,-0.001467,0.252985,0.022379,0.004347,0.016639,0.020941,0.001942,0.007434,0.009355,0.003807,0.014570,0.018337
LHC081,14,0.305863,2.249390,-0.465360,2.251027,-0.001638,0.283826,0.022037,0.004433,0.016128,0.030520,0.000991,0.003606,0.006824,0.001943,0.007068,0.013375
LHC081,16,0.340143,2.344014,-0.470873,2.346051,-0.002037,0.318510,0.021632,0.004831,0.015468,0.031182,0.000838,0.002683,0.005409,0.001643,0.005259,0.010602
LHC081,18,0.393690,2.134200,-0.717274,2.135775,-0.001575,0.373894,0.019796,0.012682,0.059171,0.141849,0.002005,0.009354,0.022424,0.003929,0.018334,0.043951
LHC081,20,0.476930,1.938361,-0.898082,1.940608,-0.002247,0.458089,0.018841,0.020442,0.089677,0.174608,0.003295,0.014454,0.028143,0.006458,0.028330,0.055160
LHC081,22,0.517500,1.903351,-0.949335,1.905708,-0.002357,0.499657,0.017843,0.015706,0.048760,0.151966,0.002483,0.007709,0.024027,0.004867,0.015110,0.047092
LHC082,4,0.125049,1.300839,-0.090677,1.301680,-0.000841,0.102732,0.022317,0.001264,0.007896,0.013975,0.000382,0.002386,0.004223,0.000749,0.004676,0.008277
LHC082,6,0.148522,1.491468,-0.142696,1.492524,-0.001056,0.126053,0.022469,0.001833,0.010665,0.015363,0.000739,0.004299,0.006193,0.001449,0.008427,0.012138
LHC082,8,0.176173,1.684808,-0.196957,1.686046,-0.001238,0.153551,0.022622,0.002115,0.010440,0.014263,0.000473,0.002333,0.003188,0.000926,0.004574,0.006248
LHC082,10,0.206686,1.859743,-0.251921,1.861162,-0.001419,0.184023,0.022663,0.002887,0.013751,0.016860,0.001043,0.004968,0.006091,0.002045,0.009738,0.011939
LHC082,12,0.237598,2.007857,-0.307332,2.009492,-0.001635,0.215083,0.022515,0.003395,0.014107,0.018784,0.001311,0.005448,0.007254,0.002570,0.010678,0.014219
LHC082,14,0.269813,2.120723,-0.361736,2.122555,-0.001832,0.247693,0.022120,0.003736,0.013055,0.021428,0.000835,0.002918,0.004790,0.001637,0.005720,0.009388
LHC082,16,0.303580,2.191094,-0.379908,2.193214,-0.002120,0.282003,0.021576,0.004486,0.015347,0.029429,0.000758,0.002594,0.004974,0.001486,0.005084,0.009748
LHC082,18,0.342770,1.989145,-0.499905,1.991054,-0.001908,0.322979,0.019791,0.010172,0.054206,0.115633,0.001608,0.008569,0.018280,0.003152,0.016796,0.035829
LHC082,20,0.428921,1.802389,-0.780350,1.804744,-0.002356,0.409956,0.018966,0.016472,0.064668,0.208270,0.002604,0.010223,0.032924,0.005104,0.020037,0.064531
LHC082,22,0.489923,1.844564,-0.854929,1.847159,-0.002595,0.471691,0.018232,0.016662,0.062493,0.165698,0.002634,0.009881,0.026200,0.005164,0.019367,0.051351
LHC083,4,0.164923,1.454660,-0.128489,1.455505,-0.000845,0.142643,0.022280,0.001771,0.009373,0.017318,0.001160,0.006140,0.011345,0.002275,0.012035,0.022237
LHC083,6,0.191047,1.656047,-0.184213,1.657105,-0.001059,0.168601,0.022445,0.001896,0.011702,0.015345,0.000872,0.005383,0.007059,0.001709,0.010551,0.013835
LHC083,8,0.221249,1.848474,-0.239419,1.849706,-0.001231,0.198650,0.022599,0.002724,0.012235,0.016753,0.000609,0.002736,0.003746,0.001194,0.005362,0.007342
LHC083,10,0.252968,2.034475,-0.312770,2.035875,-0.001400,0.230264,0.022704,0.003105,0.013425,0.018480,0.000705,0.003051,0.004199,0.001383,0.005979,0.008230
LHC083,12,0.283929,2.178829,-0.371568,2.180457,-0.001628,0.261327,0.022601,0.004277,0.016566,0.023636,0.001911,0.007400,0.010558,0.003745,0.014504,0.020694
LHC083,14,0.312971,2.269107,-0.416200,2.270931,-0.001825,0.290767,0.022204,0.004147,0.015217,0.027680,0.000927,0.003402,0.006188,0.001817,0.006668,0.012129
LHC083,16,0.344157,2.337320,-0.427250,2.339455,-0.002136,0.322463,0.021693,0.004834,0.015827,0.028681,0.000817,0.002675,0.004848,0.001602,0.005243,0.009501
LHC083,18,0.390151,2.149019,-0.633450,2.150835,-0.001816,0.370251,0.019900,0.012383,0.064799,0.142492,0.001958,0.010245,0.022529,0.003837,0.020081,0.044158
LHC083,20,0.432490,2.150339,-0.625158,2.152356,-0.002017,0.413165,0.019325,0.014499,0.054050,0.142527,0.002298,0.008565,0.022586,0.004503,0.016787,0.044268
LHC083,22,0.513200,1.916633,-0.948613,1.918993,-0.002360,0.495362,0.017839,0.015485,0.058128,0.180245,0.002448,0.009190,0.028496,0.004798,0.018012,0.055852
LHC084,4,0.113170,1.278271,-0.167771,1.279230,-0.000958,0.091207,0.021962,0.001207,0.008158,0.012394,0.000351,0.002369,0.003600,0.000687,0.004644,0.007056
LHC084,6,0.135948,1.469869,-0.222300,1.471097,-0.001229,0.114026,0.021921,0.001528,0.009533,0.014981,0.000491,0.003065,0.004816,0.000963,0.006007,0.009439
LHC084,8,0.164014,1.663516,-0.280949,1.665003,-0.001487,0.142149,0.021864,0.002336,0.011903,0.015263,0.000866,0.004412,0.005657,0.001697,0.008647,0.011088
LHC084,10,0.194561,1.840251,-0.333034,1.841958,-0.001706,0.172863,0.021698,0.002646,0.012056,0.017059,0.000845,0.003849,0.005446,0.001655,0.007544,0.010674
LHC084,12,0.228204,1.992807,-0.374265,1.994749,-0.001941,0.206797,0.021406,0.003462,0.013250,0.020842,0.001223,0.004679,0.007360,0.002396,0.009171,0.014426
LHC084,14,0.263577,2.087936,-0.382798,2.090066,-0.002129,0.242847,0.020730,0.004027,0.014246,0.022746,0.000900,0.003184,0.005084,0.001764,0.006242,0.009965
LHC084,16,0.363802,1.954824,-0.224825,1.957511,-0.002687,0.344653,0.019149,0.012300,0.046244,0.048884,0.002499,0.009395,0.009931,0.004898,0.018414,0.019466
LHC084,18,0.443159,1.818212,-0.154000,1.821463,-0.003252,0.424773,0.018386,0.014340,0.047651,0.053411,0.002267,0.007533,0.008443,0.004443,0.014765,0.016549
LHC084,20,0.532219,1.648168,-0.465589,1.651314,-0.003146,0.515146,0.017073,0.023038,0.075514,0.160874,0.003642,0.011939,0.025434,0.007139,0.023400,0.049850
LHC084,22,0.585642,1.527850,-0.457938,1.531356,-0.003506,0.569203,0.016439,0.017073,0.047950,0.127583,0.002699,0.007581,0.020171,0.005291,0.014859,0.039535
LHC085,4,0.132508,1.313876,-0.121892,1.314682,-0.000806,0.110281,0.022227,0.001561,0.008030,0.019546,0.001561,0.008030,0.019546,0.003060,0.015739,0.038310
LHC085,6,0.156662,1.513943,-0.181260,1.514937,-0.000994,0.134335,0.022327,0.001604,0.009301,0.014821,0.000359,0.002079,0.003314,0.000703,0.004076,0.006495
LHC085,8,0.185082,1.707183,-0.235336,1.708347,-0.001164,0.162612,0.022469,0.002164,0.010288,0.015812,0.000484,0.002301,0.003536,0.000949,0.004509,0.006930
LHC085,10,0.216538,1.890223,-0.289648,1.891562,-0.001339,0.193949,0.022589,0.003313,0.013770,0.017985,0.001545,0.006421,0.008387,0.003028,0.012586,0.016438
LHC085,12,0.249071,2.050858,-0.343956,2.052386,-0.001528,0.226477,0.022593,0.003617,0.013795,0.019137,0.001240,0.004728,0.006559,0.002430,0.009267,0.012855
LHC085,14,0.274289,2.141236,-0.428226,2.142798,-0.001562,0.252127,0.022162,0.004110,0.016383,0.031306,0.000919,0.003663,0.007000,0.001801,0.007180,0.013719
LHC085,16,0.307947,2.238207,-0.470014,2.240086,-0.001879,0.286253,0.021694,0.004338,0.014356,0.031552,0.000733,0.002426,0.005333,0.001437,0.004756,0.010452
LHC085,18,0.363677,2.098912,-0.651196,2.100508,-0.001596,0.343700,0.019978,0.015069,0.059293,0.128771,0.002422,0.009531,0.020698,0.004747,0.018680,0.040569
LHC085,20,0.411211,2.124703,-0.744909,2.126406,-0.001704,0.391586,0.019625,0.013921,0.050027,0.116176,0.002201,0.007909,0.018366,0.004314,0.015501,0.035998
LHC085,22,0.493247,1.961704,-0.936947,1.964129,-0.002425,0.474380,0.018867,0.017517,0.065984,0.163744,0.002843,0.010710,0.026578,0.005573,0.020992,0.052092
LHC086,4,0.094954,1.099126,-0.110653,1.099798,-0.000672,0.072998,0.021956,0.001095,0.007959,0.013812,0.000394,0.002868,0.004977,0.000773,0.005621,0.009756
LHC086,6,0.115018,1.292171,-0.162535,1.293027,-0.000856,0.092854,0.022164,0.001392,0.008877,0.014701,0.000398,0.002541,0.004208,0.000781,0.004980,0.008247
LHC086,8,0.139736,1.486234,-0.211557,1.487269,-0.001035,0.117397,0.022339,0.002196,0.012477,0.015583,0.000932,0.005297,0.006616,0.001828,0.010383,0.012967
LHC086,10,0.167960,1.672397,-0.263091,1.673667,-0.001270,0.145507,0.022453,0.002958,0.013068,0.017138,0.001259,0.005561,0.007292,0.002467,0.010899,0.014293
LHC086,12,0.199999,1.844355,-0.307239,1.845882,-0.001527,0.177549,0.022450,0.003436,0.013948,0.018772,0.001160,0.004710,0.006339,0.002274,0.009231,0.012424
LHC086,14,0.234295,1.989143,-0.321592,1.990923,-0.001780,0.211891,0.022404,0.003600,0.012002,0.019299,0.000804,0.002682,0.004313,0.001577,0.005257,0.008453
LHC086,16,0.270829,2.096876,-0.300791,2.098953,-0.002077,0.248532,0.022297,0.003294,0.011860,0.019488,0.000560,0.002018,0.003316,0.001098,0.003955,0.006499
LHC086,18,0.314142,2.153055,-0.263502,2.155316,-0.002261,0.292163,0.021980,0.003899,0.011629,0.020679,0.000636,0.001896,0.003371,0.001246,0.003715,0.006607
LHC086,20,0.366867,2.177030,-0.231110,2.179577,-0.002547,0.345261,0.021605,0.004693,0.014226,0.024580,0.000742,0.002249,0.003886,0.001454,0.004408,0.007616
LHC086,22,0.419433,2.154312,-0.227843,2.157201,-0.002889,0.398331,0.021102,0.005728,0.016163,0.031676,0.000906,0.002555,0.005007,0.001775,0.005008,0.009814
LHC087,4,0.124181,1.301624,-0.090866,1.302601,-0.000976,0.102025,0.022155,0.001192,0.008349,0.013564,0.000355,0.002490,0.004045,0.000696,0.004879,0.007927
LHC087,6,0.148043,1.507358,-0.145869,1.508573,-0.001215,0.125838,0.022205,0.001707,0.009907,0.015861,0.000566,0.003283,0.005256,0.001109,0.006435,0.010303
LHC087,8,0.177440,1.707717,-0.199059,1.709185,-0.001468,0.155127,0.022312,0.002240,0.011394,0.016862,0.000724,0.003685,0.005453,0.001420,0.007222,0.010688
LHC087,10,0.209136,1.892578,-0.250015,1.894338,-0.001760,0.186796,0.022340,0.002875,0.012272,0.015907,0.000947,0.004041,0.005238,0.001855,0.007921,0.010267
LHC087,12,0.243874,2.055930,-0.284527,2.057966,-0.002037,0.221602,0.022271,0.003202,0.012443,0.017858,0.001084,0.004211,0.006043,0.002124,0.008253,0.011844
LHC087,14,0.279182,2.179510,-0.299289,2.181790,-0.002280,0.257241,0.021941,0.003849,0.012956,0.019044,0.000861,0.002896,0.004258,0.001687,0.005677,0.008345
LHC087,16,0.320899,2.252249,-0.262903,2.254745,-0.002495,0.299574,0.021324,0.004014,0.013251,0.022119,0.000678,0.002240,0.003739,0.001330,0.004390,0.007328
LHC087,18,0.383222,2.205158,-0.155899,2.207897,-0.002739,0.362682,0.020539,0.005457,0.029361,0.033230,0.000863,0.004642,0.005254,0.001691,0.009099,0.010298
LHC087,20,0.516712,1.901156,-0.100077,1.904609,-0.003453,0.497579,0.019133,0.014499,0.047837,0.050280,0.002292,0.007562,0.007948,0.004492,0.014821,0.015578
LHC087,22,0.574915,1.818915,-0.233486,1.822639,-0.003724,0.556675,0.018240,0.014384,0.039224,0.064018,0.002274,0.006200,0.010120,0.004456,0.012152,0.019834
LHC088,4,0.116744,1.279061,-0.168300,1.279929,-0.000869,0.094766,0.021978,0.001203,0.008305,0.012699,0.000396,0.002736,0.004183,0.000777,0.005362,0.008198
LHC088,6,0.139185,1.474575,-0.223863,1.475676,-0.001101,0.117204,0.021981,0.001637,0.010345,0.016049,0.000537,0.003396,0.005269,0.001053,0.006657,0.010327
LHC088,8,0.166639,1.668905,-0.280062,1.670241,-0.001335,0.144612,0.022027,0.002271,0.011208,0.015454,0.000807,0.003983,0.005491,0.001582,0.007806,0.010763
LHC088,10,0.198269,1.858677,-0.335142,1.860278,-0.001601,0.176282,0.021987,0.002770,0.012042,0.018313,0.000947,0.004117,0.006261,0.001856,0.008070,0.012272
LHC088,12,0.233531,2.035645,-0.378267,2.037545,-0.001900,0.211640,0.021891,0.003550,0.013990,0.020248,0.001200,0.004731,0.006847,0.002353,0.009272,0.013419
LHC088,14,0.269781,2.158908,-0.375797,2.161051,-0.002143,0.248248,0.021532,0.003597,0.012383,0.020475,0.000804,0.002768,0.004577,0.001576,0.005426,0.008972
LHC088,16,0.312853,2.208503,-0.313581,2.210874,-0.002371,0.291984,0.020869,0.003697,0.012789,0.022546,0.000625,0.002161,0.003810,0.001224,0.004236,0.007467
LHC088,18,0.443089,1.919342,-0.113232,1.922438,-0.003095,0.423704,0.019385,0.020621,0.060008,0.038132,0.003260,0.009488,0.006029,0.006391,0.018597,0.011817
LHC088,20,0.516843,1.858759,-0.134044,1.862213,-0.003454,0.498008,0.018836,0.012770,0.043170,0.043668,0.002034,0.006877,0.006957,0.003987,0.013480,0.013635
LHC088,22,0.582703,1.809480,-0.254307,1.813198,-0.003718,0.564621,0.018082,0.011703,0.037304,0.062321,0.001850,0.005898,0.009853,0.003627,0.011559,0.019311
LHC089,4,0.101494,1.079224,-0.287928,1.079770,-0.000546,0.079810,0.021684,0.001190,0.008308,0.015540,0.000468,0.003267,0.006110,0.000917,0.006403,0.011976
LHC089,6,0.119963,1.277835,-0.343687,1.278565,-0.000730,0.098196,0.021767,0.001573,0.008676,0.016515,0.000510,0.002812,0.005352,0.000999,0.005511,0.010490
LHC089,8,0.143347,1.468163,-0.401195,1.469081,-0.000918,0.121604,0.021743,0.002492,0.012123,0.015841,0.001132,0.005504,0.007192,0.002218,0.010788,0.014096
LHC089,10,0.170067,1.657574,-0.451132,1.658685,-0.001111,0.148273,0.021794,0.002627,0.011212,0.016501,0.000794,0.003388,0.004986,0.001556,0.006640,0.009772
LHC089,12,0.201096,1.830841,-0.500260,1.832166,-0.001324,0.179312,0.021784,0.003371,0.012824,0.018710,0.001085,0.004127,0.006021,0.002126,0.008088,0.011801
LHC089,14,0.235434,1.979010,-0.552558,1.980509,-0.001498,0.213764,0.021670,0.002947,0.011109,0.019675,0.000659,0.002483,0.004398,0.001291,0.004867,0.008620
LHC089,16,0.273633,2.082299,-0.613927,2.084092,-0.001792,0.252208,0.021425,0.003971,0.014773,0.031297,0.000671,0.002497,0.005289,0.001315,0.004893,0.010367
LHC089,18,0.340781,2.041475,-0.799197,2.043061,-0.001586,0.320430,0.020352,0.010007,0.042920,0.090812,0.001582,0.006785,0.014356,0.003101,0.013299,0.028138
LHC089,20,0.422371,1.898509,-0.974136,1.900709,-0.002200,0.402610,0.019761,0.014044,0.058822,0.136485,0.002263,0.009478,0.021991,0.004435,0.018577,0.043103
LHC089,22,0.472497,1.914781,-1.043432,1.917188,-0.002407,0.453448,0.019050,0.012759,0.048656,0.131548,0.002017,0.007693,0.020800,0.003954,0.015079,0.040768
LHC090,4,0.083834,0.924786,-0.239951,0.925334,-0.000548,0.062196,0.021638,0.001168,0.007626,0.013440,0.000328,0.002139,0.003769,0.000642,0.004191,0.007387
LHC090,6,0.100910,1.127997,-0.298725,1.128687,-0.000690,0.079101,0.021809,0.001620,0.010436,0.015654,0.000682,0.004393,0.006589,0.001336,0.008611,0.012915
LHC090,8,0.122020,1.328778,-0.355912,1.329656,-0.000878,0.100115,0.021905,0.002142,0.011768,0.016631,0.000972,0.005338,0.007545,0.001905,0.010463,0.014787
LHC090,10,0.147411,1.523187,-0.406184,1.524287,-0.001100,0.125401,0.022011,0.001923,0.008796,0.014854,0.000430,0.001966,0.003320,0.000843,0.003853,0.006508
LHC090,12,0.176854,1.706966,-0.454600,1.708271,-0.001305,0.154809,0.022045,0.003038,0.012636,0.019318,0.000932,0.003875,0.005924,0.001826,0.007595,0.011611
LHC090,14,0.209547,1.875778,-0.479200,1.877301,-0.001524,0.187454,0.022093,0.003287,0.011549,0.019602,0.000735,0.002581,0.004381,0.001440,0.005060,0.008588
LHC090,16,0.246609,2.034370,-0.504101,2.036177,-0.001807,0.224356,0.022253,0.003883,0.012361,0.021214,0.000656,0.002089,0.003585,0.001286,0.004095,0.007027
LHC090,18,0.285825,2.170825,-0.534102,2.172845,-0.002020,0.263526,0.022298,0.004238,0.011683,0.022643,0.000670,0.001847,0.003580,0.001313,0.003620,0.007016
LHC090,20,0.327578,2.270308,-0.573973,2.272513,-0.002205,0.305352,0.022226,0.004642,0.013029,0.025700,0.000734,0.002060,0.004063,0.001438,0.004037,0.007964
LHC090,22,0.376025,2.304348,-0.583947,2.306739,-0.002391,0.354233,0.021791,0.005625,0.017078,0.030803,0.000913,0.002772,0.004999,0.001789,0.005432,0.009798
LHC091,4,0.063031,0.851140,-0.092844,0.851833,-0.000693,0.041375,0.021655,0.001125,0.007669,0.013731,0.000503,0.003428,0.006138,0.000985,0.006719,0.012031
LHC091,6,0.079527,1.054725,-0.147812,1.055686,-0.000961,0.057774,0.021753,0.001438,0.009550,0.014773,0.000643,0.004270,0.006605,0.001260,0.008369,0.012947
LHC091,8,0.100307,1.251230,-0.201967,1.252446,-0.001216,0.078576,0.021731,0.002089,0.011202,0.016405,0.000933,0.005004,0.007328,0.001829,0.009808,0.014363
LHC091,10,0.126466,1.447765,-0.256122,1.449276,-0.001511,0.104764,0.021703,0.002745,0.012461,0.016045,0.001226,0.005564,0.007164,0.002403,0.010906,0.014042
LHC091,12,0.156526,1.633377,-0.295656,1.635197,-0.001820,0.134890,0.021635,0.003066,0.011774,0.018328,0.001370,0.005261,0.008190,0.002685,0.010311,0.016052
LHC091,14,0.187692,1.787413,-0.306939,1.789469,-0.002056,0.166242,0.021449,0.002108,0.008010,0.014665,0.000471,0.001791,0.003279,0.000924,0.003510,0.006427
LHC091,16,0.223272,1.909867,-0.293250,1.912131,-0.002264,0.202149,0.021123,0.002227,0.008124,0.013633,0.000436,0.001590,0.002668,0.000854,0.003116,0.005229
LHC091,18,0.273655,1.972991,-0.256047,1.975357,-0.002366,0.253152,0.020503,0.003775,0.012252,0.022516,0.000605,0.001965,0.003611,0.001187,0.003851,0.007078
LHC091,20,0.335774,1.837571,-0.415897,1.839823,-0.002252,0.316413,0.019361,0.018974,0.104356,0.106708,0.003000,0.016500,0.016872,0.005880,0.032340,0.033068
LHC091,22,0.506058,1.736691,-0.481012,1.739420,-0.002729,0.488467,0.017591,0.021024,0.055957,0.102929,0.003393,0.009030,0.016610,0.006650,0.017699,0.032556
LHC092,4,0.119163,1.296194,-0.153002,1.297111,-0.000917,0.097248,0.021915,0.001409,0.008565,0.013264,0.000630,0.003830,0.005931,0.001234,0.007506,0.011625
LHC092,6,0.142534,1.499742,-0.208550,1.500924,-0.001183,0.120624,0.021909,0.001915,0.011103,0.014684,0.000856,0.004963,0.006563,0.001677,0.009727,0.012864
LHC092,8,0.171496,1.698424,-0.269968,1.699855,-0.001431,0.149637,0.021859,0.002611,0.013596,0.017335,0.001167,0.006080,0.007751,0.002288,0.011916,0.015192
LHC092,10,0.202605,1.881669,-0.334840,1.883335,-0.001666,0.180910,0.021695,0.003185,0.013915,0.019887,0.001421,0.006210,0.008875,0.002786,0.012171,0.017395
LHC092,12,0.232791,2.021896,-0.387978,2.023764,-0.001868,0.211329,0.021462,0.003492,0.013006,0.023485,0.001560,0.005811,0.010492,0.003057,0.011389,0.020565
LHC092,14,0.265568,2.125704,-0.436783,2.127707,-0.002003,0.244743,0.020825,0.004048,0.014265,0.025595,0.000905,0.003189,0.005722,0.001774,0.006250,0.011215
LHC092,16,0.319658,1.913260,-0.368793,1.915592,-0.002331,0.300764,0.018894,0.011699,0.058757,0.102318,0.001273,0.006393,0.011133,0.002495,0.012531,0.021821
LHC092,18,0.399106,1.848528,-0.682763,1.850830,-0.002302,0.380792,0.018314,0.013372,0.067023,0.191060,0.002114,0.010596,0.030205,0.004143,0.020768,0.059202
LHC092,20,0.458251,1.800878,-0.792234,1.803349,-0.002472,0.440773,0.017478,0.017828,0.066827,0.143895,0.002840,0.010645,0.022920,0.005566,0.020864,0.044924
LHC092,22,0.570391,1.667223,-0.758227,1.670179,-0.002956,0.554345,0.016045,0.021181,0.067005,0.174975,0.003349,0.010593,0.027664,0.006564,0.020763,0.054221
LHC093,4,0.142030,1.403846,-0.102536,1.404952,-0.001106,0.119931,0.022099,0.001321,0.008396,0.013126,0.000590,0.003752,0.005865,0.001157,0.007354,0.011496
LHC093,6,0.167544,1.600218,-0.154078,1.601593,-0.001375,0.145428,0.022116,0.001771,0.010550,0.013399,0.000792,0.004716,0.005989,0.001552,0.009244,0.011739
LHC093,8,0.196397,1.787031,-0.210364,1.788675,-0.001644,0.174291,0.022106,0.002555,0.013415,0.015705,0.001142,0.005997,0.007021,0.002239,0.011755,0.013761
LHC093,10,0.228672,1.967573,-0.273781,1.969418,-0.001845,0.206631,0.022040,0.003464,0.015258,0.017047,0.001549,0.006824,0.007624,0.003037,0.013376,0.014943
LHC093,12,0.259487,2.102750,-0.328508,2.104807,-0.002057,0.237760,0.021727,0.003653,0.014051,0.020884,0.001633,0.006283,0.009337,0.003201,0.012314,0.018301
LHC093,14,0.291668,2.198224,-0.355945,2.200484,-0.002260,0.270523,0.021145,0.004001,0.013522,0.024544,0.000894,0.003022,0.005486,0.001753,0.005924,0.010753
LHC093,16,0.328257,2.230148,-0.326031,2.232664,-0.002516,0.307996,0.020261,0.004202,0.013687,0.025717,0.000710,0.002313,0.004346,0.001392,0.004534,0.008519
LHC093,18,0.384296,2.011528,-0.298184,2.014216,-0.002688,0.365723,0.018573,0.022841,0.055195,0.100042,0.003611,0.008726,0.015817,0.007078,0.017104,0.031001
LHC093,20,0.513886,1.817899,-0.317301,1.820866,-0.002967,0.496868,0.017018,0.018961,0.056813,0.128749,0.002998,0.008982,0.020355,0.005876,0.017605,0.039897
LHC093,22,0.582001,1.642582,-0.664708,1.645674,-0.003092,0.565901,0.016100,0.020706,0.063234,0.158906,0.003273,0.009995,0.025118,0.006415,0.019591,0.049231
LHC094,4,0.103169,1.150277,-0.123707,1.151060,-0.000783,0.081048,0.022121,0.001333,0.009314,0.015191,0.000596,0.004160,0.006786,0.001167,0.008154,0.013300
LHC094,6,0.123467,1.342038,-0.179234,1.343024,-0.000986,0.101227,0.022240,0.001618,0.010086,0.015498,0.000723,0.004508,0.006927,0.001418,0.008836,0.013577
LHC094,8,0.148610,1.532764,-0.238200,1.533935,-0.001171,0.126320,0.022289,0.002003,0.010842,0.016127,0.000895,0.004845,0.007207,0.001754,0.009496,0.014125
LHC094,10,0.177319,1.717248,-0.291345,1.718592,-0.001344,0.155066,0.022253,0.003057,0.014030,0.017503,0.001367,0.006274,0.007827,0.002679,0.012297,0.015341
LHC094,12,0.209457,1.886396,-0.351927,1.887970,-0.001574,0.187234,0.022223,0.003606,0.014508,0.020686,0.001610,0.006477,0.009236,0.003156,0.012695,0.018102
LHC094,14,0.242899,2.031026,-0.410054,2.032783,-0.001757,0.220956,0.021943,0.003138,0.012856,0.020363,0.000730,0.002991,0.004738,0.001431,0.005863,0.009287
LHC094,16,0.279281,2.140060,-0.450706,2.142104,-0.002044,0.257629,0.021652,0.004009,0.013636,0.028512,0.000678,0.002305,0.004819,0.001328,0.004517,0.009445
LHC094,18,0.335197,2.003101,-0.632834,2.004887,-0.001787,0.315005,0.020192,0.010028,0.051285,0.113729,0.001616,0.008262,0.018323,0.003167,0.016194,0.035913
LHC094,20,0.413813,1.821622,-0.860526,1.823940,-0.002318,0.394546,0.019267,0.015474,0.054657,0.151277,0.002446,0.008642,0.023918,0.004795,0.016937,0.046879
LHC094,22,0.465733,1.858884,-0.963411,1.861361,-0.002477,0.447059,0.018674,0.013007,0.043400,0.134471,0.002056,0.006860,0.021256,0.004030,0.013446,0.041662
LHC095,4,0.122148,1.301163,-0.148572,1.301847,-0.000683,0.099971,0.022177,0.001473,0.008628,0.015330,0.000659,0.003859,0.006855,0.001291,0.007563,0.013437
LHC095,6,0.146189,1.499343,-0.198441,1.500241,-0.000898,0.123841,0.022347,0.001576,0.010449,0.015021,0.000705,0.004672,0.006716,0.001381,0.009157,0.013164
LHC095,8,0.175681,1.697523,-0.250464,1.698628,-0.001105,0.153180,0.022501,0.002389,0.012785,0.016684,0.001067,0.005711,0.007452,0.002091,0.011193,0.014606
LHC095,10,0.207270,1.878646,-0.300915,1.879954,-0.001308,0.184724,0.022546,0.003153,0.014180,0.017849,0.001409,0.006338,0.007978,0.002762,0.012422,0.015636
LHC095,12,0.240957,2.035344,-0.351088,2.036903,-0.001559,0.218521,0.022437,0.003472,0.013055,0.018936,0.001552,0.005837,0.008466,0.003042,0.011441,0.016594
LHC095,14,0.271846,2.143922,-0.406065,2.145624,-0.001702,0.249824,0.022023,0.003381,0.012408,0.022165,0.000756,0.002773,0.004954,0.001481,0.005435,0.009710
LHC095,16,0.305831,2.199542,-0.405396,2.201580,-0.002039,0.284431,0.021400,0.004008,0.013225,0.025040,0.000678,0.002235,0.004232,0.001328,0.004381,0.008295
LHC095,18,0.350726,2.038504,-0.538879,2.040340,-0.001836,0.330876,0.019850,0.014010,0.052035,0.150792,0.002215,0.008226,0.023838,0.004341,0.016123,0.046723
LHC095,20,0.413971,2.029099,-0.598441,2.030886,-0.001787,0.394822,0.019149,0.013499,0.061081,0.122847,0.002134,0.009655,0.019419,0.004182,0.018925,0.038061
LHC095,22,0.496568,1.865783,-0.861986,1.868222,-0.002439,0.478290,0.018278,0.016178,0.056342,0.181682,0.002558,0.008907,0.028721,0.005013,0.017457,0.056293
LHC096,4,0.100777,1.104565,0.030759,1.105592,-0.001028,0.079012,0.021764,0.001465,0.007734,0.013414,0.000655,0.003458,0.005997,0.001283,0.006778,0.011755
LHC096,6,0.121987,1.305889,-0.015038,1.307199,-0.001310,0.100179,0.021808,0.001427,0.008320,0.017763,0.000637,0.003713,0.007928,0.001249,0.007278,0.015539
LHC096,8,0.148517,1.499871,-0.060858,1.501463,-0.001592,0.126722,0.021795,0.002376,0.011702,0.015865,0.001061,0.005227,0.007087,0.002080,0.010245,0.013890
LHC096,10,0.177727,1.677998,-0.105875,1.679819,-0.001821,0.156012,0.021715,0.003113,0.012953,0.015603,0.001390,0.005785,0.006969,0.002725,0.011339,0.013658
LHC096,12,0.208036,1.827854,-0.142792,1.829882,-0.002029,0.186594,0.021443,0.002988,0.012109,0.017339,0.001350,0.005472,0.007836,0.002647,0.010725,0.015359
LHC096,14,0.240234,1.928798,-0.174748,1.930965,-0.002166,0.219363,0.020871,0.003856,0.013221,0.021337,0.000862,0.002956,0.004771,0.001690,0.005794,0.009351
LHC096,16,0.279692,1.964340,-0.168348,1.966691,-0.002351,0.259806,0.019887,0.004595,0.016816,0.027362,0.001028,0.003763,0.006123,0.002015,0.007375,0.012001
LHC096,18,0.409908,1.812004,-0.093924,1.815044,-0.003040,0.391431,0.018478,0.012648,0.036222,0.048541,0.002056,0.005889,0.007892,0.004030,0.011542,0.015468
LHC096,20,0.475054,1.672460,-0.225059,1.675270,-0.002810,0.457991,0.017063,0.015652,0.048322,0.115870,0.002475,0.007640,0.018320,0.004851,0.014974,0.035907
LHC096,22,0.547280,1.542182,-0.478609,1.545214,-0.003032,0.530946,0.016334,0.022116,0.059744,0.175649,0.003496,0.009444,0.027766,0.006852,0.018510,0.054421
LHC097,4,0.111531,1.260125,-0.155787,1.260999,-0.000874,0.089532,0.021998,0.001271,0.007955,0.014350,0.000568,0.003554,0.006412,0.001113,0.006967,0.012567
LHC097,6,0.134295,1.462931,-0.213268,1.464053,-0.001122,0.112265,0.022030,0.001729,0.009246,0.016289,0.000773,0.004135,0.007285,0.001516,0.008105,0.014279
LHC097,8,0.162389,1.658367,-0.268050,1.659730,-0.001363,0.140325,0.022065,0.002476,0.012081,0.018078,0.001105,0.005392,0.008068,0.002166,0.010568,0.015814
LHC097,10,0.194426,1.847036,-0.315694,1.848658,-0.001622,0.172427,0.021999,0.003006,0.012518,0.017654,0.001342,0.005587,0.007880,0.002630,0.010951,0.015444
LHC097,12,0.228928,2.011285,-0.341293,2.013171,-0.001887,0.207128,0.021801,0.003500,0.012352,0.019886,0.001564,0.005520,0.008886,0.003065,0.010818,0.017416
LHC097,14,0.265306,2.127066,-0.334555,2.129213,-0.002147,0.243939,0.021367,0.003955,0.013135,0.020340,0.000884,0.002937,0.004548,0.001733,0.005756,0.008914
LHC097,16,0.311140,2.171140,-0.267932,2.173549,-0.002409,0.290394,0.020746,0.003583,0.011718,0.021784,0.000605,0.001980,0.003681,0.001187,0.003881,0.007215
LHC097,18,0.447130,1.865056,-0.088948,1.868308,-0.003252,0.427786,0.019344,0.015523,0.038474,0.037506,0.002454,0.006082,0.005929,0.004810,0.011921,0.011621
LHC097,20,0.497746,1.770587,-0.168187,1.773972,-0.003385,0.479061,0.018685,0.012918,0.040559,0.050078,0.002042,0.006412,0.007916,0.004003,0.012567,0.015516
LHC097,22,0.589275,1.762206,-0.232563,1.766071,-0.003865,0.571685,0.017589,0.022547,0.062834,0.069596,0.003565,0.009934,0.011003,0.006987,0.019471,0.021566
LHC098,4,0.090232,1.123257,-0.238990,1.124057,-0.000800,0.068495,0.021738,0.001209,0.008069,0.013250,0.000540,0.003607,0.005923,0.001059,0.007070,0.011609
LHC098,6,0.110224,1.317843,-0.298646,1.318927,-0.001084,0.088640,0.021585,0.001381,0.010022,0.016587,0.000617,0.004475,0.007406,0.001209,0.008771,0.014516
LHC098,8,0.135128,1.509161,-0.351590,1.510491,-0.001330,0.113673,0.021455,0.002157,0.011771,0.016309,0.000963,0.005256,0.007282,0.001888,0.010301,0.014272
LHC098,10,0.163644,1.681035,-0.397356,1.682597,-0.001562,0.142500,0.021144,0.002870,0.013692,0.018484,0.001283,0.006119,0.008261,0.002514,0.011993,0.016191
LHC098,12,0.194476,1.822588,-0.427475,1.824382,-0.001794,0.173653,0.020823,0.003094,0.013341,0.018352,0.001384,0.005966,0.008207,0.002712,0.011694,0.016087
LHC098,14,0.228100,1.908755,-0.409817,1.910729,-0.001974,0.207868,0.020233,0.003791,0.013368,0.022266,0.000848,0.002989,0.004978,0.001661,0.005858,0.009757
LHC098,16,0.340644,1.758863,-0.230092,1.761472,-0.002609,0.321982,0.018662,0.008743,0.024521,0.032311,0.001478,0.004144,0.005461,0.002896,0.008123,0.010704
LHC098,18,0.437524,1.589760,-0.456911,1.592607,-0.002847,0.419931,0.017593,0.020618,0.079141,0.153922,0.003353,0.012869,0.025030,0.006571,0.025224,0.049058
LHC098,20,0.511658,1.540140,-0.541257,1.543218,-0.003079,0.494705,0.016952,0.018702,0.052124,0.148778,0.002972,0.008283,0.023641,0.005825,0.016234,0.046336
LHC098,22,0.577988,1.513568,-0.607683,1.516978,-0.003411,0.561738,0.016250,0.022513,0.064976,0.149892,0.003559,0.010273,0.023697,0.006976,0.020134,0.046447
LHC099,4,0.111796,1.224268,-0.109510,1.225048,-0.000780,0.089595,0.022201,0.001270,0.009536,0.015006,0.000568,0.004263,0.006708,0.001113,0.008355,0.013148
LHC099,6,0.133713,1.418966,-0.163609,1.419959,-0.000993,0.111357,0.022356,0.001577,0.010063,0.015771,0.000704,0.004494,0.007043,0.001380,0.008808,0.013804
LHC099,8,0.160585,1.613470,-0.220955,1.614657,-0.001187,0.138068,0.022517,0.002364,0.012746,0.014369,0.001057,0.005698,0.006423,0.002071,0.011167,0.012590
LHC099,10,0.190487,1.792464,-0.273855,1.793845,-0.001381,0.167934,0.022553,0.002955,0.014528,0.017927,0.001321,0.006496,0.008016,0.002589,0.012733,0.015712
LHC099,12,0.222782,1.952691,-0.332015,1.954308,-0.001617,0.200311,0.022471,0.003448,0.014322,0.019580,0.001541,0.006400,0.008749,0.003020,0.012544,0.017149
LHC099,14,0.254689,2.078537,-0.386778,2.080338,-0.001801,0.232565,0.022123,0.003724,0.012753,0.021097,0.000832,0.002851,0.004716,0.001632,0.005588,0.009243
LHC099,16,0.289434,2.173980,-0.411826,2.176072,-0.002092,0.267700,0.021734,0.004071,0.013767,0.022713,0.000688,0.002326,0.003838,0.001348,0.004560,0.007523
LHC099,18,0.342764,2.012771,-0.631967,2.014525,-0.001754,0.322631,0.020133,0.009856,0.050360,0.104502,0.001558,0.007961,0.016521,0.003054,0.015604,0.032381
LHC099,20,0.418560,1.821488,-0.830923,1.823767,-0.002279,0.399220,0.019340,0.013912,0.049958,0.162296,0.002199,0.007898,0.025658,0.004311,0.015480,0.050290
LHC099,22,0.470228,1.848669,-0.894910,1.851151,-0.002482,0.451792,0.018435,0.018502,0.064271,0.186265,0.002925,0.010161,0.029449,0.005733,0.019916,0.057719
LHC100,4,0.097931,1.107873,-0.278225,1.108394,-0.000521,0.076346,0.021585,0.001197,0.008601,0.015260,0.000535,0.003841,0.006815,0.001048,0.007529,0.013357
LHC100,6,0.116995,1.299353,-0.328586,1.300079,-0.000726,0.095352,0.021643,0.001776,0.010844,0.015131,0.000794,0.004846,0.006762,0.001555,0.009498,0.013254
LHC100,8,0.140398,1.488042,-0.380553,1.488970,-0.000928,0.118735,0.021662,0.002450,0.012776,0.016387,0.001096,0.005714,0.007329,0.002147,0.011199,0.014365
LHC100,10,0.168644,1.672741,-0.434754,1.673881,-0.001140,0.147017,0.021626,0.003111,0.013117,0.019216,0.001390,0.005862,0.008588,0.002725,0.011490,0.016832
LHC100,12,0.199307,1.840031,-0.484145,1.841388,-0.001357,0.177812,0.021495,0.003475,0.012423,0.020653,0.001554,0.005555,0.009235,0.003046,0.010888,0.018101
LHC100,14,0.231565,1.952597,-0.504236,1.954136,-0.001539,0.210311,0.021254,0.003584,0.013023,0.020667,0.000801,0.002910,0.004619,0.001570,0.005704,0.009053
LHC100,16,0.268222,1.997919,-0.490498,1.999745,-0.001826,0.247467,0.020755,0.004112,0.014445,0.030138,0.000707,0.002486,0.005186,0.001387,0.004872,0.010164
LHC100,18,0.338815,1.922604,-0.644753,1.924177,-0.001573,0.319213,0.019602,0.012621,0.057775,0.091888,0.001995,0.009133,0.014526,0.003911,0.017901,0.028472
LHC100,20,0.423614,1.802289,-0.841302,1.804529,-0.002239,0.404526,0.019088,0.013727,0.053676,0.121599,0.002170,0.008487,0.019226,0.004254,0.016634,0.037684
LHC100,22,0.486134,1.796274,-0.899755,1.798657,-0.002383,0.467893,0.018241,0.015431,0.052532,0.143296,0.002440,0.008306,0.022656,0.004782,0.016279,0.044406
LHC101,4,0.114527,1.242940,-0.159792,1.243599,-0.000659,0.092171,0.022356,0.001214,0.009137,0.014258,0.000542,0.004080,0.006366,0.001062,0.007996,0.012478
LHC101,6,0.136166,1.437738,-0.216921,1.438583,-0.000845,0.113699,0.022466,0.001509,0.010288,0.014310,0.000674,0.004594,0.006391,0.001321,0.009005,0.012526
LHC101,8,0.163690,1.637316,-0.269389,1.638336,-0.001020,0.141015,0.022675,0.002155,0.012174,0.014964,0.000964,0.005443,0.006690,0.001889,0.010667,0.013112
LHC101,10,0.194670,1.822223,-0.323399,1.823454,-0.001230,0.171906,0.022765,0.002802,0.013366,0.016147,0.001252,0.005972,0.007214,0.002454,0.011705,0.014140
LHC101,12,0.229028,2.006089,-0.377509,2.007582,-0.001493,0.206217,0.022811,0.003328,0.014006,0.018306,0.001486,0.006254,0.008175,0.002913,0.012259,0.016022
LHC101,14,0.264032,2.166126,-0.430000,2.167841,-0.001715,0.241293,0.022739,0.003641,0.012424,0.020411,0.000814,0.002778,0.004564,0.001596,0.005444,0.008945
LHC101,16,0.285192,2.170755,-0.550913,2.172399,-0.001645,0.263124,0.022068,0.004351,0.022154,0.042708,0.000735,0.003745,0.007219,0.001441,0.007340,0.014149
LHC101,18,0.357626,2.134052,-0.755511,2.135579,-0.001527,0.336706,0.020920,0.012025,0.052952,0.107782,0.001914,0.008430,0.017159,0.003752,0.016523,0.033632
LHC101,20,0.412508,2.215726,-0.815785,2.217468,-0.001742,0.392045,0.020463,0.010782,0.047234,0.110045,0.001721,0.007540,0.017568,0.003374,0.014779,0.034433
LHC101,22,0.466394,2.263009,-0.842919,2.264958,-0.001949,0.446514,0.019880,0.014564,0.051541,0.108723,0.002302,0.008148,0.017187,0.004513,0.015970,0.033687
LHC102,4,0.159024,1.469911,-0.132356,1.471049,-0.001138,0.137132,0.021892,0.001928,0.011595,0.016661,0.000877,0.005272,0.007575,0.001718,0.010334,0.014848
LHC102,6,0.184503,1.663819,-0.177536,1.665192,-0.001373,0.162549,0.021954,0.001420,0.008011,0.011383,0.000635,0.003581,0.005089,0.001244,0.007019,0.009974
LHC102,8,0.216379,1.851911,-0.233580,1.853466,-0.001554,0.194421,0.021959,0.002955,0.014577,0.018881,0.001805,0.008905,0.011534,0.003538,0.017453,0.022606
LHC102,10,0.248473,2.011900,-0.278366,2.013678,-0.001778,0.226729,0.021744,0.002778,0.010164,0.020627,0.001242,0.004543,0.009219,0.002434,0.008904,0.018070
LHC102,12,0.282313,2.108819,-0.255938,2.110859,-0.002040,0.260976,0.021337,0.003151,0.007982,0.015671,0.002001,0.005068,0.009950,0.003921,0.009933,0.019501
LHC102,14,0.404133,1.806756,0.006792,1.809565,-0.002809,0.384750,0.019383,0.016114,0.046554,0.048583,0.003603,0.010409,0.010863,0.007062,0.020402,0.021291
LHC102,16,0.455401,1.692293,0.009748,1.695610,-0.003318,0.436669,0.018732,0.013974,0.056147,0.049725,0.002342,0.009408,0.008332,0.004589,0.018440,0.016331
LHC102,18,0.519115,1.680808,-0.034409,1.684522,-0.003714,0.501075,0.018040,0.012486,0.042726,0.048725,0.001974,0.006755,0.007704,0.003869,0.013241,0.015099
LHC102,20,0.587510,1.671771,-0.080280,1.675821,-0.004050,0.570281,0.017229,0.017000,0.053197,0.053718,0.002799,0.008760,0.008846,0.005487,0.017171,0.017339
LHC102,22,0.654700,1.688636,-0.160779,1.692868,-0.004232,0.637842,0.016858,0.012646,0.032154,0.076773,0.002000,0.005084,0.012139,0.003919,0.009964,0.023792
LHC103,4,0.115393,1.159391,-0.064868,1.160232,-0.000841,0.093382,0.022011,0.001516,0.009173,0.015095,0.000678,0.004103,0.006751,0.001329,0.008042,0.013233
LHC103,6,0.137523,1.353356,-0.115179,1.354408,-0.001052,0.115450,0.022073,0.001776,0.009940,0.014220,0.000794,0.004443,0.006355,0.001556,0.008708,0.012456
LHC103,8,0.164190,1.545116,-0.166587,1.546353,-0.001237,0.142132,0.022059,0.002226,0.011492,0.013657,0.000995,0.005136,0.006104,0.001950,0.010067,0.011964
LHC103,10,0.194659,1.726739,-0.215483,1.728141,-0.001401,0.172588,0.022070,0.003110,0.013752,0.018669,0.001387,0.006136,0.008330,0.002719,0.012026,0.016327
LHC103,12,0.231763,1.879306,-0.251756,1.880911,-0.001605,0.209817,0.021946,0.003713,0.013389,0.023091,0.001660,0.005987,0.010326,0.003254,0.011735,0.020239
LHC103,14,0.263503,1.994789,-0.318005,1.996565,-0.001776,0.241938,0.021565,0.004546,0.015211,0.028555,0.001045,0.003496,0.006564,0.002048,0.006853,0.012865
LHC103,16,0.312067,2.068858,-0.318536,2.070987,-0.002129,0.291013,0.021054,0.004355,0.019625,0.030172,0.000736,0.003317,0.005100,0.001443,0.006501,0.009995
LHC103,18,0.366861,1.915756,-0.500718,1.917547,-0.001791,0.347493,0.019368,0.013737,0.065320,0.120174,0.002172,0.010327,0.018999,0.004257,0.020241,0.037238
LHC103,20,0.411837,1.985717,-0.616415,1.987496,-0.001780,0.392882,0.018955,0.014499,0.062981,0.137847,0.002292,0.009956,0.021790,0.004492,0.019513,0.042708
LHC103,22,0.495034,1.735052,-0.766317,1.737577,-0.002525,0.477227,0.017807,0.017445,0.058840,0.172312,0.002758,0.009303,0.027243,0.005406,0.018234,0.053397
LHC104,4,0.123076,1.206701,0.007756,1.207553,-0.000852,0.100718,0.022357,0.001316,0.008398,0.015231,0.000667,0.004255,0.007718,0.001307,0.008340,0.015127
LHC104,6,0.144861,1.404568,-0.040194,1.405595,-0.001028,0.122294,0.022567,0.001615,0.009883,0.013603,0.000721,0.004411,0.006071,0.001413,0.008645,0.011899
LHC104,8,0.171108,1.599167,-0.089439,1.600375,-0.001208,0.148313,0.022795,0.002398,0.012646,0.014227,0.001072,0.005652,0.006358,0.002101,0.011077,0.012461
LHC104,10,0.201358,1.787185,-0.135561,1.788621,-0.001437,0.178353,0.023006,0.003137,0.014807,0.013714,0.001402,0.006620,0.006131,0.002749,0.012975,0.012017
LHC104,12,0.233745,1.957580,-0.178105,1.959330,-0.001750,0.210585,0.023160,0.003591,0.013797,0.017303,0.001603,0.006157,0.007721,0.003141,0.012067,0.015134
LHC104,14,0.266248,2.100842,-0.217537,2.102871,-0.002029,0.243102,0.023147,0.003564,0.012353,0.020269,0.000796,0.002761,0.004530,0.001561,0.005411,0.008879
LHC104,16,0.301116,2.216128,-0.237652,2.218385,-0.002257,0.278141,0.022975,0.003684,0.011794,0.019322,0.000623,0.001993,0.003265,0.001220,0.003906,0.006399
LHC104,18,0.335370,2.273033,-0.237836,2.275400,-0.002366,0.312863,0.022507,0.004220,0.012429,0.023368,0.000667,0.001965,0.003694,0.001308,0.003851,0.007241
LHC104,20,0.375359,2.292859,-0.214994,2.295353,-0.002494,0.353529,0.021830,0.005166,0.014865,0.028616,0.000817,0.002350,0.004523,0.001600,0.004605,0.008866
LHC104,22,0.441216,2.154621,-0.462284,2.156641,-0.002019,0.421144,0.020072,0.025576,0.061861,0.129528,0.004044,0.009781,0.020480,0.007926,0.019171,0.040141
LHC105,4,0.078724,0.928371,-0.220296,0.928990,-0.000619,0.057206,0.021517,0.001244,0.008894,0.014697,0.000556,0.003978,0.006574,0.001090,0.007797,0.012884
LHC105,6,0.095567,1.130181,-0.276066,1.130964,-0.000783,0.073979,0.021588,0.001569,0.009871,0.015533,0.000701,0.004411,0.006940,0.001374,0.008645,0.013603
LHC105,8,0.116733,1.322815,-0.332211,1.323776,-0.000960,0.095162,0.021571,0.002172,0.011381,0.015735,0.000971,0.005089,0.007036,0.001904,0.009974,0.013791
LHC105,10,0.142477,1.512579,-0.382276,1.513734,-0.001155,0.120901,0.021576,0.002993,0.013992,0.016940,0.001337,0.006251,0.007568,0.002621,0.012251,0.014832
LHC105,12,0.171528,1.683136,-0.434007,1.684478,-0.001342,0.149966,0.021562,0.003405,0.014543,0.023486,0.001522,0.006502,0.010500,0.002983,0.012744,0.020580
LHC105,14,0.204538,1.833075,-0.489815,1.834541,-0.001467,0.183101,0.021437,0.003514,0.012145,0.022840,0.000785,0.002714,0.005104,0.001539,0.005320,0.010005
LHC105,16,0.243474,1.948674,-0.556352,1.950441,-0.001766,0.222249,0.021225,0.004193,0.015760,0.031871,0.000709,0.002664,0.005387,0.001389,0.005221,0.010559
LHC105,18,0.310035,1.885715,-0.748177,1.887304,-0.001589,0.289859,0.020176,0.011104,0.044564,0.089108,0.001755,0.007045,0.014087,0.003441,0.013808,0.027610
LHC105,20,0.392627,1.837673,-0.903213,1.839822,-0.002149,0.372959,0.019668,0.012711,0.052601,0.106939,0.002010,0.008316,0.016907,0.003939,0.016300,0.033138
LHC105,22,0.450977,1.863287,-1.028708,1.865560,-0.002273,0.432046,0.018931,0.013780,0.043920,0.150707,0.002179,0.006944,0.023827,0.004270,0.013610,0.046700
LHC106,4,0.063955,0.791974,-0.124106,0.792634,-0.000659,0.042680,0.021274,0.001227,0.009147,0.015141,0.000548,0.004083,0.006758,0.001074,0.008002,0.013245
LHC106,6,0.079120,0.994007,-0.175232,0.994819,-0.000812,0.057603,0.021517,0.001534,0.010220,0.015295,0.000685,0.004563,0.006829,0.001343,0.008944,0.013385
LHC106,8,0.098915,1.191177,-0.231390,1.192184,-0.001006,0.077288,0.021626,0.002115,0.011858,0.015103,0.000944,0.005293,0.006741,0.001850,0.010374,0.013212
LHC106,10,0.122948,1.383272,-0.283696,1.384477,-0.001205,0.101301,0.021647,0.003053,0.013892,0.017749,0.001366,0.006213,0.007939,0.002677,0.012178,0.015560
LHC106,12,0.150859,1.560765,-0.334497,1.562187,-0.001422,0.129217,0.021642,0.003691,0.014083,0.020435,0.001648,0.006288,0.009125,0.003230,0.012325,0.017884
LHC106,14,0.182641,1.718506,-0.380268,1.720078,-0.001572,0.161072,0.021569,0.002743,0.010018,0.017907,0.000613,0.002239,0.004002,0.001202,0.004389,0.007844
LHC106,16,0.219484,1.833480,-0.436879,1.835289,-0.001810,0.198175,0.021309,0.003925,0.018629,0.034310,0.000663,0.003148,0.005798,0.001300,0.006170,0.011363
LHC106,18,0.281007,1.819025,-0.646286,1.820554,-0.001529,0.260533,0.020474,0.009039,0.037032,0.079884,0.001429,0.005855,0.012629,0.002801,0.011475,0.024754
LHC106,20,0.333442,1.843679,-0.672540,1.845554,-0.001876,0.313686,0.019756,0.010267,0.047749,0.095036,0.001623,0.007548,0.015024,0.003181,0.014795,0.029446
LHC106,22,0.413249,1.780824,-0.911806,1.783159,-0.002335,0.394069,0.019180,0.016616,0.049601,0.155848,0.002627,0.007841,0.024636,0.005148,0.015368,0.048287
LHC107,4,0.103905,1.163411,-0.249005,1.164077,-0.000667,0.082103,0.021802,0.001333,0.009641,0.017220,0.000615,0.004449,0.007946,0.001205,0.008719,0.015573
LHC107,6,0.124637,1.360947,-0.308230,1.361877,-0.000930,0.102854,0.021783,0.001663,0.010143,0.016419,0.000744,0.004536,0.007342,0.001457,0.008890,0.014390
LHC107,8,0.150216,1.559220,-0.366488,1.560387,-0.001167,0.128500,0.021716,0.002145,0.011485,0.016733,0.000959,0.005137,0.007484,0.001880,0.010068,0.014669
LHC107,10,0.179519,1.742827,-0.408664,1.744251,-0.001424,0.157957,0.021562,0.002925,0.013919,0.020407,0.001305,0.006211,0.009106,0.002558,0.012174,0.017849
LHC107,12,0.214595,1.919181,-0.442148,1.920906,-0.001726,0.193249,0.021345,0.003455,0.012591,0.021613,0.001543,0.005622,0.009651,0.003024,0.011020,0.018916
LHC107,14,0.251292,2.019878,-0.409309,2.021883,-0.002005,0.230434,0.020858,0.003548,0.012163,0.019405,0.000793,0.002719,0.004338,0.001555,0.005330,0.008503
LHC107,16,0.372657,1.783377,-0.175505,1.786197,-0.002820,0.353314,0.019342,0.009717,0.030651,0.031715,0.001643,0.005181,0.005361,0.003219,0.010155,0.010507
LHC107,18,0.442834,1.725660,-0.131485,1.728987,-0.003327,0.423905,0.018929,0.011694,0.040543,0.031049,0.001849,0.006410,0.004909,0.003624,0.012564,0.009622
LHC107,20,0.528472,1.762271,-0.381014,1.765419,-0.003147,0.510404,0.018068,0.019982,0.071265,0.092394,0.003159,0.011265,0.014605,0.006191,0.022079,0.028626
LHC107,22,0.590478,1.680489,-0.292463,1.684293,-0.003803,0.573354,0.017124,0.014290,0.037630,0.076054,0.002259,0.005948,0.012022,0.004428,0.011659,0.023564
LHC108,4,0.093432,1.128469,-0.204227,1.129175,-0.000706,0.071429,0.022003,0.001192,0.008293,0.013321,0.000533,0.003705,0.005952,0.001044,0.007263,0.011666
LHC108,6,0.113198,1.325392,-0.264374,1.326343,-0.000951,0.091174,0.022024,0.001582,0.009890,0.015051,0.000707,0.004422,0.006730,0.001387,0.008667,0.013191
LHC108,8,0.138391,1.524621,-0.319565,1.525840,-0.001219,0.116368,0.022023,0.002359,0.011835,0.016997,0.001055,0.005291,0.007600,0.002067,0.010371,0.014896
LHC108,10,0.167273,1.717110,-0.378380,1.718629,-0.001519,0.145347,0.021926,0.003049,0.012982,0.016893,0.001363,0.005805,0.007554,0.002672,0.011378,0.014805
LHC108,12,0.199848,1.896226,-0.423398,1.898017,-0.001791,0.178034,0.021814,0.003305,0.012782,0.021258,0.001475,0.005703,0.009485,0.002891,0.011178,0.018591
LHC108,14,0.234240,2.041255,-0.432809,2.043300,-0.002045,0.212627,0.021613,0.003661,0.012814,0.018532,0.000818,0.002864,0.004142,0.001604,0.005614,0.008119
LHC108,16,0.272053,2.147057,-0.408786,2.149375,-0.002318,0.250706,0.021347,0.003570,0.011618,0.019719,0.000603,0.001964,0.003333,0.001183,0.003849,0.006533
LHC108,18,0.321582,2.191428,-0.342956,2.193943,-0.002516,0.300717,0.020865,0.004098,0.014207,0.020523,0.000648,0.002246,0.003245,0.001270,0.004403,0.006360
LHC108,20,0.463887,1.975610,-0.214049,1.978873,-0.003263,0.444288,0.019599,0.022399,0.053431,0.047296,0.003541,0.008446,0.007476,0.006940,0.016554,0.014653
LHC108,22,0.535831,1.885379,-0.243238,1.889196,-0.003816,0.516660,0.019171,0.012397,0.034787,0.039368,0.002014,0.005652,0.006396,0.003947,0.011077,0.012536
LHC109,4,0.094550,1.063704,-0.300910,1.064347,-0.000644,0.073151,0.021399,0.001417,0.009884,0.015853,0.000633,0.004417,0.007084,0.001241,0.008657,0.013884
LHC109,6,0.113405,1.263788,-0.360155,1.264708,-0.000920,0.092059,0.021346,0.001697,0.010664,0.014999,0.000759,0.004769,0.006708,0.001488,0.009347,0.013147
LHC109,8,0.136938,1.456210,-0.417134,1.457380,-0.001170,0.115755,0.021183,0.002330,0.012909,0.018821,0.001042,0.005773,0.008417,0.002042,0.011315,0.016498
LHC109,10,0.164243,1.649367,-0.475233,1.650784,-0.001417,0.143150,0.021093,0.002913,0.012357,0.014625,0.001303,0.005526,0.006540,0.002554,0.010831,0.012819
LHC109,12,0.194299,1.804176,-0.508114,1.805839,-0.001664,0.173440,0.020859,0.003010,0.011522,0.023754,0.001343,0.005143,0.010602,0.002633,0.010080,0.020780
LHC109,14,0.227229,1.904063,-0.514277,1.905898,-0.001835,0.206860,0.020370,0.003722,0.012960,0.021066,0.000864,0.003007,0.004888,0.001692,0.005893,0.009580
LHC109,16,0.272318,1.930951,-0.510990,1.933044,-0.002093,0.252790,0.019528,0.004702,0.018177,0.038491,0.000795,0.003072,0.006505,0.001558,0.006021,0.012750
LHC109,18,0.411254,1.699803,-0.487446,1.702161,-0.002357,0.393469,0.017785,0.016319,0.057387,0.100657,0.002580,0.009072,0.015912,0.005056,0.017781,0.031188
LHC109,20,0.494631,1.662800,-0.428281,1.665705,-0.002905,0.477351,0.017280,0.015972,0.048934,0.089830,0.002525,0.007736,0.014201,0.004949,0.015163,0.027835
LHC109,22,0.575931,1.543681,-0.602641,1.546924,-0.003242,0.559411,0.016519,0.018113,0.051566,0.126826,0.002863,0.008151,0.020048,0.005612,0.015976,0.039294
LHC110,4,0.111829,1.254464,-0.128390,1.255382,-0.000918,0.089828,0.022001,0.001304,0.007736,0.014543,0.000583,0.003458,0.006500,0.001142,0.006777,0.012740
LHC110,6,0.134376,1.451758,-0.183052,1.452926,-0.001168,0.112338,0.022038,0.001660,0.009563,0.014972,0.000741,0.004269,0.006683,0.001452,0.008367,0.013099
LHC110,8,0.162614,1.651888,-0.238976,1.653297,-0.001409,0.140538,0.022076,0.002466,0.012219,0.016741,0.001101,0.005455,0.007474,0.002158,0.010692,0.014650
LHC110,10,0.195095,1.839718,-0.284640,1.841374,-0.001656,0.173076,0.022019,0.003110,0.013650,0.017534,0.001391,0.006105,0.007842,0.002726,0.011966,0.015371
LHC110,12,0.229053,1.995768,-0.306314,1.997691,-0.001923,0.207234,0.021819,0.003334,0.013155,0.020476,0.001489,0.005874,0.009143,0.002918,0.011513,0.017921
LHC110,14,0.266001,2.110896,-0.300075,2.113072,-0.002176,0.244628,0.021373,0.003960,0.013292,0.019982,0.000885,0.002971,0.004467,0.001735,0.005824,0.008755
LHC110,16,0.375737,1.949328,-0.117641,1.952158,-0.002831,0.355705,0.020032,0.016411,0.062249,0.043697,0.001192,0.004523,0.003175,0.002337,0.008865,0.006223
LHC110,18,0.449092,1.825141,-0.055335,1.828478,-0.003337,0.429691,0.019401,0.010431,0.041570,0.036438,0.001649,0.006571,0.005760,0.003232,0.012879,0.011289
LHC110,20,0.513606,1.768847,-0.206268,1.772167,-0.003320,0.495470,0.018136,0.020011,0.052524,0.074483,0.003217,0.008445,0.011975,0.006306,0.016552,0.023472
LHC110,22,0.607010,1.774185,-0.212556,1.778041,-0.003856,0.589746,0.017264,0.016763,0.045720,0.090390,0.002650,0.007229,0.014291,0.005195,0.014168,0.028010
LHC111,4,0.115594,1.256238,-0.165837,1.256938,-0.000699,0.093306,0.022288,0.001141,0.009214,0.015116,0.000509,0.004113,0.006748,0.000999,0.008062,0.013225
LHC111,6,0.137369,1.452440,-0.223503,1.453333,-0.000894,0.115030,0.022339,0.001583,0.010175,0.015080,0.000708,0.004548,0.006740,0.001387,0.008913,0.013210
LHC111,8,0.164558,1.645902,-0.280641,1.646973,-0.001071,0.142184,0.022375,0.002414,0.012526,0.016566,0.001079,0.005599,0.007405,0.002115,0.010974,0.014514
LHC111,10,0.194708,1.825421,-0.343893,1.826666,-0.001245,0.172392,0.022317,0.003184,0.013835,0.017535,0.001423,0.006184,0.007838,0.002790,0.012121,0.015362
LHC111,12,0.226368,1.988251,-0.410319,1.989734,-0.001483,0.204086,0.022281,0.003360,0.013453,0.022034,0.001501,0.006008,0.009840,0.002941,0.011775,0.019286
LHC111,14,0.258519,2.108200,-0.473725,2.109831,-0.001630,0.236617,0.021902,0.003752,0.012849,0.022534,0.000838,0.002872,0.005036,0.001643,0.005628,0.009871
LHC111,16,0.294681,2.204105,-0.493501,2.206064,-0.001958,0.273111,0.021570,0.004254,0.016340,0.029659,0.000719,0.002762,0.005013,0.001409,0.005414,0.009826
LHC111,18,0.385727,1.819012,-0.769536,1.821078,-0.002066,0.366010,0.019718,0.016487,0.066197,0.201523,0.002607,0.010465,0.031859,0.005109,0.020512,0.062444
LHC111,20,0.435566,1.854721,-0.939235,1.856980,-0.002259,0.416390,0.019177,0.014210,0.057107,0.148541,0.002246,0.009027,0.023480,0.004403,0.017693,0.046021
LHC111,22,0.494914,1.914709,-1.036573,1.917209,-0.002500,0.476303,0.018611,0.013710,0.045635,0.154220,0.002167,0.007214,0.024380,0.004248,0.014140,0.047784
LHC112,4,0.096656,1.134368,-0.281734,1.135018,-0.000651,0.074910,0.021747,0.001215,0.007820,0.012870,0.000543,0.003497,0.005756,0.001065,0.006854,0.011281
LHC112,6,0.116115,1.330239,-0.335241,1.331140,-0.000901,0.094386,0.021729,0.001559,0.009655,0.015063,0.000696,0.004310,0.006725,0.001364,0.008448,0.013181
LHC112,8,0.141049,1.528721,-0.398292,1.529889,-0.001168,0.119381,0.021667,0.002210,0.011882,0.015053,0.000987,0.005305,0.006721,0.001934,0.010398,0.013174
LHC112,10,0.169838,1.722075,-0.445138,1.723541,-0.001466,0.148252,0.021587,0.002943,0.013490,0.019047,0.001315,0.006029,0.008513,0.002578,0.011817,0.016686
LHC112,12,0.201500,1.885988,-0.473101,1.887708,-0.001720,0.180058,0.021442,0.003264,0.012627,0.022110,0.001459,0.005644,0.009884,0.002860,0.011063,0.019372
LHC112,14,0.234382,2.008344,-0.465204,2.010322,-0.001978,0.213234,0.021148,0.003533,0.012667,0.019840,0.000790,0.002831,0.004435,0.001548,0.005550,0.008692
LHC112,16,0.271791,2.068946,-0.419543,2.071128,-0.002181,0.251177,0.020614,0.003738,0.012734,0.021920,0.000632,0.002152,0.003704,0.001238,0.004218,0.007260
LHC112,18,0.388398,1.902395,-0.330928,1.904948,-0.002554,0.368949,0.019448,0.019016,0.050027,0.043058,0.003006,0.007909,0.006808,0.005893,0.015502,0.013343
LHC112,20,0.490584,1.759480,-0.412183,1.762301,-0.002821,0.472499,0.018085,0.015821,0.061251,0.102742,0.002507,0.009707,0.016282,0.004914,0.019025,0.031913
LHC112,22,0.585319,1.775230,-0.389303,1.778616,-0.003386,0.567805,0.017514,0.020991,0.057401,0.085983,0.003319,0.009075,0.013594,0.006505,0.017788,0.026645
LHC113,4,0.108840,1.259644,-0.185389,1.260576,-0.000931,0.086995,0.021845,0.001384,0.007286,0.012612,0.000859,0.004524,0.007830,0.001684,0.008867,0.015347
LHC113,6,0.131970,1.459259,-0.241814,1.460464,-0.001206,0.110120,0.021850,0.001706,0.010429,0.015944,0.000762,0.004661,0.007125,0.001494,0.009135,0.013965
LHC113,8,0.159560,1.647822,-0.294848,1.649276,-0.001454,0.137805,0.021755,0.002259,0.011710,0.016761,0.001010,0.005236,0.007494,0.001980,0.010263,0.014689
LHC113,10,0.191275,1.826163,-0.340079,1.827846,-0.001683,0.169667,0.021608,0.002744,0.012831,0.017820,0.001227,0.005738,0.007969,0.002405,0.011246,0.015619
LHC113,12,0.223567,1.959567,-0.359958,1.961499,-0.001932,0.202416,0.021151,0.003770,0.014324,0.017055,0.001686,0.006405,0.007626,0.003304,0.012554,0.014948
LHC113,14,0.262107,2.027059,-0.338395,2.029273,-0.002215,0.241705,0.020402,0.002932,0.010808,0.020098,0.000675,0.002488,0.004627,0.001323,0.004877,0.009069
LHC113,16,0.392988,1.747047,-0.121528,1.750035,-0.002988,0.374264,0.018724,0.007781,0.029802,0.027186,0.001746,0.006688,0.006101,0.003423,0.013109,0.011958
LHC113,18,0.458466,1.686876,-0.100279,1.690424,-0.003548,0.440286,0.018180,0.010797,0.037992,0.036285,0.001707,0.006007,0.005737,0.003346,0.011773,0.011244
LHC113,20,0.521741,1.637462,-0.158772,1.641253,-0.003791,0.504499,0.017242,0.011351,0.035780,0.064058,0.001795,0.005657,0.010128,0.003517,0.011088,0.019851
LHC113,22,0.604449,1.690798,-0.240565,1.694986,-0.004189,0.587515,0.016934,0.014348,0.040309,0.065096,0.002268,0.006373,0.010292,0.004446,0.012491,0.020172
LHC114,4,0.130451,1.352079,-0.109249,1.352991,-0.000912,0.108194,0.022257,0.001593,0.009382,0.015091,0.000760,0.004473,0.007195,0.001489,0.008768,0.014103
LHC114,6,0.154944,1.546466,-0.161107,1.547613,-0.001147,0.132633,0.022311,0.002020,0.011847,0.015269,0.000903,0.005296,0.006825,0.001769,0.010380,0.013377
LHC114,8,0.184103,1.735785,-0.214400,1.737153,-0.001368,0.161748,0.022355,0.002686,0.014381,0.015800,0.001199,0.006417,0.007050,0.002349,0.012577,0.013818
LHC114,10,0.216213,1.917796,-0.271067,1.919356,-0.001561,0.193838,0.022376,0.003299,0.013930,0.017120,0.001474,0.006226,0.007652,0.002890,0.012203,0.014997
LHC114,12,0.248341,2.060285,-0.319074,2.062060,-0.001775,0.226197,0.022144,0.003477,0.012952,0.020214,0.001555,0.005791,0.009039,0.003048,0.011351,0.017716
LHC114,14,0.281090,2.157341,-0.348659,2.159295,-0.001954,0.259524,0.021567,0.003767,0.012595,0.023632,0.000842,0.002816,0.005284,0.001651,0.005520,0.010357
LHC114,16,0.319479,2.195202,-0.330305,2.197398,-0.002196,0.298814,0.020665,0.004556,0.015170,0.025604,0.000863,0.002872,0.004848,0.001691,0.005630,0.009503
LHC114,18,0.371197,1.975731,-0.452892,1.977678,-0.001948,0.352343,0.018854,0.011954,0.052375,0.139076,0.001890,0.008279,0.021985,0.003704,0.016228,0.043091
LHC114,20,0.433635,1.902765,-0.431715,1.905066,-0.002300,0.415400,0.018235,0.011899,0.053112,0.124378,0.001881,0.008397,0.019664,0.003687,0.016458,0.038542
LHC114,22,0.535603,1.771696,-0.738208,1.774446,-0.002750,0.518148,0.017455,0.032417,0.064328,0.141977,0.005124,0.010168,0.022442,0.010043,0.019930,0.043987
LHC115,4,0.125507,1.330300,-0.100980,1.331418,-0.001118,0.103489,0.022018,0.000912,0.008597,0.011923,0.000912,0.008597,0.011923,0.001788,0.016850,0.023370
LHC115,6,0.150599,1.530459,-0.153974,1.531860,-0.001401,0.128612,0.021987,0.001914,0.010445,0.014654,0.000856,0.004671,0.006553,0.001678,0.009155,0.012844
LHC115,8,0.179634,1.717379,-0.208609,1.719016,-0.001636,0.157692,0.021942,0.002542,0.012469,0.016317,0.001136,0.005573,0.007293,0.002227,0.010924,0.014295
LHC115,10,0.211040,1.882184,-0.248796,1.883994,-0.001810,0.189295,0.021745,0.003066,0.013594,0.016565,0.001371,0.006077,0.007406,0.002687,0.011911,0.014515
LHC115,12,0.243875,1.999742,-0.274058,2.001767,-0.002025,0.222574,0.021301,0.003481,0.013288,0.019823,0.001556,0.005941,0.008863,0.003050,0.011645,0.017371
LHC115,14,0.342879,1.863800,-0.096300,1.866408,-0.002608,0.323249,0.019630,0.008522,0.035345,0.034702,0.001997,0.008285,0.008134,0.003915,0.016238,0.015943
LHC115,16,0.410881,1.750285,-0.036803,1.753563,-0.003278,0.391888,0.018993,0.014846,0.054515,0.038985,0.002296,0.008429,0.006028,0.004499,0.016521,0.011815
LHC115,18,0.472113,1.673712,-0.039076,1.677526,-0.003814,0.453739,0.018374,0.010682,0.030944,0.044598,0.001708,0.004949,0.007133,0.003349,0.009700,0.013980
LHC115,20,0.542382,1.670770,-0.095226,1.674817,-0.004047,0.524980,0.017402,0.011331,0.035343,0.062092,0.001792,0.005588,0.009817,0.003511,0.010952,0.019242
LHC115,22,0.620478,1.552519,-0.260208,1.556628,-0.004109,0.604092,0.016386,0.013752,0.037233,0.096515,0.002184,0.005913,0.015329,0.004281,0.011590,0.030045
LHC116,4,0.116205,1.183232,0.027503,1.184144,-0.000911,0.094125,0.022080,0.001138,0.008022,0.014006,0.001063,0.007491,0.013079,0.002084,0.014683,0.025636
LHC116,6,0.137579,1.372694,-0.017306,1.373811,-0.001117,0.115275,0.022304,0.001583,0.009838,0.012195,0.000707,0.004395,0.005448,0.001386,0.008614,0.010678
LHC116,8,0.163140,1.561272,-0.065701,1.562583,-0.001311,0.140644,0.022497,0.002408,0.012855,0.013481,0.001075,0.005742,0.006022,0.002108,0.011253,0.011802
LHC116,10,0.191397,1.736928,-0.116475,1.738425,-0.001497,0.168797,0.022600,0.002823,0.013067,0.012168,0.001260,0.005834,0.005433,0.002470,0.011435,0.010648
LHC116,12,0.221505,1.894025,-0.167268,1.895737,-0.001713,0.198948,0.022557,0.003478,0.013643,0.017886,0.001554,0.006097,0.007993,0.003046,0.011949,0.015666
LHC116,14,0.252967,2.016556,-0.223986,2.018497,-0.001941,0.230734,0.022233,0.003408,0.011775,0.020704,0.000762,0.002633,0.004630,0.001494,0.005161,0.009074
LHC116,16,0.284305,2.088521,-0.257416,2.090673,-0.002153,0.262655,0.021650,0.003825,0.012671,0.024375,0.000647,0.002142,0.004120,0.001267,0.004198,0.008075
LHC116,18,0.334719,1.914704,-0.460169,1.916558,-0.001854,0.314823,0.019896,0.014760,0.055639,0.137611,0.002355,0.008877,0.021955,0.004615,0.017399,0.043032
LHC116,20,0.373141,1.912042,-0.480940,1.914075,-0.002033,0.353871,0.019270,0.011379,0.053356,0.132062,0.001799,0.008434,0.020875,0.003525,0.016530,0.040914
LHC116,22,0.453104,1.780094,-0.776364,1.782486,-0.002392,0.434701,0.018403,0.021021,0.068294,0.202531,0.003323,0.010797,0.032020,0.006514,0.021162,0.062758
LHC117,4,0.136488,1.359394,-0.194091,1.360261,-0.000867,0.114565,0.021923,0.000343,0.000898,0.003809,0.000343,0.000898,0.003809,0.000673,0.001760,0.007465
LHC117,6,0.161404,1.556947,-0.244653,1.558042,-0.001096,0.139439,0.021964,0.001780,0.010524,0.016324,0.000795,0.004703,0.007296,0.001559,0.009218,0.014299
LHC117,8,0.190107,1.740687,-0.292293,1.741983,-0.001296,0.168233,0.021874,0.002682,0.014159,0.017194,0.001199,0.006329,0.007686,0.002350,0.012405,0.015064
LHC117,10,0.222145,1.925209,-0.358706,1.926728,-0.001518,0.200378,0.021766,0.003016,0.012369,0.019647,0.001349,0.005530,0.008785,0.002643,0.010840,0.017218
LHC117,12,0.258133,2.060327,-0.361959,2.062130,-0.001803,0.236764,0.021369,0.003230,0.012329,0.021785,0.001445,0.005514,0.009743,0.002831,0.010807,0.019096
LHC117,14,0.370555,1.840223,-0.100715,1.842884,-0.002661,0.350706,0.019849,0.008317,0.035894,0.030390,0.001860,0.008026,0.006795,0.003645,0.015731,0.013319
LHC117,16,0.445499,1.783880,-0.060058,1.787138,-0.003258,0.426060,0.019439,0.012252,0.041756,0.031479,0.002492,0.008492,0.006402,0.004884,0.016645,0.012548
LHC117,18,0.499011,1.706517,-0.056451,1.710303,-0.003787,0.479940,0.019071,0.013669,0.044568,0.049695,0.002191,0.007143,0.007965,0.004294,0.014001,0.015611
LHC117,20,0.571750,1.751145,-0.116129,1.755225,-0.004080,0.553121,0.018629,0.012160,0.034570,0.037809,0.001923,0.005466,0.005978,0.003768,0.010713,0.011717
LHC117,22,0.654112,1.831516,-0.196765,1.835812,-0.004296,0.635769,0.018343,0.012438,0.033821,0.039223,0.001966,0.005347,0.006201,0.003854,0.010480,0.012154
LHC118,4,0.100105,1.193396,-0.240062,1.194158,-0.000761,0.078282,0.021823,0.001540,0.009761,0.011565,0.001540,0.009761,0.011565,0.003017,0.019132,0.022667
LHC118,6,0.121907,1.393686,-0.298681,1.394733,-0.001047,0.100142,0.021765,0.001637,0.009636,0.015718,0.000732,0.004308,0.007028,0.001434,0.008444,0.013774
LHC118,8,0.147726,1.580660,-0.346823,1.581958,-0.001298,0.126069,0.021657,0.002258,0.011529,0.017217,0.001010,0.005155,0.007698,0.001979,0.010104,0.015089
LHC118,10,0.178407,1.756790,-0.389674,1.758339,-0.001549,0.156945,0.021462,0.002839,0.013812,0.020090,0.001269,0.006173,0.008978,0.002487,0.012098,0.017598
LHC118,12,0.210745,1.893936,-0.399322,1.895735,-0.001799,0.189589,0.021156,0.003336,0.013708,0.022014,0.001546,0.006354,0.010204,0.003030,0.012454,0.019999
LHC118,14,0.295091,1.853634,-0.284798,1.855887,-0.002253,0.275466,0.019625,0.010151,0.042681,0.039810,0.002270,0.009544,0.008902,0.004449,0.018705,0.017447
LHC118,16,0.376549,1.723317,-0.175463,1.726135,-0.002819,0.357818,0.018731,0.008830,0.027274,0.035839,0.001751,0.005408,0.007107,0.003432,0.010601,0.013929
LHC118,18,0.462309,1.743808,-0.207219,1.747029,-0.003220,0.444298,0.018011,0.015492,0.052498,0.065499,0.002449,0.008300,0.010356,0.004801,0.016269,0.020298
LHC118,20,0.514807,1.629468,-0.211262,1.633164,-0.003696,0.497371,0.017436,0.014647,0.038083,0.065586,0.002316,0.006021,0.010370,0.004539,0.011802,0.020325
LHC118,22,0.592654,1.659488,-0.286176,1.663538,-0.004050,0.575515,0.017139,0.012849,0.044148,0.073249,0.002032,0.006980,0.011582,0.003982,0.013682,0.022700
LHC119,4,0.104136,1.170778,-0.034684,1.171790,-0.001012,0.082089,0.022047,0.001187,0.007279,0.013144,0.000530,0.003250,0.005869,0.001039,0.006371,0.011504
LHC119,6,0.125375,1.365594,-0.086190,1.366856,-0.001262,0.103326,0.022049,0.001532,0.009089,0.013820,0.000685,0.004064,0.006180,0.001342,0.007966,0.012112
LHC119,8,0.151925,1.559437,-0.137833,1.560953,-0.001516,0.129779,0.022145,0.002304,0.011215,0.016064,0.001029,0.005009,0.007174,0.002017,0.009817,0.014062
LHC119,10,0.181835,1.739244,-0.182176,1.740982,-0.001738,0.159742,0.022094,0.002801,0.012031,0.016861,0.001250,0.005372,0.007528,0.002451,0.010528,0.014755
LHC119,12,0.215503,1.901316,-0.213334,1.903301,-0.001986,0.193585,0.021917,0.003156,0.011850,0.017947,0.001409,0.005292,0.008015,0.002762,0.010372,0.015709
LHC119,14,0.250963,2.015496,-0.214352,2.017697,-0.002201,0.229513,0.021449,0.003889,0.012862,0.019912,0.000870,0.002876,0.004452,0.001704,0.005637,0.008727
LHC119,16,0.289609,2.039667,-0.190504,2.041971,-0.002305,0.269003,0.020606,0.004412,0.014417,0.028795,0.000755,0.002466,0.004925,0.001479,0.004832,0.009652
LHC119,18,0.412297,1.766626,-0.170145,1.769471,-0.002845,0.393492,0.018805,0.016881,0.049423,0.071628,0.002669,0.007813,0.011323,0.005230,0.015313,0.022193
LHC119,20,0.510133,1.745245,-0.186873,1.748468,-0.003223,0.492347,0.017786,0.019714,0.062621,0.091524,0.003117,0.009900,0.014470,0.006109,0.019405,0.028361
LHC119,22,0.566215,1.698838,-0.176597,1.702728,-0.003890,0.548590,0.017624,0.012970,0.037942,0.070149,0.002050,0.005998,0.011089,0.004019,0.011755,0.021734
LHC120,4,0.143974,1.412176,-0.170806,1.412918,-0.000741,0.121790,0.022184,0.001318,0.008906,0.013870,0.000687,0.004646,0.007235,0.001347,0.009106,0.014181
LHC120,6,0.168117,1.600374,-0.220535,1.601303,-0.000929,0.145800,0.022317,0.001759,0.011233,0.014144,0.000785,0.005014,0.006313,0.001539,0.009828,0.012374
LHC120,8,0.198122,1.800761,-0.279116,1.801870,-0.001109,0.175645,0.022477,0.002508,0.012796,0.014712,0.001120,0.005713,0.006569,0.002195,0.011198,0.012876
LHC120,10,0.232130,1.988723,-0.339811,1.990031,-0.001309,0.209594,0.022536,0.003216,0.013774,0.020500,0.001437,0.006155,0.009161,0.002817,0.012064,0.017956
LHC120,12,0.266590,2.133996,-0.356270,2.135560,-0.001564,0.244099,0.022491,0.003632,0.012424,0.023967,0.001623,0.005550,0.010706,0.003180,0.010877,0.020984
LHC120,14,0.300433,2.226658,-0.342249,2.228463,-0.001806,0.278354,0.022079,0.003829,0.013523,0.021837,0.000856,0.003023,0.004882,0.001678,0.005926,0.009569
LHC120,16,0.345055,2.272866,-0.284141,2.274900,-0.002034,0.323447,0.021608,0.004176,0.013030,0.024170,0.000708,0.002210,0.004100,0.001388,0.004332,0.008036
LHC120,18,0.382497,2.145619,-0.316099,2.147574,-0.001955,0.361788,0.020708,0.006950,0.034470,0.054622,0.001099,0.005449,0.008635,0.002153,0.010680,0.016924
LHC120,20,0.464646,1.994348,-0.343731,1.996542,-0.002194,0.445564,0.019082,0.013154,0.050098,0.134299,0.002080,0.007921,0.021233,0.004076,0.015524,0.041617
LHC120,22,0.592171,1.906804,-0.253910,1.910127,-0.003323,0.573854,0.018317,0.024693,0.058431,0.088267,0.003904,0.009237,0.013954,0.007651,0.018105,0.027350
LHC121,4,0.115378,1.188218,-0.002732,1.189106,-0.000888,0.093218,0.022160,0.001219,0.007764,0.013461,0.000545,0.003468,0.006013,0.001068,0.006798,0.011785
LHC121,6,0.136752,1.385285,-0.054345,1.386376,-0.001091,0.114457,0.022295,0.001497,0.008955,0.017660,0.000668,0.003996,0.007880,0.001309,0.007832,0.015444
LHC121,8,0.162842,1.576951,-0.107097,1.578238,-0.001287,0.140402,0.022440,0.002329,0.012877,0.014821,0.001040,0.005751,0.006619,0.002039,0.011273,0.012974
LHC121,10,0.191522,1.754638,-0.165457,1.756095,-0.001456,0.169035,0.022487,0.002968,0.013706,0.015520,0.001326,0.006125,0.006935,0.002600,0.012005,0.013593
LHC121,12,0.221770,1.912751,-0.229527,1.914404,-0.001653,0.199364,0.022407,0.003633,0.014000,0.019002,0.001624,0.006258,0.008494,0.003183,0.012266,0.016648
LHC121,14,0.249853,2.019494,-0.303850,2.021282,-0.001788,0.227836,0.022016,0.003397,0.012550,0.026298,0.000759,0.002805,0.005878,0.001488,0.005497,0.011520
LHC121,16,0.283150,2.113892,-0.329640,2.115990,-0.002098,0.261549,0.021601,0.004359,0.014014,0.025203,0.000737,0.002369,0.004260,0.001444,0.004643,0.008350
LHC121,18,0.331154,1.898544,-0.500461,1.900334,-0.001790,0.311567,0.019587,0.010551,0.054826,0.121958,0.001668,0.008668,0.019282,0.003269,0.016990,0.037792
LHC121,20,0.407407,1.766910,-0.747529,1.769125,-0.002215,0.388504,0.018903,0.014347,0.055471,0.167619,0.002268,0.008769,0.026498,0.004445,0.017188,0.051937
LHC121,22,0.469410,1.834427,-0.837828,1.836912,-0.002485,0.450904,0.018506,0.019325,0.067620,0.159503,0.003055,0.010690,0.025216,0.005988,0.020953,0.049423
LHC122,4,0.073635,0.973676,-0.248422,0.974406,-0.000730,0.052170,0.021466,0.000981,0.008920,0.013991,0.000561,0.005103,0.008004,0.001100,0.010002,0.015688
LHC122,6,0.091367,1.170220,-0.304357,1.171225,-0.001005,0.069978,0.021389,0.001601,0.010380,0.016492,0.000716,0.004642,0.007375,0.001404,0.009099,0.014456
LHC122,8,0.113752,1.360157,-0.357906,1.361408,-0.001251,0.092541,0.021211,0.002183,0.011090,0.018493,0.000976,0.004958,0.008268,0.001913,0.009719,0.016206
LHC122,10,0.139745,1.535138,-0.398113,1.536624,-0.001486,0.118700,0.021045,0.002759,0.012733,0.015639,0.001234,0.005694,0.006993,0.002418,0.011160,0.013707
LHC122,12,0.168685,1.676892,-0.422034,1.678591,-0.001699,0.148019,0.020666,0.003203,0.013332,0.025242,0.001459,0.006076,0.011502,0.002861,0.011908,0.022545
LHC122,14,0.201091,1.773599,-0.430144,1.775420,-0.001821,0.180953,0.020138,0.002894,0.010744,0.024007,0.000657,0.002439,0.005450,0.001288,0.004781,0.010682
LHC122,16,0.305555,1.670938,-0.271361,1.673389,-0.002451,0.286784,0.018771,0.008103,0.034405,0.042512,0.001696,0.007202,0.008900,0.003325,0.014117,0.017444
LHC122,18,0.417224,1.598909,-0.395274,1.601724,-0.002815,0.399531,0.017693,0.017227,0.058779,0.109551,0.002724,0.009293,0.017321,0.005339,0.018215,0.033949
LHC122,20,0.479707,1.488184,-0.544306,1.491238,-0.003055,0.462497,0.017210,0.018771,0.056041,0.130027,0.002968,0.008860,0.020558,0.005817,0.017366,0.040294
LHC122,22,0.563104,1.525152,-0.657899,1.528413,-0.003260,0.546612,0.016492,0.022798,0.065457,0.135723,0.003693,0.010605,0.021988,0.007239,0.020785,0.043097
LHC123,4,0.134696,1.349660,-0.137678,1.350474,-0.000814,0.112529,0.022167,0.001319,0.008693,0.014872,0.000590,0.003888,0.006652,0.001156,0.007620,0.013037
LHC123,6,0.158372,1.541055,-0.190163,1.542061,-0.001006,0.136073,0.022299,0.001868,0.011006,0.015748,0.000834,0.004911,0.007027,0.001634,0.009625,0.013773
LHC123,8,0.186197,1.731634,-0.249852,1.732818,-0.001184,0.163770,0.022427,0.002551,0.012654,0.015967,0.001141,0.005660,0.007142,0.002237,0.011093,0.013998
LHC123,10,0.217791,1.914062,-0.312695,1.915410,-0.001348,0.195335,0.022456,0.003319,0.014866,0.017656,0.001483,0.006641,0.007887,0.002906,0.013016,0.015459
LHC123,12,0.249362,2.063768,-0.366405,2.065357,-0.001589,0.227024,0.022337,0.003648,0.014223,0.019931,0.001631,0.006359,0.008912,0.003197,0.012465,0.017467
LHC123,14,0.280531,2.171482,-0.423623,2.173260,-0.001778,0.258616,0.021916,0.003802,0.013377,0.023328,0.000850,0.002990,0.005214,0.001665,0.005860,0.010219
LHC123,16,0.314811,2.245969,-0.424005,2.248071,-0.002102,0.293288,0.021522,0.004058,0.013776,0.027613,0.000686,0.002328,0.004667,0.001344,0.004564,0.009148
LHC123,18,0.393729,1.906055,-0.611622,1.908212,-0.002157,0.374184,0.019544,0.015245,0.064127,0.171111,0.002415,0.010158,0.027106,0.004733,0.019910,0.053128
LHC123,20,0.447995,1.857251,-0.855710,1.859561,-0.002310,0.429177,0.018817,0.014735,0.059634,0.155645,0.002330,0.009429,0.024609,0.004566,0.018480,0.048233
LHC123,22,0.508442,1.880976,-0.902552,1.883457,-0.002482,0.490343,0.018099,0.022245,0.074362,0.196237,0.003554,0.011880,0.031351,0.006966,0.023285,0.061448
LHC124,4,0.113997,1.251304,-0.232939,1.252115,-0.000810,0.092161,0.021835,0.001108,0.008052,0.015259,0.000495,0.003597,0.006817,0.000970,0.007051,0.013361
LHC124,6,0.135547,1.438985,-0.287749,1.440071,-0.001086,0.113833,0.021714,0.001750,0.010775,0.015861,0.000782,0.004815,0.007088,0.001533,0.009438,0.013893
LHC124,8,0.162873,1.633735,-0.349272,1.635071,-0.001335,0.141322,0.021551,0.002323,0.012924,0.017199,0.001038,0.005774,0.007683,0.002034,0.011316,0.015060
LHC124,10,0.192578,1.805473,-0.404446,1.807037,-0.001564,0.171338,0.021241,0.003020,0.015384,0.020353,0.001350,0.006878,0.009099,0.002647,0.013481,0.017834
LHC124,12,0.224494,1.949785,-0.438984,1.951617,-0.001832,0.203635,0.020860,0.003304,0.013548,0.017636,0.001477,0.006057,0.007885,0.002895,0.011872,0.015454
LHC124,14,0.261004,2.012790,-0.409553,2.014845,-0.002055,0.240891,0.020113,0.003617,0.012655,0.021203,0.000809,0.002829,0.004740,0.001585,0.005545,0.009291
LHC124,16,0.382490,1.762632,-0.188416,1.765501,-0.002869,0.363973,0.018517,0.012356,0.042912,0.040288,0.002088,0.007253,0.006810,0.004093,0.014216,0.013347
LHC124,18,0.478950,1.613074,-0.329211,1.616104,-0.003031,0.461671,0.017279,0.014654,0.053458,0.182606,0.002316,0.008450,0.028866,0.004540,0.016563,0.056577
LHC124,20,0.545480,1.547212,-0.535811,1.550325,-0.003112,0.528850,0.016630,0.015879,0.047079,0.153209,0.002510,0.007442,0.024219,0.004920,0.014587,0.047469
LHC124,22,0.605924,1.493470,-0.506886,1.497032,-0.003562,0.589914,0.016010,0.012078,0.040742,0.130374,0.001909,0.006441,0.020611,0.003742,0.012624,0.040397
LHC125,4,0.101347,1.208174,-0.148861,1.209124,-0.000950,0.079429,0.021918,0.001252,0.008496,0.014006,0.000560,0.003800,0.006264,0.001097,0.007447,0.012278
LHC125,6,0.123406,1.406127,-0.206592,1.407356,-0.001229,0.101576,0.021830,0.001632,0.009616,0.015902,0.000729,0.004297,0.007106,0.001429,0.008422,0.013927
LHC125,8,0.150003,1.593490,-0.262305,1.594952,-0.001462,0.128338,0.021665,0.002273,0.012275,0.017269,0.001016,0.005487,0.007719,0.001991,0.010754,0.015130
LHC125,10,0.180018,1.763703,-0.312184,1.765378,-0.001675,0.158607,0.021410,0.002862,0.012767,0.019896,0.001279,0.005704,0.008889,0.002506,0.011180,0.017423
LHC125,12,0.211594,1.901971,-0.346526,1.903847,-0.001876,0.190629,0.020966,0.003700,0.013835,0.022104,0.001653,0.006182,0.009877,0.003241,0.012116,0.019358
LHC125,14,0.244430,1.975689,-0.350832,1.977737,-0.002048,0.224146,0.020284,0.004062,0.014539,0.022229,0.000908,0.003251,0.004970,0.001780,0.006371,0.009741
LHC125,16,0.364277,1.803522,-0.157404,1.806347,-0.002825,0.345455,0.018823,0.007816,0.033872,0.034598,0.001321,0.005725,0.005848,0.002589,0.011222,0.011462
LHC125,18,0.447030,1.602193,-0.411855,1.604975,-0.002782,0.429678,0.017352,0.025471,0.074490,0.210864,0.004027,0.011778,0.033340,0.007893,0.023084,0.065346
LHC125,20,0.508892,1.515693,-0.576792,1.518667,-0.002975,0.492316,0.016576,0.016114,0.047427,0.129401,0.002548,0.007499,0.020460,0.004994,0.014698,0.040101
LHC125,22,0.589546,1.558458,-0.680708,1.561737,-0.003279,0.573668,0.015878,0.015280,0.046215,0.136695,0.002490,0.007530,0.022272,0.004879,0.014758,0.043653
LHC126,4,0.136364,1.370638,-0.095829,1.371749,-0.001111,0.114383,0.021982,0.001361,0.007322,0.012473,0.000763,0.004108,0.006998,0.001496,0.008051,0.013716
LHC126,6,0.161586,1.571755,-0.147035,1.573132,-0.001377,0.139651,0.021935,0.001710,0.010270,0.014165,0.000765,0.004592,0.006334,0.001499,0.009000,0.012414
LHC126,8,0.190872,1.762899,-0.205765,1.764521,-0.001623,0.169022,0.021850,0.002343,0.013136,0.016368,0.001048,0.005873,0.007318,0.002053,0.011511,0.014343
LHC126,10,0.221268,1.935579,-0.270838,1.937378,-0.001800,0.199609,0.021658,0.003328,0.014033,0.016298,0.001487,0.006270,0.007282,0.002915,0.012290,0.014273
LHC126,12,0.248615,2.037103,-0.331995,2.038974,-0.001870,0.227382,0.021233,0.003768,0.014463,0.027809,0.001685,0.006468,0.012436,0.003302,0.012677,0.024374
LHC126,14,0.280094,2.112131,-0.340463,2.114251,-0.002120,0.259561,0.020533,0.003958,0.015707,0.029171,0.000885,0.003512,0.006522,0.001734,0.006883,0.012784
LHC126,16,0.351520,1.809466,-0.466347,1.811747,-0.002281,0.333102,0.018418,0.012159,0.060009,0.177041,0.001415,0.006981,0.020596,0.002772,0.013683,0.040368
LHC126,18,0.421829,1.699816,-0.607763,1.702271,-0.002455,0.404392,0.017438,0.031606,0.065779,0.218364,0.005043,0.010495,0.034841,0.009884,0.020571,0.068288
LHC126,20,0.525784,1.623114,-0.606189,1.625974,-0.002860,0.509496,0.016288,0.030892,0.092003,0.177417,0.004884,0.014547,0.028052,0.009573,0.028511,0.054981
LHC126,22,0.608432,1.616954,-0.715364,1.620047,-0.003093,0.593006,0.015426,0.022536,0.065627,0.170537,0.003563,0.010376,0.026963,0.006984,0.020337,0.052848
LHC127,4,0.118116,1.256983,-0.085847,1.257815,-0.000833,0.095901,0.022215,0.001076,0.008085,0.013514,0.000481,0.003616,0.006043,0.000943,0.007086,0.011845
LHC127,6,0.140401,1.444624,-0.136914,1.445662,-0.001038,0.118067,0.022334,0.001644,0.010110,0.014525,0.000735,0.004522,0.006497,0.001441,0.008863,0.012733
LHC127,8,0.167559,1.638043,-0.191884,1.639267,-0.001224,0.145035,0.022524,0.002347,0.012557,0.015711,0.001049,0.005612,0.007022,0.002056,0.010999,0.013762
LHC127,10,0.197407,1.815073,-0.247648,1.816470,-0.001396,0.174824,0.022583,0.003126,0.014253,0.014982,0.001398,0.006372,0.006698,0.002739,0.012489,0.013128
LHC127,12,0.228403,1.970525,-0.307537,1.972135,-0.001610,0.205915,0.022489,0.003471,0.014558,0.019596,0.001550,0.006500,0.008750,0.003038,0.012741,0.017149
LHC127,14,0.261909,2.103477,-0.367217,2.105331,-0.001854,0.239740,0.022169,0.003751,0.013298,0.022305,0.000838,0.002972,0.004985,0.001643,0.005825,0.009770
LHC127,16,0.295244,2.178833,-0.392546,2.180960,-0.002126,0.273605,0.021639,0.003666,0.013511,0.026788,0.000619,0.002283,0.004527,0.001214,0.004475,0.008872
LHC127,18,0.340774,2.000576,-0.566053,2.002327,-0.001751,0.320832,0.019943,0.010207,0.041905,0.106446,0.001621,0.006655,0.016904,0.003177,0.013043,0.033132
LHC127,20,0.424111,1.816865,-0.780948,1.819173,-0.002308,0.405038,0.019073,0.015776,0.057072,0.184572,0.002494,0.009024,0.029184,0.004889,0.017687,0.057200
LHC127,22,0.471797,1.826479,-0.925219,1.828960,-0.002480,0.453398,0.018399,0.015018,0.051984,0.134507,0.002374,0.008219,0.021267,0.004654,0.016110,0.041684
LHC128,4,0.078654,0.994009,-0.116136,0.994803,-0.000794,0.056881,0.021773,0.001142,0.007835,0.013437,0.000510,0.003499,0.006001,0.001000,0.006858,0.011761
LHC128,6,0.097265,1.192162,-0.172736,1.193212,-0.001050,0.075460,0.021805,0.001403,0.009408,0.015158,0.000627,0.004204,0.006774,0.001229,0.008240,0.013276
LHC128,8,0.120549,1.387736,-0.225595,1.389042,-0.001307,0.098774,0.021775,0.002052,0.011166,0.016516,0.000917,0.004992,0.007383,0.001798,0.009784,0.014471
LHC128,10,0.147903,1.573925,-0.276077,1.575503,-0.001579,0.126280,0.021623,0.002737,0.012007,0.017308,0.001222,0.005363,0.007730,0.002396,0.010511,0.015151
LHC128,12,0.178543,1.740633,-0.306051,1.742459,-0.001825,0.157069,0.021474,0.002908,0.011181,0.019304,0.001299,0.004993,0.008621,0.002545,0.009787,0.016897
LHC128,14,0.212411,1.862352,-0.294763,1.864394,-0.002041,0.191293,0.021118,0.003153,0.010760,0.018382,0.000705,0.002406,0.004110,0.001382,0.004716,0.008056
LHC128,16,0.256158,1.940986,-0.237844,1.943318,-0.002333,0.235449,0.020708,0.003823,0.013358,0.020663,0.000646,0.002258,0.003492,0.001266,0.004425,0.006845
LHC128,18,0.393536,1.754533,-0.117241,1.757651,-0.003118,0.373908,0.019628,0.014396,0.042144,0.039379,0.002276,0.006662,0.006225,0.004460,0.013057,0.012200
LHC128,20,0.457367,1.708637,-0.123509,1.712211,-0.003575,0.438075,0.019292,0.012214,0.038711,0.033019,0.001931,0.006119,0.005220,0.003784,0.011994,0.010230
LHC128,22,0.527513,1.726617,-0.196858,1.730515,-0.003898,0.508671,0.018842,0.011777,0.033251,0.037228,0.001862,0.005256,0.005885,0.003649,0.010303,0.011535
LHC129,4,0.131100,1.337985,-0.052874,1.339177,-0.001192,0.109051,0.022049,0.001019,0.007415,0.014818,0.000469,0.003414,0.006822,0.000920,0.006692,0.013372
LHC129,6,0.155237,1.528993,-0.104624,1.530459,-0.001466,0.133258,0.021979,0.001814,0.009885,0.014881,0.000811,0.004417,0.006650,0.001589,0.008658,0.013035
LHC129,8,0.182862,1.710892,-0.152086,1.712586,-0.001694,0.160975,0.021886,0.002493,0.012864,0.015258,0.001115,0.005753,0.006824,0.002186,0.011276,0.013374
LHC129,10,0.213829,1.871224,-0.196944,1.873078,-0.001854,0.192104,0.021725,0.003045,0.013742,0.015778,0.001376,0.006211,0.007131,0.002697,0.012173,0.013977
LHC129,12,0.244126,1.987282,-0.226273,1.989326,-0.002044,0.222820,0.021306,0.003189,0.011730,0.019532,0.001426,0.005244,0.008732,0.002794,0.010279,0.017115
LHC129,14,0.275892,2.031004,-0.245313,2.033131,-0.002127,0.255472,0.020421,0.003697,0.013632,0.026540,0.000827,0.003048,0.005934,0.001620,0.005974,0.011630
LHC129,16,0.415904,1.799454,-0.033088,1.802630,-0.003176,0.396933,0.018971,0.010065,0.036786,0.042013,0.002211,0.008080,0.009228,0.004333,0.015836,0.018087
LHC129,18,0.473076,1.697440,-0.012292,1.701196,-0.003756,0.454623,0.018453,0.011699,0.041241,0.046412,0.001850,0.006520,0.007338,0.003625,0.012780,0.014382
LHC129,20,0.538915,1.539358,-0.092633,1.543213,-0.003855,0.521931,0.016985,0.016684,0.042574,0.092674,0.002638,0.006731,0.014653,0.005170,0.013194,0.028720
LHC129,22,0.608043,1.510439,-0.284281,1.514441,-0.004002,0.591788,0.016254,0.010737,0.031706,0.092536,0.001698,0.005013,0.014631,0.003328,0.009826,0.028677
LHC130,4,0.104714,1.193380,-0.214485,1.194151,-0.000771,0.082867,0.021847,0.001514,0.009034,0.013230,0.000843,0.005027,0.007362,0.001651,0.009853,0.014429
LHC130,6,0.126689,1.396264,-0.279369,1.397310,-0.001046,0.104948,0.021741,0.001732,0.010136,0.014119,0.000774,0.004532,0.006313,0.001518,0.008883,0.012373
LHC130,8,0.152116,1.586597,-0.332888,1.587891,-0.001294,0.130495,0.021621,0.002260,0.011589,0.016837,0.001010,0.005178,0.007523,0.001979,0.010150,0.014745
LHC130,10,0.184000,1.784062,-0.410250,1.785601,-0.001539,0.162618,0.021382,0.002873,0.013468,0.019182,0.001285,0.006022,0.008577,0.002518,0.011804,0.016812
LHC130,12,0.216537,1.942784,-0.460798,1.944543,-0.001758,0.195442,0.021095,0.003432,0.012922,0.021908,0.001534,0.005776,0.009793,0.003007,0.011322,0.019195
LHC130,14,0.249893,2.031943,-0.460072,2.033922,-0.001979,0.229452,0.020441,0.003800,0.013725,0.019780,0.000850,0.003068,0.004422,0.001665,0.006014,0.008667
LHC130,16,0.298224,2.028380,-0.410181,2.030687,-0.002307,0.278806,0.019418,0.013877,0.051526,0.035927,0.002293,0.008513,0.005936,0.004494,0.016686,0.011635
LHC130,18,0.437092,1.748141,-0.685707,1.750713,-0.002572,0.419121,0.017971,0.021256,0.085224,0.174858,0.003368,0.013505,0.027709,0.006602,0.026470,0.054310
LHC130,20,0.515854,1.613711,-0.707067,1.616618,-0.002907,0.498819,0.017035,0.017004,0.056800,0.132156,0.002688,0.008980,0.020893,0.005269,0.017601,0.040951
LHC130,22,0.593810,1.564141,-0.668713,1.567470,-0.003329,0.577623,0.016188,0.019939,0.045423,0.133488,0.003152,0.007181,0.021103,0.006178,0.014075,0.041363
LHC131,4,0.096678,1.186738,-0.165540,1.187638,-0.000900,0.074704,0.021974,0.001161,0.008068,0.014466,0.000519,0.003608,0.006469,0.001018,0.007071,0.012678
LHC131,6,0.118436,1.382031,-0.221714,1.383230,-0.001199,0.096492,0.021944,0.001567,0.009194,0.015952,0.000699,0.004102,0.007118,0.001371,0.008041,0.013951
LHC131,8,0.144247,1.566474,-0.275518,1.567932,-0.001458,0.122429,0.021818,0.002351,0.011539,0.016608,0.001051,0.005156,0.007421,0.002059,0.010106,0.014546
LHC131,10,0.174151,1.742859,-0.321793,1.744543,-0.001684,0.152560,0.021591,0.002925,0.012515,0.018427,0.001307,0.005591,0.008232,0.002561,0.010958,0.016134
LHC131,12,0.207566,1.890804,-0.353260,1.892714,-0.001911,0.186324,0.021242,0.003086,0.012565,0.021867,0.001378,0.005611,0.009764,0.002701,0.010997,0.019137
LHC131,14,0.241948,1.980078,-0.351259,1.982203,-0.002125,0.221384,0.020564,0.003850,0.013013,0.022309,0.000860,0.002908,0.004986,0.001686,0.005700,0.009773
LHC131,16,0.355564,1.801531,-0.173114,1.804324,-0.002793,0.336581,0.018983,0.012687,0.046201,0.045907,0.002019,0.007353,0.007307,0.003958,0.014413,0.014321
LHC131,18,0.437154,1.745443,-0.152342,1.748802,-0.003359,0.418754,0.018400,0.014812,0.040874,0.043917,0.002342,0.006462,0.006943,0.004590,0.012666,0.013609
LHC131,20,0.518857,1.712581,-0.275959,1.715973,-0.003392,0.501562,0.017295,0.018817,0.057664,0.095830,0.002975,0.009116,0.015150,0.005831,0.017868,0.029694
LHC131,22,0.579171,1.520185,-0.462262,1.523719,-0.003534,0.562602,0.016569,0.018026,0.049305,0.140038,0.002850,0.007794,0.022138,0.005585,0.015277,0.043390
LHC132,4,0.138197,1.371341,-0.179047,1.371996,-0.000656,0.116041,0.022156,0.001394,0.008402,0.016287,0.000623,0.003754,0.007277,0.001221,0.007358,0.014263
LHC132,6,0.161614,1.561747,-0.227445,1.562552,-0.000806,0.139274,0.022340,0.001951,0.010546,0.015377,0.000871,0.004709,0.006867,0.001707,0.009230,0.013458
LHC132,8,0.190262,1.756036,-0.284864,1.757016,-0.000981,0.167734,0.022528,0.002446,0.012753,0.015130,0.001094,0.005704,0.006767,0.002144,0.011179,0.013263
LHC132,10,0.223142,1.947895,-0.343316,1.949130,-0.001235,0.200445,0.022697,0.003296,0.013875,0.015732,0.001470,0.006191,0.007020,0.002882,0.012134,0.013758
LHC132,12,0.258130,2.119005,-0.380274,2.120530,-0.001525,0.235340,0.022790,0.003685,0.013042,0.018368,0.001646,0.005826,0.008206,0.003227,0.011419,0.016083
LHC132,14,0.290694,2.220634,-0.378349,2.222423,-0.001789,0.268097,0.022596,0.003435,0.012025,0.017310,0.000768,0.002689,0.003870,0.001505,0.005270,0.007585
LHC132,16,0.327579,2.279743,-0.331421,2.281782,-0.002039,0.305382,0.022197,0.003788,0.012460,0.021444,0.000640,0.002106,0.003624,0.001255,0.004127,0.007103
LHC132,18,0.372633,2.283810,-0.274571,2.285982,-0.002171,0.351031,0.021601,0.004457,0.013925,0.024543,0.000705,0.002202,0.003880,0.001381,0.004315,0.007605
LHC132,20,0.409530,2.135552,-0.497354,2.137478,-0.001926,0.389188,0.020341,0.017396,0.046475,0.112387,0.002750,0.007347,0.017767,0.005390,0.014400,0.034823
LHC132,22,0.493462,2.099736,-0.434604,2.102014,-0.002278,0.474295,0.019167,0.024946,0.064614,0.129364,0.003944,0.010215,0.020451,0.007730,0.020021,0.040084
LHC133,4,0.084624,1.003931,-0.133650,1.004582,-0.000651,0.062560,0.022063,0.000958,0.007643,0.011769,0.000428,0.003417,0.005262,0.000840,0.006697,0.010313
LHC133,6,0.103120,1.206628,-0.188489,1.207468,-0.000840,0.080928,0.022192,0.001533,0.009361,0.015082,0.000685,0.004185,0.006743,0.001343,0.008203,0.013216
LHC133,8,0.126200,1.401994,-0.244206,1.403042,-0.001048,0.103961,0.022238,0.002024,0.010832,0.016348,0.000904,0.004840,0.007305,0.001772,0.009487,0.014318
LHC133,10,0.154109,1.595683,-0.299767,1.596944,-0.001261,0.131771,0.022338,0.002776,0.012996,0.017995,0.001240,0.005804,0.008036,0.002430,0.011375,0.015751
LHC133,12,0.185455,1.779127,-0.351885,1.780613,-0.001486,0.163065,0.022391,0.003376,0.012402,0.021379,0.001508,0.005540,0.009551,0.002956,0.010859,0.018720
LHC133,14,0.218656,1.934169,-0.403384,1.935845,-0.001676,0.196501,0.022155,0.003419,0.011372,0.020539,0.000764,0.002543,0.004592,0.001498,0.004984,0.009001
LHC133,16,0.252923,2.040229,-0.448761,2.042114,-0.001885,0.231064,0.021859,0.003513,0.012802,0.025150,0.000594,0.002163,0.004250,0.001164,0.004240,0.008330
LHC133,18,0.316819,1.985545,-0.673664,1.987274,-0.001729,0.295955,0.020863,0.012037,0.059946,0.101756,0.001903,0.009478,0.016088,0.003730,0.018576,0.031532
LHC133,20,0.375714,2.072632,-0.729702,2.074437,-0.001804,0.355370,0.020343,0.012002,0.044897,0.118203,0.001912,0.007152,0.018830,0.003747,0.014018,0.036907
LHC133,22,0.421290,2.109917,-0.799072,2.111913,-0.001996,0.401393,0.019897,0.013164,0.049654,0.101452,0.002081,0.007849,0.016038,0.004079,0.015385,0.031434
LHC134,4,0.097394,1.084898,0.008964,1.085697,-0.000799,0.075459,0.021935,0.000977,0.007377,0.013915,0.000437,0.003299,0.006223,0.000856,0.006466,0.012196
LHC134,6,0.117419,1.278851,-0.038426,1.279848,-0.000997,0.095301,0.022118,0.001309,0.008245,0.015454,0.000584,0.003679,0.006895,0.001145,0.007210,0.013514
LHC134,8,0.142979,1.472455,-0.083292,1.473639,-0.001185,0.120625,0.022354,0.002166,0.011713,0.014204,0.000967,0.005231,0.006343,0.001896,0.010252,0.012432
LHC134,10,0.171472,1.653439,-0.124392,1.654843,-0.001404,0.148940,0.022531,0.002930,0.012713,0.015171,0.001309,0.005681,0.006779,0.002566,0.011135,0.013287
LHC134,12,0.203632,1.825500,-0.161084,1.827156,-0.001656,0.181090,0.022542,0.003190,0.012190,0.017287,0.001427,0.005451,0.007730,0.002796,0.010684,0.015152
LHC134,14,0.235976,1.954709,-0.187650,1.956577,-0.001867,0.213644,0.022333,0.003475,0.012191,0.018976,0.000777,0.002725,0.004242,0.001522,0.005341,0.008314
LHC134,16,0.261139,1.993194,-0.237135,1.995039,-0.001846,0.239523,0.021616,0.004926,0.019359,0.033507,0.000833,0.003272,0.005663,0.001632,0.006413,0.011100
LHC134,18,0.321473,1.910025,-0.423883,1.911635,-0.001610,0.301296,0.020177,0.012491,0.038530,0.107240,0.001975,0.006092,0.016956,0.003871,0.011940,0.033234
LHC134,20,0.386598,1.954983,-0.444548,1.956814,-0.001831,0.367154,0.019444,0.012836,0.045290,0.113272,0.002029,0.007159,0.017905,0.003977,0.014032,0.035094
LHC134,22,0.440209,1.949573,-0.521204,1.951638,-0.002066,0.421206,0.019003,0.015227,0.055252,0.116080,0.002407,0.008734,0.018350,0.004718,0.017119,0.035966
LHC135,4,0.097617,1.119688,-0.293921,1.120347,-0.000659,0.075959,0.021658,0.001224,0.008095,0.014732,0.000547,0.003617,0.006582,0.001072,0.007089,0.012901
LHC135,6,0.117293,1.314351,-0.350682,1.315267,-0.000916,0.095671,0.021623,0.001549,0.010509,0.016024,0.000692,0.004697,0.007162,0.001357,0.009206,0.014037
LHC135,8,0.140894,1.508112,-0.409938,1.509263,-0.001151,0.119377,0.021517,0.002283,0.011876,0.014851,0.001020,0.005308,0.006638,0.002000,0.010405,0.013010
LHC135,10,0.170017,1.705988,-0.457873,1.707410,-0.001422,0.148554,0.021463,0.002924,0.013031,0.017741,0.001305,0.005815,0.007917,0.002557,0.011398,0.015518
LHC135,12,0.200676,1.857058,-0.473678,1.858754,-0.001697,0.179403,0.021273,0.003297,0.012313,0.020389,0.001472,0.005499,0.009105,0.002886,0.010777,0.017845
LHC135,14,0.234708,1.962466,-0.445030,1.964458,-0.001991,0.213781,0.020926,0.003282,0.011958,0.019574,0.000734,0.002674,0.004376,0.001438,0.005240,0.008577
LHC135,16,0.339847,1.797478,-0.237945,1.800117,-0.002639,0.320308,0.019539,0.011457,0.036529,0.031858,0.001936,0.006173,0.005384,0.003795,0.012099,0.010552
LHC135,18,0.425054,1.750341,-0.182347,1.753507,-0.003166,0.405986,0.019068,0.014680,0.052767,0.039576,0.002321,0.008343,0.006257,0.004549,0.016352,0.012265
LHC135,20,0.498028,1.753037,-0.201959,1.756609,-0.003572,0.479228,0.018800,0.020995,0.070757,0.042705,0.003319,0.011186,0.006751,0.006505,0.021924,0.013232
LHC135,22,0.599527,1.870757,-0.315558,1.874515,-0.003758,0.581174,0.018352,0.017756,0.055541,0.048063,0.002807,0.008780,0.007597,0.005501,0.017208,0.014891
LHC136,4,0.123750,1.258504,0.008731,1.259617,-0.001113,0.101674,0.022076,0.001135,0.007977,0.012473,0.000507,0.003560,0.005567,0.000993,0.006978,0.010911
LHC136,6,0.147627,1.459420,-0.038150,1.460805,-0.001385,0.125506,0.022121,0.001612,0.009177,0.014206,0.000720,0.004099,0.006345,0.001411,0.008033,0.012436
LHC136,8,0.174971,1.646662,-0.084645,1.648318,-0.001656,0.152838,0.022134,0.002313,0.012165,0.015773,0.001034,0.005438,0.007051,0.002027,0.010658,0.013820
LHC136,10,0.205664,1.825073,-0.134785,1.826950,-0.001877,0.183568,0.022095,0.003339,0.014590,0.016250,0.001493,0.006525,0.007267,0.002927,0.012788,0.014244
LHC136,12,0.236022,1.968412,-0.177146,1.970485,-0.002074,0.214136,0.021887,0.003364,0.012960,0.018961,0.001502,0.005785,0.008464,0.002943,0.011339,0.016590
LHC136,14,0.264245,2.048153,-0.221498,2.050319,-0.002166,0.243056,0.021189,0.003973,0.013469,0.024481,0.000888,0.003011,0.005472,0.001741,0.005901,0.010725
LHC136,16,0.299749,2.079117,-0.225359,2.081465,-0.002348,0.279487,0.020261,0.004697,0.017805,0.027834,0.000794,0.003009,0.004704,0.001556,0.005897,0.009219
LHC136,18,0.430904,1.874557,-0.108876,1.877673,-0.003116,0.412155,0.018748,0.016197,0.044696,0.048941,0.002594,0.007160,0.007839,0.005085,0.014033,0.015365
LHC136,20,0.486006,1.723870,-0.206991,1.726956,-0.003086,0.468725,0.017281,0.016100,0.038230,0.103243,0.002612,0.006202,0.016748,0.005119,0.012155,0.032826
LHC136,22,0.568068,1.631512,-0.221776,1.635285,-0.003773,0.551309,0.016759,0.014817,0.041159,0.093158,0.002342,0.006507,0.014727,0.004591,0.012753,0.028865
LHC137,4,0.098515,1.186916,-0.121065,1.187881,-0.000965,0.076572,0.021943,0.001457,0.009339,0.012948,0.001047,0.006713,0.009307,0.002053,0.013157,0.018241
LHC137,6,0.120790,1.382930,-0.173758,1.384190,-0.001259,0.098850,0.021940,0.001680,0.010427,0.014766,0.000751,0.004663,0.006603,0.001472,0.009139,0.012942
LHC137,8,0.147037,1.569112,-0.224239,1.570627,-0.001514,0.125152,0.021885,0.002504,0.012733,0.017477,0.001119,0.005690,0.007810,0.002193,0.011153,0.015308
LHC137,10,0.176878,1.738060,-0.266077,1.739811,-0.001752,0.155189,0.021688,0.002854,0.014089,0.017831,0.001276,0.006300,0.007973,0.002501,0.012348,0.015627
LHC137,12,0.209599,1.877894,-0.286196,1.879840,-0.001946,0.188359,0.021240,0.003035,0.011751,0.017697,0.001357,0.005254,0.007913,0.002660,0.010299,0.015510
LHC137,14,0.247649,1.962174,-0.285067,1.964351,-0.002177,0.227158,0.020490,0.002664,0.009500,0.018836,0.000596,0.002124,0.004212,0.001168,0.004163,0.008255
LHC137,16,0.379532,1.727709,-0.092271,1.730735,-0.003026,0.360578,0.018954,0.011611,0.040123,0.042436,0.002539,0.008774,0.009280,0.004977,0.017198,0.018189
LHC137,18,0.440325,1.645335,-0.072057,1.648935,-0.003600,0.421832,0.018493,0.009925,0.032484,0.039269,0.001569,0.005136,0.006209,0.003076,0.010067,0.012169
LHC137,20,0.520471,1.656832,-0.195608,1.660531,-0.003699,0.503178,0.017293,0.012134,0.035696,0.080927,0.001969,0.005792,0.013132,0.003859,0.011353,0.025738
LHC137,22,0.590912,1.532452,-0.289880,1.536347,-0.003895,0.574121,0.016791,0.015296,0.040471,0.083638,0.002418,0.006399,0.013224,0.004740,0.012541,0.025919
LHC138,4,0.126280,1.277650,-0.118895,1.278391,-0.000741,0.103970,0.022310,0.001148,0.008202,0.013537,0.000513,0.003663,0.006045,0.001005,0.007179,0.011848
LHC138,6,0.148296,1.474670,-0.177118,1.475571,-0.000902,0.125829,0.022466,0.001447,0.009692,0.016817,0.000647,0.004333,0.007518,0.001268,0.008492,0.014736
LHC138,8,0.175500,1.668006,-0.231416,1.669060,-0.001054,0.152845,0.022655,0.002284,0.012332,0.015962,0.001020,0.005509,0.007131,0.002000,0.010798,0.013977
LHC138,10,0.206513,1.855204,-0.286292,1.856450,-0.001246,0.183676,0.022837,0.003094,0.014492,0.016499,0.001384,0.006479,0.007377,0.002712,0.012700,0.014459
LHC138,12,0.240277,2.027823,-0.333517,2.029364,-0.001540,0.217298,0.022979,0.003519,0.014227,0.018492,0.001571,0.006351,0.008256,0.003079,0.012448,0.016181
LHC138,14,0.274224,2.176345,-0.372343,2.178188,-0.001842,0.251242,0.022982,0.003630,0.012253,0.021242,0.000811,0.002739,0.004748,0.001590,0.005368,0.009307
LHC138,16,0.309137,2.294529,-0.381040,2.296620,-0.002091,0.286256,0.022881,0.003814,0.012661,0.023175,0.000644,0.002140,0.003916,0.001263,0.004193,0.007676
LHC138,18,0.341268,2.355614,-0.373192,2.357842,-0.002229,0.318770,0.022498,0.004137,0.012606,0.021325,0.000654,0.001993,0.003372,0.001282,0.003906,0.006608
LHC138,20,0.378501,2.389000,-0.331748,2.391344,-0.002345,0.356578,0.021922,0.004734,0.012830,0.027228,0.000748,0.002028,0.004305,0.001467,0.003975,0.008437
LHC138,22,0.413305,2.350650,-0.359577,2.352974,-0.002325,0.392038,0.021267,0.006561,0.023289,0.044664,0.001037,0.003682,0.007062,0.002033,0.007217,0.013841
LHC139,4,0.120316,1.310615,-0.131254,1.311654,-0.001039,0.098295,0.022022,0.001427,0.008550,0.013753,0.000667,0.003999,0.006432,0.001308,0.007838,0.012608
LHC139,6,0.143914,1.504820,-0.185795,1.506135,-0.001314,0.121927,0.021987,0.001707,0.009875,0.014085,0.000762,0.004410,0.006290,0.001494,0.008643,0.012328
LHC139,8,0.172230,1.694941,-0.242648,1.696502,-0.001561,0.150303,0.021927,0.002491,0.012093,0.017706,0.001113,0.005401,0.007909,0.002181,0.010587,0.015501
LHC139,10,0.203172,1.870343,-0.297195,1.872116,-0.001773,0.181405,0.021766,0.003195,0.013517,0.018886,0.001428,0.006043,0.008443,0.002800,0.011844,0.016548
LHC139,12,0.235320,2.013248,-0.341361,2.015237,-0.001989,0.213893,0.021428,0.003752,0.013610,0.018695,0.001677,0.006082,0.008355,0.003286,0.011922,0.016375
LHC139,14,0.266197,2.089937,-0.365358,2.092041,-0.002104,0.245414,0.020783,0.004330,0.014530,0.024387,0.000968,0.003249,0.005453,0.001898,0.006368,0.010687
LHC139,16,0.309851,2.132213,-0.315500,2.134690,-0.002477,0.289912,0.019939,0.004337,0.013663,0.027193,0.000733,0.002309,0.004596,0.001437,0.004527,0.009009
LHC139,18,0.445475,1.851685,-0.147805,1.854951,-0.003267,0.427085,0.018390,0.014571,0.039689,0.047995,0.002303,0.006274,0.007588,0.004515,0.012298,0.014872
LHC139,20,0.507160,1.633403,-0.605844,1.636269,-0.002866,0.490234,0.016925,0.016407,0.063704,0.175013,0.002594,0.010071,0.027668,0.005084,0.019739,0.054229
LHC139,22,0.591379,1.597929,-0.644744,1.601104,-0.003175,0.575436,0.015943,0.019905,0.054960,0.155058,0.003147,0.008689,0.024514,0.006168,0.017030,0.048047
LHC140,4,0.114486,1.219839,-0.004080,1.220943,-0.001104,0.092555,0.021931,0.001374,0.007745,0.010198,0.000918,0.005177,0.006817,0.001800,0.010148,0.013362
LHC140,6,0.136918,1.409455,-0.049732,1.410817,-0.001363,0.114983,0.021935,0.001643,0.009695,0.015215,0.000735,0.004335,0.006803,0.001440,0.008496,0.013334
LHC140,8,0.163570,1.594028,-0.096818,1.595630,-0.001602,0.141654,0.021916,0.002233,0.011314,0.017751,0.000999,0.005060,0.007938,0.001957,0.009917,0.015559
LHC140,10,0.192721,1.757048,-0.136324,1.758835,-0.001787,0.170918,0.021803,0.003022,0.014057,0.014002,0.001350,0.006282,0.006258,0.002647,0.012314,0.012266
LHC140,12,0.224500,1.889775,-0.155267,1.891746,-0.001970,0.202972,0.021529,0.003151,0.011859,0.021060,0.001409,0.005301,0.009414,0.002761,0.010389,0.018451
LHC140,14,0.259001,1.966165,-0.163393,1.968325,-0.002160,0.238234,0.020767,0.003035,0.010580,0.018647,0.000726,0.002531,0.004461,0.001423,0.004961,0.008744
LHC140,16,0.381486,1.715609,-0.006837,1.718590,-0.002980,0.362265,0.019221,0.012314,0.033320,0.039710,0.002720,0.007360,0.008772,0.005331,0.014426,0.017193
LHC140,18,0.449551,1.673601,-0.011240,1.677116,-0.003514,0.430904,0.018647,0.007548,0.028891,0.041045,0.001193,0.004568,0.006489,0.002339,0.008953,0.012719
LHC140,20,0.517288,1.657885,-0.056974,1.661696,-0.003811,0.499632,0.017656,0.016134,0.058072,0.055225,0.002551,0.009181,0.008731,0.005000,0.017995,0.017113
LHC140,22,0.586914,1.651367,-0.147009,1.655515,-0.004148,0.569767,0.017147,0.014176,0.041543,0.065153,0.002272,0.006658,0.010441,0.004453,0.013049,0.020465
LHC141,4,0.125069,1.255847,-0.033323,1.256711,-0.000865,0.102963,0.022107,0.001637,0.009585,0.015412,0.000765,0.004476,0.007198,0.001499,0.008774,0.014107
LHC141,6,0.150149,1.463275,-0.075041,1.464369,-0.001093,0.127884,0.022265,0.003849,0.016398,0.016778,0.001720,0.007326,0.007496,0.003370,0.014359,0.014692
LHC141,8,0.182396,1.678234,-0.123049,1.679538,-0.001304,0.159926,0.022470,0.002338,0.013414,0.015369,0.001045,0.005993,0.006867,0.002047,0.011746,0.013459
LHC141,10,0.211802,1.849388,-0.181448,1.850868,-0.001480,0.189325,0.022477,0.003295,0.015386,0.016252,0.001472,0.006874,0.007261,0.002885,0.013473,0.014231
LHC141,12,0.237848,1.971207,-0.252102,1.972805,-0.001598,0.215616,0.022231,0.003692,0.015441,0.021854,0.001649,0.006895,0.009758,0.003231,0.013513,0.019125
LHC141,14,0.267885,2.067112,-0.321053,2.068871,-0.001759,0.246116,0.021769,0.004599,0.020973,0.033556,0.001028,0.004689,0.007502,0.002015,0.009190,0.014703
LHC141,16,0.327711,1.803833,-0.367205,1.805926,-0.002094,0.308021,0.019690,0.013832,0.069593,0.162455,0.001199,0.006031,0.014079,0.002350,0.011821,0.027595
LHC141,18,0.384052,1.722401,-0.632321,1.724509,-0.002108,0.364990,0.019062,0.015891,0.072479,0.194206,0.002512,0.011459,0.030705,0.004924,0.022460,0.060182
LHC141,20,0.435404,1.749977,-0.751969,1.752337,-0.002360,0.416956,0.018448,0.015445,0.059350,0.178883,0.002442,0.009383,0.028281,0.004786,0.018391,0.055430
LHC141,22,0.480597,1.750367,-0.841515,1.752933,-0.002566,0.462978,0.017619,0.015837,0.055086,0.164447,0.002504,0.008709,0.025999,0.004908,0.017070,0.050957
LHC142,4,0.121506,1.326322,-0.178621,1.327254,-0.000932,0.099527,0.021980,0.001354,0.008316,0.014184,0.000605,0.003716,0.006337,0.001185,0.007283,0.012421
LHC142,6,0.145394,1.522921,-0.233320,1.524105,-0.001184,0.123403,0.021992,0.001479,0.009183,0.016132,0.000661,0.004104,0.007209,0.001296,0.008043,0.014129
LHC142,8,0.174037,1.715147,-0.291257,1.716570,-0.001423,0.152070,0.021967,0.002276,0.011676,0.013816,0.001017,0.005217,0.006174,0.001993,0.010226,0.012101
LHC142,10,0.205319,1.891067,-0.342671,1.892734,-0.001666,0.183430,0.021889,0.003101,0.013537,0.018244,0.001386,0.006050,0.008154,0.002716,0.011858,0.015981
LHC142,12,0.239127,2.039649,-0.367243,2.041533,-0.001883,0.217526,0.021601,0.003334,0.012868,0.021778,0.001490,0.005749,0.009730,0.002920,0.011268,0.019071
LHC142,14,0.274389,2.127925,-0.379290,2.130020,-0.002096,0.253534,0.020856,0.003675,0.012665,0.021813,0.000822,0.002832,0.004877,0.001610,0.005550,0.009559
LHC142,16,0.380914,1.953970,-0.198696,1.956652,-0.002682,0.361703,0.019211,0.016408,0.053528,0.046024,0.002245,0.007325,0.006298,0.004401,0.014356,0.012344
LHC142,18,0.459954,1.801897,-0.134506,1.805216,-0.003319,0.441493,0.018461,0.011896,0.037767,0.045269,0.001881,0.005971,0.007157,0.003686,0.011704,0.014028
LHC142,20,0.538931,1.748276,-0.213813,1.751784,-0.003508,0.521566,0.017365,0.016828,0.054143,0.080792,0.002660,0.008559,0.012772,0.005214,0.016776,0.025033
LHC142,22,0.603667,1.720458,-0.222423,1.724609,-0.004151,0.586564,0.017103,0.011740,0.030019,0.073693,0.001856,0.004746,0.011651,0.003638,0.009302,0.022836
LHC143,4,0.067052,0.865651,-0.159323,0.866192,-0.000542,0.045567,0.021485,0.001135,0.007740,0.013498,0.000506,0.003453,0.006021,0.000992,0.006767,0.011801
LHC143,6,0.083644,1.064291,-0.206928,1.065003,-0.000712,0.061906,0.021738,0.001506,0.009243,0.014130,0.000672,0.004126,0.006307,0.001317,0.008086,0.012361
LHC143,8,0.104339,1.260670,-0.263920,1.261583,-0.000913,0.082409,0.021930,0.002179,0.011659,0.013852,0.000973,0.005204,0.006183,0.001907,0.010200,0.012119
LHC143,10,0.129498,1.456299,-0.311712,1.457432,-0.001134,0.107443,0.022055,0.002760,0.013524,0.014777,0.001310,0.006420,0.007014,0.002568,0.012583,0.013748
LHC143,12,0.158785,1.639972,-0.350590,1.641364,-0.001392,0.136601,0.022184,0.003289,0.013087,0.016908,0.001469,0.005846,0.007553,0.002880,0.011459,0.014804
LHC143,14,0.191203,1.811665,-0.387835,1.813308,-0.001644,0.168974,0.022228,0.003273,0.011172,0.018486,0.000732,0.002497,0.004132,0.001434,0.004894,0.008098
LHC143,16,0.224936,1.952129,-0.400117,1.953982,-0.001852,0.202865,0.022071,0.003164,0.010997,0.019798,0.000535,0.001859,0.003346,0.001048,0.003643,0.006558
LHC143,18,0.261084,2.046020,-0.429850,2.047924,-0.001904,0.239088,0.021997,0.003922,0.013636,0.026473,0.000620,0.002156,0.004185,0.001215,0.004225,0.008203
LHC143,20,0.325788,1.971711,-0.604845,1.973572,-0.001862,0.305065,0.020722,0.019913,0.077794,0.088325,0.003242,0.012666,0.014380,0.006354,0.024825,0.028185
LHC143,22,0.403185,2.031057,-0.718910,2.032933,-0.001876,0.383200,0.019985,0.011684,0.037378,0.079891,0.001847,0.005910,0.012632,0.003621,0.011583,0.024758
LHC144,4,0.115109,1.265825,-0.118065,1.266792,-0.000967,0.093138,0.021971,0.001159,0.007917,0.012464,0.000518,0.003541,0.005574,0.001015,0.006940,0.010925
LHC144,6,0.138141,1.464531,-0.172276,1.465735,-0.001204,0.116155,0.021986,0.001787,0.009260,0.016166,0.000798,0.004134,0.007217,0.001564,0.008103,0.014145
LHC144,8,0.166756,1.664231,-0.228016,1.665688,-0.001457,0.144657,0.022098,0.002518,0.011351,0.017048,0.001124,0.005069,0.007614,0.002204,0.009936,0.014923
LHC144,10,0.198072,1.847315,-0.281971,1.849017,-0.001702,0.176062,0.022010,0.003031,0.012405,0.017869,0.001354,0.005542,0.007983,0.002654,0.010862,0.015646
LHC144,12,0.233217,2.009913,-0.311494,2.011863,-0.001950,0.211389,0.021827,0.003182,0.013031,0.020186,0.001471,0.006025,0.009333,0.002883,0.011809,0.018292
LHC144,14,0.268087,2.117158,-0.301814,2.119335,-0.002178,0.246702,0.021385,0.003843,0.012808,0.020565,0.000859,0.002864,0.004599,0.001684,0.005613,0.009013
LHC144,16,0.314040,2.164072,-0.235832,2.166468,-0.002395,0.293250,0.020790,0.004082,0.013630,0.024197,0.000690,0.002303,0.004089,0.001352,0.004515,0.008015
LHC144,18,0.448434,1.884543,-0.101615,1.887578,-0.003035,0.429274,0.019160,0.014174,0.049521,0.055343,0.002240,0.007828,0.008748,0.004391,0.015343,0.017147
LHC144,20,0.509677,1.762383,-0.209606,1.765625,-0.003242,0.491680,0.017997,0.015391,0.045235,0.082257,0.002449,0.007198,0.013089,0.004800,0.014108,0.025654
LHC144,22,0.613589,1.827213,-0.261275,1.830931,-0.003717,0.596094,0.017495,0.018779,0.055816,0.071340,0.003013,0.008954,0.011444,0.005905,0.017550,0.022431
LHC145,4,0.068699,0.943423,-0.132575,0.944249,-0.000826,0.047085,0.021614,0.001187,0.007907,0.012959,0.000531,0.003534,0.005792,0.001040,0.006927,0.011353
LHC145,6,0.086507,1.140268,-0.187970,1.141368,-0.001100,0.064983,0.021524,0.001526,0.009585,0.015673,0.000682,0.004283,0.007004,0.001337,0.008396,0.013727
LHC145,8,0.108959,1.331486,-0.242140,1.332844,-0.001358,0.087616,0.021343,0.002173,0.012176,0.018074,0.000971,0.005442,0.008078,0.001904,0.010666,0.015833
LHC145,10,0.135387,1.509021,-0.292183,1.510611,-0.001589,0.114267,0.021119,0.002763,0.012330,0.019154,0.001235,0.005512,0.008562,0.002421,0.010803,0.016782
LHC145,12,0.163529,1.647441,-0.319392,1.649247,-0.001806,0.142748,0.020781,0.003067,0.011750,0.022773,0.001884,0.007219,0.013993,0.003693,0.014150,0.027425
LHC145,14,0.196495,1.748780,-0.325553,1.750674,-0.001894,0.176327,0.020168,0.003080,0.011257,0.021967,0.000715,0.002614,0.005102,0.001402,0.005124,0.010000
LHC145,16,0.306975,1.667087,-0.185686,1.669635,-0.002548,0.288141,0.018834,0.007566,0.026000,0.033353,0.001546,0.005312,0.006814,0.003030,0.010411,0.013355
LHC145,18,0.390057,1.503713,-0.444072,1.506398,-0.002686,0.372113,0.017944,0.018166,0.056359,0.153181,0.002872,0.008911,0.024220,0.005630,0.017466,0.047471
LHC145,20,0.470737,1.477042,-0.534213,1.479943,-0.002902,0.453646,0.017091,0.014979,0.044465,0.133048,0.002421,0.007187,0.021504,0.004745,0.014086,0.042147
LHC145,22,0.537422,1.488296,-0.692904,1.491422,-0.003126,0.520993,0.016429,0.016600,0.041549,0.090325,0.002624,0.006569,0.014280,0.005144,0.012875,0.027989
LHC146,4,0.148571,1.411783,-0.126330,1.412583,-0.000801,0.126261,0.022310,0.001400,0.009171,0.015080,0.000626,0.004099,0.006740,0.001227,0.008034,0.013210
LHC146,6,0.172984,1.605376,-0.183916,1.606361,-0.000985,0.150478,0.022506,0.001765,0.010508,0.015745,0.000788,0.004694,0.007033,0.001545,0.009200,0.013784
LHC146,8,0.202334,1.802111,-0.238984,1.803245,-0.001134,0.179578,0.022756,0.002444,0.012903,0.016901,0.001092,0.005763,0.007548,0.002139,0.011296,0.014795
LHC146,10,0.235419,1.984873,-0.293985,1.986217,-0.001344,0.212490,0.022928,0.003298,0.014455,0.016484,0.001473,0.006457,0.007363,0.002887,0.012655,0.014431
LHC146,12,0.269640,2.143810,-0.340761,2.145407,-0.001597,0.246719,0.022921,0.003481,0.013907,0.019595,0.001555,0.006215,0.008757,0.003049,0.012181,0.017163
LHC146,14,0.301777,2.270446,-0.373478,2.272261,-0.001815,0.279029,0.022748,0.003635,0.012271,0.022581,0.000812,0.002743,0.005048,0.001592,0.005376,0.009894
LHC146,16,0.319026,2.279470,-0.451430,2.281200,-0.001730,0.296835,0.022191,0.005251,0.023059,0.044393,0.000887,0.003897,0.007502,0.001739,0.007638,0.014704
LHC146,18,0.388795,2.201381,-0.628711,2.202944,-0.001563,0.368330,0.020465,0.010975,0.045928,0.124363,0.001735,0.007262,0.019663,0.003401,0.014233,0.038540
LHC146,20,0.437595,2.209136,-0.679459,2.210933,-0.001797,0.417627,0.019969,0.017754,0.060101,0.129294,0.002806,0.009500,0.020438,0.005501,0.018621,0.040058
LHC146,22,0.493355,2.216781,-0.674938,2.218706,-0.001925,0.474126,0.019230,0.017785,0.063960,0.148961,0.002812,0.010113,0.023553,0.005512,0.019822,0.046164
LHC147,4,0.125964,1.232615,0.000491,1.233590,-0.000975,0.103843,0.022121,0.001359,0.008263,0.014106,0.000607,0.003692,0.006303,0.001190,0.007237,0.012354
LHC147,6,0.148121,1.429040,-0.049111,1.430208,-0.001167,0.125822,0.022298,0.001698,0.010173,0.013151,0.000759,0.004545,0.005876,0.001487,0.008909,0.011517
LHC147,8,0.174461,1.622086,-0.100236,1.623439,-0.001353,0.152016,0.022445,0.002370,0.012368,0.013541,0.001058,0.005519,0.006042,0.002073,0.010817,0.011843
LHC147,10,0.204113,1.801368,-0.155099,1.802885,-0.001516,0.181526,0.022587,0.003217,0.014136,0.014839,0.001439,0.006322,0.006636,0.002820,0.012392,0.013007
LHC147,12,0.234780,1.958696,-0.217909,1.960400,-0.001703,0.212282,0.022498,0.003392,0.013002,0.019358,0.001516,0.005812,0.008654,0.002972,0.011392,0.016961
LHC147,14,0.263967,2.075221,-0.288974,2.077065,-0.001844,0.241794,0.022174,0.003437,0.012536,0.020328,0.000768,0.002802,0.004544,0.001506,0.005492,0.008906
LHC147,16,0.296702,2.172430,-0.334173,2.174564,-0.002134,0.275021,0.021681,0.004058,0.013363,0.025769,0.000686,0.002259,0.004356,0.001344,0.004427,0.008537
LHC147,18,0.341490,1.989289,-0.524672,1.991032,-0.001743,0.321708,0.019783,0.010841,0.054632,0.108895,0.001714,0.008636,0.017214,0.003359,0.016927,0.033740
LHC147,20,0.384154,2.026809,-0.573095,2.028626,-0.001817,0.364831,0.019323,0.011696,0.052834,0.118536,0.001849,0.008353,0.018741,0.003625,0.016373,0.036733
LHC147,22,0.467057,1.826915,-0.808602,1.829403,-0.002489,0.448986,0.018071,0.023166,0.079411,0.188931,0.003662,0.012553,0.029865,0.007177,0.024603,0.058535
LHC148,4,0.101192,1.068510,-0.310774,1.068883,-0.000373,0.079668,0.021524,0.001321,0.008577,0.014356,0.000591,0.003836,0.006420,0.001158,0.007518,0.012583
LHC148,6,0.118920,1.263464,-0.363541,1.264013,-0.000549,0.097288,0.021632,0.001610,0.010211,0.013880,0.000718,0.004555,0.006192,0.001408,0.008928,0.012137
LHC148,8,0.141828,1.461977,-0.425058,1.462707,-0.000730,0.120163,0.021665,0.002406,0.013012,0.014686,0.001073,0.005805,0.006552,0.002104,0.011379,0.012842
LHC148,10,0.168108,1.644435,-0.466953,1.645421,-0.000987,0.146260,0.021848,0.003283,0.015386,0.018165,0.001467,0.006875,0.008117,0.002875,0.013476,0.015910
LHC148,12,0.201093,1.848804,-0.522491,1.850049,-0.001246,0.179231,0.021862,0.003434,0.012481,0.019108,0.001533,0.005573,0.008533,0.003006,0.010923,0.016724
LHC148,14,0.232282,1.982398,-0.518721,1.983887,-0.001489,0.210587,0.021696,0.003569,0.011416,0.018542,0.000798,0.002552,0.004145,0.001564,0.005002,0.008124
LHC148,16,0.267486,2.067708,-0.482044,2.069460,-0.001751,0.246086,0.021399,0.003524,0.011520,0.019884,0.000596,0.001947,0.003360,0.001167,0.003816,0.006586
LHC148,18,0.315096,2.109501,-0.429307,2.111491,-0.001990,0.293991,0.021105,0.003865,0.012384,0.023915,0.000611,0.001958,0.003780,0.001198,0.003837,0.007409
LHC148,20,0.411533,1.955416,-0.707706,1.957184,-0.001767,0.392304,0.019229,0.015271,0.067928,0.120053,0.002414,0.010740,0.018981,0.004732,0.021050,0.037202
LHC148,22,0.468030,1.924559,-0.673253,1.926641,-0.002082,0.449386,0.018644,0.015817,0.057667,0.096546,0.002500,0.009117,0.015263,0.004901,0.017869,0.029916
LHC149,4,0.140444,1.367496,-0.169107,1.368181,-0.000686,0.118127,0.022317,0.001510,0.010716,0.016659,0.000674,0.004785,0.007438,0.001321,0.009378,0.014579
LHC149,6,0.165257,1.564578,-0.227208,1.565470,-0.000891,0.142861,0.022396,0.001552,0.008973,0.014992,0.000693,0.004006,0.006694,0.001358,0.007852,0.013120
LHC149,8,0.193505,1.739817,-0.277215,1.740899,-0.001082,0.171020,0.022485,0.002403,0.012005,0.016797,0.001074,0.005366,0.007508,0.002105,0.010518,0.014717
LHC149,10,0.226115,1.926588,-0.344698,1.927852,-0.001264,0.203544,0.022571,0.003503,0.014453,0.016514,0.001566,0.006459,0.007381,0.003069,0.012660,0.014466
LHC149,12,0.258247,2.096533,-0.409266,2.098019,-0.001486,0.235705,0.022542,0.004310,0.014789,0.019455,0.001927,0.006611,0.008696,0.003776,0.012957,0.017045
LHC149,14,0.293703,2.247351,-0.484565,2.249080,-0.001729,0.271410,0.022292,0.003987,0.014553,0.020308,0.000891,0.003253,0.004540,0.001747,0.006376,0.008898
LHC149,16,0.326668,2.330356,-0.514910,2.332359,-0.002003,0.304766,0.021902,0.003843,0.012467,0.029100,0.000649,0.002107,0.004918,0.001273,0.004129,0.009639
LHC149,18,0.388795,2.169012,-0.798548,2.170712,-0.001700,0.368523,0.020272,0.014089,0.057666,0.126780,0.002228,0.009118,0.020046,0.004366,0.017871,0.039290
LHC149,20,0.433800,2.218297,-0.787733,2.220190,-0.001893,0.413978,0.019822,0.013294,0.051703,0.115496,0.002102,0.008173,0.018258,0.004119,0.016020,0.035786
LHC149,22,0.521470,2.031818,-1.027221,2.034277,-0.002459,0.502531,0.018938,0.016211,0.052310,0.136830,0.002563,0.008271,0.021635,0.005024,0.016211,0.042404
LHC150,4,0.106789,1.080801,0.062308,1.081712,-0.000911,0.084742,0.022047,0.001136,0.007973,0.013387,0.000507,0.003560,0.005977,0.000994,0.006977,0.011716
LHC150,6,0.126251,1.271981,0.016121,1.273091,-0.001110,0.104041,0.022210,0.001354,0.009452,0.012239,0.000605,0.004226,0.005472,0.001187,0.008282,0.010725
LHC150,8,0.149674,1.458712,-0.032437,1.460020,-0.001308,0.127352,0.022322,0.002183,0.012094,0.012623,0.000975,0.005402,0.005638,0.001911,0.010587,0.011050
LHC150,10,0.177017,1.639741,-0.081160,1.641216,-0.001475,0.154591,0.022426,0.002948,0.014057,0.013911,0.001316,0.006276,0.006210,0.002579,0.012300,0.012173
LHC150,12,0.206610,1.803124,-0.138054,1.804817,-0.001693,0.184198,0.022412,0.003410,0.013602,0.017762,0.001523,0.006075,0.007933,0.002985,0.011908,0.015549
LHC150,14,0.238844,1.943033,-0.194137,1.944953,-0.001920,0.216659,0.022186,0.004892,0.016530,0.026445,0.001264,0.004272,0.006834,0.002478,0.008373,0.013395
LHC150,16,0.270364,2.037193,-0.256957,2.039331,-0.002137,0.248696,0.021667,0.004259,0.014313,0.025358,0.000720,0.002419,0.004286,0.001411,0.004741,0.008400
LHC150,18,0.319356,1.883150,-0.476040,1.884960,-0.001809,0.299277,0.020079,0.011162,0.058476,0.136751,0.001765,0.009245,0.021621,0.003459,0.018121,0.042377
LHC150,20,0.396074,1.757037,-0.673065,1.759216,-0.002178,0.376955,0.019119,0.016516,0.062934,0.159370,0.002611,0.009950,0.025197,0.005118,0.019502,0.049386
LHC150,22,0.438716,1.764539,-0.812050,1.766855,-0.002316,0.420295,0.018421,0.017542,0.061974,0.145424,0.002773,0.009797,0.022988,0.005435,0.019201,0.045057
LHC151,4,0.106789,1.235932,-0.158138,1.236801,-0.000869,0.085039,0.021750,0.001303,0.008196,0.014387,0.000583,0.003664,0.006431,0.001142,0.007181,0.012606
LHC151,6,0.129649,1.435721,-0.211525,1.436865,-0.001143,0.107844,0.021805,0.001682,0.009627,0.015628,0.000752,0.004303,0.006986,0.001473,0.008434,0.013693
LHC151,8,0.157050,1.624809,-0.264337,1.626189,-0.001380,0.135316,0.021735,0.001972,0.011242,0.017426,0.000881,0.005024,0.007787,0.001727,0.009846,0.015263
LHC151,10,0.189178,1.813648,-0.315720,1.815256,-0.001609,0.167543,0.021635,0.002995,0.013292,0.018942,0.001339,0.005941,0.008466,0.002624,0.011645,0.016594
LHC151,12,0.222245,1.952390,-0.331211,1.954233,-0.001843,0.200952,0.021293,0.003664,0.013759,0.020704,0.001638,0.006150,0.009254,0.003210,0.012054,0.018138
LHC151,14,0.256951,2.019282,-0.327390,2.021296,-0.002014,0.236494,0.020457,0.002851,0.010586,0.018720,0.000637,0.002367,0.004185,0.001249,0.004639,0.008203
LHC151,16,0.382700,1.777465,-0.135186,1.780189,-0.002724,0.363958,0.018742,0.008977,0.028737,0.033209,0.002052,0.006570,0.007592,0.004023,0.012877,0.014881
LHC151,18,0.460077,1.738583,-0.139723,1.741845,-0.003262,0.441911,0.018166,0.012447,0.041249,0.045179,0.002006,0.006649,0.007282,0.003932,0.013031,0.014273
LHC151,20,0.523977,1.674451,-0.161415,1.678005,-0.003554,0.506679,0.017297,0.013368,0.039155,0.066046,0.002114,0.006191,0.010442,0.004143,0.012133,0.020466
LHC151,22,0.582745,1.653778,-0.214382,1.657749,-0.003971,0.565684,0.017061,0.010614,0.028787,0.059067,0.001678,0.004552,0.009339,0.003289,0.008921,0.018305
LHC152,4,0.129415,1.350970,-0.139383,1.351951,-0.000981,0.107235,0.022180,0.001379,0.008520,0.013430,0.000615,0.003802,0.005994,0.001206,0.007453,0.011748
LHC152,6,0.153284,1.549484,-0.195871,1.550689,-0.001205,0.131058,0.022227,0.001498,0.007748,0.014787,0.000669,0.003458,0.006599,0.001311,0.006777,0.012933
LHC152,8,0.182702,1.744791,-0.250962,1.746249,-0.001458,0.160396,0.022306,0.002355,0.012172,0.017686,0.001053,0.005443,0.007908,0.002064,0.010668,0.015500
LHC152,10,0.215973,1.931840,-0.301365,1.933564,-0.001724,0.193669,0.022304,0.003337,0.013867,0.020423,0.001491,0.006198,0.009128,0.002923,0.012147,0.017890
LHC152,12,0.250207,2.088459,-0.336812,2.090456,-0.001997,0.228037,0.022170,0.003628,0.013607,0.022966,0.001622,0.006085,0.010270,0.003179,0.011926,0.020129
LHC152,14,0.283799,2.201300,-0.340844,2.203528,-0.002227,0.261993,0.021806,0.004067,0.013499,0.021576,0.000909,0.003018,0.004824,0.001782,0.005915,0.009454
LHC152,16,0.325308,2.264701,-0.296999,2.267117,-0.002416,0.304140,0.021168,0.004358,0.014075,0.023700,0.000737,0.002379,0.004005,0.001444,0.004662,0.007850
LHC152,18,0.445895,2.015068,-0.098077,2.018076,-0.003008,0.426163,0.019732,0.025626,0.055951,0.053261,0.004052,0.008846,0.008421,0.007941,0.017339,0.016505
LHC152,20,0.508130,1.870844,-0.258409,1.873854,-0.003010,0.489601,0.018529,0.018188,0.053534,0.073852,0.002896,0.008524,0.011759,0.005676,0.016707,0.023048
LHC152,22,0.600368,1.857870,-0.229625,1.861674,-0.003804,0.582467,0.017901,0.026861,0.076174,0.077557,0.004246,0.012042,0.012260,0.008322,0.023602,0.024030
LHC153,4,0.073015,0.946531,-0.080648,0.947326,-0.000795,0.051261,0.021754,0.001359,0.008904,0.010543,0.001228,0.008043,0.009523,0.002406,0.015764,0.018665
LHC153,6,0.090893,1.143131,-0.137601,1.144176,-0.001045,0.069169,0.021724,0.001252,0.008087,0.017272,0.000559,0.003615,0.007720,0.001096,0.007085,0.015131
LHC153,8,0.113250,1.337123,-0.191166,1.338410,-0.001288,0.091604,0.021646,0.002113,0.011457,0.015834,0.000945,0.005124,0.007081,0.001852,0.010043,0.013879
LHC153,10,0.140666,1.526241,-0.236654,1.527806,-0.001566,0.119084,0.021582,0.002625,0.012741,0.014823,0.001174,0.005696,0.006627,0.002300,0.011164,0.012989
LHC153,12,0.171500,1.692074,-0.262091,1.693918,-0.001844,0.150068,0.021432,0.003027,0.012561,0.018262,0.001353,0.005615,0.008164,0.002652,0.011006,0.016002
LHC153,14,0.205524,1.817290,-0.253297,1.819373,-0.002083,0.184421,0.021104,0.002672,0.009663,0.017910,0.000597,0.002160,0.004004,0.001171,0.004234,0.007849
LHC153,16,0.251340,1.889546,-0.197230,1.891895,-0.002349,0.230767,0.020573,0.003934,0.013240,0.022908,0.000786,0.002646,0.004577,0.001541,0.005185,0.008972
LHC153,18,0.387106,1.678316,-0.089948,1.681542,-0.003226,0.367525,0.019581,0.010744,0.030705,0.032231,0.001707,0.004879,0.005121,0.003346,0.009562,0.010038
LHC153,20,0.453891,1.661917,-0.111736,1.665508,-0.003591,0.434825,0.019066,0.010717,0.032739,0.036843,0.001778,0.005432,0.006113,0.003485,0.010646,0.011981
LHC153,22,0.530294,1.716592,-0.194701,1.720421,-0.003829,0.511642,0.018652,0.010851,0.030037,0.053808,0.001745,0.004830,0.008653,0.003420,0.009467,0.016960
LHC154,4,0.122158,1.184381,0.013948,1.185360,-0.000979,0.099988,0.022170,0.001347,0.008398,0.015080,0.000602,0.003751,0.006736,0.001179,0.007352,0.013202
LHC154,6,0.143152,1.375040,-0.036919,1.376195,-0.001155,0.120930,0.022222,0.001585,0.009607,0.014168,0.000707,0.004286,0.006321,0.001386,0.008401,0.012389
LHC154,8,0.168307,1.564822,-0.093128,1.566157,-0.001335,0.146025,0.022282,0.001916,0.010977,0.016371,0.000857,0.004909,0.007321,0.001679,0.009621,0.014349
LHC154,10,0.195908,1.737048,-0.152338,1.738506,-0.001458,0.173643,0.022265,0.003047,0.013747,0.016090,0.001360,0.006134,0.007179,0.002665,0.012023,0.014072
LHC154,12,0.225370,1.894322,-0.211241,1.895950,-0.001627,0.203138,0.022232,0.003572,0.013526,0.019028,0.001595,0.006039,0.008495,0.003126,0.011836,0.016651
LHC154,14,0.256792,2.023018,-0.285761,2.024823,-0.001805,0.234879,0.021914,0.003803,0.013674,0.023550,0.000850,0.003057,0.005265,0.001666,0.005992,0.010319
LHC154,16,0.292072,2.121312,-0.332343,2.123461,-0.002149,0.270549,0.021523,0.004190,0.015720,0.026284,0.000708,0.002657,0.004443,0.001388,0.005208,0.008708
LHC154,18,0.364403,1.701107,-0.613645,1.703221,-0.002114,0.345172,0.019231,0.017871,0.075595,0.188532,0.002825,0.011950,0.029803,0.005537,0.023422,0.058414
LHC154,20,0.417127,1.745856,-0.737779,1.748167,-0.002311,0.398586,0.018541,0.016115,0.057830,0.179369,0.002550,0.009149,0.028378,0.004997,0.017933,0.055621
LHC154,22,0.464440,1.770533,-0.878661,1.772924,-0.002391,0.446726,0.017714,0.013114,0.046368,0.163695,0.002073,0.007331,0.025880,0.004064,0.014368,0.050725
LHC155,4,0.133775,1.351780,-0.184188,1.352358,-0.000578,0.111575,0.022200,0.001732,0.010407,0.016962,0.000773,0.004644,0.007570,0.001515,0.009103,0.014837
LHC155,6,0.155111,1.522868,-0.218490,1.523645,-0.000777,0.132762,0.022349,0.001701,0.010318,0.015133,0.000759,0.004606,0.006755,0.001488,0.009027,0.013239
LHC155,8,0.184833,1.728430,-0.282713,1.729386,-0.000956,0.162236,0.022597,0.002691,0.015235,0.014875,0.001201,0.006802,0.006641,0.002354,0.013331,0.013016
LHC155,10,0.218463,1.936843,-0.359956,1.938006,-0.001163,0.195699,0.022764,0.003764,0.015902,0.016902,0.001681,0.007101,0.007547,0.003294,0.013917,0.014792
LHC155,12,0.252879,2.106776,-0.409162,2.108204,-0.001428,0.230135,0.022744,0.003459,0.012532,0.020086,0.001545,0.005596,0.008969,0.003028,0.010968,0.017580
LHC155,14,0.283376,2.213282,-0.457868,2.214942,-0.001660,0.261010,0.022366,0.003724,0.012663,0.020997,0.000833,0.002831,0.004694,0.001632,0.005549,0.009201
LHC155,16,0.310274,2.215477,-0.501799,2.217324,-0.001848,0.288602,0.021672,0.004736,0.020903,0.037580,0.000800,0.003533,0.006351,0.001569,0.006924,0.012448
LHC155,18,0.369686,2.122621,-0.592746,2.124394,-0.001772,0.349390,0.020296,0.013320,0.045878,0.125723,0.002106,0.007252,0.019874,0.004127,0.014215,0.038953
LHC155,20,0.423667,2.096883,-0.628576,2.098805,-0.001922,0.404062,0.019606,0.017775,0.069957,0.124848,0.002810,0.011060,0.019737,0.005508,0.021677,0.038685
LHC155,22,0.470918,2.062961,-0.585390,2.065195,-0.002234,0.451909,0.019009,0.014615,0.055449,0.113189,0.002311,0.008766,0.017894,0.004529,0.017182,0.035073
LHC156,4,0.088302,1.115861,-0.134405,1.116750,-0.000889,0.066408,0.021894,0.001178,0.008441,0.013788,0.000526,0.003770,0.006158,0.001031,0.007389,0.012069
LHC156,6,0.108859,1.312369,-0.191166,1.313544,-0.001175,0.087036,0.021823,0.001558,0.009797,0.014420,0.000696,0.004376,0.006441,0.001364,0.008577,0.012625
LHC156,8,0.134127,1.504461,-0.245059,1.505892,-0.001431,0.112462,0.021665,0.002201,0.011771,0.016776,0.000984,0.005264,0.007503,0.001929,0.010318,0.014706
LHC156,10,0.162758,1.676624,-0.298253,1.678278,-0.001654,0.141318,0.021440,0.002840,0.013461,0.017857,0.001269,0.006014,0.007978,0.002487,0.011787,0.015636
LHC156,12,0.194215,1.822895,-0.335742,1.824765,-0.001869,0.173130,0.021085,0.003167,0.012290,0.020610,0.001416,0.005495,0.009216,0.002776,0.010771,0.018062
LHC156,14,0.227445,1.919082,-0.342384,1.921109,-0.002026,0.206983,0.020462,0.003773,0.012957,0.021694,0.000844,0.002897,0.004850,0.001653,0.005678,0.009506
LHC156,16,0.270472,1.948211,-0.303992,1.950529,-0.002318,0.250822,0.019650,0.004193,0.014250,0.028141,0.000709,0.002409,0.004756,0.001389,0.004721,0.009322
LHC156,18,0.416968,1.626099,-0.405040,1.628773,-0.002674,0.399208,0.017760,0.021552,0.067496,0.154743,0.003407,0.010670,0.024463,0.006678,0.020914,0.047947
LHC156,20,0.493476,1.557421,-0.550598,1.560370,-0.002949,0.476405,0.017070,0.021676,0.063440,0.165859,0.003427,0.010029,0.026221,0.006716,0.019658,0.051393
LHC156,22,0.561353,1.512281,-0.614991,1.515582,-0.003301,0.545125,0.016228,0.018821,0.050254,0.157943,0.002975,0.007945,0.024970,0.005832,0.015572,0.048941
LHC157,4,0.101558,1.211189,-0.220817,1.211955,-0.000767,0.079641,0.021917,0.001299,0.007535,0.012328,0.000777,0.004509,0.007376,0.001524,0.008837,0.014457
LHC157,6,0.122700,1.405673,-0.279401,1.406702,-0.001029,0.100791,0.021908,0.001564,0.009360,0.015502,0.000699,0.004183,0.006928,0.001370,0.008199,0.013580
LHC157,8,0.149187,1.597377,-0.329898,1.598648,-0.001271,0.127349,0.021838,0.002105,0.011449,0.017232,0.000941,0.005119,0.007705,0.001845,0.010034,0.015103
LHC157,10,0.180360,1.779617,-0.373142,1.781154,-0.001537,0.158675,0.021685,0.002179,0.009333,0.014933,0.001011,0.004333,0.006932,0.001982,0.008492,0.013586
LHC157,12,0.213753,1.923105,-0.384394,1.924900,-0.001794,0.192386,0.021367,0.003017,0.013330,0.017980,0.001349,0.005961,0.008040,0.002644,0.011683,0.015758
LHC157,14,0.250785,2.018607,-0.352630,2.020672,-0.002065,0.230006,0.020779,0.002695,0.010321,0.017128,0.000605,0.002316,0.003844,0.001185,0.004540,0.007534
LHC157,16,0.384925,1.775042,-0.129574,1.777938,-0.002896,0.365675,0.019250,0.009836,0.036671,0.033734,0.001840,0.006861,0.006312,0.003607,0.013448,0.012371
LHC157,18,0.447253,1.713929,-0.111159,1.717253,-0.003324,0.428371,0.018882,0.011737,0.044680,0.036916,0.001856,0.007065,0.005837,0.003637,0.013846,0.011440
LHC157,20,0.528116,1.716947,-0.274021,1.720257,-0.003311,0.510167,0.017949,0.020140,0.062384,0.084290,0.003184,0.009863,0.013327,0.006241,0.019332,0.026120
LHC157,22,0.598517,1.734224,-0.264395,1.738104,-0.003881,0.580933,0.017585,0.011597,0.028518,0.062662,0.001834,0.004509,0.009907,0.003594,0.008837,0.019418
LHC158,4,0.125580,1.338933,-0.186030,1.339833,-0.000899,0.103614,0.021967,0.001320,0.007971,0.014281,0.000590,0.003562,0.006381,0.001156,0.006981,0.012507
LHC158,6,0.148787,1.534316,-0.241505,1.535432,-0.001116,0.126821,0.021966,0.001733,0.010054,0.014228,0.000775,0.004496,0.006362,0.001518,0.008812,0.012470
LHC158,8,0.177363,1.724380,-0.296732,1.725731,-0.001351,0.155375,0.021988,0.002423,0.012717,0.016313,0.001083,0.005684,0.007292,0.002123,0.011142,0.014292
LHC158,10,0.211270,1.922307,-0.357707,1.923909,-0.001602,0.189313,0.021957,0.002909,0.012546,0.018517,0.001301,0.005610,0.008280,0.002549,0.010995,0.016228
LHC158,12,0.246720,2.071279,-0.369620,2.073156,-0.001877,0.224970,0.021751,0.003418,0.012974,0.020357,0.001529,0.005801,0.009102,0.002996,0.011371,0.017840
LHC158,14,0.282766,2.151361,-0.340189,2.153521,-0.002159,0.261578,0.021188,0.003806,0.013207,0.020090,0.000851,0.002953,0.004492,0.001668,0.005789,0.008805
LHC158,16,0.400644,1.880607,-0.096882,1.883506,-0.002898,0.381064,0.019580,0.017889,0.046998,0.041830,0.003023,0.007942,0.007068,0.005925,0.015566,0.013854
LHC158,18,0.478016,1.812290,-0.077187,1.815666,-0.003376,0.458951,0.019065,0.013111,0.049712,0.045782,0.002073,0.007860,0.007239,0.004063,0.015405,0.014188
LHC158,20,0.544312,1.787096,-0.142592,1.790668,-0.003572,0.525768,0.018544,0.015095,0.048354,0.049569,0.002386,0.007645,0.007837,0.004677,0.014984,0.015360
LHC158,22,0.623022,1.797862,-0.235746,1.801742,-0.003880,0.605351,0.017671,0.015122,0.037604,0.063607,0.002391,0.005945,0.010057,0.004686,0.011653,0.019711
LHC159,4,0.121425,1.298880,-0.171160,1.299589,-0.000710,0.099070,0.022355,0.001286,0.008808,0.013795,0.000632,0.004329,0.006781,0.001239,0.008485,0.013290
LHC159,6,0.143752,1.482635,-0.227179,1.483564,-0.000929,0.121336,0.022416,0.001523,0.010059,0.014071,0.000681,0.004497,0.006291,0.001334,0.008814,0.012330
LHC159,8,0.171101,1.673509,-0.281335,1.674615,-0.001106,0.148597,0.022505,0.002232,0.012140,0.015616,0.000998,0.005426,0.006979,0.001955,0.010634,0.013680
LHC159,10,0.201582,1.854861,-0.339582,1.856141,-0.001280,0.179058,0.022524,0.003101,0.014316,0.017208,0.001384,0.006392,0.007683,0.002714,0.012528,0.015059
LHC159,12,0.234882,2.018528,-0.401544,2.020044,-0.001516,0.212427,0.022455,0.003439,0.013675,0.020390,0.001538,0.006116,0.009120,0.003014,0.011988,0.017874
LHC159,14,0.268322,2.156703,-0.469552,2.158416,-0.001713,0.246194,0.022127,0.003693,0.012566,0.022357,0.000825,0.002809,0.004997,0.001618,0.005505,0.009794
LHC159,16,0.303733,2.247343,-0.498703,2.249339,-0.001995,0.281946,0.021787,0.004139,0.015295,0.024804,0.000700,0.002585,0.004193,0.001371,0.005067,0.008218
LHC159,18,0.359234,2.107065,-0.703511,2.108863,-0.001798,0.338776,0.020458,0.013006,0.054215,0.118723,0.002056,0.008571,0.018769,0.004030,0.016799,0.036787
LHC159,20,0.446748,1.934036,-0.883995,1.936393,-0.002357,0.427220,0.019527,0.016288,0.064882,0.196046,0.002575,0.010257,0.030993,0.005047,0.020105,0.060747
LHC159,22,0.498640,1.941862,-0.990602,1.944325,-0.002463,0.480105,0.018534,0.017562,0.060094,0.220571,0.002776,0.009499,0.034867,0.005441,0.018619,0.068339
LHC160,4,0.072298,0.920179,-0.189373,0.920708,-0.000528,0.050761,0.021537,0.001125,0.008253,0.013820,0.000502,0.003685,0.006170,0.000984,0.007222,0.012093
LHC160,6,0.089357,1.118159,-0.238257,1.118855,-0.000696,0.067596,0.021762,0.001545,0.009388,0.014003,0.000691,0.004198,0.006263,0.001354,0.008229,0.012275
LHC160,8,0.110783,1.313885,-0.295925,1.314787,-0.000902,0.088887,0.021896,0.002225,0.011956,0.014943,0.000995,0.005347,0.006682,0.001950,0.010480,0.013098
LHC160,10,0.136863,1.507950,-0.341374,1.509073,-0.001123,0.114825,0.022038,0.002990,0.014022,0.015289,0.001337,0.006270,0.006836,0.002620,0.012289,0.013399
LHC160,12,0.165909,1.688009,-0.377393,1.689383,-0.001374,0.143805,0.022105,0.002696,0.009594,0.017808,0.001206,0.004290,0.007963,0.002363,0.008408,0.015607
LHC160,14,0.198886,1.853600,-0.413232,1.855230,-0.001630,0.176760,0.022125,0.003370,0.011488,0.019899,0.000753,0.002568,0.004448,0.001476,0.005033,0.008717
LHC160,16,0.232667,1.982014,-0.434178,1.983791,-0.001777,0.210656,0.022011,0.003507,0.011606,0.021020,0.000593,0.001962,0.003553,0.001162,0.003845,0.006964
LHC160,18,0.290176,1.976254,-0.633578,1.977807,-0.001553,0.268920,0.021256,0.008095,0.035949,0.070464,0.001280,0.005682,0.011138,0.002508,0.011138,0.021831
LHC160,20,0.349340,2.006911,-0.685519,2.008633,-0.001721,0.328897,0.020443,0.011569,0.041015,0.081514,0.001829,0.006485,0.012888,0.003585,0.012710,0.025260
LHC160,22,0.416515,2.049262,-0.721796,2.051213,-0.001952,0.396680,0.019835,0.014613,0.051969,0.107649,0.002310,0.008216,0.017018,0.004528,0.016103,0.033355
LHC161,4,0.075148,0.845229,-0.040715,0.845906,-0.000677,0.053396,0.021752,0.001410,0.008310,0.013332,0.000630,0.003713,0.005957,0.001235,0.007278,0.011677
LHC161,6,0.091353,1.045651,-0.094834,1.046488,-0.000837,0.069487,0.021866,0.001329,0.008854,0.016524,0.000594,0.003955,0.007380,0.001164,0.007751,0.014466
LHC161,8,0.111584,1.242578,-0.148596,1.243579,-0.001001,0.089677,0.021907,0.001842,0.009586,0.013531,0.000823,0.004281,0.006043,0.001613,0.008391,0.011844
LHC161,10,0.136953,1.437656,-0.203284,1.438884,-0.001228,0.114922,0.022031,0.002823,0.012788,0.016916,0.001262,0.005717,0.007562,0.002474,0.011205,0.014822
LHC161,12,0.166643,1.625206,-0.251594,1.626697,-0.001490,0.144430,0.022212,0.003208,0.012948,0.018286,0.001432,0.005779,0.008162,0.002806,0.011328,0.015997
LHC161,14,0.199383,1.801453,-0.289359,1.803197,-0.001744,0.177091,0.022293,0.003332,0.011397,0.019861,0.000745,0.002547,0.004439,0.001460,0.004992,0.008700
LHC161,16,0.234619,1.957205,-0.312821,1.959195,-0.001989,0.212315,0.022305,0.003311,0.010941,0.019275,0.000559,0.001849,0.003257,0.001097,0.003624,0.006384
LHC161,18,0.273011,2.091243,-0.349175,2.093352,-0.002109,0.250901,0.022111,0.003691,0.010855,0.021173,0.000583,0.001716,0.003347,0.001144,0.003363,0.006560
LHC161,20,0.312474,2.183595,-0.391235,2.185673,-0.002079,0.290676,0.021798,0.004429,0.012861,0.030723,0.000700,0.002033,0.004857,0.001372,0.003985,0.009519
LHC161,22,0.408393,2.094744,-0.643851,2.096597,-0.001854,0.388468,0.019925,0.013229,0.042484,0.097618,0.002091,0.006716,0.015431,0.004099,0.013163,0.030245
LHC162,4,0.071910,0.955773,-0.064620,0.956658,-0.000885,0.050242,0.021668,0.000785,0.006183,0.012890,0.000491,0.003869,0.008067,0.000963,0.007583,0.015811
LHC162,6,0.090019,1.150160,-0.117151,1.151325,-0.001165,0.068427,0.021592,0.001558,0.009721,0.014576,0.000696,0.004346,0.006516,0.001365,0.008517,0.012771
LHC162,8,0.112722,1.340698,-0.167958,1.342123,-0.001425,0.091242,0.021480,0.001799,0.008836,0.016356,0.000804,0.003949,0.007310,0.001576,0.007740,0.014327
LHC162,10,0.140053,1.518922,-0.219419,1.520583,-0.001660,0.118823,0.021230,0.002743,0.012910,0.016406,0.001226,0.005773,0.007336,0.002404,0.011314,0.014378
LHC162,12,0.169097,1.663799,-0.257279,1.665661,-0.001862,0.148167,0.020930,0.003876,0.015501,0.019098,0.001733,0.006930,0.008538,0.003396,0.013583,0.016735
LHC162,14,0.200346,1.761265,-0.258064,1.763255,-0.001990,0.180036,0.020310,0.002869,0.010932,0.020549,0.000641,0.002444,0.004594,0.001257,0.004791,0.009005
LHC162,16,0.246384,1.825829,-0.225413,1.828092,-0.002263,0.226682,0.019702,0.004078,0.014917,0.026262,0.000793,0.002900,0.005105,0.001554,0.005683,0.010006
LHC162,18,0.390262,1.561098,-0.264503,1.563822,-0.002725,0.372562,0.017699,0.022392,0.065529,0.110699,0.003540,0.010360,0.017502,0.006939,0.020306,0.034303
LHC162,20,0.457611,1.486126,-0.516294,1.488914,-0.002788,0.440509,0.017101,0.019604,0.057856,0.131608,0.003331,0.009829,0.022360,0.006528,0.019266,0.043825
LHC162,22,0.539002,1.473427,-0.524814,1.476563,-0.003136,0.522660,0.016342,0.019604,0.053567,0.167562,0.003099,0.008469,0.026493,0.006075,0.016600,0.051925
LHC163,4,0.138626,1.397644,-0.136157,1.398645,-0.001001,0.116418,0.022209,0.001425,0.008568,0.013058,0.000636,0.003823,0.005826,0.001247,0.007493,0.011420
LHC163,6,0.163501,1.593526,-0.190275,1.594760,-0.001234,0.141264,0.022237,0.001825,0.010929,0.013790,0.000815,0.004879,0.006156,0.001597,0.009562,0.012066
LHC163,8,0.193490,1.789740,-0.246456,1.791227,-0.001487,0.171149,0.022341,0.002547,0.013907,0.014428,0.001138,0.006212,0.006445,0.002230,0.012175,0.012632
LHC163,10,0.225924,1.968018,-0.300217,1.969751,-0.001732,0.203591,0.022333,0.003234,0.014554,0.018470,0.001445,0.006503,0.008253,0.002832,0.012746,0.016177
LHC163,12,0.259031,2.120415,-0.339298,2.122394,-0.001979,0.236829,0.022202,0.003511,0.012371,0.020540,0.001569,0.005530,0.009181,0.003076,0.010839,0.017995
LHC163,14,0.290347,2.221441,-0.358517,2.223571,-0.002130,0.268615,0.021732,0.003640,0.012945,0.021514,0.000814,0.002894,0.004809,0.001595,0.005672,0.009426
LHC163,16,0.306488,2.168511,-0.431764,2.170554,-0.002043,0.285941,0.020547,0.005164,0.027456,0.059173,0.000873,0.004640,0.010001,0.001711,0.009095,0.019602
LHC163,18,0.379383,2.083992,-0.531305,2.086012,-0.002019,0.360304,0.019079,0.011101,0.054090,0.141337,0.001755,0.008550,0.022341,0.003439,0.016758,0.043788
LHC163,20,0.514889,1.867559,-0.239591,1.870623,-0.003064,0.497093,0.017795,0.018427,0.052299,0.108100,0.002913,0.008269,0.017091,0.005710,0.016207,0.033499
LHC163,22,0.606238,1.842653,-0.218835,1.846416,-0.003763,0.588754,0.017484,0.017676,0.051657,0.082261,0.002794,0.008166,0.013004,0.005477,0.016005,0.025488
LHC164,4,0.120639,1.293227,-0.205195,1.293825,-0.000597,0.098364,0.022274,0.001216,0.008428,0.014118,0.000543,0.003762,0.006302,0.001064,0.007374,0.012352
LHC164,6,0.142856,1.484716,-0.262242,1.485498,-0.000782,0.120410,0.022447,0.001510,0.009142,0.014214,0.000674,0.004080,0.006344,0.001321,0.007997,0.012433
LHC164,8,0.170311,1.676802,-0.312215,1.677766,-0.000963,0.147677,0.022634,0.002189,0.011689,0.015623,0.000979,0.005226,0.006984,0.001918,0.010242,0.013688
LHC164,10,0.200767,1.855913,-0.361726,1.857089,-0.001176,0.178047,0.022721,0.003092,0.014809,0.016862,0.001380,0.006611,0.007528,0.002705,0.012958,0.014755
LHC164,12,0.235604,2.035589,-0.415775,2.037031,-0.001442,0.212842,0.022762,0.003554,0.013918,0.020439,0.001587,0.006214,0.009126,0.003110,0.012180,0.017886
LHC164,14,0.269495,2.185332,-0.458084,2.186998,-0.001667,0.246871,0.022624,0.002771,0.010297,0.016231,0.000619,0.002302,0.003629,0.001214,0.004512,0.007112
LHC164,16,0.293282,2.219939,-0.566123,2.221541,-0.001603,0.271125,0.022158,0.004390,0.018638,0.038160,0.000742,0.003150,0.006449,0.001454,0.006174,0.012640
LHC164,18,0.357667,2.188743,-0.708454,2.190373,-0.001631,0.336672,0.020995,0.016104,0.063164,0.115564,0.002546,0.009986,0.018271,0.004990,0.019573,0.035812
LHC164,20,0.421506,2.215061,-0.816420,2.216821,-0.001760,0.401128,0.020378,0.017521,0.059936,0.129541,0.002770,0.009476,0.020480,0.005429,0.018572,0.040140
LHC164,22,0.458132,2.231176,-0.733419,2.233189,-0.002013,0.438401,0.019731,0.016850,0.070590,0.101933,0.002664,0.011159,0.016114,0.005221,0.021872,0.031583
LHC165,4,0.102204,1.164379,-0.242438,1.165081,-0.000702,0.080395,0.021809,0.001660,0.010761,0.014986,0.000741,0.004802,0.006687,0.001452,0.009412,0.013107
LHC165,6,0.123160,1.359134,-0.299523,1.360128,-0.000994,0.101416,0.021744,0.001699,0.010421,0.014535,0.000759,0.004654,0.006491,0.001487,0.009122,0.012723
LHC165,8,0.147438,1.545273,-0.348843,1.546528,-0.001256,0.125811,0.021628,0.002601,0.012475,0.017461,0.001163,0.005577,0.007807,0.002279,0.010932,0.015301
LHC165,10,0.177379,1.744111,-0.414060,1.745627,-0.001516,0.155906,0.021473,0.003219,0.015308,0.020775,0.001437,0.006832,0.009273,0.002816,0.013391,0.018174
LHC165,12,0.210849,1.921966,-0.477664,1.923742,-0.001776,0.189591,0.021257,0.003033,0.012224,0.025510,0.001353,0.005454,0.011382,0.002653,0.010690,0.022310
LHC165,14,0.244868,2.034887,-0.493686,2.036890,-0.002003,0.224042,0.020826,0.003666,0.012935,0.020933,0.000820,0.002892,0.004680,0.001607,0.005668,0.009172
LHC165,16,0.282812,2.074838,-0.470816,2.077101,-0.002263,0.262752,0.020059,0.004066,0.013858,0.028496,0.000687,0.002342,0.004816,0.001347,0.004591,0.009440
LHC165,18,0.368920,1.926930,-0.601223,1.929064,-0.002135,0.350165,0.018755,0.017397,0.056698,0.133517,0.002750,0.008964,0.021109,0.005391,0.017569,0.041373
LHC165,20,0.490602,1.708213,-0.673009,1.711058,-0.002844,0.472945,0.017657,0.026506,0.070969,0.139908,0.004191,0.011221,0.022121,0.008214,0.021993,0.043357
LHC165,22,0.570714,1.624552,-0.692986,1.627698,-0.003145,0.554118,0.016596,0.020000,0.058344,0.106464,0.003162,0.009224,0.016832,0.006197,0.018079,0.032990
LHC166,4,0.131039,1.350540,-0.078358,1.351693,-0.001153,0.108932,0.022107,0.001221,0.007967,0.015321,0.000546,0.003560,0.006847,0.001070,0.006978,0.013420
LHC166,6,0.156141,1.546603,-0.129048,1.548049,-0.001446,0.134078,0.022063,0.001870,0.010336,0.014101,0.000836,0.004620,0.006303,0.001638,0.009055,0.012354
LHC166,8,0.184603,1.730783,-0.182362,1.732458,-0.001675,0.162648,0.021955,0.002457,0.012353,0.015062,0.001098,0.005523,0.006734,0.002153,0.010825,0.013198
LHC166,10,0.214154,1.890238,-0.232687,1.892082,-0.001844,0.192432,0.021722,0.003301,0.014516,0.015924,0.001476,0.006491,0.007121,0.002893,0.012723,0.013957
LHC166,12,0.246695,2.011230,-0.265918,2.013262,-0.002032,0.225378,0.021317,0.003827,0.014530,0.020459,0.001709,0.006491,0.009139,0.003350,0.012722,0.017913
LHC166,14,0.277069,2.061643,-0.299922,2.063771,-0.002128,0.256611,0.020458,0.004986,0.017812,0.031277,0.001115,0.003983,0.006993,0.002185,0.007806,0.013707
LHC166,16,0.416923,1.844666,-0.073644,1.847831,-0.003165,0.397931,0.018992,0.017284,0.053838,0.047208,0.002476,0.007713,0.006763,0.004853,0.015118,0.013256
LHC166,18,0.475064,1.629402,-0.056668,1.632901,-0.003499,0.457467,0.017598,0.015450,0.051426,0.108898,0.002443,0.008131,0.017217,0.004788,0.015936,0.033746
LHC166,20,0.546916,1.557240,-0.414295,1.560412,-0.003172,0.530442,0.016474,0.025127,0.085433,0.178637,0.003973,0.013507,0.028243,0.007786,0.026474,0.055357
LHC166,22,0.593564,1.462531,-0.321359,1.466573,-0.004042,0.577419,0.016144,0.011300,0.037219,0.121458,0.001787,0.005885,0.019203,0.003502,0.011534,0.037638
LHC167,4,0.133668,1.290252,-0.056060,1.291108,-0.000856,0.111241,0.022427,0.001392,0.008629,0.014764,0.000622,0.003855,0.006595,0.001219,0.007555,0.012927
LHC167,6,0.155963,1.488229,-0.111466,1.489241,-0.001012,0.133435,0.022529,0.001569,0.010839,0.015011,0.000700,0.004837,0.006700,0.001372,0.009481,0.013131
LHC167,8,0.182835,1.679078,-0.165242,1.680257,-0.001179,0.160096,0.022740,0.002314,0.011812,0.016164,0.001034,0.005277,0.007220,0.002026,0.010342,0.014152
LHC167,10,0.214301,1.866406,-0.215112,1.867756,-0.001350,0.191372,0.022929,0.003055,0.013749,0.017399,0.001365,0.006145,0.007777,0.002676,0.012044,0.015242
LHC167,12,0.247804,2.040179,-0.263530,2.041812,-0.001633,0.224677,0.023127,0.003268,0.012520,0.019526,0.001460,0.005593,0.008723,0.002861,0.010961,0.017096
LHC167,14,0.281114,2.188295,-0.312748,2.190227,-0.001932,0.258021,0.023093,0.003397,0.011185,0.019318,0.000760,0.002501,0.004320,0.001489,0.004902,0.008467
LHC167,16,0.316516,2.312568,-0.347070,2.314716,-0.002148,0.293548,0.022968,0.003686,0.012214,0.021046,0.000623,0.002064,0.003557,0.001221,0.004046,0.006971
LHC167,18,0.348191,2.392227,-0.372772,2.394496,-0.002269,0.325582,0.022609,0.004054,0.012828,0.023664,0.000641,0.002028,0.003741,0.001256,0.003974,0.007332
LHC167,20,0.381001,2.437140,-0.377098,2.439375,-0.002234,0.358923,0.022078,0.004872,0.014897,0.028184,0.000770,0.002355,0.004455,0.001510,0.004615,0.008732
LHC167,22,0.471635,2.246346,-0.747380,2.248249,-0.001903,0.451868,0.019767,0.020362,0.062832,0.136301,0.003219,0.009933,0.021547,0.006309,0.019468,0.042232
LHC168,4,0.088695,1.018062,-0.100713,1.018773,-0.000711,0.066613,0.022082,0.001272,0.008519,0.014228,0.000568,0.003803,0.006351,0.001113,0.007454,0.012448
LHC168,6,0.107243,1.219789,-0.157477,1.220666,-0.000877,0.085017,0.022226,0.001297,0.008661,0.016382,0.000580,0.003870,0.007321,0.001136,0.007586,0.014349
LHC168,8,0.130470,1.414572,-0.212945,1.415645,-0.001072,0.108175,0.022295,0.002121,0.011342,0.015314,0.000948,0.005067,0.006842,0.001858,0.009932,0.013410
LHC168,10,0.159123,1.612053,-0.266835,1.613341,-0.001288,0.136698,0.022426,0.003041,0.013730,0.017131,0.001359,0.006137,0.007658,0.002664,0.012029,0.015009
LHC168,12,0.190607,1.794280,-0.319207,1.795788,-0.001507,0.168108,0.022499,0.003517,0.012986,0.021278,0.001571,0.005799,0.009503,0.003078,0.011367,0.018625
LHC168,14,0.223847,1.957120,-0.363675,1.958850,-0.001730,0.201455,0.022391,0.003398,0.011509,0.020110,0.000759,0.002572,0.004494,0.001488,0.005041,0.008809
LHC168,16,0.254203,2.045183,-0.441562,2.047037,-0.001854,0.232182,0.022021,0.003644,0.013462,0.026254,0.000616,0.002275,0.004438,0.001207,0.004460,0.008698
LHC168,18,0.320003,2.020876,-0.626841,2.022529,-0.001653,0.299186,0.020817,0.008776,0.045385,0.102175,0.001387,0.007175,0.016153,0.002719,0.014063,0.031660
LHC168,20,0.380593,2.084897,-0.756282,2.086703,-0.001806,0.360200,0.020393,0.013190,0.052217,0.079273,0.002085,0.008254,0.012531,0.004087,0.016178,0.024560
LHC168,22,0.422592,2.132059,-0.770529,2.134094,-0.002035,0.402630,0.019961,0.015412,0.065352,0.095822,0.002437,0.010332,0.015150,0.004776,0.020251,0.029694
LHC169,4,0.129526,1.295853,-0.125668,1.296624,-0.000771,0.107248,0.022277,0.001243,0.008581,0.015487,0.000556,0.003836,0.006923,0.001089,0.007519,0.013570
LHC169,6,0.152284,1.490128,-0.181279,1.491069,-0.000941,0.129928,0.022356,0.001632,0.010481,0.015598,0.000728,0.004677,0.006961,0.001428,0.009167,0.013643
LHC169,8,0.180890,1.688246,-0.238849,1.689359,-0.001113,0.158310,0.022579,0.002332,0.012498,0.016117,0.001054,0.005649,0.007285,0.002066,0.011073,0.014279
LHC169,10,0.213217,1.881466,-0.290953,1.882764,-0.001298,0.190490,0.022727,0.003304,0.014114,0.019808,0.001476,0.006308,0.008852,0.002894,0.012364,0.017350
LHC169,12,0.247074,2.054175,-0.337829,2.055732,-0.001557,0.224334,0.022740,0.003694,0.013929,0.021252,0.001652,0.006228,0.009502,0.003238,0.012208,0.018625
LHC169,14,0.281703,2.202863,-0.382334,2.204662,-0.001799,0.259037,0.022666,0.003803,0.012429,0.021501,0.000850,0.002778,0.004806,0.001666,0.005446,0.009421
LHC169,16,0.311367,2.300559,-0.424357,2.302459,-0.001900,0.288910,0.022457,0.004286,0.014170,0.026888,0.000724,0.002394,0.004544,0.001419,0.004693,0.008905
LHC169,18,0.358331,2.195382,-0.647732,2.196889,-0.001507,0.337499,0.020833,0.009978,0.038945,0.116744,0.001577,0.006157,0.018456,0.003092,0.012067,0.036173
LHC169,20,0.429179,2.282739,-0.729582,2.284472,-0.001733,0.408852,0.020327,0.009260,0.039030,0.101725,0.001483,0.006250,0.016291,0.002907,0.012251,0.031930
LHC169,22,0.482316,2.276174,-0.810686,2.278039,-0.001866,0.462641,0.019675,0.016057,0.047013,0.123235,0.002539,0.007433,0.019485,0.004976,0.014569,0.038191
LHC170,4,0.104179,1.204831,-0.221639,1.205628,-0.000797,0.082367,0.021812,0.001379,0.008832,0.012980,0.000834,0.005346,0.007856,0.001635,0.010477,0.015398
LHC170,6,0.125390,1.399182,-0.278674,1.400231,-0.001049,0.103626,0.021764,0.001628,0.010215,0.015246,0.000728,0.004568,0.006817,0.001427,0.008952,0.013362
LHC170,8,0.151847,1.593351,-0.331524,1.594617,-0.001266,0.130137,0.021710,0.002233,0.012076,0.016988,0.000998,0.005397,0.007592,0.001956,0.010577,0.014880
LHC170,10,0.183091,1.779719,-0.378009,1.781243,-0.001525,0.161553,0.021537,0.002498,0.012118,0.019541,0.001117,0.005418,0.008738,0.002190,0.010620,0.017126
LHC170,12,0.215829,1.918479,-0.383057,1.920284,-0.001804,0.194589,0.021241,0.003532,0.013439,0.022937,0.001579,0.006006,0.010251,0.003094,0.011772,0.020093
LHC170,14,0.309925,1.805032,-0.189610,1.807395,-0.002363,0.290146,0.019779,0.008904,0.030049,0.032996,0.002032,0.006859,0.007531,0.003983,0.013443,0.014761
LHC170,16,0.387532,1.721781,-0.120583,1.724697,-0.002916,0.368379,0.019153,0.010246,0.033649,0.035221,0.001980,0.006503,0.006807,0.003881,0.012745,0.013341
LHC170,18,0.460113,1.717206,-0.117318,1.720526,-0.003321,0.441444,0.018669,0.010930,0.038094,0.035154,0.001728,0.006023,0.005558,0.003387,0.011805,0.010894
LHC170,20,0.534719,1.767613,-0.197838,1.771037,-0.003425,0.516356,0.018363,0.019080,0.063389,0.049464,0.003017,0.010022,0.007821,0.005913,0.019644,0.015328
LHC170,22,0.606936,1.765736,-0.296484,1.769456,-0.003720,0.589326,0.017610,0.017894,0.039566,0.060793,0.002888,0.006385,0.009811,0.005660,0.012515,0.019230
LHC171,4,0.091583,1.133312,-0.244908,1.134090,-0.000778,0.069767,0.021816,0.001263,0.008478,0.011758,0.000722,0.004846,0.006721,0.001415,0.009498,0.013174
LHC171,6,0.111972,1.329682,-0.305322,1.330749,-0.001067,0.090287,0.021686,0.001515,0.009756,0.014622,0.000677,0.004360,0.006534,0.001327,0.008545,0.012807
LHC171,8,0.136898,1.518795,-0.356276,1.520106,-0.001311,0.115393,0.021505,0.002102,0.011564,0.016688,0.000939,0.005166,0.007454,0.001840,0.010125,0.014611
LHC171,10,0.165443,1.690846,-0.404634,1.692375,-0.001529,0.144230,0.021214,0.002560,0.011958,0.019529,0.001144,0.005343,0.008726,0.002242,0.010473,0.017103
LHC171,12,0.196948,1.834038,-0.429862,1.835816,-0.001778,0.176063,0.020886,0.003064,0.012616,0.022833,0.001369,0.005638,0.010204,0.002684,0.011050,0.019999
LHC171,14,0.231968,1.927121,-0.419804,1.929096,-0.001975,0.211685,0.020283,0.003564,0.013049,0.022773,0.000797,0.002917,0.005090,0.001561,0.005717,0.009976
LHC171,16,0.342945,1.758940,-0.233092,1.761574,-0.002634,0.324232,0.018712,0.008373,0.031540,0.038223,0.001415,0.005330,0.006459,0.002773,0.010447,0.012660
LHC171,18,0.438927,1.591864,-0.472136,1.594719,-0.002855,0.421129,0.017798,0.019177,0.059490,0.160378,0.003125,0.009695,0.026136,0.006125,0.019002,0.051227
LHC171,20,0.520092,1.554530,-0.548786,1.557630,-0.003100,0.503197,0.016895,0.019868,0.059609,0.155956,0.003141,0.009424,0.024656,0.006157,0.018471,0.048327
LHC171,22,0.595105,1.554511,-0.645225,1.557864,-0.003352,0.578895,0.016210,0.022748,0.068751,0.174792,0.003597,0.010870,0.027635,0.007049,0.021305,0.054165
LHC172,4,0.139698,1.410654,-0.160651,1.411719,-0.001065,0.117656,0.022042,0.001790,0.009972,0.016600,0.000800,0.004458,0.007420,0.001569,0.008737,0.014544
LHC172,6,0.164466,1.604906,-0.216860,1.606237,-0.001331,0.142465,0.022000,0.001859,0.010982,0.016305,0.000832,0.004912,0.007293,0.001630,0.009628,0.014294
LHC172,8,0.194854,1.797761,-0.273712,1.799318,-0.001557,0.172919,0.021935,0.002420,0.011837,0.016580,0.001080,0.005282,0.007399,0.002117,0.010354,0.014502
LHC172,10,0.226664,1.957391,-0.316507,1.959151,-0.001760,0.204903,0.021762,0.003158,0.013742,0.020190,0.001410,0.006134,0.009013,0.002763,0.012023,0.017665
LHC172,12,0.259058,2.075691,-0.334919,2.077694,-0.002003,0.237742,0.021315,0.003298,0.012663,0.021227,0.001472,0.005653,0.009475,0.002885,0.011079,0.018571
LHC172,14,0.350921,1.924393,-0.146670,1.926967,-0.002573,0.331182,0.019738,0.011737,0.035000,0.038358,0.002624,0.007825,0.008576,0.005143,0.015337,0.016808
LHC172,16,0.433838,1.836267,-0.093601,1.839449,-0.003182,0.414975,0.018863,0.012193,0.045368,0.044943,0.001606,0.005977,0.005921,0.003148,0.011715,0.011605
LHC172,18,0.495065,1.736875,-0.062476,1.740663,-0.003788,0.476740,0.018324,0.013357,0.040405,0.036907,0.002112,0.006388,0.005835,0.004139,0.012520,0.011436
LHC172,20,0.551776,1.665029,-0.106448,1.669130,-0.004100,0.534521,0.017255,0.010828,0.032369,0.051627,0.001712,0.005117,0.008161,0.003355,0.010029,0.015996
LHC172,22,0.640191,1.642225,-0.148625,1.646561,-0.004335,0.624299,0.015892,0.005513,0.012161,0.010707,0.005513,0.012161,0.010707,0.010805,0.023836,0.020987
LHC173,4,0.093690,1.152795,-0.152602,1.153666,-0.000872,0.071725,0.021966,0.001144,0.008962,0.014057,0.000512,0.004007,0.006285,0.001003,0.007853,0.012318
LHC173,6,0.114219,1.346785,-0.208495,1.347934,-0.001150,0.092281,0.021938,0.001551,0.009471,0.015089,0.000692,0.004226,0.006733,0.001357,0.008283,0.013197
LHC173,8,0.139905,1.540655,-0.265032,1.542064,-0.001409,0.118051,0.021854,0.002454,0.011861,0.016556,0.001095,0.005293,0.007389,0.002146,0.010375,0.014482
LHC173,10,0.169136,1.722882,-0.327342,1.724565,-0.001684,0.147481,0.021655,0.003164,0.013068,0.018212,0.001412,0.005833,0.008129,0.002768,0.011432,0.015933
LHC173,12,0.202427,1.896002,-0.381783,1.897941,-0.001939,0.180982,0.021445,0.003356,0.013126,0.020464,0.001499,0.005862,0.009139,0.002938,0.011490,0.017913
LHC173,14,0.234772,2.006964,-0.411982,2.009031,-0.002067,0.213859,0.020913,0.003803,0.013063,0.021756,0.000850,0.002921,0.004864,0.001667,0.005725,0.009534
LHC173,16,0.270876,2.067551,-0.396868,2.069915,-0.002364,0.250590,0.020286,0.003960,0.013541,0.027925,0.000687,0.002349,0.004845,0.001347,0.004605,0.009496
LHC173,18,0.368832,1.809088,-0.610225,1.811541,-0.002453,0.350171,0.018661,0.016121,0.070034,0.156788,0.002549,0.011073,0.024789,0.004996,0.021703,0.048586
LHC173,20,0.422805,1.764395,-0.787700,1.766973,-0.002578,0.404889,0.017917,0.012192,0.051425,0.127727,0.001927,0.008129,0.020191,0.003777,0.015934,0.039575
LHC173,22,0.534572,1.684008,-0.775455,1.687034,-0.003026,0.517895,0.016678,0.021254,0.063149,0.147369,0.003360,0.009984,0.023300,0.006586,0.019569,0.045667
LHC174,4,0.130034,1.309163,-0.039814,1.310040,-0.000877,0.107697,0.022337,0.001151,0.008372,0.014470,0.000514,0.003740,0.006464,0.001008,0.007330,0.012670
LHC174,6,0.153838,1.504935,-0.089757,1.506004,-0.001069,0.131359,0.022479,0.001515,0.009989,0.014248,0.000677,0.004461,0.006364,0.001327,0.008744,0.012473
LHC174,8,0.182350,1.695196,-0.134739,1.696449,-0.001253,0.159661,0.022690,0.002303,0.012475,0.014461,0.001029,0.005573,0.006461,0.002017,0.010924,0.012663
LHC174,10,0.213957,1.878395,-0.182434,1.879853,-0.001458,0.191132,0.022825,0.002781,0.014119,0.015953,0.001242,0.006305,0.007124,0.002434,0.012358,0.013963
LHC174,12,0.247091,2.032036,-0.222346,2.033710,-0.001674,0.224272,0.022820,0.003219,0.012828,0.017974,0.001439,0.005735,0.008035,0.002821,0.011240,0.015749
LHC174,14,0.279287,2.144879,-0.257643,2.146735,-0.001856,0.256772,0.022515,0.003720,0.011909,0.019967,0.000832,0.002662,0.004464,0.001630,0.005218,0.008749
LHC174,16,0.293645,2.101246,-0.355029,2.103037,-0.001790,0.272214,0.021431,0.005864,0.026639,0.052338,0.000991,0.004503,0.008846,0.001943,0.008825,0.017339
LHC174,18,0.360409,1.998734,-0.517509,2.000358,-0.001624,0.340572,0.019837,0.013162,0.055253,0.126052,0.002081,0.008736,0.019930,0.004079,0.017122,0.039063
LHC174,20,0.416877,2.023679,-0.429505,2.025790,-0.002112,0.397592,0.019285,0.012846,0.065970,0.140676,0.002031,0.010428,0.022238,0.003980,0.020439,0.043586
LHC174,22,0.504172,1.950249,-0.392616,1.952876,-0.002627,0.485520,0.018652,0.030675,0.083704,0.137883,0.004849,0.013231,0.021795,0.009504,0.025933,0.042719
LHC175,4,0.129299,1.338101,-0.182312,1.338758,-0.000656,0.106925,0.022374,0.001437,0.008476,0.015414,0.000959,0.005657,0.010288,0.001880,0.011088,0.020164
LHC175,6,0.152794,1.532893,-0.236490,1.533736,-0.000843,0.130289,0.022505,0.001518,0.009887,0.013851,0.000678,0.004416,0.006186,0.001329,0.008655,0.012125
LHC175,8,0.181995,1.729100,-0.292824,1.730112,-0.001013,0.159311,0.022684,0.002161,0.011770,0.015996,0.000966,0.005259,0.007148,0.001893,0.010308,0.014010
LHC175,10,0.214015,1.913561,-0.343807,1.914775,-0.001214,0.191204,0.022811,0.002837,0.013062,0.016898,0.001268,0.005840,0.007555,0.002486,0.011446,0.014808
LHC175,12,0.248143,2.085823,-0.393080,2.087300,-0.001477,0.225279,0.022864,0.003320,0.013526,0.020838,0.001485,0.006048,0.009318,0.002910,0.011855,0.018264
LHC175,14,0.280720,2.225689,-0.454212,2.227351,-0.001663,0.258059,0.022661,0.003665,0.013051,0.021392,0.000819,0.002918,0.004782,0.001606,0.005718,0.009373
LHC175,16,0.305390,2.247903,-0.559688,2.249617,-0.001714,0.283373,0.022017,0.004712,0.019138,0.039205,0.000796,0.003235,0.006626,0.001561,0.006340,0.012988
LHC175,18,0.371548,2.210527,-0.702049,2.212168,-0.001641,0.350755,0.020793,0.012190,0.056021,0.117618,0.001953,0.008977,0.018848,0.003829,0.017596,0.036943
LHC175,20,0.438749,2.284667,-0.811913,2.286418,-0.001751,0.418449,0.020300,0.014529,0.058979,0.117304,0.002297,0.009324,0.018544,0.004502,0.018275,0.036347
LHC175,22,0.468623,2.263970,-0.809206,2.265935,-0.001965,0.448929,0.019694,0.016302,0.053876,0.111493,0.002577,0.008518,0.017628,0.005052,0.016695,0.034550
LHC176,4,0.078381,0.983835,-0.263052,0.984451,-0.000615,0.056875,0.021506,0.001191,0.007771,0.012414,0.000531,0.003468,0.005540,0.001042,0.006797,0.010858
LHC176,6,0.096088,1.184210,-0.319637,1.185061,-0.000851,0.074581,0.021507,0.001540,0.009214,0.014864,0.000687,0.004114,0.006636,0.001347,0.008063,0.013006
LHC176,8,0.118077,1.379347,-0.377207,1.380453,-0.001106,0.096663,0.021414,0.002128,0.011466,0.018729,0.000950,0.005120,0.008362,0.001862,0.010035,0.016390
LHC176,10,0.144655,1.573270,-0.422476,1.574672,-0.001401,0.123174,0.021481,0.002985,0.013454,0.020785,0.001333,0.006007,0.009279,0.002612,0.011773,0.018187
LHC176,12,0.175232,1.751420,-0.461214,1.753125,-0.001705,0.153801,0.021431,0.003137,0.011837,0.023381,0.001401,0.005287,0.010443,0.002746,0.010363,0.020468
LHC176,14,0.206576,1.886495,-0.458227,1.888441,-0.001946,0.185345,0.021231,0.003196,0.012298,0.018676,0.000714,0.002749,0.004175,0.001400,0.005388,0.008182
LHC176,16,0.242630,1.981390,-0.414848,1.983572,-0.002182,0.221733,0.020897,0.003711,0.013393,0.021108,0.000627,0.002263,0.003567,0.001229,0.004436,0.006992
LHC176,18,0.299203,2.033441,-0.350167,2.035859,-0.002418,0.278696,0.020507,0.004016,0.012805,0.023416,0.000635,0.002024,0.003702,0.001245,0.003968,0.007256
LHC176,20,0.447295,1.815916,-0.247038,1.819124,-0.003208,0.428052,0.019243,0.014785,0.046881,0.043645,0.002337,0.007411,0.006900,0.004581,0.014526,0.013524
LHC176,22,0.538123,1.852508,-0.337318,1.855969,-0.003460,0.519457,0.018666,0.024181,0.071721,0.066736,0.003823,0.011340,0.010552,0.007494,0.022227,0.020682
LHC177,4,0.120448,1.229864,-0.003392,1.230945,-0.001081,0.098391,0.022058,0.001288,0.007922,0.012841,0.000575,0.003536,0.005731,0.001127,0.006930,0.011234
LHC177,6,0.142785,1.426401,-0.052109,1.427720,-0.001319,0.120697,0.022088,0.001662,0.010181,0.013825,0.000742,0.004546,0.006173,0.001454,0.008910,0.012099
LHC177,8,0.169127,1.613438,-0.100775,1.614997,-0.001559,0.146983,0.022143,0.002379,0.011736,0.015471,0.001062,0.005238,0.006905,0.002081,0.010267,0.013534
LHC177,10,0.198329,1.784467,-0.143146,1.786226,-0.001759,0.176242,0.022087,0.002991,0.013518,0.014974,0.001336,0.006038,0.006688,0.002619,0.011834,0.013108
LHC177,12,0.231913,1.934585,-0.157130,1.936593,-0.002008,0.209935,0.021978,0.003264,0.011958,0.018380,0.001459,0.005345,0.008215,0.002860,0.010476,0.016102
LHC177,14,0.266420,2.038826,-0.151268,2.041110,-0.002284,0.244832,0.021588,0.003735,0.012472,0.019058,0.000835,0.002788,0.004260,0.001637,0.005465,0.008350
LHC177,16,0.386662,1.873485,-0.003055,1.876510,-0.003025,0.366435,0.020226,0.016265,0.057373,0.043682,0.001297,0.004575,0.003483,0.002542,0.008966,0.006827
LHC177,18,0.453372,1.775998,0.011665,1.779597,-0.003598,0.433574,0.019798,0.013426,0.042661,0.042033,0.002131,0.006773,0.006673,0.004178,0.013275,0.013080
LHC177,20,0.506710,1.715329,-0.026687,1.719289,-0.003960,0.487534,0.019176,0.015282,0.052584,0.047795,0.002420,0.008329,0.007570,0.004744,0.016324,0.014838
LHC177,22,0.560964,1.689378,-0.082628,1.693567,-0.004189,0.542494,0.018470,0.012426,0.033830,0.058434,0.001965,0.005349,0.009239,0.003851,0.010484,0.018108
LHC178,4,0.134632,1.371219,-0.154010,1.372150,-0.000930,0.112505,0.022127,0.001431,0.009326,0.013605,0.000639,0.004167,0.006079,0.001253,0.008166,0.011914
LHC178,6,0.158934,1.572993,-0.209300,1.574156,-0.001163,0.136757,0.022178,0.001817,0.011955,0.015607,0.000811,0.005335,0.006964,0.001589,0.010456,0.013649
LHC178,8,0.188959,1.770784,-0.263509,1.772199,-0.001415,0.166704,0.022254,0.002720,0.013604,0.016453,0.001214,0.006075,0.007347,0.002380,0.011907,0.014400
LHC178,10,0.222072,1.961550,-0.314175,1.963221,-0.001671,0.199854,0.022217,0.003488,0.014565,0.019412,0.001557,0.006502,0.008666,0.003052,0.012744,0.016985
LHC178,12,0.256555,2.118516,-0.346772,2.120499,-0.001983,0.234428,0.022127,0.003407,0.012470,0.020767,0.001520,0.005565,0.009267,0.002980,0.010907,0.018163
LHC178,14,0.290955,2.231284,-0.351856,2.233559,-0.002275,0.269107,0.021848,0.003798,0.012728,0.019912,0.000849,0.002845,0.004451,0.001664,0.005576,0.008723
LHC178,16,0.334177,2.293569,-0.301707,2.296099,-0.002530,0.312947,0.021230,0.004329,0.014498,0.022645,0.000731,0.002450,0.003827,0.001434,0.004802,0.007500
LHC178,18,0.462849,1.969886,-0.063455,1.973238,-0.003352,0.443082,0.019767,0.015732,0.049302,0.040880,0.002534,0.007942,0.006586,0.004967,0.015567,0.012908
LHC178,20,0.534959,1.898293,-0.081986,1.902075,-0.003782,0.515833,0.019126,0.014315,0.039102,0.041397,0.002263,0.006182,0.006545,0.004436,0.012117,0.012828
LHC178,22,0.607827,1.871500,-0.154129,1.875603,-0.004103,0.589376,0.018451,0.017045,0.054342,0.050217,0.002695,0.008592,0.007940,0.005282,0.016841,0.015562
LHC179,4,0.081355,1.025661,-0.151275,1.026300,-0.000639,0.059447,0.021908,0.001120,0.008390,0.014905,0.000500,0.003750,0.006662,0.000981,0.007350,0.013058
LHC179,6,0.100182,1.222377,-0.202061,1.223221,-0.000844,0.078073,0.022109,0.001571,0.009553,0.014610,0.000701,0.004266,0.006524,0.001375,0.008362,0.012788
LHC179,8,0.123830,1.416444,-0.253835,1.417509,-0.001065,0.101635,0.022195,0.002201,0.011865,0.014866,0.000983,0.005298,0.006637,0.001926,0.010383,0.013009
LHC179,10,0.151872,1.605464,-0.305755,1.606773,-0.001309,0.129599,0.022273,0.002981,0.013503,0.016159,0.001330,0.006026,0.007211,0.002608,0.011812,0.014134
LHC179,12,0.183028,1.780290,-0.356295,1.781844,-0.001555,0.160810,0.022219,0.003279,0.012580,0.020769,0.001465,0.005621,0.009279,0.002872,0.011016,0.018187
LHC179,14,0.217254,1.921977,-0.392220,1.923765,-0.001789,0.195303,0.021951,0.003537,0.011982,0.020994,0.000791,0.002678,0.004693,0.001550,0.005250,0.009198
LHC179,16,0.251842,2.015563,-0.414232,2.017547,-0.001984,0.230267,0.021575,0.003871,0.013247,0.025512,0.000654,0.002239,0.004311,0.001282,0.004388,0.008450
LHC179,18,0.308273,1.933153,-0.579430,1.935072,-0.001919,0.287787,0.020486,0.011632,0.059285,0.114652,0.001839,0.009372,0.018125,0.003604,0.018369,0.035524
LHC179,20,0.364130,1.950973,-0.667498,1.952863,-0.001889,0.344198,0.019932,0.012863,0.040834,0.091485,0.002034,0.006455,0.014463,0.003986,0.012652,0.028347
LHC179,22,0.441060,1.827429,-0.845598,1.829962,-0.002533,0.421960,0.019100,0.016152,0.049841,0.151921,0.002553,0.007879,0.024017,0.005005,0.015443,0.047073
LHC180,4,0.144908,1.377693,-0.150809,1.378488,-0.000795,0.122595,0.022312,0.001557,0.009224,0.015863,0.000695,0.004120,0.007086,0.001363,0.008076,0.013888
LHC180,6,0.169056,1.575021,-0.210774,1.575972,-0.000952,0.146651,0.022405,0.001881,0.011966,0.017534,0.000841,0.005349,0.007838,0.001648,0.010484,0.015363
LHC180,8,0.198866,1.774035,-0.268081,1.775139,-0.001104,0.176258,0.022607,0.002688,0.012991,0.017755,0.001200,0.005800,0.007928,0.002352,0.011369,0.015538
LHC180,10,0.229166,1.950354,-0.315595,1.951631,-0.001278,0.206401,0.022764,0.003387,0.014253,0.020655,0.001515,0.006375,0.009239,0.002969,0.012496,0.018109
LHC180,12,0.263512,2.120789,-0.366796,2.122318,-0.001529,0.240660,0.022851,0.003641,0.013787,0.022210,0.001626,0.006157,0.009919,0.003187,0.012068,0.019441
LHC180,14,0.298234,2.266524,-0.411999,2.268275,-0.001752,0.275504,0.022730,0.003856,0.013187,0.022833,0.000862,0.002948,0.005105,0.001690,0.005779,0.010006
LHC180,16,0.316948,2.286676,-0.499707,2.288391,-0.001716,0.294787,0.022161,0.004757,0.019572,0.038983,0.000831,0.003420,0.006812,0.001629,0.006704,0.013352
LHC180,18,0.387886,2.220417,-0.731919,2.222043,-0.001626,0.367247,0.020640,0.011195,0.044703,0.117692,0.001770,0.007068,0.018607,0.003469,0.013853,0.036470
LHC180,20,0.443994,2.299242,-0.769830,2.300973,-0.001730,0.423751,0.020244,0.014009,0.049039,0.117928,0.002214,0.007752,0.018641,0.004340,0.015193,0.036536
LHC180,22,0.494449,2.296582,-0.839207,2.298548,-0.001966,0.474792,0.019657,0.011518,0.045821,0.104844,0.001986,0.007901,0.018078,0.003893,0.015486,0.035434
